GENE	AMD	POAG	RE
A1BG	-0.27832	0.96799	1.6194
NAT2	-0.45836	-1.3919	-1.0899
ADA	0.25485	-0.45979	-0.17763
CDH2	-1.5544	0.35352	5.1821
AKT3	-0.31281	0.02723	2.9795
MED6	-1.6153	-0.7573	1.2887
NR2E3	-0.70352	0.10816	0.30098
NAALAD2	-0.080812	1.0035	2.0216
DDTL	0.76887	-0.072209	-1.883
NAALADL1	0.31288	1.7357	0.39754
SIGLEC14	-0.44533	0.8856	1.1748
ACOT8	1.2867	-0.52321	2.9736
ABI1	0.75146	0.7403	1.4477
GNPDA1	-0.86801	1.4508	-0.77695
KCNE3	-0.54478	0.46736	0.27907
CDH3	2.1504	1.5251	0.8423
TANK	-0.70529	-0.47298	3.1472
POM121C	-1.2416	-0.27499	2.0284
ZSCAN30	-1.7897	0.097921	1.1903
SRA1	0.51709	-0.34101	3.0983
TMEM170B	-0.13473	0.60123	0.46587
ZGLP1	0.73008	0.42826	2.5363
KIAA1024L	1.6229	2.601	1.7923
C10orf131	0.1747	3.043	-0.39602
C8orf88	-1.6062	-1.7962	2.155
FAM229A	0.32594	-0.69014	-1.2673
LOC100128108	1.2206	-1.2491	-2.1134
HGC6.3	1.9578	0.2865	0.66448
TRAPPC3L	0.029525	0.37563	3.61
C20orf78	-1.5173	0.29446	2.8743
CTAGE4	0.19173	-0.49592	0.34265
C19orf71	-0.032195	-0.22113	0.23802
OST4	-0.21987	0.46903	3.3958
LOC100128905	0.63502	0.2341	2.2777
ZBTB42	-0.63428	0.822	1.4845
LOC100129083	-2.4138	0.060914	-0.35278
BTNL10	1.5056	-1.0039	1.5543
LOC100129098	-0.49794	1.6093	1.503
KHDC1L	-0.022133	0.98164	1.7866
LOC100129216	1.1361	-0.53928	-0.048848
C1orf68	2.213	0.14433	-0.61146
LOC100129307	-0.45417	-0.14216	-0.30137
SMIM10L1	0.87146	0.60101	0.46493
C9orf92	-0.1335	-0.23864	0.68821
MKRN2OS	0.80436	-1.2703	1.8682
MUC8	-0.41235	0.84831	1.299
ZNF730	-0.94979	0.34347	0.09826
FAM47E	-0.84012	1.4336	1.3882
TCF24	-1.6417	0.91798	1.2672
IZUMO3	0.18573	-0.4256	2.3766
LOC100129697	-1.0174	1.2944	0.12815
CCDC152	1.2233	0.71096	1.0157
ZNF737	0.92351	-1.1158	1.5192
LOC100129924	-0.40714	1.3221	1.5746
LOC100129940	-0.065197	1.5608	1.8948
KIF28P	0.30792	0.68719	1.0411
CCDC166	-0.23926	0.35458	-1.6453
C8orf89	1.4361	0.9917	4.4122
C17orf107	-0.082287	-0.24267	1.4417
TMEM262	-0.48937	1.4596	-0.3635
LOC100130357	-0.51679	-0.38628	0.79545
LOC100130370	0.56877	0.75224	2.5878
LOC100130451	0.33537	-1.1731	0.57867
TMEM221	1.399	0.95535	1.7591
LOC100130520	-0.69867	-0.53885	0.42887
C10orf142	-0.2712	-0.56119	-0.50169
LOC100130705	-0.15662	-0.052412	-2.491
LRRC70	-0.65814	1.0933	2.2819
LRRC69	-0.0011758	-0.20967	2.8271
SBK3	-0.80689	0.12354	0.53163
LOC100130880	-0.35646	0.89511	3.9766
TSTD3	0.914	0.67461	3.3598
SMIM6	-1.1171	-0.31302	0.24128
SYCE1L	-0.84796	1.8482	-0.97823
C6orf99	-0.091871	-0.077273	1.1682
C7orf72	-1.9275	-0.20132	1.4805
ZNF316	0.029818	0.57058	1.5455
DPP9-AS1	0.061273	1.1156	2.2994
LOC100131107	-0.60464	0.13749	2.4811
BSPH1	-0.40429	-1.7314	3.4053
TSTD1	0.096561	-0.66872	-0.28325
TMEM194B	-1.4119	0.4327	0.44769
ANKRD63	0.16838	-0.82446	-1.6514
C11orf91	2.1428	-1.1505	-0.92764
SP9	-0.7052	1.1425	2.0251
CD300LD	-0.34017	-0.6684	0.41955
ZNF705E	0.22876	-0.18847	1.0372
PET100	1.1263	2.0581	0.27592
ZNF717	1.4737	0.14799	0.091399
FAM196B	0.23668	0.84309	1.5586
KRTAP25-1	-0.33783	0.57111	-0.81807
FOXO6	-1.0506	1.7857	1.4835
LOC100132146	0.18471	1.1291	-0.071955
KRTAP4-9	-1.79	-0.18295	1.0061
NBPF10	0.65234	0.17911	0.70515
CLDN24	1.4734	1.509	0.80801
KRTAP4-7	-0.50602	-0.2642	0.83577
LOC100132731	0.41585	-0.27136	0.15969
DPH3P1	1.577	-1.5768	1.2729
FAM159B	-1.029	0.39151	1.7532
LOC100133128	-1.2841	-0.01781	0.24784
GOLGA6L3	-0.05532	0.63246	1.6735
FAM231B	-1.5238	0.5339	0.92944
LOC100134391	1.0605	-0.94073	1.0672
TEN1	0.36102	0.39212	0.30289
JMJD7	-0.32145	1.3923	0.21809
PLA2G4B	0.018805	1.7528	0.5515
HDAC5	1.992	0.034837	0.76227
C17orf99	1.5794	-0.58789	1.0954
CTAGE8	0.30548	1.6862	-1.2988
LOC100144595	-0.73343	-0.29478	0.62916
KLLN	-0.54741	0.64922	0.92885
PDCD6IP	-0.52263	1.3164	3.099
PDCD6	0.54395	-1.1164	2.1622
PATE3	-1.357	0.15639	2.571
BCL2L10	-0.95024	0.51727	2.5165
SRRM5	-0.1488	2.269	0.50626
ERICH4	0.95568	-0.60716	2.9832
C17orf96	0.10001	1.7874	2.2428
BCL2L11	2.8253	-0.6694	3.1551
TOMM6	0.68602	1.6898	1.1187
SH2B3	2.8132	1.0352	0.74972
C5orf52	0.89071	1.2914	-0.043654
C2CD4D	1.266	-2.1829	2.5036
CDH4	-1.4378	0.60514	1.3814
GNE	0.51817	-1.1599	0.004056
HCN4	1.1688	0.2646	1.3393
INSL5	-0.55941	0.8753	-2.4293
FRAT1	1.0672	-0.023338	1.0036
TROAP	-1.3929	-0.33744	-0.92907
MED16	3.5735	-0.29927	0.078581
PIGK	0.20861	0.32285	0.049653
ARHGEF33	-0.32678	0.34851	1.153
ERVV-2	1.4213	0.4502	-1.0883
MEF2B	-2.0155	0.51912	1.9122
RASA4B	0.48367	0.78199	1.4088
LOC100287036	-2.334	1.2543	1.7579
ZNF729	1.3369	1.1548	-0.60882
MANSC4	-0.3709	-0.47537	0.60676
LOC100287290	0.026287	1.9215	1.155
PRSS46	-0.75208	-0.46402	0.75152
LOC100287387	0.85069	2.6077	0.27138
LOC100287477	-0.025375	-1.2689	-0.2917
SMKR1	-0.1319	1.0073	2.5174
ANKRD66	0.99356	1.3031	0.50539
TTC34	0.10271	0.26921	2.2295
TIMM23	-1.6709	0.91365	0.43989
KRTAP22-2	-1.1196	-1.0318	1.7441
KRTAP21-3	-1.7633	-0.34556	1.0749
NPIPA5	-1.0175	0.00045872	-0.74224
ERVMER34-1	-0.07301	1.2942	0.21057
MTRNR2L7	0.8121	0.29266	-1.1408
WI2-2373I1.2	0.28644	0.018426	0.47017
TMEM239	-0.88367	-0.038191	-0.027542
GS1-259H13.2	0.78263	-0.61804	0.02055
LOC100289561	-0.52371	1.0159	1.1875
ZNF605	0.48818	-0.92128	2.8678
ZNF783	-0.32013	-0.13608	1.2951
ZNF587B	1.463	-0.85495	3.2982
LOC100293704	2.2587	1.9921	1.4014
CDH5	-0.087931	-0.56879	0.74669
GPR75-ASB3	2.0356	2.0181	4.3513
TMED7-TICAM2	-1.3783	1.458	1.7403
PET117	-1.143	0.2313	0.61271
SPDYE2B	-0.13275	-1.5588	-0.99809
ANKRD61	-1.7866	-0.6695	0.84811
SAP25	1.7802	0.9834	2.4871
CHAF1A	1.5448	-0.79924	-0.82339
PARP2	0.62724	-0.58628	0.77257
ZBED6	-0.34599	1.8892	-0.052753
PARP3	-0.18913	0.55856	1.783
CDH6	0.65029	-0.6913	0.052179
TOM1L1	-0.51002	-1.1279	0.34899
HMGXB4	-0.56404	-0.60278	1.4559
IGLL5	-0.23632	-0.61494	-0.045291
TOM1	0.016557	-1.3265	1.6022
KLRF2	0.42434	2.0919	0.71305
SH2D3C	-0.76787	-0.14017	2.5347
SH2D3A	5.4177	-1.0871	0.29004
MTRNR2L1	1.1864	0.50185	0.69928
MTRNR2L2	-0.30187	0.28458	0.34868
MTRNR2L3	0.84036	-0.013659	-0.11828
MTRNR2L4	0.98092	-0.94237	0.5255
MTRNR2L5	0.3794	-0.13216	-1.0188
MTRNR2L6	1.1557	-0.81088	0.63295
MTRNR2L8	2.3211	0.67811	1.5743
MTRNR2L9	-0.3486	-1.0834	0.84295
CST8	0.08088	0.61293	2.0847
RANBP9	-1.6716	0.35622	1.3377
DNAJB6	-1.9167	-0.45583	1.6717
CCDC180	-1.7929	0.82744	2.2102
CDH7	1.6364	-1.3114	3.0386
SLC17A4	3.0502	1.1459	6.0025
CCDC179	1.0324	0.43029	-0.63137
IQCJ-SCHIP1	1.2495	1.6986	2.222
LOC100505478	1.4644	0.59912	1.9426
LOC100505502	0.97029	0.66791	0.73639
LOC100505549	-0.13136	1.2087	-1.0443
LOC100505555	-1.3819	0.25417	-0.95612
LOC100505570	2.4963	-1.0333	5.1244
INAFM2	-0.075613	0.40041	-0.076021
LRRC3C	2.9686	-0.99135	5.313
UBE2Q2L	-0.06536	-1.8419	-0.11248
KRTAP9-7	-0.47534	0.89561	-0.54047
SPATA1	-1.1288	0.6121	0.56216
KRTAP16-1	-0.15024	0.92489	-0.30172
SPDYE18	-0.96799	0.85877	0.33291
LOC100505797	-2.1282	-0.021342	-0.63207
LOC100505841	0.62879	0.99095	-0.11232
UBE2E2-AS1	-0.56321	1.9264	1.3631
TMEM210	-1.3862	-0.20153	1.2682
PPP5D1	1.8014	-0.11154	0.88878
APELA	-1.214	1.2024	0.7832
LRRC72	1.2876	0.58417	0.12672
ARL17B	-0.12519	3.1673	5.4981
LINC01272	-0.67397	0.54744	1.7747
LOC100506127	-1.3147	1.4562	1.2333
ZMYM6NB	0.039463	0.43697	1.8523
LOC100506217	-0.31473	-0.94042	0.82251
KRBOX1	-0.59039	1.1218	0.93007
LOC100506248	-0.50327	-0.7382	0.65905
LOC100506374	0.49734	0.72135	2.7965
LOC100506388	-0.60638	-0.31154	0.7859
LOC100506422	1.5542	-0.92749	2.6278
LOC100506504	1.5226	1.0079	2.5041
THEGL	-0.94665	-0.25798	0.45264
LOC100506571	-0.0021794	0.38114	0.10048
C16orf95	-1.8365	1.5044	2.6617
DCDC5	0.85381	-0.16155	1.5019
C17orf112	-1.1459	-0.95957	0.62442
OCLN	1.6808	-0.11309	0.53402
LOC100506718	0.2447	1.4699	0.88242
SLFN12L	-0.12923	-0.20949	-0.84533
CASP12	0.90301	-1.3833	0.62053
TCEB3CL2	0.18807	0.6618	1.0345
LOC100506922	-0.98922	-0.87395	0.65447
LOC100506944	2.4638	2.6095	1.2557
GFY	-0.094286	0.20008	2.673
MRLN	0.83657	0.43121	0.15178
TPBGL	-0.17772	0.92322	-1.0802
LRCOL1	0.21532	1.3654	2.0722
GIMD1	-0.52399	0.95137	2.0125
SMLR1	1.7649	1.2355	0.10232
ZNF865	0.52393	-0.12078	1.4983
SMIM18	1.2487	3.7026	1.587
TMEM178B	-1.5718	-0.053796	1.4116
MICA	4.1543	1.8812	1.2808
LOC100507462	-1.0462	-0.43416	-0.39984
LOC100507507	-0.60209	-1.9704	1.8306
THEG5	0.80747	1.7534	2.0737
TGFBR3L	-0.0059318	-1.8123	1.0134
NPIPB9	0.71492	-0.033907	1.0405
KRTAP9-6	-0.68531	0.93103	-0.36286
RNF212B	-0.54983	1.9091	2.1844
MUC22	6.1821	1.5771	0.61776
SMC4	2.558	0.15679	-0.78317
GJC1	1.6566	1.7759	3.3125
LY75-CD302	-1.299	1.8996	2.1771
ARPC4-TTLL3	1.2438	1.4024	-0.42903
MSANTD3-TMEFF1	0.3973	1.5558	2.9084
RBM14-RBM4	1.8672	1.3758	1.9267
APITD1-CORT	-0.80759	1.0528	4.0051
ATP5J2-PTCD1	0.66802	-0.81013	-0.28842
CCDC169-SOHLH2	2.6517	-0.79053	-0.71841
RNF103-CHMP3	-0.89247	0.061986	0.051634
TMEM110-MUSTN1	-1.5696	1.9907	0.61516
EPPIN-WFDC6	1.9459	-1.3732	0.39248
C15orf38-AP3S2	1.0405	-0.51003	0.3984
NT5C1B-RDH14	-2.1254	-0.42605	1.0065
PHOSPHO2-KLHL23	0.62802	-0.06198	-0.13065
FPGT-TNNI3K	0.79333	-0.044797	2.6298
RPL17-C18orf32	2.2882	1.1291	3.767
TGIF2-C20orf24	-1.1909	-0.77415	2.3358
GIMAP1-GIMAP5	0.093333	-0.62492	-0.79694
PMF1-BGLAP	0.46458	0.55731	0.98522
TMEM56-RWDD3	-1.3967	-0.59452	1.5224
SAA2-SAA4	0.93921	0.47621	0.29863
ST20-MTHFS	-1.1264	0.85121	1.26
POC1B-GALNT4	-0.55094	-0.048685	2.2952
KLRC4-KLRK1	1.3473	-0.4875	1.3687
NEDD8-MDP1	-1.4811	0.88141	1.3981
BCL2L2-PABPN1	-0.23058	1.6409	2.6484
CORO7-PAM16	0.70547	1.5222	3.3897
ZNF559-ZNF177	-1.3167	1.004	0.60252
RPS10-NUDT3	1.4321	0.026931	1.195
ZNF816-ZNF321P	1.3625	0.53317	-0.77492
HSPE1-MOB4	0.47686	0.99595	-0.32275
CKLF-CMTM1	1.9224	1.6248	0.069605
SYNJ2BP-COX16	-1.4469	0.80281	0.97385
CHURC1-FNTB	-0.50305	0.37206	2.1665
AP1M2	-1.2466	-0.38243	0.34696
NDUFC2-KCTD14	0.91243	-0.63806	0.20856
COMMD3-BMI1	-1.2285	0.078005	1.0089
MINOS1-NBL1	-0.064906	1.5498	-0.35004
C8orf44-SGK3	-1.1006	1.4374	0.91175
ZHX1-C8orf76	-0.97786	2.9363	-0.060943
KRTAP29-1	-0.12906	0.89991	-0.35051
FXYD6-FXYD2	-2.3667	0.05517	7.4277
ZNF664-FAM101A	-0.19508	1.2423	4.9247
BIVM-ERCC5	0.69577	-0.30671	1.6681
TVP23C-CDRT4	0.49512	0.24558	-0.78786
RBAK-RBAKDN	-0.95115	-0.5985	0.34597
TNFAIP8L2-SCNM1	-0.40178	1.7031	3.9384
URGCP-MRPS24	0.68714	1.2378	1.2518
ISY1-RAB43	1.0179	-0.14702	0.48248
UBA2	1.8496	-0.41583	2.0704
SAE1	0.24141	-0.53969	3.8676
FARSB	0.87015	0.6489	-0.74829
ABCC5	0.74807	0.27873	0.1684
ABCB6	1.0821	-2.2535	1.3449
DNM1L	0.0661	-0.012395	0.92293
CDH8	1.0094	0.089727	3.1285
ABCC9	0.50437	-0.18845	1.088
ABCF2	-0.40659	0.93757	1.8506
NR1H3	0.49141	3.8297	3.4847
COX17	-1.4795	1.4709	-1.2075
FAM47E-STBD1	-0.48092	0.22712	1.5568
LOC100652758	0.52709	-0.30713	3.6769
LOC100652777	-1.9906	1.1719	-0.26448
LOC100652807	0.20428	1.055	0.63551
KIAA2012	-0.61072	2.3781	2.0544
LOC100652833	-0.67546	0.89121	-0.23282
LOC100652871	0.4648	-0.17349	-1.7897
LOC100652901	-1.6387	-0.28874	-0.6401
CEP295NL	2.5413	0.40597	1.4623
SCAMP2	3.7028	-0.22145	-0.30273
SCAMP3	1.6681	1.5552	2.4554
IL18BP	1.1391	-0.30366	0.81075
RWDD2B	-0.066599	1.1879	-0.08128
CDH9	-1.1136	0.16622	1.5674
MUC12	-0.080523	0.13913	2.5258
DPP3	2.2275	1.7922	2.3432
SNUPN	3.0293	1.5278	1.713
PTPRU	1.4646	-0.54831	4.96
TSPAN32	-1.2004	0.71138	0.87274
TSSC4	1.4304	-0.42535	0.034825
ATP9A	-0.5165	-0.82946	-1.2497
CDH10	-0.11788	-0.45434	0.31891
PDCD7	-0.63741	0.13473	1.1277
GPC6	-2.3638	0.34953	5.5913
MYZAP	-0.21031	-0.034234	1.5639
USH1C	-0.76155	-1.5626	1.2645
EDIL3	-0.17684	-0.45976	0.50346
HHLA1	0.29755	0.27515	-0.63125
FSBP	-0.18973	1.1913	1.5823
NARR	1.2096	-0.10791	1.4806
GDNF-AS1	0.9427	-0.17692	1.4611
CYP3A7-CYP3A51P	0.14102	0.069956	0.72975
TMEM265	-0.86191	1.0211	-0.0077953
COL4A3BP	2.6597	0.91645	0.88581
PTGES3L	-1.4618	0.89974	2.4452
PTGES3L-AARSD1	-1.9268	1.6547	2.8777
KCNK7	0.56919	3.896	4.7383
CDH11	-1.2966	5.6463	1.0585
UST	-1.6156	0.71379	0.063786
ARPC5	-0.48706	2.2117	0.40235
ARPC4	0.85816	1.5715	0.1161
ARPC3	0.62994	-0.54894	0.78918
ARPC1B	0.49592	-0.87539	-0.45692
ACTR3	-0.1544	-0.26248	0.40818
ACTR2	-0.4309	-0.88324	0.82712
TSPAN5	-0.054247	-1.1208	2.0215
TSPAN3	-0.26336	0.6186	3.3486
LOC100996273	2.3112	0.14165	1.6458
LOC100996274	0.29692	-1.2723	2.4256
LOC100996337	-0.095694	-0.28401	1.738
LOC100996365	-1.8724	1.5357	0.99757
LOC100996414	-1.8724	1.4938	1.1266
LOC100996415	-0.41495	0.85721	0.92968
DNM1P50	1.8471	-0.27588	-0.047728
C5orf66	0.22507	0.29886	0.78945
CYYR1-AS1	-1.2909	0.80847	0.10815
LOC100996573	0.71657	0.81593	1.8352
LOC100996574	0.28397	0.92067	0.5061
LOC100996598	0.23291	0.98499	7.9347
LOC100996634	1.1923	0.45364	1.9909
LOC100996637	-0.47153	-2.1914	-0.33587
LOC100996664	1.235	0.38389	0.43838
LOC100996693	1.2051	1.2591	3.4576
LOC100996701	0.72526	-0.42899	0.24898
C7orf55-LUC7L2	-0.28521	-0.060116	3.5577
PYURF	0.7238	-0.68254	0.95015
ADAM8	-0.17414	-0.10698	1.0125
CDH12	-1.6042	-0.79651	2.2286
TSPAN2	1.2181	-0.027325	0.98502
NUBP2	-0.59376	1.5164	-0.058746
TSFM	-1.4531	-0.26784	2.3381
TSPAN1	0.33275	1.4103	2.56
PPIF	-1.0786	-0.70174	-0.53187
LOC101059906	1.4048	0.41654	0.39186
LOC101059914	-1.1293	0.78641	0.33932
CTDSP2	-1.6464	-0.28296	2.2218
LOC101060022	-0.57465	0.20023	-0.22618
LOC101060024	1.9497	2.6909	0.52261
LOC101060026	0.3843	-0.94151	0.85508
ARMC4P1	1.8516	0.21878	-0.31404
LOC101060179	1.0518	1.8327	2.4228
LOC101060181	-0.7738	-0.32095	-1.0241
ZNF891	-0.64639	-0.78912	3.8759
LOC101060256	1.8713	0.70077	3.1085
LOC101060341	-0.46305	0.40832	0.24035
LOC101060391	1.851	0.90461	1.7966
LOC101060400	-1.9437	1.0512	1.3904
LOC101060825	-1.8076	0.33275	-0.3436
TRIM10	0.41604	3.98	1.3223
ARPC2	-0.85769	-0.029621	3.8983
SGK2	-1.6086	-0.56995	-0.099869
RAD50	1.42	-0.065258	0.037174
KIF20A	0.42626	-2.0049	3.0607
PREB	-1.2295	-0.54222	2.419
HIPK3	2.0482	1.6016	0.68078
FEM1B	-0.016314	2.187	0.35626
ENAM	1.6247	-0.73056	1.1519
IFNL4	-2.0783	1.0285	0.94687
CDH13	-1.5722	-0.029929	1.4814
ACTR1B	1.0707	0.88717	1.9409
ACTR1A	-1.1366	1.9744	3.5542
ARL4C	-0.1184	-1.1784	0.13182
ARL4A	-0.89083	0.50015	1.3104
ERCC6-PGBD3	0.3019	0.066367	1.5319
RASGRP1	-0.34146	0.49841	1.5445
DNAL4	-0.21633	1.1708	2.3487
ZNF263	0.41596	-0.78883	0.42533
LRPPRC	-0.20647	0.11043	4.2667
FRY	-2.5295	0.31401	-0.13248
CDH15	-0.81468	1.1602	-0.46834
PDIA6	0.026502	0.023371	-0.15454
TRAP1	0.505	0.081138	1.268
OPTN	-0.11966	0.1353	-1.2685
NAMPT	0.32481	-0.12352	2.0018
CELA3A	-0.73699	-0.54889	3.1639
RBM12	0.069914	-1.3108	6.1094
YAF2	-1.1279	0.25626	3.5602
ARFRP1	0.42356	1.8061	1.9138
CDH16	1.4167	0.19018	1.3876
TOB1	1.3186	0.79013	0.74387
AKAP9	0.90005	1.2998	1.2918
CLEC3A	1.3406	-0.58607	0.60193
FAM13A	0.43665	2.1716	8.9616
G3BP1	0.7855	-0.13301	3.7142
SUGP2	-0.14675	1.0731	2.4993
EBI3	1.3256	-0.66023	-0.25277
CDH17	-0.64752	-1.0515	-0.082141
MBNL2	1.026	0.40848	3.3229
ABI2	-1.1824	0.73187	1.3547
CEBPZ	-0.57871	2.1697	2.9923
PLXNC1	1.0037	0.95931	-1.748
TRIM28	-0.37932	2.0912	3.6171
AASS	1.4975	-0.76438	0.70023
PDZK1IP1	-1.2072	1.8924	2.0491
CDH18	-0.15552	0.23449	1.0452
FARP1	0.56758	-1.4098	-0.31764
LPAR6	-0.72017	2.0401	0.34749
WASF2	3.5961	-0.7305	3.4144
CHST4	0.092428	-2.7101	3.155
SLC25A13	0.34349	1.266	0.7352
SLC25A15	1.4502	-0.04135	-0.86476
ZNF197	1.0657	0.65837	2.3492
SERF2	1.64	2.2269	2.1562
CDK2	1.0538	0.26969	7.1614
DHRS9	-0.30896	1.2698	-0.97293
RCL1	-0.92464	-0.84821	-0.93994
ZNF256	0.50503	-0.79974	4.1604
SORBS3	1.0993	-1.4215	4.2913
CNIH1	0.12845	-0.63855	4.2297
RBM7	-0.36504	0.35636	0.56351
CDK3	0.34203	0.44083	0.19801
RBM6	1.4629	1.1628	2.5501
RBM5	1.4653	1.8847	2.8117
LHFPL2	-1.1396	0.31221	1.1059
LHFP	1.6053	0.095676	1.8743
TNK2	0.20763	-0.44416	2.3748
ALYREF	1.5846	0.43796	2.5653
CDK4	-1.2033	-0.47648	2.2441
TXNDC9	-1.2807	0.083943	1.5813
LOC101926982	-1.6547	0.28715	0.78615
LOC101927016	-2.1812	0.29179	0.80545
LOC101927029	-0.87474	-0.51783	1.609
LOC101927147	1.5355	-1.5612	-0.21434
LOC101927160	1.5529	1.3351	2.9622
LOC101927216	0.58724	-0.66448	0.66872
LOC101927245	0.086768	-0.024057	2.0454
LOC101927250	0.29256	-0.33066	2.2058
LOC101927254	-1.0999	0.34869	0.60222
LOC101927260	0.46763	0.38862	1.5831
LOC101927262	0.49633	-0.30472	7.1686
LOC101927322	-1.3427	-0.027937	-0.74555
LOC101927353	0.10919	1.058	-0.6291
LOC101927375	-0.96657	-0.65997	-0.7084
LOC101927376	0.47678	-0.69525	-0.45111
LOC101927401	1.0149	0.41511	0.059141
LOC101927402	-0.536	2.0376	-0.10318
LOC101927403	0.91961	1.3751	-0.26516
LOC101927420	-0.3803	-0.60821	0.74809
PANO1	0.576	2.046	2.9149
LOC101927435	-1.6228	1.1223	-1.1974
LOC101927469	0.071159	0.63517	-0.84271
LOC101927503	-0.25761	-0.62589	2.8707
LOC101927509	-2.2442	1.0732	2.5562
ANO7P1	-0.028825	0.94069	2.3631
LOC101927562	1.6319	1.827	0.85994
LOC101927572	-0.25311	0.40135	0.12817
LOC101927579	1.6135	0.27724	1.247
CCDC182	-2.1205	-1.1643	1.8681
GOLGA6L19	-0.95357	-0.49243	2.162
LOC101927628	0.74423	-1.1554	-2.412
ZASP	1.7381	1.0539	2.4871
LOC101927681	-0.31556	-1.6921	2.5432
LOC101927751	1.8829	0.56274	-0.087897
LOC101927763	-0.80433	2.1237	0.23605
LOC101927764	-0.43608	2.52	0.52113
LOC101927767	1.0708	1.4012	2.7193
LOC101927789	0.36863	3.8983	4.9463
LOC101927824	-0.27959	-0.70148	0.88242
LOC101927844	0.91256	3.1692	0.77221
LOC101927853	-0.78722	3.4679	4.3146
LOC101927855	-0.8788	1.5277	7.8698
LOC101927859	-0.050438	1.1799	-0.59426
LOC101927955	1.1871	0.4121	0.27091
LOC101927989	-0.51608	-0.72176	0.67248
LOC101927998	-0.52126	-0.78559	5.6463
LOC101928021	-0.69486	0.9885	-0.75027
LOC101928042	-1.3606	-0.46193	-0.29383
LOC101928058	1.3416	-0.50535	1.791
LOC101928093	1.3389	0.42684	0.40922
LOC101928108	-0.71672	-0.80401	-0.95145
LOC101928120	0.26698	1.2795	1.8321
C21orf140	0.92103	0.88374	-0.59712
LOC101928193	1.2507	1.2714	0.59214
LOC101928208	0.28047	-0.15425	-0.13222
LOC101928268	2.0319	-0.61088	4.3442
LOC101928291	-0.76405	-0.29514	0.19279
LOC101928343	-0.27908	-0.35433	0.78946
LOC101928344	1.2167	-2.7399	1.5789
LOC101928433	0.25223	0.96132	4.5649
LOC101928436	-0.3659	-0.63638	-0.060949
C5orf67	-0.5471	1.8916	2.862
LOC101928451	0.57006	2.0813	0.66562
LOC101928468	1.2986	0.38228	0.32965
LOC101928499	-0.20601	2.5683	1.4287
LOC101928548	-2.6636	2.3661	1.8805
LOC101928552	-1.2098	-1.6963	2.2998
TBC1D3P6	-0.98125	-0.7816	3.7534
LOC101928587	1.2986	0.31437	0.10528
LOC101928592	0.0634	0.21167	2.1372
LOC101928596	-0.26816	-0.24661	2.3599
MEI4	-1.2848	-0.91121	-1.0165
C6orf229	0.34601	0.76332	0.75367
LOC101928621	-2.311	0.81597	2.6822
LOC101928631	-0.28055	-0.0034815	-1.2803
LOC101928635	2.0439	0.62293	-1.0065
LOC101928675	-1.1873	-0.79756	1.6268
LOC101928722	-1.4751	-0.16508	3.4456
LOC101928726	1.4413	-0.099534	1.3956
LOC101928728	0.22291	1.2087	2.5552
LOC101928764	0.54811	-0.77053	1.6056
LOC101928793	0.72162	0.65577	-0.10995
LOC101928841	-0.18158	-0.03328	-1.5373
LOC101928868	-0.12918	2.5152	0.087458
LOC101928870	-1.7933	0.45366	-0.34778
LOC101928879	-0.49563	1.7905	1.6575
LOC101928892	-1.8054	1.5228	2.5304
LOC101928947	3.0321	-0.90245	5.5227
LOC101928948	0.063691	-1.3768	1.1653
LOC101928991	-2.2981	-1.195	-1.2135
LOC101929008	-0.18675	-1.3689	0.39593
LOC101929060	0.7403	-1.3263	2.2858
LOC101929087	0.18237	-0.59948	-0.79701
LOC101929097	0.62424	-0.4089	-0.15719
LOC101929141	0.74191	0.41328	-0.33887
LOC101929163	1.6234	1.9212	1.968
LOC101929185	-1.0708	0.94932	1.9336
LOC101929206	0.29145	0.48527	1.7351
LOC101929211	1.6704	-0.017189	6.1287
LOC101929256	-1.4509	-0.058621	3.2309
LOC101929301	-1.8322	-0.37931	1.7069
LOC101929304	-0.21253	1.8575	1.3891
LOC101929322	-0.096145	-0.81451	0.058365
LOC101929355	0.29017	-0.21925	3.0748
LOC101929372	0.18499	0.031856	1.4549
LOC101929373	1.2925	1.7582	0.4554
LOC101929469	0.35938	-0.26163	-0.065049
LOC101929479	-0.45537	-0.12389	1.1161
LOC101929490	-2.7999	0.63044	3.4294
LOC101929519	-0.84996	1.5801	0.99106
LOC101929530	-0.84513	0.2107	-0.69546
LOC101929536	-0.30638	-0.14644	2.1481
LOC101929552	-0.66481	-0.6362	1.7864
LOC101929578	2.0926	0.94899	6.6401
LOC101929728	-0.30653	-0.15103	-0.17311
LOC101929747	1.027	-0.17073	0.96525
LOC101929748	1.7999	0.37119	1.494
LOC101929766	-1.4541	-1.2444	1.1652
RNF41	-0.29489	0.80282	4.2992
TSHZ1	0.48487	1.3673	1.9217
ALG3	1.1768	-0.8976	3.1557
PRMT3	0.41665	-0.99315	-1.5067
PSME3	-2.4075	0.79713	-0.19236
MPHOSPH9	2.5706	3.8976	2.5699
MPHOSPH10	0.31386	2.4421	2.7064
ADAM10	1.9024	-0.096663	3.8605
CDK5	0.28425	-0.51943	2.0847
MPHOSPH6	-1.0849	0.5168	-0.97441
NME6	1.186	1.9978	-0.25014
DHRS2	1.0437	0.23982	1.5946
CALCRL	0.31937	3.0253	4.4104
NUTF2	-0.39928	-0.98637	7.0412
MPZL2	-1.6593	-0.23989	1.205
TRIM13	-1.4148	0.80942	3.4787
INADL	1.2099	0.22647	0.13989
USPL1	-2.5926	0.91938	0.76203
EIF1	-0.49828	0.59164	0.37462
CDK6	2.5782	0.2892	0.00049
TOPORS	-1.7085	-0.29469	0.68847
FLOT1	2.2323	1.8248	2.7242
DDX39A	0.21112	1.7308	0.8015
PSMD14	-2.1377	-0.28527	3.2526
OLIG2	0.79001	-0.84173	1.7508
PRG4	-0.33187	-0.23003	0.72597
CTDSPL	1.0287	0.65795	0.7548
ANGPTL7	-0.63451	0.48404	3.8299
CDK7	1.0991	-0.1508	0.49523
GDF11	2.8475	-0.81932	7.6142
TRIB1	2.4428	1.1955	1.7989
GPA33	0.51634	0.78799	-0.42157
ZNF443	0.38589	0.54168	-0.93599
CD96	-0.29846	0.84791	1.5538
PLIN3	-1.7691	-0.4726	0.42306
MFSD10	0.21377	-0.90682	0.062567
STX6	-1.5586	1.0822	1.4275
COQ7	-0.83525	1.1179	-0.74975
RCAN2	-1.0382	1.6788	0.75152
MSLN	0.94994	-0.39181	-1.2399
LRRC23	1.1414	1.4196	3.4937
LRRC17	-1.5247	-1.3147	0.76253
RASGRP2	-1.7192	-0.12734	0.53429
HNRNPR	0.27437	-0.3144	2.7713
SLC35B1	-0.73149	-0.42984	1.2879
DCAF7	-1.1893	0.87909	3.4795
AP3S2	1.1271	-0.35223	0.41723
CDK8	-0.22391	2.319	-1.4358
MRPS31	1.4358	0.22098	-0.89501
CALCOCO2	0.40498	-0.65232	3.3237
KCNMB2	-2.12	0.073727	1.7082
GPHN	-1.1425	-0.96152	1.8659
RABEPK	-1.6782	-1.2271	5.9816
SLC17A2	1.7291	1.1394	6.8993
HRSP12	-0.32281	0.023219	-0.08798
POP7	2.8674	1.3087	4.6377
GLYAT	-0.79354	1.7919	1.8585
CDK9	-0.49871	-0.22938	2.8736
SRRM1	-0.54918	-0.69908	1.4777
SPRY1	0.16349	0.031806	-0.39885
SPRY2	2.3471	-0.22327	-0.58822
STAM2	2.4539	2.4908	1.289
CNKSR1	0.36796	-0.084207	1.4298
ABCC4	-0.030172	0.70684	-0.58754
CDKN1A	1.2631	-0.69609	0.43966
DENND4A	0.32643	1.5188	2.1551
IGSF6	0.8163	1.1898	-0.17858
SF3B4	0.8015	2.2175	3.3888
CDK2AP2	-0.19837	0.097553	3.7401
IRX5	0.90033	0.24986	1.9592
RAMP2	-1.4734	0.45942	-0.00028411
RAMP1	-1.7487	2.1562	0.48286
RAMP3	-0.55356	1.0823	1.4884
ZMPSTE24	0.63656	-0.60997	3.2248
CDKN1B	1.4365	-1.3696	6.6232
AKAP8	0.53335	-0.34868	0.51956
FSTL3	0.84774	0.64213	1.1436
STUB1	1.4579	-0.33779	0.070638
STAG1	4.188	-0.8385	0.81868
NET1	-0.59401	1.8593	-0.12018
UBE4B	-0.27914	0.77125	3.4745
EFS	-0.69053	2.2818	1.2098
PRSS16	1.7313	-0.54579	6.1035
CDKN1C	-1.5086	1.2588	-0.42674
SIGMAR1	-1.6261	0.052801	0.96622
DSCR4	-0.83343	0.040672	0.35503
BET1	0.12531	0.87	0.57845
CWC27	0.39261	-0.64033	5.6539
SAP18	1.2146	0.85498	0.5138
SMNDC1	-0.12276	0.091991	4.22
BCAS2	1.2828	-1.1844	0.7058
RGS19	-0.67562	1.4119	3.6952
LILRB2	3.3722	-0.75527	0.80445
EIF1B	-0.74224	-0.885	3.2191
CDKN2A	4.038	7.6506	0.99303
SPEG	0.72799	1.0142	3.2982
SF3A1	1.4643	0.68182	-0.78887
TRAIP	1.339	0.34548	4.3133
DNAJA2	-0.79354	0.15163	1.1727
BCKDK	0.32727	0.020882	1.2925
MAEA	-1.9992	0.69216	2.6851
APC2	1.3263	0.31131	1.3421
PAK4	-0.48924	0.4359	2.6759
MARCH6	1.507	-0.20975	-0.47006
ADAR	2.3759	-0.66053	1.7778
CDKN2B	4.2257	8.2194	1.3222
KATNB1	0.53037	-1.0679	0.13776
SNAPC5	0.47954	-1.2849	0.62671
APBB3	0.42801	0.26776	3.0501
ZNF267	-3.5718	1.4827	-0.08022
CCNO	2.2025	-2.6349	1.3087
CDKN2C	2.7123	0.32805	-0.31721
DSCR3	-2.0638	-0.24244	1.3468
TCIRG1	1.0586	0.2377	0.54159
RTN3	0.4061	-0.43656	2.0047
LANCL1	1.6615	-0.44162	-0.95202
NMUR1	-1.0152	0.59861	1.8038
B3GALT5	0.87386	1.5864	1.8673
TNIP1	-0.90235	-0.46644	-0.99519
LAMC3	-1.4395	0.38498	0.082925
CDKN2D	-1.2709	-0.51799	-0.03854
CRISP3	-0.23529	1.2126	1.6378
SMYD5	0.62491	-0.80642	3.1543
KLHL41	0.42108	-0.64523	-0.56992
SIRPB1	1.5579	1.5212	0.081829
AKR1A1	-1.3312	1.7192	2.0504
EMC8	-0.82904	1.2016	0.20613
TMEM5	-1.1645	2.3609	0.47839
CDKN3	-0.51625	-0.55612	4.7924
CNPY2	0.36612	1.5831	4.0981
B3GNT3	0.30166	0.096281	-0.060068
CLEC4M	0.024931	0.45067	-0.70826
TLR6	-0.36021	2.2615	-0.41234
MRVI1	1.2716	1.0977	3.2228
PCGF3	-0.59086	-0.25325	1.2236
TFG	0.49549	1.6802	5.1462
PKDREJ	2.7361	1.9421	4.2249
CCL26	-2.5402	3.2946	0.04929
TRDN	-1.6317	1.0882	1.4551
TRIM22	1.4991	-0.02792	1.717
ABCA7	6.0851	-0.59145	-0.89067
ABCA10	-0.59442	-0.15862	0.80267
ABCA9	0.96482	-0.81897	0.51482
ABCA8	-0.029197	-1.1854	0.31602
WARS2	-0.65772	0.78148	1.2404
CDO1	-0.083217	-0.0069502	-0.10369
NPM3	-1.2172	0.41204	3.0966
NPM2	1.1989	0.86623	3.581
HMG20B	1.0394	-0.045874	-0.49971
HMG20A	-0.72595	0.43463	3.7929
KLF2	-0.37818	0.82851	0.16179
MICU1	-0.57921	-1.2516	3.5801
CACNG3	-0.48534	-0.52818	1.1937
CACNG2	-0.092978	0.5852	0.70666
CITED2	-1.1322	-2.0728	-0.90043
SEMA3A	-0.66616	2.0623	4.5355
TUBA1B	0.35811	0.45844	0.41122
IRF9	0.1425	-0.58039	1.099
BPNT1	-1.8719	-0.60537	4.2031
TUBB3	0.17679	1.0276	2.1919
TUBB4A	-0.46112	-1.369	-0.38595
BTN3A3	1.3064	0.28163	4.5962
BTN2A2	2.2315	-0.034384	6.5978
SYCP2	-0.69555	0.37253	-2.8516
CDR2	-0.53296	-1.4618	-0.076764
CEPT1	0.53759	0.73008	0.85469
CORO2B	0.77122	-0.26697	-0.68434
MYL12B	1.0426	2.4815	1.1594
NOD1	1.802	-0.50335	4.4388
ANAPC10	-0.3712	-0.9613	3.7539
PRG3	-1.4688	0.48137	2.2306
DLC1	1.2657	1.3164	2.463
ATP8A1	0.12118	-0.98385	-0.23035
NDRG1	-0.73511	0.1482	-1.0591
MYL9	-2.0806	-0.48495	3.5063
GNB2L1	-0.76449	-0.79836	-1.6103
ADARB1	0.21376	2.2972	3.3687
CDS1	-0.10148	-1.9945	0.87251
PEMT	-0.00468	-0.41225	0.62443
PIAS3	-0.014308	0.088557	1.7202
ST3GAL6	0.93507	1.3712	5.2119
NDC80	-2.5025	-0.043527	0.69798
CPQ	-0.10156	0.31842	3.8647
WFDC2	1.2492	-0.41945	0.1911
BASP1	-0.013972	0.45352	1.4414
CDSN	5.5992	1.9261	1.4518
IFITM3	-1.7689	1.8538	-0.68461
RAPGEF3	0.37336	3.1372	-1.2181
NSA2	-1.8952	0.43865	1.5675
YAP1	0.58878	4.9246	3.6499
SPON2	-3.1001	2.6622	1.185
SPON1	-0.48934	-1.3816	2.2232
PRMT5	1.4975	1.0393	-0.7689
TESK2	-0.61043	2.2008	2.4063
CD2BP2	-1.0958	1.5667	2.2778
UBAC1	0.67713	-0.35394	1.3978
CDIPT	-0.7137	2.3561	-0.031597
PGRMC2	0.23934	2.005	1.7859
ARIH2	2.7878	2.5401	3.1063
TUBGCP3	-0.59757	-0.28688	0.68513
SEC24B	1.8041	-0.40282	0.76993
CFDP1	3.9512	2.4582	2.1275
CD52	0.83537	0.75665	0.35705
TMEM147	0.73717	-0.39714	1.2594
RBM14	1.8888	1.0923	1.9648
LYPLA1	0.4928	3.1131	0.81851
CDC42EP2	0.64922	1.4827	2.5308
IFI30	-0.32903	-0.96766	4.5411
C1D	0.71786	0.83933	1.3625
OLFM1	-0.62485	-1.1535	-0.14989
CDX1	0.15645	0.63265	-0.55369
TIMM17A	0.421	-0.20955	1.2361
N4BP2L2	-1.4507	1.5479	2.6167
ZER1	0.2294	1.1579	1.3107
MCRS1	-1.3528	0.11192	2.8386
LRRN2	0.59526	0.83202	5.4169
FAM3C	1.9647	-0.71907	0.56624
ACAA2	2.532	1.732	7.4072
CDX2	-0.40128	-0.39001	0.64877
PPIE	-0.22664	-0.34439	1.7524
VAV3	-0.22142	0.21466	5.3566
TOMM40	7.601	2.6853	4.5535
TAB1	1.0635	1.1559	-0.56567
ECI2	-0.17364	-0.56632	1.862
HAX1	-1.2571	-0.88382	2.6055
GPNMB	-0.18392	-0.6483	1.5155
BAIAP2	1.2572	0.10883	-0.78219
MAD2L2	-0.82028	-0.021216	-0.12501
TACC3	-1.6977	0.92862	0.88053
MERTK	2.1045	1.5142	3.1446
CLEC10A	-0.12391	-1.35	-0.17618
SLC30A9	0.092703	-0.439	-0.17974
PIBF1	-0.47201	3.8363	1.4042
PPIH	-0.85939	0.90693	1.0869
COG5	1.002	-0.38166	2.8453
ZNHIT1	2.6962	1.7066	0.45605
FST	-0.85067	-0.018235	2.7589
TIMM44	0.10407	-2.0878	0.44273
CLGN	2.3787	1.1719	0.62737
PFDN6	1.7332	-1.5773	5.5514
ZBTB18	-1.8495	0.31437	-0.99772
HMGN4	1.4548	0.52706	6.0693
TADA3	0.66929	1.6591	-0.023789
TRIM38	1.8296	1.2283	6.7867
ATP5H	-0.2632	-0.18503	2.5147
UBE2E3	-0.16099	-1.7313	3.2731
SLC25A17	-0.99187	2.1012	2.0163
CEACAM5	-0.35232	0.27932	-0.26934
EIF3M	0.63072	0.99249	0.44197
HOXB13	-0.38599	0.37796	0.51341
NXF1	0.040664	0.86338	3.4398
SEC23B	1.6999	-0.49267	3.3871
SEC23A	0.95772	0.5824	-0.19439
C1orf61	2.806	0.22304	1.7435
CAP2	-0.51505	0.4107	0.57552
CAP1	0.80397	-0.66455	4.4249
CREB3	-0.85072	2.247	0.12335
LRRC41	0.82328	1.6228	2.0462
VTI1B	1.0667	-0.29788	1.8689
CRTAP	1.9616	-1.0036	4.9929
SYNCRIP	-0.3682	-0.045235	1.6855
VAT1	-0.86124	0.37679	2.6381
STK25	-1.376	-0.14913	1.6988
UNC13B	-1.0214	-0.81893	0.014157
CARM1	-0.14434	0.32822	1.8093
NCOA2	0.10165	-0.72848	1.8633
ADARB2	-0.34038	-1.0199	0.92542
CEBPA	1.2301	-0.26344	1.1357
SEMA6C	-0.58744	2.0605	2.4086
SEMA6B	0.58251	1.2842	0.30036
SEMA4F	-0.54572	-0.71337	0.58168
SEMA4D	1.0292	0.44057	3.3485
SEMA4B	1.2668	0.66956	-0.63048
CEBPB	-2.4762	-0.75735	0.50249
SEMA3C	1.4493	0.84125	0.74244
APPBP2	-0.59891	1.199	2.1394
MYBBP1A	1.4258	-1.5116	-0.63223
FBLN5	-0.69261	1.5471	3.6889
FBXW10	0.40474	-0.15109	-0.15029
CIB2	2.004	0.50932	0.3851
CIB1	1.706	1.0988	-0.17403
CEBPD	0.46856	1.3774	3.475
ZNF211	-0.53917	-0.29549	-0.7772
DDX17	0.39494	3.6976	0.3813
DEAF1	0.31395	-0.2841	2.2743
CHERP	0.71952	0.6392	1.0411
KAT5	1.1754	1.243	5.2374
HYOU1	1.3877	-1.1289	2.3721
IPO8	0.89832	0.047505	1.0169
IPO7	-2.7785	1.4889	2.7071
NOP56	-0.55873	-0.47858	-0.27839
NEBL	0.93947	-0.28661	2.3266
CEBPE	0.8006	-2.6512	1.8662
PITRM1	-1.386	0.90995	1.2267
ATG7	-1.4891	0.48	3.3194
SSSCA1	0.56081	4.242	5.1642
RNASEH2A	-0.3414	1.9118	0.6137
P3H3	-0.80472	1.0959	0.64815
UBD	-0.76711	0.80458	1.9098
BATF	1.4712	1.4623	0.053744
GLRX3	-0.24043	-0.31791	0.86955
CEBPG	2.584	-0.68229	1.8476
DCTN2	-0.31989	0.93379	1.5949
ANP32B	0.039949	1.4739	0.58773
LAMTOR5	0.74932	-0.18915	1.6039
PROCR	1.7008	1.0895	1.9749
TM9SF1	-1.1325	0.28115	-0.071131
ARL6IP5	0.055349	0.036457	1.4054
AGR2	-0.62598	0.23918	0.36614
ARPC1A	0.25411	-1.3193	-0.23157
HTATIP2	1.1099	-0.35493	0.52182
AGPAT1	6.1094	4.3476	4.0288
AGPAT2	1.6559	1.1556	0.11292
RPP30	2.5014	-0.44705	1.9978
RPP38	-0.18961	-1.527	-0.52064
SPTLC1	-1.3484	0.50381	-0.21041
SLC35A1	-1.4627	-0.8797	0.45997
CEL	0.30152	0.94384	0.57488
SLC19A2	0.85814	1.1358	0.65614
IFI44	-2.2718	0.026686	-0.87809
OLFM4	-2.326	-0.090924	2.5317
CXCL13	-1.4263	0.71358	0.060872
ARFGEF2	0.38868	-0.82864	-0.11273
ARFGEF1	-0.94129	0.13383	0.33617
AKAP3	2.586	2.12	0.15917
RABAC1	0.099159	0.11194	1.4314
SLC34A2	-0.57285	-2.3305	1.3697
SLU7	2.1924	-0.53433	-1.9547
DPYSL4	-0.23077	0.23346	1.8259
SIVA1	-0.22945	-0.71784	1.7421
MRPL28	-0.52344	2.9874	6.7665
CCT7	0.46117	-0.59521	2.9964
CCT4	-0.53375	1.5298	2.2823
CCT2	0.37962	-0.6667	1.1523
NPC2	1.6416	4.0081	5.2666
GNLY	-0.27491	1.4287	1.6609
TACC2	7.935	0.067793	0.99806
CENPA	0.85	-1.2138	2.5819
SORBS1	-0.49007	0.48602	0.4562
IFITM2	-1.7825	1.8254	-0.68122
COLEC10	0.74953	2.2957	0.64664
POMT1	1.6777	0.35693	-1.0984
MAB21L2	1.3778	-1.4198	3.1928
TXNRD2	-0.70218	5.4936	0.90968
MTHFS	-1.0865	0.8073	1.1771
DRAP1	-0.99593	3.9936	2.7742
CENPB	0.87783	1.6216	1.9239
SCGN	1.8227	0.40334	4.0056
DNPH1	-0.91684	1.3592	0.055919
SMC2	0.31537	0.89998	1.8862
PRPF8	0.7919	0.44474	1.2552
ERN2	0.89076	0.45502	1.6675
AHSA1	1.2483	0.28187	1.2009
SLCO1B1	-1.8824	1.1477	1.3601
CENPC	1.3077	-0.41417	2.2948
USP16	0.15902	1.1715	0.23739
CDC42EP3	-0.77822	0.21871	-0.49581
SH2B2	-0.31728	0.91159	3.2771
PAIP1	-0.35684	-0.23629	0.43385
PAICS	1.004	-0.39203	0.28774
TBL3	0.094291	1.3752	0.68105
MXD4	0.070741	-0.28332	1.5421
P3H4	-1.0168	1.241	2.6869
ST6GALNAC2	-1.0009	1.7052	1.4844
PDLIM5	2.1185	-0.081212	1.8387
TRIM3	-1.6497	-0.94975	0.69759
ERLIN1	0.28835	-0.36158	3.3452
HEXIM1	-0.09034	1.7079	-0.025743
SPAG5	1.3009	-0.32535	2.2816
RBCK1	0.78263	-0.64884	0.19328
STAMBP	-0.69095	0.21879	1.4715
TGOLN2	-0.30955	1.2861	2.1155
CENPE	1.1573	0.087749	2.6819
ARID3B	1.4215	0.11542	-0.006554
POLR3F	1.6185	-0.69274	3.7985
POLR3G	-1.1053	0.71271	1.4885
POLR3C	-0.071687	0.061128	1.8833
IVNS1ABP	-0.45153	-0.42192	1.7052
TRIM16	-1.4984	-0.58079	-1.0258
MYL12A	2.1066	2.2653	1.3075
TXNIP	-0.23804	1.7681	0.36615
TAF6L	-0.15732	0.81387	3.3288
CENPF	0.75398	0.05108	2.6165
PDPN	0.097799	1.1987	-0.54656
POSTN	-0.80937	2.1652	1.8924
ATP5L	-1.1368	-0.57875	4.5666
RASL10A	-2.8988	1.0969	2.6601
GAS2L1	-2.8486	1.067	2.8104
RAD51AP1	2.0756	0.52051	-0.065937
RGS14	0.50083	-1.7942	0.68515
LEFTY1	-0.34429	-0.061531	0.2161
SPHAR	-0.69927	-1.6818	0.43439
EXOC5	-0.23793	1.8204	1.801
NPRL2	0.73017	2.3274	0.18967
IGF2BP1	2.0409	-0.45348	2.2504
IGF2BP3	0.42386	-0.63602	1.7624
IGF2BP2	-1.478	0.61935	1.1581
CAMKK2	-0.53537	-1.5796	0.20045
SCGB1D2	-0.47415	0.3757	0.44335
SCGB1D1	0.91818	-0.34947	-0.21729
SLMO1	-0.77984	-0.46192	-1.1362
MTX2	-0.27796	-0.44833	0.77981
YKT6	0.019137	-1.4174	1.2437
SPINT2	0.69385	0.54129	1.5822
PMVK	0.18306	2.0382	2.0662
DMRT2	-0.32807	0.68758	0.71639
KHDRBS3	-2.5306	-0.11911	0.78384
KHDRBS1	0.42403	-0.49464	-0.5699
CELF1	-0.65965	2.1016	6.7658
CELF2	-0.14015	2.4698	2.7179
CES1	-1.0506	-0.36797	-1.1867
LBX1	0.35064	0.083262	5.7415
KLF1	0.71891	1.5878	1.7487
CXCR6	1.2985	0.65292	2.923
CTCF	0.16408	-0.7571	5.5298
C6orf10	3.4278	1.9185	2.6049
CD226	-0.043619	-1.3444	1.3419
FARS2	0.40385	0.30109	-0.53728
CGRRF1	-0.264	-2.0875	1.2834
CGREF1	-0.48399	-0.26527	2.3355
RRAGA	-0.4822	-0.75345	0.67705
DCTN6	-0.042435	-0.13625	0.27886
GNA13	-1.1339	0.04831	-0.080651
TNFSF13B	-1.0308	-0.87864	0.60768
CSPG5	-0.76728	0.39156	0.56316
AVIL	-1.775	-0.31632	2.2985
B3GNT2	0.22439	0.73678	-1.1424
CETN1	3.593	1.6229	1.8526
GNB5	-1.1923	-0.38307	1.811
DLL3	-0.81075	3.0502	0.44737
CLDN16	0.088314	1.0524	1.1786
PNMA2	0.52791	0.38364	-0.50139
FUT9	-0.92344	1.3634	0.33283
GMEB1	0.057254	0.81253	0.67016
RRH	2.4186	0.63318	0.74571
CCT6B	2.4037	-0.67706	2.1065
CCT8	0.14273	0.75284	0.25253
CNPY3	-0.26489	0.54656	0.5944
CORIN	-1.5361	0.4163	0.72539
ADCY1	0.11403	-1.2524	0.52034
CETN3	-0.15107	0.007046	-0.82143
CETP	8.4002	0.82801	0.95623
FAM189B	1.8531	1.4783	2.6706
USP39	1.0583	-0.16155	2.6184
POLD3	-0.51105	-0.023489	1.744
CERS1	-0.64705	2.5318	2.0452
TBR1	-1.9852	-0.33285	2.7622
AP4B1	1.13	0.77655	0.962
NRG3	-1.2046	0.33789	0.53118
CFL1	-1.0854	3.7788	3.2319
UGT2B11	1.5782	0.46002	0.058816
POLQ	-1.197	2.1185	0.10107
SLC12A7	0.10023	1.0084	-0.1278
MGEA5	-0.9262	-0.028781	3.344
NFAT5	-1.0926	1.4784	0.91309
NUDC	1.2021	1.2759	2.3348
PTGES3	1.2439	0.15076	0.79658
CFL2	0.064763	0.27577	2.2471
YME1L1	1.7908	0.25295	1.196
TCFL5	1.3252	-1.5952	0.94932
PLK4	0.99671	3.2704	0.21879
STAG3	3.1588	-0.14967	5.3323
SIX2	-1.2407	0.13286	3.2434
RFPL3	-0.35722	-1.0556	-0.12524
RFPL2	1.3217	0.62209	-0.31276
RBBP9	1.7508	-0.46802	3.5999
RAI1	-0.31343	0.27005	1.5147
PTTG2	0.83408	-0.32057	-1.0434
PHTF1	-0.21899	0.20356	1.4028
MAP3K2	-0.75286	-1.0481	0.49338
MASP2	-0.58688	1.2334	3.8512
KIF1C	-0.71353	0.084235	2.4396
CTSC	-2.0032	2.0113	-0.074247
GRAP	0.5557	2.4383	0.89982
CHL1	0.15146	-0.82311	0.02211
CAPN9	-0.68693	-1.3476	1.8617
GIPC1	-1.4198	2.5761	-0.54898
TRAF3IP2	1.6424	-0.60423	2.6027
NUP50	-0.81704	0.86347	1.267
NES	0.48549	-0.39894	1.711
KDM5B	2.3706	-0.15768	1.262
TOB2	0.7902	1.6958	5.7115
HBS1L	-0.57499	0.11931	1.7167
AHCYL1	-0.042473	1.3092	2.8082
PLK2	-0.77449	0.11443	2.5496
ZMYND11	0.51568	0.067596	0.34432
SRSF10	1.1898	0.78984	0.5316
ZBTB6	0.95488	0.98554	0.41058
POP4	0.85106	2.3974	0.29696
ARPP19	0.78225	-0.09878	1.2851
ARPP21	0.60936	1.3459	1.8088
ZNF234	0.20697	-0.72269	-1.2926
ZNF266	-1.1164	0.68038	0.43602
ZNF274	0.03199	0.41583	-1.0376
NEK6	-0.61248	0.063347	-0.44281
WDR4	0.13904	1.719	0.74988
SLC17A3	3.1505	0.83149	5.8787
NCKAP1	0.85448	0.76005	-1.1355
IQGAP2	-0.59079	1.4897	-0.15689
VAMP5	1.5264	-1.7105	2.242
ZNF273	-1.4981	-1.5587	1.066
ZNF460	-0.1991	1.0524	4.1266
ZNF268	-0.85163	-0.59706	2.8226
MTHFD2	0.82492	-0.73833	1.3483
OR5I1	1.5272	-0.096259	2.3821
RPP40	-0.5933	-1.3751	0.28386
ADCY2	1.0168	0.19568	1.7517
CFTR	-0.76953	0.96937	0.92346
SEPT9	0.9311	0.89885	2.1699
SEC24A	-0.15067	1.0368	0.54283
CCR9	1.9578	0.77889	3.0216
GJB6	-0.19925	0.78127	-1.8183
SDCCAG8	2.1885	1.0503	1.7005
SDCCAG3	-0.43303	0.89043	1.0512
HSPH1	3.5272	0.88223	1.03
STARD10	-0.82247	-1.0689	0.92327
CGA	-1.6319	0.52366	0.40826
WASF3	-0.61743	0.85837	4.7245
NOXA1	-0.36538	-0.045386	-0.15739
CPLX2	1.1254	-0.5371	1.2159
CPLX1	-0.23154	-0.11801	0.71963
SPINT3	0.68786	-1.2177	-0.13577
FRS3	0.7563	1.4842	0.89539
FRS2	0.94963	-0.77721	1.3814
CGB	0.44369	-0.13517	2.08
NEU3	-0.13969	-0.092517	0.67704
FAXDC2	-0.075667	-1.1367	-1.0429
FAM114A2	-0.56762	-1.9	0.073248
CEACAM3	0.15363	0.38007	0.55287
ALDH1L1	-0.91777	0.03147	2.4208
FTCD	-1.1951	0.82844	2.8295
PPP1R17	-0.034957	-0.73218	1.2156
TUBGCP2	-0.9823	1.1577	-0.66858
CLPX	-0.46004	0.46356	1.1809
PDE10A	0.039229	-0.41512	2.1266
SRCAP	-0.90126	0.81199	0.70375
PPP1R13L	0.53308	-1.03	0.25773
CD3EAP	0.067047	-0.80343	0.34751
CCL27	-1.9936	-0.56299	0.62967
HPSE	0.4214	-0.80587	-0.34106
RUVBL2	0.50684	-0.077135	2.1471
CYP46A1	-1.5153	2.2856	1.0367
LILRB1	1.2978	0.47616	-1.1525
SLC26A1	-0.11357	0.98696	0.49112
ADAM28	0.43386	0.27646	0.817
SLC22A7	1.5358	-0.14187	2.3079
ARID5A	1.3208	1.7261	0.26421
TSPAN9	-1.5047	1.101	1.4594
USP20	-1.0218	1.099	0.70351
USP19	2.5472	2.583	4.0519
CEACAM7	0.088687	0.61709	-0.11089
HCST	-1.0995	0.8362	1.9809
CD300C	-0.9012	-0.21875	0.12512
ME3	4.2002	4.4921	6.254
NMU	0.34853	0.46917	1.0634
FGL2	0.19713	0.83329	-1.3775
EDDM3A	-0.25735	0.23524	0.71715
CFHR4	7.516	-0.46349	0.832
CFHR3	6.428	-0.62685	1.8107
SMR3B	-0.056001	-0.91262	-0.39913
CEACAM8	-1.3699	1.6308	-0.67259
ACTL7B	-0.94905	0.29732	1.4237
ACTL7A	-1.2566	0.53567	1.6717
C1QL1	1.2983	1.2798	3.5342
MRPS30	0.82623	1.0756	2.0537
WDR3	-1.9576	0.41567	1.0922
NPFFR2	-0.33012	-0.88064	1.1657
PROKR1	-0.68714	0.73755	-1.0426
GPR83	0.39601	0.19399	-0.85566
CEACAM4	-0.60314	0.8422	0.49359
RAB10	0.60621	1.2276	-0.18893
PPARGC1A	-1.0755	1.3053	2.8219
MALT1	-1.8114	-0.43605	-0.79993
MMP24	0.12493	0.10857	2.2359
LYVE1	2.4867	1.048	0.84573
OCLM	-0.6835	0.058577	0.34735
YIF1A	1.0395	2.8956	2.7711
CPSF4	0.78672	-0.71102	-0.098012
JTB	0.69137	-0.088715	3.1504
ADCY3	-1.1701	-0.30466	2.3568
RUNDC3A	0.80944	0.89065	0.41958
DHRS4	-1.1601	0.24926	1.6787
BRD8	0.071515	-1.3233	2.9907
MTMR11	0.61533	2.2064	3.3686
BLCAP	2.1666	0.93449	-0.4312
MAN1A2	0.31677	-0.48478	2.6012
TRAFD1	2.2265	0.2267	1.7668
TXNL4A	0.7826	-0.95096	1.8311
PNPLA6	1.1986	0.41119	1.4233
SUGT1	0.93486	0.18225	1.9226
UTS2	0.42452	2.6261	2.5857
GADD45G	2.2054	-0.15607	1.929
EDAR	-1.3654	-0.064802	0.99863
PAPOLA	0.040435	0.78803	1.7689
TCERG1	-1.6467	0.96094	1.0867
BTNL3	-0.32899	0.15094	0.16218
EHMT2	7.4602	2.6566	4.0046
COPS8	-0.37398	0.30117	-0.53282
RNPS1	1.9687	1.1275	0.44384
FASTK	0.30868	-0.60338	1.4935
SUB1	-0.37703	-0.26727	1.772
SMPDL3A	-1.7807	-0.82196	0.29027
DBF4	0.141	0.12769	0.047576
SPIN1	0.76717	2.8936	-0.48851
RALBP1	1.9829	-0.64967	0.9591
SRSF8	-1.3722	-0.2095	2.6539
APOBEC2	-0.15265	-0.63185	0.19103
MORF4L1	2.5802	1.3173	5.0894
PRDX3	-0.37825	-0.46438	1.376
GPR75	2.1502	2.5135	3.9855
EHD1	-0.013146	0.42896	2.3361
AFG3L2	-0.82258	-0.63698	-0.25412
POP1	-0.29813	0.24348	-0.23295
UGT2A1	-1.0679	-0.15089	-1.8058
PRSS21	0.026279	0.28361	-0.011332
C11orf58	-0.89466	1.3812	4.4928
KDELR1	-1.2261	-0.95528	-0.62556
SF3A3	0.65474	3.0243	2.4654
AP3M2	0.42119	-0.58446	-0.71105
STARD3	1.1484	1.3502	4.1317
HNRNPA0	1.2914	-0.015697	1.0047
BTG3	0.94639	-1.2492	-0.18266
CBX1	-1.0114	1.2735	3.2281
SEC61B	0.7501	-0.048233	3.3352
TOMM34	-0.84114	-1.1047	-0.043746
PDIA5	-0.57641	1.1788	2.61
SERINC3	-0.35711	-0.99179	1.4898
OS9	-1.2275	-1.0356	3.1788
PNRC1	0.53295	2.2713	1.2769
TMED2	-0.38108	-0.21564	2.4586
LMAN2	0.30874	-0.47079	1.4873
ERP29	2.6152	-0.47368	1.081
MLLT11	-0.63044	1.6826	0.69168
STIP1	0.90183	2.4523	0.26169
IFI44L	-1.3933	0.1705	-0.90412
ACOT2	0.89213	0.63179	2.5635
RAB40B	-1.171	0.10591	1.3533
EBNA1BP2	-0.62888	-0.78452	1.5611
CKAP4	1.2907	0.56348	1.4994
YWHAQ	-1.6407	0.43958	0.47498
TMED10	1.3853	2.3707	4.2593
ASCC3	-0.43093	-0.17328	2.343
ADIRF	0.33335	0.20375	1.176
UQCR11	0.14947	-0.44054	-0.30334
CLP1	0.86947	2.2071	1.1642
FERMT2	0.9629	2.8749	3.7602
COPS6	2.5527	-1.8159	5.404
RAB32	-1.2754	-0.98162	0.20913
MAPRE2	-0.029138	1.3294	1.4354
CCNI	0.46324	-1.6692	1.9152
GCN1L1	0.19889	1.6277	0.85998
COPS5	-1.2537	0.59939	0.29526
METAP2	-0.10623	0.3384	-0.59285
IMMT	0.18394	0.0099229	0.9928
LILRB5	2.8301	-1.0561	0.097749
SLC38A3	0.56052	3.5118	0.80186
SF3B2	0.19721	0.87811	1.567
SDS	0.42066	0.83978	0.38087
ILVBL	-0.63142	0.55658	1.3575
SLC27A5	0.15519	2.2052	4.0292
SLC27A4	0.7473	0.4857	-0.94141
SLC27A3	1.7915	0.19986	3.3949
SLC27A2	-0.038432	-0.5866	0.67386
KIF2C	-0.85353	0.31511	-0.25545
SPINK5	0.66589	-0.27071	-1.3446
LILRB4	0.63324	1.2125	-0.3508
CCDC85B	-1.3058	4.1342	3.0518
IL24	-0.095353	-0.66292	0.036618
CHAD	-0.89173	0.046309	2.1353
GLIPR1	-1.6967	1.6336	0.15737
TLK2	-1.4148	0.60903	3.241
KLK11	1.3217	-0.52	-1.4222
KDELR2	1.9213	-0.034907	2.255
KDELR3	-0.25638	3.2114	-0.12765
ATF7	-0.29834	-1.3478	1.0085
SNRNP27	-0.79778	1.5866	0.27476
TMED1	0.1756	-0.62688	1.3934
LIAS	0.87416	-0.57878	0.22326
RCBTB2	-1.1593	1.7795	0.32378
IFT27	0.28156	0.43248	1.1022
RAB35	0.69255	0.65031	1.2416
TDRKH	1.2115	-0.85574	2.8973
VAX1	1.5674	1.1469	0.024607
LILRA1	1.4079	0.072746	-1.1593
LILRB3	-0.59965	-0.80998	0.0074772
LILRA3	3.1098	-0.92648	1.1058
LILRA2	1.5256	0.10506	-1.0427
CHAT	-1.9667	1.6838	1.6184
RBPMS	0.47443	2.5583	2.0077
RAB31	-1.4425	-1.1014	0.26335
ADAP1	-1.195	2.1075	1.8659
DSTN	-0.018432	0.65	-0.090522
RIPK3	-0.083247	0.6558	0.089747
GTF2A1L	-0.5155	-0.29411	2.9996
STON1	-0.042865	-1.0923	4.9605
RCC1	-0.50731	-0.53387	0.5214
B4GAT1	0.66516	2.2793	1.7096
PAPD7	0.99469	-0.10477	-1.3385
UPK1A	-1.6473	-1.1688	4.3587
SLC35D2	-0.46959	1.3698	-0.66453
ADRM1	0.2652	1.992	3.557
CHD1	0.70738	0.158	1.6981
NUDT21	0.99442	0.17109	-0.015694
CPSF6	0.76684	1.4938	-1.0682
OGFR	1.2845	-1.505	2.0912
ZPBP	-0.29792	-0.86017	1.6292
DDX52	-1.075	-0.013481	2.6127
ABHD2	4.764	0.034155	0.41733
WWP1	0.98666	0.75853	0.79422
CHD2	1.3179	1.8711	3.2566
WWP2	-1.0295	1.6651	0.80482
LECT1	0.6103	1.3524	2.015
DUS4L	-0.4434	0.14587	2.9173
SOX30	0.993	1.4142	-0.2026
CNTRL	1.9737	0.65987	2.518
UBE2C	0.86944	-0.39415	1.7476
SNRNP35	0.48186	2.2716	1.8403
C10orf10	0.92639	0.53069	2.0598
CYB561D2	0.85697	2.3902	0.18967
RAPGEF4	-1.3604	-1.0199	3.4291
CHD3	0.068159	1.4641	2.9124
TMEM115	0.91748	2.3356	0.85737
DUSP14	0.87372	0.24441	2.1961
TOPBP1	0.72905	2.1637	0.69728
TRIM31	0.49821	4.5776	2.3262
STMN2	1.5193	2.4955	0.083084
TPPP	-3.9434	-0.12443	1.6546
HSF2BP	2.1927	-0.20887	3.8172
TRIOBP	2.5289	4.8878	0.28462
RER1	-0.36646	0.52953	2.5676
CHD4	-0.57096	2.0089	0.50733
DNAJB4	-1.522	-0.86807	0.83663
KERA	-0.26628	1.1656	4.205
ESM1	2.2064	-1.7732	1.7322
DIDO1	0.23286	-1.7588	-0.52086
ADAM30	0.25738	1.0907	1.8195
ADAM29	0.072073	-1.3671	0.83714
AKR1C4	1.3349	-0.25285	2.3908
WDR5	3.3562	-0.89775	-0.28178
C9orf9	2.2584	0.56873	0.62144
ADAMTS13	0.72643	0.073309	0.62655
CACFD1	0.40637	-0.19452	0.30178
ADAMTS8	-0.61658	4.9711	3.0306
ADAMTS5	0.60051	1.299	0.49677
NUPL2	-1.204	0.65136	1.0064
PRSS23	2.3248	5.4081	0.078269
PTPN21	1.8809	-0.091524	2.81
ADCY5	0.27733	-0.078616	5.0909
HNRNPUL1	2.7299	0.23943	1.4922
ATE1	1.8885	-0.66069	1.2072
RPP14	1.047	2.2869	6.1171
KRR1	-1.9941	1.4905	0.15747
KATNA1	0.60405	0.6801	1.1495
PRDM7	-2.3596	0.88798	0.41575
PRDM5	-0.38536	-0.56546	1.5524
PRDM4	1.8456	-0.063113	-0.70978
CHEK1	-1.7363	-1.4185	3.3702
HIBADH	-0.47789	0.059521	2.8012
CIT	2.2883	-1.0069	2.8372
FGFR1OP	-0.64651	0.33495	-0.38713
EMILIN1	-0.094861	0.18574	2.9866
BTN3A2	2.2982	0.43638	7.0779
BTN3A1	2.0594	-0.042377	5.3018
FOXN3	-0.86647	-0.50938	3.0276
BTN2A1	1.5279	0.40393	6.5924
PTPRT	-1.0157	0.6851	2.7401
RCAN3	1.0111	-0.18536	1.5452
FAF1	2.3972	-0.010439	-0.33231
CD160	-1.2389	-0.77717	1.7394
KIF3A	-1.3856	-0.97304	0.13137
POLR3A	0.2523	0.27935	1.036
CLASRP	1.8179	-0.87254	1.7402
CHGA	1.3196	-1.7473	-1.3118
ZWINT	0.0034323	-0.88794	0.27283
CAPN11	0.74334	1.6137	3.8535
CAPN10	0.24871	0.10579	-0.1994
KPTN	1.4639	-0.56761	1.8495
CDC42EP1	-0.033943	3.4081	1.01
SLC7A9	1.7556	-1.9255	2.0056
PWP1	1.7209	-0.14676	-0.46332
TBC1D8	-0.98455	2.2691	0.22051
CHGB	-1.6913	-0.53365	-0.53233
CDC37	-0.55927	-0.63201	1.4675
PKIG	0.41413	-0.9935	1.3104
KAT7	-0.62366	-0.51694	1.8957
DMC1	1.2936	4.4187	1.1068
PLA2G16	0.87282	-0.76906	1.8828
GLMN	-1.0866	-1.2399	-0.93252
HHLA3	-0.21281	0.12476	-0.2095
HHLA2	-0.54253	0.92862	3.132
BVES	-1.7722	0.54042	0.9896
CORO1A	-1.2694	0.21387	1.8169
FICD	-0.15976	0.60822	1.5145
AP4S1	-1.275	-0.21262	3.5338
LDB3	-0.40297	2.1092	1.8421
PTP4A3	0.58857	0.39987	-1.6456
LSM6	-0.52251	-1.2918	0.52282
RABL2B	-0.83597	-0.15347	0.62578
RABL2A	-1.1551	-0.00010442	-0.32826
CHI3L1	-0.20402	2.8905	1.8303
ERLIN2	-0.66829	-0.12812	2.1844
C14orf1	0.80293	1.9447	2.1707
NUDT6	0.017502	0.19744	-1.2554
NUDT4	1.051	-1.0931	0.29621
NUDT5	1.6566	-0.098173	1.2895
NUDT3	1.3364	0.13715	0.9278
SOX21	-0.51204	-1.4891	-1.6595
FSTL1	1.6655	-0.27628	1.241
PSIP1	0.88897	-1.2179	-0.064514
WDHD1	-0.35275	1.2274	0.393
CHI3L2	1.0364	1.7227	0.22534
FAM107A	1.8799	0.13328	1.7938
STRAP	0.14219	0.44387	1.0472
INSL6	0.0030964	-0.27556	0.26792
ADAMTS7	3.4443	1.3934	5.7886
ADAMTS6	2.8037	-0.60482	1.5314
BAZ2A	1.3741	-0.07951	1.3108
BAZ1A	0.17814	0.59574	0.93087
LZTS1	-0.96766	-0.62513	0.48057
ZNF277	-1.3762	0.31226	6.1724
CHIT1	-0.63476	1.793	1.989
WDR6	2.6726	2.1101	2.5092
TREH	-0.67413	0.18768	3.7233
SLC2A6	0.46694	-1.0829	0.76227
MAP4K5	-0.11235	0.63428	1.549
MAP4K1	-1.657	0.31356	-0.76246
INMT	2.9574	-1.3088	0.93263
RASSF1	0.64943	2.3398	0.55169
PKP3	-0.89717	2.6026	-0.11583
NISCH	1.2993	1.197	0.95372
CELF3	0.86004	-0.23101	2.7887
CHKA	1.1124	-0.046845	1.0174
CEP250	0.55815	-1.133	5.507
WBP4	-0.60543	0.21771	1.5934
ABCB8	-0.045393	-0.076214	2.9531
SEC23IP	0.19657	-0.43909	1.3833
WIF1	0.4396	-0.28618	2.0234
SUPT16H	0.26369	0.57815	3.0564
ANXA10	-1.0437	-0.33234	0.80048
ADCY6	-0.81585	-1.4206	3.4023
CHKB	0.74489	0.2421	0.77447
CHEK2	2.897	3.5485	3.4641
POLI	-0.43832	0.69622	0.85069
KLK8	1.0618	-0.30641	-1.1285
FZD10	0.3599	0.90935	1.6384
PROSC	-0.87432	-0.38961	1.5697
IRAK3	-0.24995	0.15458	0.31122
AKAP13	1.0784	1.1296	2.4058
AKAP11	-0.11663	-0.87873	3.2599
AKAP10	0.30587	2.8828	2.9334
AKAP2	-1.4938	-0.1285	-1.0201
DDX20	-1.1665	-0.39961	3.38
CHML	-1.261	0.052114	0.347
DUSP10	-0.44835	0.49607	0.37628
MRPL3	-0.84439	1.5539	2.1321
RPL35	-1.6986	-0.090143	2.7297
GALNT6	1.3606	0.22324	2.7217
GALNT5	1.4515	-0.70579	1.3795
RASSF8	-0.16758	-0.089159	1.3657
CHN1	1.1832	0.03746	1.2315
SEC63	1.2554	-0.85209	1.0329
POLG2	0.70081	-0.9334	1.5215
HPS5	1.0539	1.7599	0.30817
PDCD10	-0.79056	0.89464	1.1347
RNF139	-0.21371	0.28401	1.1444
RNF24	-0.83067	-1.894	1.0238
EGLN2	1.242	1.5224	2.0445
EGLN3	0.30262	0.5105	-0.068823
CHN2	-0.69804	0.94572	1.6431
PADI2	-0.029734	0.98384	1.5766
BIRC8	-1.562	0.1913	-0.47571
PMF1	0.32788	0.54693	1.0821
ZHX1	-1.2131	1.0263	0.23178
GPR176	-1.3993	0.7036	2.3906
PRKCDBP	-0.28174	-0.061241	0.47954
NXPH4	-1.3417	0.12179	2.1531
PRRT2	-1.0267	1.8014	0.012756
ERI2	0.43343	-0.21225	1.5014
NXPH3	0.70584	-0.18896	0.63438
SAT2	0.30958	1.8026	6.8625
DTD2	-0.035685	0.037497	0.22514
NXPH2	-0.95573	0.075694	0.39077
GTF3C6	-1.2393	-0.72239	3.3039
GPR45	1.0366	2.0945	-1.9707
PTGDR2	0.93225	-0.37227	2.2747
PACSIN2	-0.79885	0.56139	4.1898
MAN1B1	-0.39956	0.39137	-0.5614
HRH3	0.38443	1.8384	3.3357
SNX18	0.35193	-1.5889	-0.47011
DCTN3	-1.5391	0.12273	1.1076
FILIP1L	2.8868	0.34539	5.9111
XPOT	-0.13878	1.5033	0.95045
MRAP2	-1.3095	0.30148	2.346
CHP1	0.82252	1.3433	3.3521
RWDD2A	1.1663	2.4334	2.3202
CMTM7	-0.25194	-1.1436	-0.94686
SP140	0.6197	1.2648	1.3996
PXMP4	0.28991	0.57836	0.34662
DUSP12	-0.6276	-1.8539	1.1303
SNF8	1.5359	-0.98236	1.6393
DDX19B	-0.74766	0.20111	2.5945
NRM	1.3693	1.1089	2.2828
FAM71E1	0.2258	-1.1401	-0.87118
TUBA3E	0.99853	-1.1707	0.14463
PRR4	0.12258	0.56472	0.251
RDH13	0.95868	-0.97037	0.15596
ATXN2L	0.99565	1.0803	2.6389
USP18	-0.69885	0.84832	0.66462
IL17F	0.91375	1.654	-0.31462
KLHL2	0.4273	-0.25941	-0.49831
IFT43	-0.025843	2.6062	0.70062
STX1B	0.93082	0.747	1.0892
SYNRG	0.15434	0.32926	2.4438
TREX1	0.79623	0.80749	1.7258
GLMP	1.7625	1.0735	-0.23617
KLF12	-0.2281	1.5758	5.7396
CHRM1	0.82338	1.4291	2.1805
SCN11A	-0.046694	-0.35495	-0.11978
KRT71	-1.1105	0.8173	-1.2603
POU6F2	-0.74601	4.694	1.9904
FDX1L	0.67863	0.37862	2.4066
HOGA1	1.5299	-1.731	3.5177
MGAT4B	-0.035645	1.2018	0.64303
CYP4F8	-1.6035	0.21188	-0.46435
PNKP	0.24709	0.93532	1.0135
WDR89	0.74582	-1.1403	1.0348
L3HYPDH	0.78896	1.8593	0.854
B4GALT7	0.41414	-0.10919	1.3899
TP53RK	0.27643	0.029032	-0.75839
CCDC101	-0.036959	1.2757	3.386
PHF21B	0.70238	-0.11338	-0.58686
CHRM2	-0.6508	-0.30737	0.68042
VPS26B	0.6431	0.41991	1.7025
GLB1L3	0.10313	0.37008	1.529
NACC1	-0.15408	0.33572	3.5398
CFAP36	-0.2627	2.6801	4.4058
MED8	1.0805	-0.29766	3.4983
KTI12	-2.5908	-1.5228	2.7972
ADCY7	0.69387	2.4224	1.4387
LYST	-0.39943	-1.2251	-0.13348
RPUSD1	0.061638	0.44352	-2.0281
PLCD3	-0.68046	1.6417	-0.10903
SLCO2B1	-1.1222	0.72345	-1.2275
PTH2	0.056586	0.056812	2.634
CHRM3	-1.4068	-0.31098	-0.41572
VPS45	-0.020844	-0.78765	3.5123
MTFR2	1.5135	0.49532	2.3124
LYPLA2	0.89888	0.36476	0.5799
CDCA5	-0.019525	1.6165	-0.019436
CD300A	0.032361	-0.25576	1.3501
AHNAK2	-2.6542	0.11171	-0.81695
PARK7	3.1847	0.57366	0.97799
COPE	-0.62599	2.7329	2.1093
RBPJL	-1.2426	-0.55941	1.5647
SAAL1	-1.1821	-0.76894	1.787
IZUMO4	0.72984	0.43254	5.166
SCAMP4	-0.2297	1.7003	0.20858
ADAT3	0.022812	1.949	0.37278
GPR182	0.5382	2.3846	3.0563
CHST14	2.039	-0.91205	3.5458
ECD	0.99059	-0.14806	-0.09759
CHRM4	2.2474	1.2801	-0.36691
MGAT4A	0.6321	0.010219	3.9001
CASC4	-0.67649	0.6984	0.50609
GPN1	0.17076	-1.172	2.4069
TMC6	2.4307	-0.68466	2.0678
KIF12	1.2911	-0.31871	-0.26819
LOC113230	1.0754	-0.85393	1.5733
SLC46A1	4.8381	-0.085543	2.7689
DDX42	0.39558	1.0916	3.7522
LARP4	-0.79213	-0.016072	1.6594
GLCCI1	1.6933	-1.3257	1.6732
TMEM106A	0.050351	-0.099461	2.4491
SLC52A3	0.079245	0.37919	-0.91162
FKBP9	-0.096549	1.0213	0.094751
STK38	0.55111	5.2593	2.1206
CHRM5	-0.12522	-0.69145	0.082215
CTRC	0.9161	0.33845	1.3916
ACOT7	1.422	0.27552	1.6625
PDAP1	0.46068	-0.93024	-0.69219
TUSC2	0.51005	2.189	0.50577
CBX3	0.79473	-0.18776	1.2461
EXOC3	1.2552	-0.36362	-0.74485
GABARAP	0.57451	-0.01021	4.1631
U2AF2	0.60356	0.48221	1.9623
OIP5	0.016345	1.0221	2.0102
CHRNA1	0.14735	-0.50574	0.018893
EXOSC8	-0.21284	-0.84368	2.9007
SFT2D1	-0.55189	0.11458	0.03394
SCRG1	0.12952	1.4783	-0.89756
TEX261	-0.1582	-1.1638	3.504
RNF13	-1.6849	1.1118	0.91994
MGLL	1.0384	-1.0349	5.7007
TWF2	1.1575	1.6542	1.1128
SMIM12	0.61241	0.65507	-0.004604
GABARAPL2	0.30732	1.135	0.85504
AZIN2	-0.56637	0.024931	1.0535
TMEM54	0.45355	2.1899	0.91963
TUBA3D	-0.62791	0.9118	0.80747
SYNPO	-0.76465	-0.59574	0.21273
CHRNA2	0.74299	0.55088	-0.034298
HELQ	-0.13646	0.20211	1.3594
CMTM1	1.8634	1.6641	0.084105
CHRNA3	0.87818	1.9071	5.8854
CYP2U1	0.79028	0.24122	0.18509
ADPRHL1	-0.20597	0.18369	-1.2901
MFSD3	-0.085095	-0.38752	1.3755
SDSL	-0.19822	0.66187	1.4008
CHRNA4	-0.64282	1.7098	1.468
KLHDC7B	0.84162	0.071582	0.55649
ODF3	-1.7955	-0.98395	1.2666
ZBED6CL	-1.4562	-0.86477	0.44175
PIK3IP1	2.1945	2.2542	2.0328
CHRNA5	0.52972	1.7561	5.7759
HENMT1	-1.3064	-0.035333	-0.46254
FAM83F	-0.24486	0.60392	4.376
SLC35A4	0.33436	0.4701	3.2533
ZNF257	0.75565	2.2766	0.52608
DTX2	-0.45956	0.83702	1.6164
CHRNA7	0.3433	-0.72719	-1.6183
ADCY8	-1.5143	1.7312	-0.95452
CHRNB1	0.4948	-1.4704	6.5491
ZIM3	-3.3565	-0.32119	1.4015
TOE1	-0.20271	1.9892	2.3424
WBSCR22	0.40291	0.54379	1.8054
TRIM9	1.94	-0.34563	2.4943
CHRNB2	2.2056	-0.51457	2.1261
TXNRD3	-0.48826	0.69861	1.7664
UCN3	-0.79348	1.8119	0.47634
SIGLEC11	1.2824	0.0061527	0.13217
SLC2A13	-0.070561	0.60001	-0.076258
CHRNB3	-0.78919	-1.2801	-0.37013
LACTB	0.41051	0.45021	4.8013
PALM2	1.4663	0.12626	3.9519
CHRNB4	1.497	1.9808	6.2252
EFHC1	1.0996	0.1044	1.4242
CGB1	0.64095	-0.1421	1.7827
CGB2	0.5296	-0.15189	1.9064
CHRND	2.9894	0.16266	6.1094
CHRNE	0.013526	-0.26194	1.4416
NLRP3	1.0405	-0.60023	1.2304
MAL2	0.90947	1.4336	-0.65261
SLC22A9	0.77524	-1.0873	0.51065
CHRNG	2.7802	0.35776	7.3703
TIRAP	-1.7451	-1.8917	2.2442
ERMAP	-0.90009	0.76295	0.97383
LRRC37B	1.4492	-0.8693	1.0686
CHUK	0.48859	-0.39183	1.7324
CYGB	-1.1502	1.3352	1.0357
CARD16	-1.2093	-0.19329	0.80234
PGLYRP2	-0.67606	0.15799	0.10806
PGLYRP3	0.46645	-0.4867	1.3825
PKD1L2	-0.67283	0.26755	1.9652
BTBD9	-0.82692	-0.59912	1.362
LMTK3	-0.15673	-0.43638	1.5092
CSMD2	-0.16362	0.12154	1.775
MBD6	-0.0029873	1.0936	0.82197
XKR4	-0.62962	-0.60951	3.7233
GPRIN1	0.69524	-0.28352	1.3143
CSMD3	0.53618	-0.17709	1.0125
SLC25A25	-0.54264	-0.59058	-0.52619
STK11IP	1.4346	0.82364	1.4316
TUBGCP5	0.77173	-0.11634	2.9684
KLHL32	0.06477	0.41772	2.0849
FMNL2	0.4035	7.2878	2.9605
ELFN2	-1.0987	1.0084	3.1669
TMEM132B	-1.8383	1.3815	-0.41367
SLITRK1	-1.8215	0.88302	0.44882
ESCO1	-0.055178	0.85293	2.4557
CCDC85A	-1.1484	0.59534	2.9628
TMEM200A	-0.47066	-0.49456	1.9404
MYSM1	-0.76069	1.4396	3.1403
RNF157	-1.9529	0.80371	2.4051
GALNT13	-0.73721	0.22732	1.2697
SORCS1	-1.5848	-0.83799	-0.4186
KLHL29	-0.35627	2.6353	1.9854
ZBED9	0.51908	0.02355	5.1455
RHPN1	-0.78597	-0.048166	-0.61735
LENG8	-1.713	-1.081	-0.4541
PWWP2A	-2.3043	0.43403	-0.052032
SMYD4	0.10624	-1.6912	3.6125
FHAD1	-0.53689	-0.008566	0.1052
SLAMF6	0.082258	1.1258	-0.4106
OSBPL1A	-0.87741	-0.95042	1.5894
OSBPL5	-0.73444	0.84871	0.59831
OSBPL6	-0.12937	0.014121	6.4899
OSBPL7	-0.85681	0.45989	1.6767
OSBPL8	0.7583	1.6409	-1.3437
OSBPL9	-0.18587	-0.1701	0.77977
OSBPL10	0.45656	-0.38152	2.7008
OSBPL11	0.6867	-0.56331	1.0848
C1QTNF1	0.96647	-0.3235	1.0539
C1QTNF2	1.1468	-0.36169	-2.2278
C1QTNF3	-0.85784	-0.6416	-0.12913
CIDEA	-1.5627	0.73869	0.55763
C1QTNF4	-0.77154	1.1719	4.735
C1QTNF5	0.30068	1.6552	5.7594
C1QTNF6	-3.0626	0.070936	1.2443
C1QTNF7	-0.27746	-0.31094	1.9495
FBXO32	1.4248	5.8299	2.0609
TMEM123	1.4436	-0.62213	0.1009
SMIM19	0.39649	-1.1898	3.3709
MRFAP1L1	0.96244	-0.42246	0.69021
TSGA13	-1.4296	-1.2151	0.89169
PTPMT1	-1.158	1.4077	5.1656
FLYWCH2	1.092	1.1388	0.27752
WDR31	-0.74453	-0.49621	4.1326
VASN	0.55822	0.82801	3.1701
ZNF618	-0.18489	1.3002	0.20896
ADCY9	2.1314	-1.221	4.0529
MB21D1	1.2177	1.212	1.1403
SLC26A9	0.097456	-0.81928	-0.61875
NT5C3B	-0.45202	1.5954	3.0123
CCDC124	0.74461	-0.51007	1.5703
HAUS1	0.032412	0.34799	2.2308
SLC26A7	0.68885	0.47817	1.2156
MARCH3	-0.18914	0.32588	1.7107
ZNF554	0.67245	0.3702	1.4233
CKB	2.3733	1.804	3.4177
KCTD12	1.2982	0.33131	-0.39731
OMA1	0.38541	-0.24353	0.79091
DDIT4L	0.15114	2.2152	1.7953
RAB42	-0.11145	-0.17411	0.6081
FBXO17	-2.3246	0.12088	1.8674
PCMTD1	-0.45733	0.28646	-0.23526
CIRBP	-1.028	0.47703	1.592
GPR146	-0.0142	1.361	2.1263
FCRL1	0.914	0.45131	0.34737
FCRL3	1.7227	1.0491	0.53428
LRRC42	-1.5044	-0.17617	-0.83647
GBP4	-0.17783	0.085617	-1.2055
GBP5	0.41931	1.2978	-0.050255
LRRC56	1.3862	0.28819	0.83468
CISH	1.3861	0.2131	1.0604
MALSU1	-0.46224	-0.48447	1.9148
UHRF2	-1.0536	1.1973	3.6349
TBCB	-0.10492	0.81489	0.53361
ZNF689	-0.14518	0.020853	1.2705
FCHO2	2.66	-0.46531	1.8109
ARHGEF25	-1.4937	0.14835	3.4075
ZNF501	0.56559	-0.18064	2.8577
FAM46B	2.9191	0.081159	1.1473
SLC5A11	-1.7452	1.1966	-2.3497
TNFRSF13C	1.2072	0.33526	1.3333
KIR3DL3	0.03967	0.053991	0.35668
NOSTRIN	1.7091	-0.11588	1.6942
ALPK2	0.076408	-0.8841	-1.937
ARHGAP33	-1.1251	-0.5239	5.4911
EVI5L	0.21885	0.34124	0.53899
TRMT61A	2.4612	1.6786	3.4403
RASGRP4	2.0755	1.0443	0.3366
C12orf56	-0.2759	0.32421	2.1214
DIS3L	0.44715	-1.1026	1.447
ARL11	-1.312	2.1821	7.3942
FANCD2OS	0.38083	0.80182	-0.73088
CKM	3.7448	1.1867	-0.046951
IQCD	-0.023679	-0.25883	0.098319
DHRS1	-1.8876	0.71188	1.3936
WDFY2	2.0267	0.40293	4.1034
RAB3C	-0.69867	0.95942	3.1569
NXNL1	0.26394	1.4984	2.0025
CKMT1B	1.8322	1.8074	0.96825
CTHRC1	1.5098	-1.3759	2.0356
TSR3	0.8108	-0.30909	7.003
CCDC151	-0.68203	-0.42075	-0.53547
ZNF653	0.68385	0.21182	0.22174
RNF166	-0.62345	1.2616	1.487
ADCYAP1	0.65865	1.1555	-0.78186
CKMT2	0.33265	0.19401	2.4054
RMI2	-0.51546	-0.60842	1.0339
OSR2	1.8228	-0.21474	1.6879
LRRC58	0.84009	-0.25368	0.625
LYSMD3	-0.86059	1.2626	2.1974
BATF2	-0.66612	1.2943	2.6352
SLC22A12	-1.6935	-0.7801	1.3456
DNTTIP1	0.74663	-0.40433	1.6495
DIRC1	1.4582	-0.19073	1.5376
ERCC8	0.23835	2.1849	0.0083346
FOXP4	1.0079	-0.20494	2.3833
ZNF526	-0.53472	0.71256	1.5526
LRRC3B	1.9391	0.3422	1.1637
KLHDC3	1.1999	0.48402	0.66295
WDR92	-0.51189	0.44915	1.3217
NUS1	0.48218	0.32065	0.17071
FAM210B	-1.1644	-0.79308	-0.59049
PHACTR3	-0.20058	-0.57632	1.9769
CYYR1	-0.90212	1.1376	0.51131
CMTM5	-1.1686	1.9514	0.66291
TGM7	1.2162	0.8543	1.7816
TM4SF19	0.27372	1.7546	1.0165
FAM122A	-0.22392	-0.68761	0.6341
COX20	-1.9452	0.8009	1.0524
ABHD15	0.14432	0.19602	-0.10198
TLCD1	1.0177	0.18235	1.3455
GINM1	0.43725	0.83397	0.92822
MOGAT1	0.96451	0.5981	-0.44403
ACSM1	0.17209	-0.28717	1.7112
CKS1B	0.46582	1.0165	2.6085
C8orf34	-1.3843	0.72355	0.86408
PANX3	-0.21448	0.58642	-2.3124
RBP7	0.11583	1.0325	1.0661
SLC26A8	0.25003	2.6927	0.96075
LYPD1	-0.41094	-1.4594	0.62055
IL22RA2	-2.3319	2.3751	-0.15044
CKS2	0.52246	-0.26144	0.20433
ZNF837	0.28258	1.0723	3.3004
TM4SF18	1.7646	0.25855	0.28702
GRIN3A	-1.0211	-0.2568	0.050362
GRIN3B	5.0167	-1.0549	0.44061
TOP1MT	-0.86151	0.7261	-0.25034
OLIG1	0.73052	-0.80525	2.7544
CLNK	1.4649	0.49836	-0.94937
TSEN15	1.4037	1.4236	3.5137
FAM129A	-1.1826	0.55789	0.86937
MAS1L	-0.098284	-0.21393	4.0779
MRGPRD	1.4646	2.1662	0.23038
APOA5	1.4916	0.67365	3.5224
MRGPRE	0.90256	0.69665	0.66309
MRGPRF	1.2507	1.2668	0.13347
MRPL53	-0.45272	-0.11296	2.2809
MRPL54	-0.52843	-0.12588	0.92313
PPP1R27	2.0251	0.036655	2.4842
RPL39L	-1.0344	1.7537	-0.77041
HSPA12B	-0.13389	0.36505	1.2106
CNTROB	0.51195	1.3838	4.443
SNAP47	-0.2969	1.9074	1.9441
LEAP2	2.3133	0.28378	0.81171
SLC18B1	-0.57864	-0.47898	-1.044
LRG1	0.28025	0.75856	-1.0406
MED12L	0.23015	0.9612	1.951
WDR17	-0.1045	0.35903	0.83637
ART5	-0.53567	-0.95269	1.7592
ACAP3	0.19911	2.3532	3.6361
ARAP2	1.1282	1.3219	0.36973
ARAP1	-1.5593	0.43142	-0.055606
AGAP2	-1.4754	-0.91381	3.2088
AGAP1	0.57954	0.39071	2.1273
AGAP3	0.56222	-0.86244	2.133
ADCYAP1R1	0.067027	2.9623	-2.1356
TADA1	-0.42857	1.0419	-0.012887
CATSPER1	-0.028807	3.0841	3.0585
THEM4	1.0142	-1.2399	2.4094
MIA2	0.23104	-0.83978	1.051
CATSPER2	1.7991	1.9826	0.35417
SCGB3A2	0.88563	-0.80048	1.5288
SH2D1B	-0.32127	2.1691	0.49374
DCD	0.68693	0.084806	1.4465
WFIKKN1	0.24616	-0.7565	3.8774
RAB3IP	1.3361	-0.48264	0.56663
SSX2IP	-0.15993	0.78146	2.0598
MRGPRX2	0.48613	-0.70375	1.2598
MRGPRX3	-0.31562	-0.65108	1.7648
MRGPRX4	0.63337	-0.023338	1.5855
HRASLS5	-1.0834	-0.83723	0.74777
FTSJ3	0.50592	1.063	3.351
SLC16A10	-0.62988	-1.5304	3.7243
GALNT15	0.6826	-0.16706	-0.82294
IP6K3	2.6564	0.49517	0.69821
DEFB118	-0.18283	1.4055	3.6561
CIB3	1.7848	-0.62793	2.0757
TAGAP	1.8829	0.57599	-0.023815
AP2M1	-0.30557	-1.4797	0.60926
AP1S1	1.8071	0.51921	1.7492
AP2S1	1.5255	1.045	-0.52782
TMC1	-0.13379	1.6913	4.9894
TMC2	-1.0867	-0.18544	-0.94985
RLN3	0.13324	-0.2677	0.74249
PARD3B	0.83602	1.7595	-0.28518
RFFL	2.0463	-0.38286	0.38017
AP3S1	-1.4556	1.761	-2.2933
ZNF354B	-0.60737	0.45648	6.563
CLC	-0.27711	0.045943	0.92397
TRIM6	-0.80929	1.1411	1.5396
CLCA1	0.23544	-0.74268	-1.2562
ADD1	-0.054542	-1.6836	-0.13771
CLCN1	0.20752	-2.1912	1.2016
CLCN2	1.4045	1.0879	3.2821
CLCN3	-0.33894	-0.6933	1.2886
UBE2J2	0.35064	2.5699	3.1616
LOH12CR1	0.14688	-0.8012	0.35171
OLFM3	-1.9507	0.25636	1.5351
ANTXR2	-0.2708	0.0033143	6.1094
MUCL1	0.258	0.036293	2.528
GPR62	-0.18495	0.31683	-0.6347
EXOSC6	-0.30166	0.51001	3.477
C10orf71	-1.1608	0.73308	1.0664
PRAP1	-0.54156	2.4722	-0.36557
ZNF511	-1.2041	1.464	-0.38127
CHCHD1	-0.36508	0.84191	3.0213
MSS51	0.43158	-0.59408	-0.33741
CFAP70	1.1562	-0.59513	0.32621
CLCN6	3.5778	-1.4914	1.5727
CLCN7	-0.54456	-0.08915	2.8757
C10orf90	-2.6506	0.054811	0.96846
BTBD16	8.362	-0.55461	3.4925
FAM24A	3.2187	-1.7498	3.7511
PSTK	3.3334	-1.0518	4.3587
CLCNKA	-1.1749	-1.1485	3.0668
ZNF488	1.4188	-0.52285	3.7791
PIK3AP1	0.27363	-1.0448	-0.88335
CLCNKB	-1.2822	-0.7081	2.4742
MORN4	1.7288	-1.6897	4.3782
ZFYVE27	0.70216	-0.98264	1.7892
MMP21	0.40815	-0.41228	2.0076
COMTD1	-0.093066	0.13813	0.67765
FRA10AC1	-0.89856	-1.9511	3.0724
ANKRD22	-2.1026	0.8046	1.0323
SFXN2	0.99094	-0.70621	2.3124
PDZD8	0.99651	0.94195	1.9609
ADD2	-1.1014	1.1852	3.6312
C10orf32	2.5958	0.13948	1.7034
CLU	-0.33312	0.28731	3.4938
LYZL2	0.039234	0.57162	-1.3002
CLIC1	7.1459	0.82233	3.8365
AGAP11	0.60053	0.90672	0.99468
GSTO2	0.73775	-1.1354	1.9917
SFR1	-0.71112	0.015548	2.5103
CALHM3	-1.6354	1.065	1.1807
CLRN3	-0.10495	-0.63683	0.52642
CLK1	3.6093	-0.30772	1.4551
ANAPC16	1.2663	-0.73034	2.3666
PNLIPRP3	-0.035224	1.6308	-0.52589
SFXN4	0.15698	-0.70129	1.5923
CPXM2	1.5439	-0.61469	1.166
CLK2	1.4149	1.6357	2.295
OR52E2	1.8455	-0.33704	-1.1056
OR52J3	1.8269	-0.15843	-0.92406
OR51L1	1.7192	0.85307	-1.1186
OR51A7	-1.5684	-0.082303	-0.072156
OR51S1	-0.74498	0.67259	-0.027023
OR51F2	-0.68464	1.1291	0.44043
OR52R1	-0.52678	1.2631	0.53535
C11orf74	1.3346	-0.27538	0.57494
OR4C46	1.8456	-0.68471	3.3462
OR4X2	1.6409	-0.13196	2.0705
OR4B1	1.1511	-0.3939	2.4018
OR52M1	-0.53386	0.42716	-0.99164
OR52K2	1.0926	-1.5352	1.5619
CLK3	1.4674	0.35882	0.21165
SERPINA3	0.56464	-0.32154	-0.71487
ADD3	0.52571	2.6531	3.6048
TPP1	-0.4063	1.3859	0.010789
OR5P2	-0.94733	0.5061	0.88955
OR5P3	-1.5427	0.39978	0.21233
GYLTL1B	0.41635	1.5503	4.1808
CLN3	0.26254	1.7323	3.6912
SLC36A4	-0.65257	-0.025012	-1.4055
FAT3	0.44176	2.1277	4.3444
TMEM45B	1.1802	1.4301	0.29538
CYP2R1	0.5092	-0.62639	2.8284
DBX1	1.871	0.46457	-0.19066
CLN5	0.2058	0.15213	-0.34871
COLCA2	0.65272	0.53536	0.75443
PIH1D2	-1.6551	-0.45286	2.9691
NXPE1	-0.89344	0.41164	0.82723
NXPE2	0.33112	-0.7219	1.2517
AMICA1	-2.807	-0.77211	1.612
DNAJC24	1.0572	0.30297	1.9863
ARL14EP	-1.1476	-0.95288	7.4851
OR8I2	1.5285	0.16748	2.5125
CLNS1A	-0.66155	-0.67757	0.12489
OR2D3	0.65051	-0.58297	-1.7352
OR2D2	0.40759	0.19871	-2.3663
OR52W1	0.25377	0.43763	1.7537
OR56A4	-0.81397	0.90853	0.59175
OR56A1	-1.4165	-1.0224	1.0131
CLPS	0.78791	0.89631	0.72797
DEPDC4	-0.039689	-0.48616	-0.48963
LRRK2	0.062185	1.156	1.6159
CLPTM1	2.6627	-0.239	3.4339
CCDC38	0.77489	-0.20557	6.173
TMEM52B	0.70678	-0.17597	1.5366
FAM186A	-1.3156	-0.22576	1.199
C12orf45	-1.1599	1.2989	-0.098618
CLTA	0.22481	-0.16233	-0.7574
OR2AP1	-0.27415	0.71467	2.9343
OR10P1	0.30643	-0.45636	3.2601
CLTB	1.3994	-0.49491	-0.4721
SDR9C7	1.5502	1.319	3.3366
LRIG3	0.39915	-0.36191	0.35984
TMEM132D	0.4441	1.0563	-1.3745
SLC15A4	-0.24388	-0.16415	-0.78683
RHEBL1	0.0098093	-0.049342	2.1604
C12orf54	-0.27191	-0.70777	1.478
ZNF641	-0.55266	1.2457	2.4847
OR10AD1	0.763	1.4753	2.6671
TPH2	0.96738	-1.243	-1.73
CLTC	0.79479	0.31301	1.3401
SP7	0.24229	0.037915	-0.062592
GTSF1	0.88693	0.28513	1.7666
OR10A7	-0.17536	-0.72582	3.9732
KRT74	-1.9056	1.7741	-0.80996
NEDD1	0.097021	0.70875	1.4545
IKBIP	-1.9932	-0.88525	0.18159
CMA1	0.1678	-1.5586	0.68046
HIST4H4	-0.33185	-0.5284	-1.5951
ERP27	-0.35736	0.34166	0.10006
FGD4	0.29347	1.0344	0.34187
AEBP2	-0.077622	0.41773	0.9283
ASCL4	1.2688	-0.62949	-1.0958
BTBD11	1.2581	-0.17706	0.24932
SPIC	0.10948	0.79378	-0.096874
ANO4	0.71422	0.16657	-0.60539
ALKBH2	-0.10478	1.9362	0.95079
FOXN4	0.24761	1.5032	3.2934
SPPL3	0.80435	0.22411	4.6586
TEX29	-2.4954	1.8854	1.1171
CSNK1A1L	-0.54923	-1.6892	1.9904
RXFP2	-2.0121	-0.98147	0.14046
TEX26	-1.1192	-1.8877	0.045271
SLAIN1	-1.5235	0.63691	1.5756
PRR20A	0.93043	0.37413	1.9749
SPACA7	0.99208	-0.467	-1.1214
TDRD9	0.20692	0.022371	2.8999
ANKRD9	-0.11756	0.21956	4.8221
AK7	-0.96045	0.23259	-0.21513
IFI27L1	-0.69219	0.32753	-0.31916
C14orf28	-1.1546	2.1676	0.31279
TRAPPC6B	0.014005	0.39797	-0.10456
C14orf79	-1.3925	0.10355	-0.35809
PLD4	-2.8278	0.26379	-0.7572
ADSSL1	-0.38241	-0.86401	1.7196
RNASE11	-0.20375	0.88367	1.2152
TPPP2	-0.74514	1.5093	-0.58843
RNASE8	-1.3353	1.8743	-8.8882e-05
MRPL52	1.5225	2.1969	1.5688
PSMB11	1.1143	0.38972	2.4427
OR4K14	-1.7839	1.1002	0.41664
OR4L1	0.14259	0.81817	0.38608
OR11H6	-0.94356	-0.80153	-1.9411
LRR1	-0.026703	0.60341	0.16014
KLHDC1	0.23961	0.46792	-0.7079
FRMD6	0.25007	0.094144	1.8139
SOCS4	0.47745	1.517	0.63455
NAA30	-1.2216	0.19859	1.4487
GPHB5	-0.3612	0.56394	4.3122
NOXRED1	1.6565	0.89408	1.5683
JDP2	-0.30351	1.3649	3.629
ISCA2	1.5894	3.6609	5.2308
ACOT4	0.96683	1.0312	2.6776
PLIN2	-1.0346	-1.6858	-0.13399
CCR1	0.081779	0.57944	1.1306
TTC8	0.47367	0.74233	3.9465
TC2N	0.2439	1.6585	2.9244
SLC24A4	-1.0948	-1.601	3.1498
SLC25A29	1.3053	-0.55104	1.9139
DEGS2	0.94219	-0.52829	1.5964
KLHL33	-0.64094	0.50124	0.83832
LEO1	-1.214	1.4484	2.6972
CCR3	-0.10815	0.43574	0.41042
C15orf40	-1.7296	-1.085	1.0123
SENP8	-0.63147	0.84018	0.31899
MTFMT	0.07257	0.16606	0.57446
SLC51B	-0.30923	-0.28624	0.20536
TARSL2	1.5006	-1.2531	-0.46884
CCR4	2.2518	1.6717	1.9021
LRRC28	-1.4187	-0.55276	0.11661
CCR5	-0.96562	0.57574	1.2048
CCR6	1.0358	-0.52186	-0.10303
C15orf27	-1.1696	1.5588	0.78491
CCR7	0.90572	1.5628	0.91501
NIPA1	-0.63144	0.53755	0.015207
AGBL1	-0.7001	-1.1388	-0.56402
HYKK	0.12734	1.9155	5.3558
CCR8	1.6642	-0.23598	-0.58752
WHAMM	-1.8774	-0.1294	2.0806
FSD2	-1.5893	0.53751	1.4958
PLA2G4E	0.40642	1.1277	2.6854
C16orf46	-0.28915	-1.2312	0.01163
ACKR2	-2.6431	0.77281	1.2554
NTAN1	-2.3253	-0.34842	2.6813
FOPNL	-1.2827	0.024851	-0.3389
DNAAF1	-0.64087	3.0313	-0.5028
ACSM2A	1.5849	1.15	-0.47227
DCUN1D3	0.047951	-0.47474	2.3087
NRN1L	-0.26751	-0.9629	7.1995
CMTM3	1.1039	1.2938	-0.090004
C16orf78	-0.1728	-0.058443	1.5381
ADH1A	0.11467	0.21627	0.52994
CMKLR1	-0.97499	2.144	1.2554
SPATA2L	-0.22795	-0.025147	0.94395
SPATA33	-0.81124	-0.50368	0.28133
NOXO1	0.069099	1.3844	0.70077
CCDC78	2.2064	-1.0062	0.21027
LTB4R	-0.90041	0.48434	0.86257
IQCK	0.67174	1.7605	0.27651
ZG16B	0.57034	0.22168	-0.14137
PAQR4	-1.1753	0.9395	1.6316
ZC3H18	0.7636	-0.12675	2.2713
GPR139	-0.87863	-0.52561	1.0852
CDYL2	0.89638	0.97941	1.2511
ABCC2	0.13553	0.37493	0.096492
ANKS3	0.96419	-0.077887	0.86066
UBALD1	-0.14411	-0.49518	1.2904
SEPT12	0.33648	1.4409	0.75399
ZNF720	-1.5484	-0.15707	-0.79383
TMEM219	0.9873	0.13271	-0.096369
EARS2	1.4851	-1.6791	1.8173
SNX20	-1.9774	0.0016711	1.3988
TMEM170A	3.8058	2.0074	2.3132
METTL23	1.6778	1.6998	4.1806
HSF5	-1.0442	1.1718	5.9055
OR4D2	-1.3281	0.16193	1.7823
MSI2	-1.9063	1.5706	7.4182
SLC38A10	-0.91232	-0.30539	1.0205
CANT1	1.1983	1.1464	0.38351
USH1G	-0.76777	-1.1458	1.3711
CD300LB	-0.92733	-0.45021	0.094783
KIF19	-0.83509	0.78685	-0.72372
ZPBP2	2.7818	-1.1444	5.1145
CYB5D1	-0.93977	1.2848	2.7436
OVCA2	3.7527	2.0006	0.67083
USP43	0.5051	-0.04697	-0.39728
KRBA2	1.7133	0.53707	2.1185
C17orf64	-0.69626	0.82029	1.4311
SPATA32	-2.5544	1.543	2.5443
HEXIM2	-0.014919	1.4244	0.53672
LSM12	1.5621	0.33218	0.82882
CCDC43	1.7846	0.3592	1.8492
CNTD1	-1.8932	0.59392	-0.995
TMEM132E	-0.66822	0.6286	2.1532
WFIKKN2	1.4741	0.17894	0.47618
B4GALNT2	-0.32353	1.3262	5.032
SPACA3	-0.34936	-0.43658	5.5144
SGK494	0.96581	-0.60459	2.3392
SEZ6	0.98243	1.1571	1.3518
ANKRD13B	-0.12752	1.8461	1.5082
SLC43A2	0.16414	2.0762	2.5913
CYB5D2	2.456	0.7203	2.9117
C17orf49	0.63634	-0.1476	-0.63357
ZFP3	-0.040389	-0.24339	-0.11771
GGT6	1.4221	-1.2886	-0.61288
SPNS2	0.8121	0.13451	-0.46618
EFCAB13	-0.38373	1.0579	0.84373
MRPL10	-0.75028	0.43175	2.099
WDR81	1.064	-1.1718	3.2467
ADH1B	-0.4114	-0.024533	0.45461
TBC1D16	-1.406	-0.65193	2.5001
AFMID	-2.2777	0.28514	0.1672
GJD3	-0.09388	-0.27307	-0.47372
KRT222	1.33	0.4386	0.34039
KRT40	-0.2519	-0.11775	2.563
ZSWIM7	-0.68836	1.2356	0.62067
MIEF2	1.0466	-0.30012	2.3895
SLC5A10	-0.4706	2.1963	0.84733
FAM210A	3.2959	1.103	0.66794
LOXHD1	-0.16553	0.2818	1.4628
INO80C	2.6046	0.46226	1.2953
TTC39C	-1.3218	-0.35237	0.43503
FAM69C	-0.13271	0.33109	3.8974
CNGB1	-0.27308	0.66058	-0.57756
CLDND2	-1.1139	-0.30412	0.40544
ZNF816	1.6075	0.82433	-0.58311
CNGA1	-0.62734	-0.55108	1.4517
ZNF543	-1.0454	0.64312	3.7833
CEACAM20	-0.25307	-0.31024	-2.3178
RAVER1	0.48931	0.30766	2.3113
OR7D4	0.38659	-1.2258	0.0023195
OR7G1	2.5428	-2.0226	-1.81
OR1M1	1.9791	0.4254	-0.23921
COX6B2	-0.036335	1.2711	0.68806
CALR3	0.84352	0.1836	0.47541
ACER1	0.45037	-1.1377	-0.50733
C19orf70	-0.32893	-0.79749	0.28722
MBD3L2	-0.42229	-0.38619	-1.5488
ADH1C	-0.65014	-0.3085	-0.063026
TRAPPC5	-0.57556	1.9226	-1.7257
PCP2	1.0814	1.993	0.055
OSCAR	-1.5605	-0.83957	-0.33527
ZNF813	-0.48469	0.36733	0.41686
ZNF441	-0.11324	-1.4738	-1.3701
ZNF491	0.081276	-1.1831	-0.42724
ZNF440	0.92418	-1.2671	-0.19515
SWSAP1	-0.61967	0.39765	0.087006
CCDC159	-0.73404	0.40831	-0.0075005
CNGA3	-0.95846	-0.086254	3.9773
JOSD2	-0.57196	0.21149	-0.99953
IZUMO2	-0.15575	-1.0825	0.40704
CPT1C	1.777	-3.0913	0.70148
ALDH16A1	-0.064738	0.58092	2.2225
NTN5	4.4038	-1.9485	0.15198
CNGA4	0.68473	0.37365	1.5546
NLRP13	2.3525	1.9536	1.3755
NLRP8	0.21098	1.2661	1.5151
NLRP5	1.2138	0.48316	1.0468
ZNF787	1.1692	0.3083	2.5852
ZNF573	-0.77891	0.263	1.7332
WDR88	-0.6603	0.66983	1.9155
TMIGD2	-1.1828	0.078004	0.22046
EID2B	-1.0009	3.1129	1.2566
TNFAIP8L1	-0.53643	0.3165	2.5337
ZNF57	-0.015707	0.037845	-1.3145
IRGQ	-1.7121	2.1416	0.28925
ZNF428	-0.51493	2.5245	0.18654
PLK3	-1.299	0.4628	-0.058763
JSRP1	0.34172	-0.76344	1.231
MOB3A	0.63983	0.50416	5.094
MFSD12	0.069866	-0.35823	-0.35345
GIPC3	1.1832	0.35219	-0.24023
NDUFA11	0.43296	2.1888	2.8712
MISP	0.014587	1.4766	3.5142
LRRC25	-0.8607	1.1014	0.33105
OR1I1	-1.0401	0.13012	0.2425
WTIP	1.6315	0.43919	1.2392
ZNF792	0.34081	-0.86416	0.52324
NR2C2AP	-2.2534	0.024297	1.8512
HSPB6	-1.6635	0.107	5.315
CNN1	0.66448	0.2748	0.69992
CCDC105	0.34486	-1.6169	1.2506
CYP4F22	0.2615	-0.048325	-0.27014
RINL	-0.67261	0.40003	2.3731
FBXO27	-1.0323	-0.22667	0.9081
CNN2	5.6658	-0.71681	0.010297
PLK5	-0.16193	-1.3864	0.31783
C19orf47	1.2114	-2.1771	2.0592
OR10H4	1.3305	0.81178	-0.087494
ANKLE1	1.8644	0.93812	4.4304
C2CD4C	0.43322	-1.3906	1.0997
CNN3	-2.7366	0.42695	-0.058135
GABPB2	-0.54145	2.0827	1.3667
TCHHL1	-0.42525	0.2936	2.3748
RPTN	-0.4114	-0.26063	1.8076
TDRD10	1.6411	-0.7084	2.3642
SHE	1.2452	-0.34521	2.6862
KDF1	1.1109	1.1904	2.4898
CNP	-1.4797	2.2039	2.0757
CCSAP	-1.3668	-1.7953	0.53663
LRRC38	-0.18667	2.0718	3.1506
AADACL3	0.22166	1.5113	-0.24951
PUSL1	0.26869	2.5163	3.7053
B3GALT6	0.66106	1.7383	2.4394
CNR1	0.27318	0.52498	-0.35162
WDR63	0.75451	0.40112	-0.98433
KLHDC9	-0.67041	0.39315	0.30526
AXDND1	-1.0337	-0.92668	0.78349
MAB21L3	-1.0338	-0.33658	1.7511
CNR2	0.70614	0.39722	-1.1832
IFFO2	-1.3296	-0.088917	0.54004
HIST2H3C	1.1111	1.6697	2.6201
SLC44A3	-0.75046	-0.31555	1.7862
ADH4	1.7416	-0.079244	0.24299
CNTF	-0.74017	1.7666	0.55581
ATXN7L2	-1.5477	-0.48885	2.809
C1orf194	2.3854	0.6798	-0.21326
LYPLAL1	-1.2965	2.233	3.4981
OR2M5	0.94705	-0.16337	-0.28265
OR2M3	0.6632	1.0382	0.42088
OR2T12	0.015692	0.65222	0.093361
OR14C36	0.030625	0.56219	1.2655
OR2T4	-0.058508	0.72876	2.0477
OR2T11	-1.9862	0.92466	-1.2098
CNTFR	-0.89119	-0.84961	0.95236
ATP6V1G3	3.8242	1.603	0.77882
CNTN1	1.579	1.8187	2.7239
ASB17	1.1164	-0.40392	0.58193
TYW3	-0.68604	-0.56454	-1.3568
ERICH3	0.40113	-1.2333	1.7081
LRRIQ3	-2.3036	2.0599	-0.5312
TPRG1L	0.45766	-0.29907	-0.26099
FAM213B	0.16056	-0.051001	2.4441
MYOM3	2.4204	0.69878	0.93252
DMBX1	-0.57363	1.123	-0.39659
OR10J5	1.128	2.1509	1.7718
TMCO2	1.6881	-0.30049	2.6137
ZNF684	-0.28653	-1.7888	2.6677
TCEANC2	-0.15332	1.1006	-0.64211
PODN	-0.69534	-1.1438	1.5839
LRRC39	-0.35507	1.4617	1.8006
GJB4	-0.41699	-0.66558	1.0152
HMGB4	-0.38726	-0.20024	1.1226
RNF19B	0.14929	2.1703	1.2399
A3GALT2	-0.206	2.4018	1.3911
DCST2	0.77885	1.4276	4.11
DNAH14	-0.48082	0.89011	0.45797
OR2B11	-0.42791	-0.13724	0.86947
ZNF648	0.16521	0.75371	1.9874
TEDDM1	-0.53025	1.672	2.8531
C1orf122	0.225	1.9614	1.8831
COL1A1	-1.8578	0.095749	0.34972
OSCP1	-0.33561	-4.2813e-05	2.0879
C1orf216	0.96522	3.1416	-0.97698
KLHDC7A	-0.031379	-0.48864	-0.34234
VWA5B1	-0.080696	2.1619	2.9723
UBXN10	-1.0307	-0.7925	2.2397
C1orf87	-1.635	0.6731	-0.70117
COL1A2	-0.68876	-0.12917	0.61766
ARL8A	1.4586	0.67077	0.011732
SYT2	0.82721	2.0843	0.65304
GOLT1A	0.40773	-0.070925	0.49347
UHMK1	-1.0985	0.6068	-0.22545
FCRLB	-0.25	-1.0519	0.99807
ADH5	1.405	-0.43446	-0.67125
COL2A1	-0.82388	0.53362	2.7716
WDR64	-0.91476	-0.032095	-0.40067
C1orf131	-0.062882	2.4076	0.25397
LIX1L	-0.92581	2.0501	2.1348
COL3A1	-0.37926	2.4512	-0.45754
SPATA17	0.6921	-0.51684	0.92448
EDARADD	0.34348	-1.4743	-0.15173
COL4A1	-1.3673	2.5508	0.76271
KLF17	1.4396	1.934	5.3811
TMEM125	0.90151	0.23383	2.8396
TSACC	2.1605	1.0754	0.28939
IQGAP3	2.2672	0.8161	0.51911
APOA1BP	0.9544	1.4122	0.44137
ARHGEF19	-0.28003	0.50645	3.1756
MRPL55	0.30999	0.59524	0.71108
HIST3H2BB	1.6125	1.2136	0.60717
DRAM2	0.30671	-0.25554	0.65243
PIFO	0.45465	-1.393	-0.065492
C1orf162	-0.45103	-0.27263	0.61354
OR10T2	0.52097	0.027492	0.71978
OR6P1	0.87755	-1.3661	2.1637
OR10X1	0.88859	-1.3043	1.9301
OR10Z1	0.19968	-0.92459	1.7688
OR6K6	1.7533	-0.58894	0.57972
OR6N1	1.4357	-0.60085	0.74477
TATDN3	1.0374	-0.12651	0.97136
COL4A2	-0.48703	0.091539	1.5517
BHLHE23	0.8671	1.2973	1.0175
NKAIN4	-0.52488	1.0157	1.5859
VSTM2L	-0.37114	0.49228	-0.29534
FITM2	1.9591	0.49644	-0.19753
WFDC12	0.030415	0.11691	1.9689
SPATA25	2.7506	0.18666	2.9401
COL4A3	5.7589	5.6404	4.8055
OCSTAMP	0.46354	-0.11513	0.28626
TSHZ2	0.064067	0.95539	0.89089
COL4A4	1.6412	3.1972	4.3496
C20orf85	0.91627	-0.43106	-0.11904
ZNF831	-1.5663	-0.56038	1.4273
TBC1D20	0.88799	-1.3192	-0.82912
SIRPD	0.72878	1.7144	-0.22989
C20orf141	-0.81613	-0.16898	0.55288
PROKR2	0.13388	0.37798	-0.73195
SLX4IP	-0.1246	1.8149	-1.0012
CSTL1	-0.01628	0.72543	2.6919
CST9L	-0.3788	-0.11216	-0.88354
CST9	-0.61662	0.63745	-1.0241
MIR1-1HG	-0.27226	0.17532	1.3168
DUSP15	-0.79685	1.4146	1.9649
BPIFB6	0.42744	-0.095571	2.0104
BPIFA3	-1.3588	1.7503	0.96101
C20orf144	0.58619	1.0389	1.2682
CHMP4B	1.1841	0.35335	1.4683
PIGU	1.0352	-1.0168	2.1591
FAM83C	-0.46287	-0.63403	2.3887
COL5A1	1.1495	1.0997	1.3162
GAB4	0.89956	-0.5786	0.16077
C22orf39	-0.65521	-2.1353	-0.50709
TANGO2	1.1065	0.65792	2.4575
COL5A2	2.0638	3.1568	0.32416
ZNF280A	-1.8201	1.1701	2.2934
SGSM1	-0.85107	-0.18279	1.119
EMID1	-0.83378	2.9643	2.6685
COL6A1	-1.1889	2.1212	7.495
ANKRD54	1.7695	3.43	0.1711
COL6A2	-1.9245	1.6183	3.3582
PPP1R21	-1.8451	-2.0569	3.4469
TRABD2A	-0.1234	0.50233	-0.55444
COL6A3	-2.4365	-1.0153	1.655
TMEM150A	1.3392	-0.96365	2.2569
COL7A1	0.36065	1.3646	3.5797
NUP35	0.98883	0.011839	0.99609
XIRP2	-3.4876	-0.90966	1.947
TYW5	1.2855	1.0679	0.82827
COL8A1	5.7639	1.0869	7.0822
NMS	-0.70756	-0.71103	1.5709
LYG1	-1.3657	-0.031592	1.784
MITD1	-1.832	-0.27177	1.9799
DIS3L2	0.49045	-0.45332	4.4284
COL8A2	1.617	5.376	-0.22761
CMPK2	0.34979	-0.64512	1.3832
MBOAT2	0.015902	0.5549	2.5954
CNTNAP5	1.2511	-1.104	3.7599
TAF8	-1.7475	1.4828	0.89091
COL9A1	0.78088	1.1379	1.5343
TMEM18	-0.62185	0.32319	2.5331
COL9A2	0.1805	-0.45507	2.7404
FBLN7	0.99213	0.16871	2.4651
NEU4	0.14648	2.0542	0.99277
RBM45	-0.96851	-0.4935	6.1094
C2orf73	0.085376	0.23691	3.4169
TRIM43	-0.28914	-0.13129	1.6875
BBS5	0.37452	-0.88764	0.43092
CCDC173	0.58929	-0.27029	-0.82826
COL9A3	1.7064	-1.3815	1.556
AADAC	-0.51037	0.4891	0.37277
ADH6	0.15447	0.31317	-0.74436
COL10A1	2.0488	-0.42136	6.1094
ACMSD	-2.2139	2.3211	0.99479
ICA1L	-1.7576	0.39536	2.3727
FAM168B	-0.096947	0.73906	-0.78009
OR9A4	-1.5596	0.89038	2.4678
COL11A1	1.7075	5.766	0.0010944
CIB4	-0.12755	0.52359	2.6881
REG3G	-0.22501	-0.18844	0.79902
RFTN2	0.87371	0.36662	-1.289
CLHC1	-0.44303	0.62976	0.43285
COL11A2	2.2113	-0.61651	2.5192
PLEKHH2	1.4784	0.87021	2.1263
COL12A1	1.1122	1.1909	2.8543
AP1S3	0.017952	-1.1309	0.41022
C2orf76	0.28211	2.9742	0.57789
SGPP2	-0.015883	0.33144	2.2539
ACVR1C	-0.33925	-0.62387	2.7382
OSR1	-0.38445	-0.14275	0.30214
COL13A1	-0.44517	0.43197	-0.081688
TTC32	-0.17554	-0.8079	0.68948
UBR3	0.69458	-0.19415	0.86703
KCTD18	-0.86377	0.86601	0.91712
ALS2CR12	1.793	0.7317	1.7965
ZNF513	0.28111	-0.43272	3.7781
SPATA3	0.56298	0.010595	-0.067652
LYPD6	-0.25302	-0.67244	1.9383
LYPD6B	-0.53399	-0.59438	1.21
GALM	0.033038	0.57148	1.5458
COL15A1	0.44384	-0.74897	3.0136
TMEM198	1.4039	0.72583	1.831
ZFAND2B	1.2471	-2.3922	1.3594
COL16A1	0.37771	2.5462	1.0953
TMEM178A	0.74433	-0.5712	1.9353
CPO	-0.55444	0.68763	0.072385
MDH1B	-0.20057	-0.10773	-0.45351
COL17A1	-0.11337	-0.2012	5.5507
C2orf50	-1.0453	1.6331	1.2871
PQLC3	-0.26801	1.5767	2.1423
TMEM182	0.57908	0.7842	1.3196
AHSA2	1.0466	-0.26301	1.4887
FBXO36	1.3012	0.52154	-0.16436
MTERF4	0.6887	1.4366	2.3138
CCDC148	0.31533	1.7609	-0.01209
M1AP	0.33889	-1.1827	1.0758
ADH7	0.043021	-0.39339	-0.71037
COL19A1	0.09458	0.79523	1.399
CPNE4	-0.39782	-1.3742	0.50179
CCDC58	0.44165	1.3944	2.2479
KCNH8	1.9492	0.75035	0.59549
COMP	0.21791	-0.24518	-0.023325
DNAJC19	-0.23107	-0.48934	1.0276
OTOL1	1.5138	-0.82216	-0.14106
FAM3D	1.6023	0.71198	0.76453
COMT	0.19392	1.5252	2.4968
ZPLD1	0.54018	0.33011	-1.8356
LYZL4	0.72397	-0.89787	2.0025
KLHL40	-2.265	1.1649	1.2351
COPA	-1.2695	1.1695	0.31257
TRIM71	1.2194	1.9021	1.6364
FAM131A	1.2631	1.0757	2.7562
CD200R1	0.059491	0.47169	1.7314
CHCHD4	0.14635	0.023755	2.1035
COPB1	0.98393	1.6572	2.5276
ZDHHC19	-1.1381	1.5122	1.1792
CRYBG3	-0.34308	0.77215	2.2209
DCBLD2	0.99212	2.2655	5.0698
LRRC15	-0.39765	1.7409	0.4799
FAM43A	-2.7088	0.15425	0.26384
KLF6	0.51281	1.985	0.57323
TPRA1	0.2171	-0.4249	7.7338
TMEM42	0.20252	0.70461	2.2241
UROC1	-0.37621	2.8078	3.6266
SLC31A1	-0.61723	0.59001	3.151
SLC31A2	0.15271	0.39675	2.6402
ERICH6	1.0218	0.61225	1.5279
NUDT16	-0.4973	0.97533	1.7633
COL6A6	0.044021	1.8053	1.7616
GRK7	0.98017	0.13611	0.30813
TMEM207	-0.24331	-0.034321	0.77611
METTL6	-0.41806	-0.24436	0.22893
ADK	-0.96571	-0.6154	2.1561
TAMM41	-0.025073	0.059044	0.32026
IL17RE	1.058	-0.026084	-1.0032
RTP1	0.74799	-0.29405	-1.9573
IQCF1	-0.36416	0.49968	3.1351
GLYCTK	1.026	1.1391	1.3166
PPM1M	1.1687	1.0584	1.132
SNTN	0.6493	0.31829	2.4042
SYNPR	1.3277	0.56714	1.3287
LSMEM2	0.67484	2.1712	0.77514
H1FOO	-1.8751	1.976	3.2508
OCIAD2	-0.77971	2.5986	1.1521
SCLT1	-0.89748	0.3437	3.2321
C4orf33	-0.89344	0.16087	2.307
TMEM155	1.0059	-0.60488	0.78121
PABPC4L	0.52175	0.45307	1.1329
CORT	-1.0194	0.91586	3.77
MAP3K8	0.21144	-0.10102	-0.36818
ADAD1	-0.98783	-0.90204	0.085731
ZFP42	-0.57218	-0.34784	-0.48614
LIN54	-0.5422	0.8771	0.27349
SPATA18	1.106	0.44437	0.42054
COX4I1	-0.48921	0.82736	-1.6429
C4orf32	0.78152	1.987	1.066
TMPRSS11B	0.41969	-0.5784	-0.21381
GNPDA2	-0.040008	-0.80054	1.3423
SPATA4	0.017156	0.71161	1.4284
CPEB2	-1.0534	2.1693	0.62415
EVC2	1.5761	0.83615	-0.96935
COX5B	0.58167	1.0262	2.2855
ARL9	0.41141	-0.12589	0.28121
AASDH	0.36178	-0.42636	-0.0106
PDCL2	-0.043025	0.81247	1.5198
C4orf36	0.98643	1.1166	4.6802
ADM	0.90064	2.0966	1.4171
PACRGL	-1.4897	-0.43313	1.1609
TRAM1L1	0.75016	-0.5964	0.39433
OTOP1	-1.455	0.62027	1.1505
ENPP6	-0.8104	1.5944	1.1984
SLC9B2	1.4196	0.97476	2.8395
SETD9	0.45954	0.92717	0.69483
IL31RA	-0.54515	0.30639	-3.3173
EMB	0.66699	-0.032025	2.4644
SLCO6A1	0.40335	-1.1996	2.8039
C5orf47	-0.60671	0.50873	-1.0388
PPARGC1B	0.46139	0.20243	4.2847
MROH2B	1.0005	1.4652	3.1248
EGFLAM	-1.0956	-0.053603	1.1039
PRRC1	-0.064502	-0.19968	1.7402
NADK2	0.48983	1.034	-0.042575
UGT3A1	0.82471	1.7668	1.835
CAPSL	1.164	1.4832	0.9915
COX6A1	0.79038	1.3232	3.5644
JMY	-1.2635	-0.70146	1.1804
C5orf58	0.75854	0.05957	0.1955
COX6A2	1.0175	0.69208	-1.596
ZNF474	2.1867	-0.020982	-0.52831
CCDC127	0.92717	-0.79629	2.9254
ADORA1	-0.27311	2.6156	1.6062
COX6B1	-1.652	-1.3463	4.0409
OR2Y1	0.13935	-1.1217	-0.17611
UBE2QL1	0.11165	-0.49484	-0.89502
C5orf49	-1.189	-0.78061	1.9997
FAM173B	-0.68411	3.0522	-2.3333
CMBL	0.74467	3.2008	-1.8155
POU5F2	1.6025	0.59927	3.4339
DNAJC21	-1.4097	-1.4736	1.1119
AFAP1L1	-2.6437	-0.49241	1.4945
GRPEL2	-1.5154	-0.069396	2.3957
TMEM171	2.4056	0.9708	0.51604
TMEM174	2.6679	1.301	0.10815
LSM11	1.3138	-0.41337	1.5825
POC5	2.2126	1.6702	-0.27439
GPR151	-1.6408	0.29231	0.97408
STARD4	0.30497	1.03	0.067166
WDR36	-1.5317	0.25649	0.1736
NUDCD2	0.17681	0.16092	-0.53403
COX6C	0.039531	-0.71855	0.60796
UBLCP1	-0.32437	1.0773	3.737
ACOT12	-0.58552	-1.8422	1.6386
SOWAHA	1.6061	-1.1389	1.0561
SHROOM1	1.8221	-0.60941	0.29501
C5orf24	-1.0188	1.2521	1.3064
COX7A1	1.146	0.47967	0.82807
ADAT2	0.085451	1.0976	0.46152
COX7A2	-1.3476	-1.3902	-0.10588
RIPPLY2	-0.93887	1.4886	2.7248
IRAK1BP1	2.3133	1.7005	3.8579
CLVS2	-0.64438	2.0663	5.3702
TAAR9	-0.37458	1.9096	0.91936
TAAR1	-0.63651	-0.83148	-0.94865
STXBP5	-0.33799	-1.0543	0.55726
ADORA2A	-1.0218	0.61078	-0.11573
COX7C	-1.7535	-1.188	-0.8236
COX8A	0.43524	1.7994	0.21208
NCOA7	-0.93941	1.0492	3.101
HINT3	0.50862	-2.2753	1.9406
PACRG	0.58889	1.8787	3.9159
B3GAT2	-1.647	-1.0816	1.0914
SDHAF4	-1.202	-1.6566	0.88783
COX10	-0.14054	0.17788	2.5736
CD109	0.9296	1.0807	2.4397
RAET1E	-1.022	1.3801	0.73271
PM20D2	1.22	0.99626	0.51214
SRSF12	0.56156	1.8867	0.98273
COX11	0.22617	-1.4168	0.50182
C6orf141	-1.5569	2.4946	0.67057
HUS1B	-0.33093	3.9777	1.7257
COX15	0.95755	0.48074	-0.18186
CP	0.54985	0.87452	0.21133
TRIM40	0.44049	4.1089	1.8256
DPCR1	3.8895	2.5932	2.4303
CPA1	-1.8446	-1.1857	-0.34293
CPA2	-0.88692	-0.733	-1.3065
WBSCR28	-0.07779	0.054009	1.3643
TRIM50	1.4422	1.5544	2.5783
CPA3	-1.1287	1.052	0.9553
OR9A2	0.10564	-0.4994	-0.079655
C7orf34	-0.87429	1.0364	-1.8994
TMEM139	-0.014939	-1.3005	-0.30408
NOBOX	0.38671	2.304	-1.0728
OR2A14	0.21252	-0.086577	0.33877
OR6B1	-0.85408	-0.53447	-0.1773
OR2F2	-2.0812	-0.14714	0.97211
ADORA2B	-0.64388	1.0254	0.25469
CPB1	0.54371	0.73478	-0.054609
ZNF786	1.4388	-0.53765	-0.58152
CPB2	-0.63849	-0.57282	0.9213
CPD	0.38197	0.59216	1.0129
COL26A1	-0.30556	-0.0048446	1.9833
PRSS37	-0.76175	0.38376	1.6961
KLF14	-1.4627	-1.5144	-0.12381
SSMEM1	-1.0308	-0.69476	0.67461
C7orf57	2.2446	2.4937	-0.11855
CPE	1.0261	1.6899	3.4026
SVOPL	-1.8642	1.3269	-1.9186
MTPN	-0.12071	-0.11592	0.26495
LRGUK	-0.01726	0.15257	0.029314
ASB10	0.52586	0.33427	2.1155
CLDN4	-0.4039	0.59483	1.3801
CLDN3	-1.0803	1.4374	1.3812
PRSS58	1.1234	-1.081	-1.8646
CLDN7	0.90107	-0.18806	3.9949
MPLKIP	-1.4967	0.29816	1.6395
CPM	-1.2303	1.1487	0.64301
SSC4D	-0.29054	1.0371	0.94617
C7orf31	1.2363	1.345	0.98529
CPN1	3.4872	0.41792	2.9727
ASZ1	-0.50687	1.0748	1.0763
CPN2	-0.16693	1.5757	0.72862
CLDN23	-0.36249	0.62857	4.6288
CPOX	1.3702	1.0486	4.7775
ZNF572	0.66787	-0.54734	0.58635
CPS1	2.044	0.47161	0.36331
GOT1L1	-0.24694	0.43081	2.2114
FAM92A1	-1.803	-0.3289	1.129
CPT1A	1.2787	1.512	0.91123
VPS37A	0.39251	0.64731	4.5252
CPT1B	0.86116	0.09754	0.73715
CPT2	1.4688	-0.20444	2.1492
NDUFAF6	1.055	-0.8905	3.5264
TMEM68	0.041816	-0.93144	1.6845
ABRA	-0.91346	-0.04925	2.4026
LYPD2	1.2103	-0.14875	0.98158
CR1	1.2618	0.3314	6.8332
NKX2-6	-0.62996	0.83365	0.848
TMEM71	2.2644	1.8377	2.601
SGCZ	-0.73911	1.846	3.2803
ADHFE1	0.29194	0.56951	-0.38578
UBXN2B	-1.15	-0.93576	1.8696
CR1L	1.8502	-0.076886	5.9101
PXDNL	-0.33156	1.4787	2.1651
AGPAT6	-0.4817	0.82394	0.095165
UNC5D	0.83158	0.46813	0.20519
LETM2	-0.59018	1.3379	0.79299
CR2	1.0529	1.4352	6.4191
DCAF4L2	-0.5408	0.017916	2.3597
RALYL	0.41979	-0.92612	3.2818
HGSNAT	-0.93632	0.074814	0.78617
RNF183	-1.3864	-0.21312	3.7127
CRABP1	1.3911	-1.5242	0.96605
NACC2	-0.52805	0.67791	1.3887
C9orf116	1.8484	0.16089	2.1825
C9orf41	0.55984	0.7177	1.5444
CRABP2	1.3273	-0.077726	1.5276
C9orf57	-0.17552	-0.57332	1.4131
C9orf85	1.2522	1.0265	0.60067
C9orf135	-0.10546	-0.22489	0.24427
LCN8	0.47521	-1.1765	0.88369
FAM69B	0.76719	-0.84855	1.265
CRAT	0.80157	-0.070459	0.32194
PTRH1	-0.22055	-0.29034	2.0091
PIP5KL1	0.31973	1.2161	0.8784
TAF1L	-1.0088	0.62286	-0.65515
CREB1	-0.072936	0.79358	3.2421
ATF2	0.77335	-0.25962	0.63136
PTPDC1	0.46034	1.8415	-0.38216
CREBBP	1.246	0.28625	1.7146
ARID3C	-1.6437	0.043245	0.93609
RPP25L	-1.5812	0.066287	1.1177
C9orf131	1.1736	0.6377	2.6129
OR13C5	-0.88607	-0.8788	0.76717
ATF6B	6.1094	3.3091	4.4835
OR13C8	-1.1083	-0.84358	1.0748
OR13C3	-0.74214	0.64389	0.6381
OR13C4	-0.27725	0.7499	0.68556
OR13F1	0.17912	0.86645	0.62727
OR1L8	-1.5116	-0.72916	1.2882
OR1N2	-1.3823	-0.3665	1.0884
OR1N1	-1.0749	0.2447	0.14046
CREBL2	-0.41175	-0.065358	4.3749
CREM	1.5644	0.49903	0.17601
CRH	-0.24866	-0.3364	-0.67702
CRHBP	-0.93009	0.22283	-1.8369
CRHR1	0.075945	3.5459	6.7168
CRHR2	1.9595	-1.1424	2.3155
CRIP1	-0.67368	-0.61132	1.0522
CRIP2	-0.14608	-0.99748	1.5434
CRK	-1.1456	1.2014	3.2588
CRKL	0.24625	-0.074787	-0.10273
AAMP	-0.37242	-0.44962	3.9731
ADORA3	0.47758	0.0055469	1.2473
CRMP1	0.56812	-1.7031	2.623
CRP	-0.24093	0.8798	-0.11689
KRTAP13-1	-0.62877	0.27519	1.2212
TCP10L	-1.089	-0.027548	-1.2366
HAPLN1	-2.3812	-0.072055	1.2423
RNF113B	-1.6672	-0.70117	0.31063
MUC17	-0.10204	-0.005546	2.6644
ASB5	-0.12815	0.95183	1.2658
ASB6	0.12937	0.99571	1.2639
ASB7	0.04249	0.14386	1.7532
ASB8	0.49961	1.9095	4.0592
MYL6B	-0.973	0.54302	3.4019
ZNF358	0.30369	0.11181	0.88545
MYO3B	-1.3079	0.48469	-0.36946
RNF32	0.54087	0.52846	-0.1349
APOBEC3D	1.8996	1.6974	0.39187
S100A16	0.26714	-0.80854	1.386
CHODL	-2.8778	0.67692	0.80887
DEFB104A	0.022562	-0.33503	-0.79606
CRX	0.35961	-0.22744	2.4805
SELM	0.28135	2.9388	0.3451
NEK7	1.4398	-0.46239	3.4965
ZFP28	0.017752	-0.84501	0.99161
ACTRT2	0.084038	-0.21989	0.15259
GATA5	0.39146	1.3647	1.4677
SLC32A1	0.064926	0.22565	-1.0416
C20orf96	-2.0717	-1.8534	-0.44618
BPIFA2	-1.382	1.5533	0.70224
ZBTB46	-0.58928	-0.30961	1.5867
WFDC3	0.60822	-0.34332	1.5188
GCNT7	-1.2925	-0.45337	0.43724
NOL4L	-2.4467	0.036556	1.5058
CBLN4	-2.1024	-2.4269	0.075562
CTCFL	0.080676	0.028717	-0.32784
TRIM69	-0.097648	0.34941	1.3917
MROH8	-0.23478	-0.35258	1.4889
CRY1	-0.30233	2.2347	-0.31892
SAMD10	-1.3689	-0.15779	4.5037
ABHD16B	0.79806	-0.75802	3.1175
CCM2L	-0.58333	-0.12814	1.771
BRI3BP	1.6308	-1.3092	-1.1302
SOGA1	-0.58402	-1.4472	2.5396
TLDC2	-0.35162	-1.5191	0.93495
RIMS4	-0.85934	0.19297	0.22548
ANKRD60	0.64387	0.16138	0.77061
SUN5	0.66604	1.3544	1.4336
MACROD2	-1.5024	-0.46058	3.8635
DYNLL2	0.093282	-0.32819	0.26309
TMEM37	-0.22865	4.0256	1.212
UBE2F	-1.7281	1.0217	1.2537
ADAMTS14	0.75344	0.24054	1.2734
NRSN1	0.022643	-1.0799	0.11713
SMCR8	1.4855	-0.14851	1.7351
CRY2	-1.7433	1.1631	3.986
RPL10L	0.16363	-0.42553	0.33009
TRPM6	-0.0062638	-1.0956	-0.049637
KRT72	-1.146	1.7342	-1.0499
SRXN1	1.9999	-1.3984	0.15323
ROMO1	0.27529	-1.0043	7.3933
NEURL2	2.771	0.18395	2.8738
ZSWIM3	1.6557	-0.41301	2.9916
WFDC10A	1.4634	-1.3572	-0.36693
BANF2	-0.43706	-0.53392	-0.42152
NANP	-0.65831	-0.44169	2.0381
DEFB127	0.47546	-0.93583	0.15133
SCP2D1	-1.2467	0.23297	2.7821
ISM1	-1.6561	-0.053022	-0.71612
WFDC6	1.9694	-1.3682	0.3624
C20orf173	1.2032	-0.64849	6.4289
FAM65C	1.5289	0.30494	2.6614
CST11	0.080991	0.82411	2.6597
DEFB129	-0.8113	-0.59282	0.32146
ZNF280B	-1.0462	2.2897	1.4155
SIRPA	0.77193	1.3316	3.3834
SREK1	-0.55882	0.54809	2.731
RBBP8NL	-0.25998	0.91609	2.2622
CNBD2	-0.58732	-0.26013	6.9162
CRYAA	-1.0414	-0.42091	2.1266
STK35	0.11395	-1.216	4.3287
R3HDML	1.725	0.37477	0.17686
DCANP1	0.095065	0.019216	-0.66901
ADPRH	0.025885	-1.3242	1.9066
CRYAB	0.71304	-0.38094	1.1556
CRYBA1	1.7691	1.038	2.554
CRYBA2	1.0776	1.76	0.64815
CRYBA4	-0.1285	0.38416	0.42425
CRYBB1	-0.099756	0.34289	0.49795
CRYBB2	1.4737	0.22654	1.8155
CRYBB3	1.5763	0.89159	2.2512
CRYGA	-0.088942	-0.12401	0.9378
CRYGB	-0.36729	0.081757	0.68391
PARP1	1.2885	0.26121	0.40708
CRYGC	-0.28739	0.78235	0.60065
CRYGD	-0.5014	0.82752	0.84203
MIB2	-2.5777	0.23954	0.59279
DUSP19	1.1311	-0.51541	0.47929
ITLN2	-0.76012	-0.36061	0.54737
ASB15	0.27663	-0.21917	0.27486
ASB14	0.0023612	0.63493	1.7293
CRYGS	-1.2292	2.1763	1.3646
CRYM	-0.14922	0.32028	0.056776
ACSM6	0.033451	-0.12632	0.65007
SAMD8	0.12103	0.32918	0.55355
CRYZ	-0.43497	-1.4022	-0.84302
LIPJ	-0.88188	-0.78689	3.0467
TRUB1	-0.90062	-0.14816	1.918
PARP4	-1.2846	-0.50389	-1.7367
MPP7	-0.71528	-0.75072	2.2524
CS	-0.048375	1.6617	4.2376
FRMPD2	3.0704	-0.42123	7.5748
VTI1A	0.91572	-0.62919	2.2352
MAPK14	-0.17929	3.0166	0.49932
DYDC1	0.93016	2.7283	-0.22834
EIF5AL1	-0.56123	1.9075	0.45539
HECTD2	1.1595	-1.043	0.65509
FGFBP3	-0.12416	0.031939	2.9107
C10orf82	-0.76401	1.5921	-0.12553
CACUL1	-1.2953	-0.52126	0.39241
CSE1L	-0.034865	-0.59735	-0.03121
SYT9	0.11503	1.0691	1.4944
LDLRAD3	0.16859	-0.30115	-0.11627
PSMA8	1.8186	-0.11424	0.58378
OR52B4	-1.2606	-1.2803	0.89394
CSF1	-1.4611	2.9056	1.1453
C11orf40	-0.6777	0.51828	-1.671
OR52I2	-0.96953	0.63629	-1.1133
OR51E1	-2.9038	0.58281	-2.0428
XRRA1	0.6129	-0.00095419	1.1235
CSF1R	0.087931	3.7982	1.286
UBQLNL	-0.63931	2.134	0.084265
MUC15	-0.19556	-1.0903	1.3298
C11orf94	-0.36117	1.7243	5.583
FAM76B	3.0298	-1.2627	1.7099
SESN3	-1.9114	1.3555	2.3487
PIWIL4	-0.30053	0.42478	-1.3362
CSF2	0.40002	1.691	1.2309
ARHGAP42	1.1885	0.95373	2.4584
KBTBD3	1.5049	0.68143	2.2147
CWF19L2	-0.7316	-0.52973	4.2976
KDELC2	0.9627	0.75088	7.106
CSF2RB	-2.1601	-0.32774	-0.117
LAYN	1.084	-0.29768	-0.69951
TTC36	0.062283	-1.2593	5.1587
CSF3	1.0287	-0.14368	1.7448
C11orf84	0.18057	0.39483	1.9203
CSF3R	-0.16743	-0.3998	2.064
PLEKHA7	-0.55544	1.3535	2.7119
SPTY2D1	0.11421	-0.016575	2.3416
TMEM86A	-1.3333	-0.57071	4.4109
OR10A5	0.89381	1.1994	-1.6055
OR2AG1	1.24	0.80301	-0.85917
DNHD1	-0.50934	-0.52098	0.67394
PRICKLE1	-1.6296	2.4223	4.1539
AMDHD1	1.2058	-0.69913	4.1225
CSH1	-0.052158	0.89013	3.2328
OVOS2	-2.3251	0.59353	-0.15438
BCDIN3D	0.071148	0.74224	-0.016903
ALG10B	0.38198	-1.7702	2.8035
CSH2	0.18491	0.85511	3.1359
GLIPR1L2	-0.48183	1.8717	0.033832
FAM101A	-0.0087844	0.82647	3.1428
ZNF664	-0.10174	0.11312	5.0687
LYRM5	-0.39245	-0.14465	-1.0723
CSHL1	-0.14303	0.71804	3.3029
CPNE8	-0.62748	-1.1132	2.5673
TMEM120B	0.39642	0.14773	2.5545
WDR66	0.45721	1.1306	2.3205
GLT1D1	0.28814	-0.48199	-1.4202
TSPAN19	-0.21266	-0.1249	2.4011
BEST3	0.94065	-0.93627	1.0415
E2F7	-0.97318	-0.79926	1.2165
CSK	3.87	-0.061544	-0.89472
KRT80	0.75211	-1.0773	0.21097
CFAP54	1.0657	1.2056	1.3762
C12orf66	-0.85867	0.95507	1.8862
CSN1S1	-0.53316	-0.28297	0.49795
C12orf60	-0.62983	-0.086226	-0.84576
FBXL14	0.47935	0.17554	-0.6428
CSN2	-0.66461	-0.21563	0.65543
RAD9B	0.48019	0.20974	0.33495
FAM109A	1.4947	-0.089525	0.875
CSN3	-1.4093	1.1232	-0.074778
FAM216B	1.1526	-0.89417	1.6565
LACC1	-0.79813	0.19173	3.7499
HNRNPA1L2	0.97298	-0.014642	2.0106
B3GALTL	4.3507	0.44467	2.9647
CSNK1A1	-1.5139	0.41579	1.7379
RDH12	2.0586	-0.32637	2.2169
GSC	0.1471	0.51678	2.5951
SERPINA12	0.32361	-0.97832	-1.0083
PRIMA1	-1.0898	1.3358	-0.45816
MIPOL1	1.7526	1.3661	-2.2374
CSNK1D	-0.65247	-0.19474	5.9974
PPP1R36	-0.48435	0.53753	3.2984
SLC38A6	-0.28935	3.1846	1.6883
CSNK1E	-0.71457	-0.77498	0.90546
C14orf37	-0.63258	0.38224	2.342
ABHD12B	0.76436	-0.62929	4.2041
PTGR2	-0.93607	-1.0994	3.4449
FAM161B	-0.95731	-0.73606	4.2433
LRRC74A	-0.078107	0.065374	1.1051
CSNK1G2	-1.3801	0.58065	-0.19497
ISM2	1.3952	-0.19175	0.88718
CEP128	1.2111	2.0404	0.49536
MDP1	-1.1664	0.77984	0.59454
TTC7B	-2.0492	-0.086686	1.6081
LRFN5	0.072923	0.1296	8.1131
CSNK1G3	0.73033	1.8572	3.0188
C15orf43	0.018779	2.0306	-2.2583
CSNK2A1	0.020583	-0.8812	-0.77488
C2CD4A	1.1414	2.6885	-0.12797
LYSMD4	0.59165	-0.0011772	-0.28092
FAM81A	-0.32252	-0.38466	-1.8537
GCOM1	-0.10394	-0.17421	1.5581
C15orf65	-2.4319	0.098736	1.7397
PGPEP1L	0.11049	0.95852	2.6232
C15orf61	0.73427	1.3197	1.2282
C15orf32	-0.51831	-0.11441	0.84192
HAPLN3	0.19632	1.0376	0.31953
MESP2	-0.95169	0.8568	0.79207
CSNK2A2	-1.7092	0.96176	1.0943
TMCO5A	0.073738	1.3144	1.4707
SPATA8	-0.097963	-1.6287	0.050233
NRG4	-0.40997	0.52801	-0.45097
ADRA1D	-0.4645	-1.1647	0.81583
CSNK2B	3.3257	2.2271	3.4657
ZSCAN29	1.8978	1.012	2.1103
TTBK2	-0.63723	-0.17974	2.9035
CDAN1	-0.081445	-0.29193	1.8692
SLC38A8	-0.022094	0.9984	1.3397
VWA3A	0.21474	-0.43713	0.023042
OTOA	0.16473	0.087154	-0.27018
ZFP90	1.5822	1.7181	0.85958
VCAN	-2.0629	1.2741	1.4593
RLTPR	-0.69495	-1.1182	7.1437
KCTD19	-0.88308	-0.18069	4.1443
CMTM4	0.69024	1.996	-0.092287
CMTM2	1.7118	1.6028	-0.01302
BEAN1	1.9388	0.38606	0.71588
TEKT5	-1.089	0.14358	1.0121
NCAN	-1.556	-0.037753	6.1094
RNF151	0.047038	1.4731	0.58946
PRR35	-0.79183	0.42756	3.9808
FBXL16	1.883	-0.56292	1.0219
C16orf92	0.46448	0.071948	-0.64089
GSG1L	-1.1365	-0.0061629	2.1566
CSPG4	0.92363	0.26691	1.3851
SLC22A31	-0.85639	1.2497	-0.3817
IL34	-1.8108	2.8191	1.957
ZNF597	-0.18171	0.53554	1.2341
CCDC64B	-1.6803	0.33705	2.0737
TMED6	1.0089	-1.19	0.88777
CSRP1	-0.0082009	0.20354	0.81715
ZNF785	-0.54522	-0.84475	2.2931
ZNF688	-0.2279	-0.86534	2.2648
PRSS36	0.69903	-0.11621	0.96267
C16orf89	1.3179	-0.54318	1.3651
C16orf71	0.67323	0.91012	0.62873
CSRP2	2.1962	0.47947	-0.73797
MGAT5B	1.8044	0.40307	3.8589
TOM1L2	-1.3178	0.63205	1.1721
ENTHD2	-1.2689	-1.0603	0.7826
B3GNTL1	1.0528	0.61065	2.4559
RBFOX3	0.035172	-0.12793	0.94643
CD300LF	1.9667	-0.29014	1.2268
C17orf77	-0.27174	-0.80405	0.38844
DNAH2	1.0501	0.19379	4.0676
RTN4RL1	2.7003	-0.28034	1.0554
EFCAB3	-0.36737	0.15334	0.85152
SLC25A10	2.3242	-0.061947	7.6404
SLC47A2	0.60357	0.35385	3.5286
CDRT15	-0.39892	0.93821	6.7045
CFAP52	-0.75187	1.1007	0.53535
CCDC42	0.31823	1.152	1.0274
PIK3R6	2.1856	1.6236	-0.20303
ODF4	2.0411	-0.37258	2.3739
C17orf50	-1.0064	-0.70481	-0.57277
SLFN13	0.15516	-0.034348	0.4415
SLC35G3	1.2018	-0.48066	-1.0442
UNC45B	1.1744	-0.74818	-0.82972
CD300LG	0.43949	0.67858	2.8128
CST1	-1.0251	-0.37482	0.43624
KIF18B	1.5652	1.6315	3.2457
RUNDC1	-1.6144	0.74746	2.5815
EME1	-0.97296	1.9351	1.7355
ADRA1B	-0.86187	0.49813	0.2957
CST2	-1.5466	-0.98413	0.92099
TMEM199	4.4457	-0.17315	2.5271
PROCA1	1.4989	-0.40508	1.0575
DHRS13	1.356	0.075315	1.2017
KCTD11	-0.69869	-1.9671	1.7991
CST3	-1.2011	0.66109	-0.43924
NOTUM	0.29334	0.99419	1.3615
TMC8	2.0975	-0.5056	1.7397
TRIM16L	-0.057898	-0.021665	-0.42091
WIPF2	0.86936	0.41823	0.49218
KRT25	2.2084	0.40954	0.11266
TMEM99	0.86519	0.6245	0.31344
SCGB1C1	-1.7139	-0.90538	1.7813
CST4	-0.38743	-0.459	0.059246
CST5	-1.5526	-1.882	0.49262
STARD6	-0.71609	0.054691	0.88679
C18orf25	-0.8616	0.061415	3.6958
CCBE1	-0.3656	1.3078	3.1332
CBLN2	-0.1106	-1.2715	0.46943
CST6	-0.17834	3.3339	3.238
SLC25A52	1.1444	0.46068	1.14
DSG4	0.96167	-0.69034	0.20657
ANKRD29	-0.83981	1.4407	-0.016655
APCDD1	0.099375	-0.52513	-1.5284
CSTA	0.31103	0.60392	2.1739
CSTB	1.0748	0.44668	1.4807
VSIG10L	-0.97031	-1.0037	0.61008
C19orf84	-2.5667	0.21282	-0.32817
ZNF480	0.052449	-1.1576	1.4389
ZNF534	1.2149	-0.33621	-1.7615
ZNF578	0.28396	0.13005	-0.20406
ERVV-1	0.60889	1.314	-0.78059
SMIM17	-0.30713	-2.3788	-0.30095
C19orf18	0.81935	-0.40863	3.5118
ZNF418	0.56199	-0.8178	4.2127
ZNF417	0.58652	-0.81502	3.9065
ZNF548	0.30624	-1.1052	1.708
PPM1N	1.1223	0.64456	-0.65041
CSTF1	-1.8439	-1.2086	-0.36934
KLC3	2.8146	-0.30392	0.039922
IGSF23	1.2033	0.2587	1.4267
LYPD4	-0.98701	-0.24995	0.71551
ZNF560	-0.74086	-0.83601	-0.2966
TMEM190	0.36351	0.84873	0.79243
HIPK4	0.67285	-0.036961	3.21
TMC4	0.14228	-0.43494	-0.35838
ZNF524	0.28094	-0.17501	1.542
ZNF784	0.56332	0.14097	1.8941
ZNF563	-0.79888	0.6817	-0.40759
SPC24	2.0631	0.80852	1.4931
CCDC155	-0.056694	-0.53961	2.3462
CSTF3	1.441	2.2622	0.1194
DACT3	0.78604	0.55669	0.0068133
SIX5	2.3927	2.9134	1.9186
IGFL2	1.4042	-0.91546	0.92106
ZNF420	0.19292	0.073561	1.5593
ZNF565	2.0511	-0.39265	0.29191
NLRP4	2.4928	1.0867	-1.2035
ZNF582	0.97977	0.27427	-0.79324
ZNF583	-0.035857	0.59173	-1.2563
FAM98C	1.8553	1.0475	-0.29583
CAPN12	-0.44081	1.277	1.2639
DPY19L3	0.76554	0.89419	3.102
ADRA1A	1.5172	0.55572	2.5895
LGALS16	0.019446	2.0113	-0.46078
TTC9B	0.17378	-1.7967	0.29414
TICAM1	-0.88226	0.31245	0.14587
ZNRF4	-1.0928	0.14278	0.59408
ZNF599	0.49991	0.29023	0.085472
FAM187B	0.74248	-1.2654	0.3019
CILP2	0.21931	0.36143	6.1094
PROSER3	-1.3878	-0.17742	5.407
ZNF558	-0.0027299	0.018991	-0.28119
CDC42EP5	-1.1314	-0.88224	-0.74513
ZNF98	1.4626	1.2881	0.4466
NKX2-5	0.015177	-0.6381	0.18106
ZNF714	0.52808	-1.1614	0.91867
ZNF681	0.049976	-0.54619	1.6444
C19orf25	1.1469	-0.46427	0.9291
ATP8B3	-1.1802	-0.013659	0.40681
DIRAS1	-0.65151	0.80454	0.40242
ZNF555	0.7	0.37334	0.21101
ZNF569	2.3061	0.81412	0.43128
ZNF570	2.3302	0.63206	1.0281
SYT6	-0.219	-1.4247	4.8293
C1orf74	0.88225	0.21402	1.4683
CREB3L4	0.78544	-0.17019	3.0962
C1orf127	-2.2869	0.9177	1.0697
BROX	-0.1556	1.9514	-1.7035
SAMD11	0.33305	0.3349	2.0394
SAMD13	-2.7748	-1.2666	0.89018
C1orf52	0.12777	1.3724	-2.1351
PHF13	0.32581	-0.12298	1.2977
CIART	-0.5903	1.2427	5.0005
TMEM56	-2.0059	-0.78927	1.2544
NBPF4	-1.8697	1.8637	0.11071
UBE2U	-0.3403	1.5429	1.354
CTBS	-0.51141	0.48739	0.24051
SLC35F3	-0.52367	0.36798	0.26503
CTBP1	-2.2287	0.24663	2.2731
HFE2	0.40613	1.0805	0.4167
ANKRD35	-0.40116	0.30529	1.5868
FAM163A	0.5771	0.28964	1.5302
B3GALNT2	0.3094	-1.8356	2.0809
CTBP2	0.72256	0.96501	5.1334
MFSD4	1.3117	1.4456	4.8325
PM20D1	-0.17271	0.34854	1.8324
GCSAML	-1.9577	-1.7865	0.84284
SLC30A7	1.5672	0.37308	0.70197
CCDC27	0.23984	-1.4478	1.5727
CTF1	1.5354	0.44483	0.96646
KNCN	-0.31842	0.099248	0.087054
MOB3C	0.067981	-0.11601	0.82603
GLIS1	1.0857	3.6471	6.0833
CTGF	1.0401	0.58574	0.13528
LELP1	0.54254	1.9369	0.60681
RC3H1	-0.18025	-0.23974	1.5736
DCDC2B	0.35595	-0.39719	0.28366
ZNF362	-0.44909	1.8279	1.3457
DCST1	1.1857	2.1195	4.8036
CTH	-0.076637	0.32838	0.71115
CNIH3	0.28095	0.19357	1.4973
MANEAL	0.16923	1.7017	1.582
IL23R	-0.66465	0.094991	-0.52399
METTL11B	0.84209	1.178	1.2948
FAM78B	-0.99802	0.07063	1.9232
CTLA4	-0.7804	-1.0595	-1.4168
SHISA4	1.84	-0.34733	-0.47635
EXOC8	-1.0558	1.9127	0.34337
LOC149373	0.3117	1.2748	0.45357
PDIK1L	0.63565	-0.49799	1.7594
BNIPL	-0.79776	1.4891	2.0823
CLDN19	-1.0071	0.65579	1.9084
CFAP57	-0.40774	-0.55595	1.9104
C1orf210	1.3718	0.20817	3.0464
CCDC24	-1.2024	1.2946	3.6575
BTBD19	-1.3148	0.53645	0.018689
CCDC17	-3.0568	1.3599	2.1524
LRRC71	0.051263	0.89732	1.9187
CTNNA1	-0.72652	0.22258	0.40961
C1orf64	-1.073	-0.73487	3.5401
CTNNA2	-0.52155	-1.1903	5.1304
RNF187	1.5951	-0.052032	1.4614
PYHIN1	-2.2361	-1.7072	-0.37752
SPATA45	1.1993	0.14974	1.1106
FAM71A	-0.12475	-0.14802	-0.064694
ADIG	0.60602	0.24134	1.9521
GTSF1L	-1.9816	-0.66474	-1.1627
CTNS	-0.011541	0.73728	0.98964
WFDC5	-0.26558	-0.46068	2.0067
C20orf196	-1.1806	0.52587	-0.2093
CTNNB1	-2.7189	0.28485	7.5999
COMMD7	0.27513	-0.22044	1.4788
BPIFB4	0.76076	-0.002259	1.3961
LSM14B	-1.3632	-0.23773	2.0291
LIPI	2.3033	0.55624	0.59814
AANAT	-0.48205	-1.3623	1.8877
ADRA2A	2.171	-0.26939	-1.0866
CTNND1	0.46747	1.9044	1.1746
LCA5L	3.2182	-1.1589	1.1459
IGSF5	-0.44116	0.35312	1.9576
CTNND2	-0.30176	0.42227	1.4145
SLC9B1	1.5876	1.1382	2.1489
CCT8L2	-0.89028	-0.49097	-0.045185
XKR3	0.54495	0.26141	-0.33063
AIFM3	1.0695	-0.48043	1.1578
RIMBP3C	0.75008	-0.49619	-0.56308
YDJC	-0.32864	0.87251	-1.0192
C22orf15	0.4697	-0.79137	2.1511
HSCB	2.2597	1.9471	3.6546
CCDC117	0.91516	-0.66757	3.2821
HORMAD2	-1.3384	0.6847	3.8128
DUSP18	-0.37261	0.52644	-0.72401
C22orf42	1.6685	1.6097	0.98753
CTPS1	-1.0936	2.0875	3.2997
ENTHD1	0.69589	0.80666	-0.7517
DNAJB7	-1.0708	2.2306	5.3253
CHADL	0.29471	1.8304	7.264
MEI1	0.42182	0.73876	3.0707
FAM109B	1.505	-0.51052	2.8177
NFAM1	-1.3473	1.0743	1.6198
PNPLA5	1.6746	0.83509	2.6682
CDPF1	3.4306	1.9445	4.0566
CTRB1	5.2313	1.3722	2.3172
TTL	0.74247	1.0031	2.2611
CKAP2L	0.49469	-0.29451	1.3044
CBWD2	-0.98584	1.1469	-0.79884
TEKT4	-0.2854	0.2065	3.225
SMYD1	-0.42922	1.6216	1.1404
C2orf15	-2.104	-0.066582	2.0258
CTRL	-0.38417	-1.4087	6.9501
OTOS	-1.9828	0.65057	-0.53756
MYEOV2	-1.9002	0.92858	-0.51426
OR6B3	-0.62705	-1.4519	-2.0787
COMMD1	0.19702	1.6542	1.4276
PROM2	-0.038813	1.6094	2.3568
ANKAR	0.038264	0.91164	2.8998
FBXO41	0.52563	-0.05464	2.3808
TTC30B	1.7579	-1.4281	3.0043
GPAT2	0.045747	0.4787	1.3847
ITPRIPL1	1.7782	0.74602	1.1305
WTH3DI	0.13847	-0.59305	1.0021
CTSB	0.15544	0.16338	3.7191
FAM117B	-0.5434	1.0112	3.0513
CTSD	1.6869	-0.50795	3.82
TCF23	-1.1951	-0.57917	1.849
GAREML	-0.14532	1.2793	0.09926
PUS10	0.58729	-1.539	0.33959
ADRA2B	-0.48203	1.8533	2.5077
CTSE	-1.0161	-0.381	1.99
SEPT10	0.9037	-0.64897	1.3381
KANSL1L	-0.043466	0.20047	1.1629
PLB1	1.0975	1.3505	0.2011
CTSG	-0.6718	-0.1085	0.25135
ZSWIM2	0.41226	1.7979	0.31739
ZNF385B	2.6485	0.20768	4.3041
FAM132B	-1.1781	-0.40695	0.029684
ARL6IP6	-0.69634	1.2981	3.6561
METTL21A	0.37934	0.70559	2.9365
CCNYL1	0.098004	-0.023762	1.4806
CTSH	0.87436	0.42619	2.932
KLHL23	0.57001	0.076903	0.11674
PPP1R1C	0.053841	-1.1141	0.47757
SGOL2	-0.63471	0.34589	1.0123
ALS2CR11	1.802	1.6023	0.34024
SLC38A11	0.038502	1.3408	2.1105
CCDC140	-0.017115	-0.59039	2.525
SLC23A3	1.2915	-1.3921	1.7324
CTSK	0.44944	0.45406	3.4444
GPBAR1	-0.45004	-0.6316	3.9785
FAHD2B	-2.1118	0.4197	2.9523
FAM84A	-1.6712	2.3716	-0.92125
RMDN2	-0.14129	1.1753	-1.3174
CTSL	-0.56161	-0.47024	-0.80097
GDF7	0.64982	-0.45765	3.069
SLC16A14	1.5329	1.0789	0.99704
CTSV	-0.60855	0.98179	0.73505
ASPRV1	-1.1238	1.1421	-0.089392
WDSUB1	0.75502	-0.16882	-0.67437
UPP2	-0.30269	0.78648	3.0103
GPR155	-0.0080503	0.83955	0.28099
TTC14	0.16889	0.62214	-0.80735
DTX3L	-0.55306	0.72247	1.0242
FAM19A4	-2.0359	-1.7596	2.6748
SGOL1	-1.9433	1.0895	0.61266
PP2D1	0.12485	0.92116	2.6083
EFHB	-0.65981	1.0272	3.9404
PPM1L	-0.48325	-0.10253	-0.70873
WDR49	-1.0588	0.87905	-0.67644
LRRC34	0.17213	-1.2555	0.39469
CPNE9	-0.79182	-0.40731	1.3803
DPPA2	0.016562	-0.86025	-0.62087
CCDC80	-0.11812	-0.44614	2.8409
BTLA	1.3436	0.5149	1.7577
CTSO	1.1712	1.7815	0.98876
CCDC12	0.67133	0.75998	4.0219
MB21D2	-0.97411	1.357	0.090259
PPP4R2	0.56194	-0.8884	5.2497
ADRA2C	-2.05	1.779	0.37352
CTSS	0.4278	0.0088132	3.6811
XXYLT1	0.5645	0.043022	0.1962
RNF38	-1.1542	-0.3941	-0.48449
GLIPR2	0.34252	0.10791	0.96477
ROPN1B	0.94847	-0.96369	1.1096
C3orf22	-0.35676	1.7885	1.8234
PQLC2L	0.14665	0.82471	1.1371
ZCWPW2	0.61511	1.9935	2.0743
CTSW	-1.0641	4.0027	2.5852
CMC1	0.61025	0.80643	3.66
NEK10	-0.65503	-0.12355	4.7194
C3orf79	-1.6403	-0.84569	-0.57651
CCDC50	0.20323	-0.40365	0.37011
PYDC2	-0.3534	-0.1677	1.3536
SPICE1	1.0854	-0.32478	2.093
CMTM8	-0.48167	-0.20783	-0.59066
CTSZ	-0.69215	0.18647	1.44
CCDC13	-2.5487	1.3944	1.6786
FGD5	0.22263	1.8636	0.23974
CUX1	-0.46662	1.3105	4.5456
CNTN4	-0.32907	-0.52299	1.2389
CX3CR1	-0.045569	0.0048774	0.30562
IGSF11	0.92954	-0.64179	4.6222
C3orf30	1.0208	-0.30166	2.8765
ZNF827	0.07919	0.18192	-0.43416
CXADR	1.061	-0.55782	0.2458
SH3D19	1.055	2.4565	1.225
NFXL1	-0.26631	-0.33832	1.6297
NIPAL1	-1.1687	-0.82434	1.3603
PAQR3	-0.60138	0.69675	1.7412
SHISA3	-1.433	0.11697	-1.8983
SCFD2	-0.10466	3.2788	1.3258
MGAT4D	3.1512	1.1084	0.8114
ZNF595	-1.1872	1.8131	-0.87261
FAM218A	-0.69343	-0.049086	-0.39253
JAKMIP1	-1.1633	0.58741	1.6335
CYB5A	-0.55853	-0.15369	1.165
THAP6	0.74982	1.0443	2.6562
C4orf26	0.98979	2.0178	2.5119
KLB	0.676	-0.42389	1.0191
FAM53A	-0.99252	-0.14213	0.20683
PPM1K	0.2643	0.028867	0.39305
C4orf45	-0.32995	-0.23118	4.7153
TRMT44	0.40424	0.29704	1.9763
ADRB1	1.1308	2.1225	0.3794
RASGEF1B	-0.22734	0.53175	6.1094
DAB2IP	1.4153	0.52243	2.9274
SLC38A9	-0.53727	0.27934	-0.39447
SLC36A2	-2.4954	-0.71909	-1.8407
SPINK13	-1.5366	0.010176	-0.96622
CREBRF	0.85529	2.3853	1.1484
CEP120	0.61231	3.8586	3.2076
SLC25A48	0.97158	-0.28468	0.27841
TMEM167A	-1.2687	-0.44423	1.8252
MBLAC2	-1.56	0.083925	0.030895
TMEM161B	3.1443	-0.168	3.0245
CYB561	0.087368	0.83209	1.5217
SRFBP1	3.15	-0.25056	2.1571
PLEKHG4B	2.2924	-1.0986	2.4491
CYBA	1.4039	0.35438	2.4842
ZMAT2	-0.68693	-0.26613	3.146
MARVELD2	0.74868	-0.63912	0.75261
C5orf38	0.18324	2.3243	1.8213
IRX2	0.29516	2.3088	1.9793
BTNL9	-0.23364	0.74322	0.6237
ARSK	-0.50494	-0.70034	-0.20401
FAM81B	1.4171	-0.18341	1.4112
TTC23L	-1.6965	0.14631	-0.6061
CYC1	-1.1378	0.64319	1.2982
CCDC112	-1.6378	-0.30602	0.30113
FAM71B	1.0561	-0.67088	0.20302
PRELID2	0.55691	0.21115	1.4585
SH3RF2	-0.46083	-0.97467	-0.17259
PLAC8L1	-1.5039	-0.14817	1.3051
RNF145	-0.65587	2.4342	3.0599
CYLC2	-0.37574	-0.65534	-1.4281
ZC2HC1B	-0.91255	0.52149	1.0402
ADRB2	-1.9531	-1.389	0.66802
CYLD	-0.4509	-0.024988	0.68658
SNRNP48	-1.6993	-1.0013	2.2361
CNKSR3	-0.5219	2.0068	0.43306
RAET1L	-1.3644	0.10889	0.70554
SAMD3	-0.68327	-0.073909	2.7891
SLC2A12	-0.4724	4.0492	1.635
MBOAT1	0.69645	0.37921	-0.62686
HDGFL1	-1.8247	2.2432	5.2233
PNLDC1	0.30351	0.0395	-0.64907
RNF217	-1.5003	1.0105	0.72512
NKAIN2	-1.9826	-0.11584	2.4574
KHDC3L	-0.29165	-0.02593	1.4134
CYP1A1	2.9181	-0.57646	-0.94644
C6orf165	-1.6268	-0.27733	0.79509
CYP1A2	3.9689	-0.5296	-1.1168
CCDC167	-1.5544	0.68414	-1.1798
CYP1B1	-0.28585	2.4722	-1.5691
RUNDC3B	0.55827	0.39846	0.37705
ABCA13	0.44597	-0.063349	-0.12511
C7orf60	0.97096	0.049121	1.9395
CLEC2L	-1.1258	-1.3941	0.51349
C7orf55	-0.040256	0.37512	3.4702
CYP2A6	1.4375	1.2352	0.36978
VKORC1L1	0.98855	0.77896	1.0123
AMOTL1	0.22165	0.45586	0.78111
IQUB	0.13554	0.063422	-0.59875
C7orf77	0.44199	0.18681	2.3523
KCTD7	0.78664	-0.40676	1.195
CYP2A7	1.2006	0.5212	-0.85917
C7orf66	-0.091115	-1.1008	0.75631
ADRB3	0.061989	0.096514	1.8364
TMEM213	0.80122	0.6145	-1.2579
GIMAP8	0.40544	-0.98987	-0.22674
CRYGN	0.47462	0.37566	6.0247
ZNF425	1.8583	-0.82927	0.20243
ZNF746	-0.036511	0.32931	1.0582
ATP6V0E2	0.073875	-1.7735	2.193
CYP3A7	-0.10092	-0.041936	0.70128
SLC2A7	0.67988	-1.0906	1.8826
AMZ1	-0.32502	0.37822	1.9383
CYP2A13	0.98489	0.65104	0.24611
WBSCR27	-0.15715	0.50954	1.3561
VPS37D	0.46666	0.25313	2.8413
RBM33	0.46312	0.8372	0.25999
AGR3	-1.3265	-1.3869	0.29744
CYP2B6	1.9255	-0.68314	-0.93784
CYP2C19	-0.32879	0.82093	0.12433
CYP2C8	0.71965	-0.73421	0.093527
CYP2C9	0.0092015	0.062351	0.037252
ADRBK1	1.9166	-1.3014	-0.19779
CYP2C18	-0.28001	0.64923	0.33132
CYP2D6	0.75896	0.89733	2.0669
ADRBK2	0.32316	0.23401	-1.0896
CYP2E1	-0.36842	1.6572	1.9799
CYP2F1	1.839	-0.2638	-0.41684
SGK223	0.96001	1.2721	3.8728
CYP2J2	-0.98707	0.31195	0.56544
PEBP4	-0.17966	-0.16092	1.4998
CDCA2	-0.81782	-0.18031	0.52127
TMEM65	-0.38748	0.80803	-0.33758
RDH10	1.5984	1.5227	4.9472
ANKRD46	-0.50119	-0.12345	0.10293
ESCO2	-0.62978	-1.3795	1.6607
FBXO16	-1.434	-0.79056	1.1249
CYP3A4	-0.10877	-0.48489	0.054379
FAM84B	-0.11036	0.11063	-1.4838
C8orf37	0.5245	-0.43633	-1.0557
VPS13B	0.079774	-0.36367	2.4936
TDRP	-0.84267	0.45588	1.2266
ERICH1	-0.97565	1.6068	0.59765
CYP3A5	0.56167	-0.16543	1.1786
SLC7A13	-0.16174	0.36804	3.4913
TMEM74	-1.0851	0.82283	0.80498
FAM91A1	-1.5704	-0.93799	-0.21994
C8orf48	-0.49892	0.27047	4.3588
MCMDC2	-1.1925	1.3134	1.1664
CLVS1	1.4639	-0.7024	0.20922
NKX6-3	-0.00070058	0.29924	-0.033848
KCNU1	-0.73851	-0.71931	2.203
SBSPON	-2.0046	0.8477	-0.47839
CYP4A11	-0.17779	1.0994	0.34183
CAMSAP1	-0.38329	-1.6379	1.8432
C9orf62	-1.5457	-1.2645	0.50455
C9orf66	0.22716	0.2481	2.5675
ADSL	-0.9399	1.0159	2.7381
CYP4B1	0.4124	0.75811	0.39972
LINGO2	-1.1655	0.9216	0.33211
NXNL2	0.75554	0.1435	0.58792
C9orf163	0.15629	0.094005	2.4965
MAMDC4	1.7477	-0.076663	-1.2076
LCN6	0.26185	-1.6655	1.2266
AK8	1.3627	1.0643	1.6028
CYP7A1	0.099755	-0.77549	1.7821
OR1Q1	-2.0041	0.26213	1.5961
TTLL11	0.71176	0.055821	1.106
RASEF	-0.89025	-0.80263	-1.3573
CYP8B1	-2.1791	0.83682	1.4597
TTC39B	0.36694	0.4831	1.0385
TRMT10B	0.10793	1.4863	2.0648
TTC16	-0.32573	-0.14947	1.9305
FAM120AOS	0.71185	0.39754	1.2948
SAXO1	-0.54579	-1.043	0.1628
CYP11A1	-0.32526	0.40121	0.32778
FREM1	-1.2989	1.2413	-1.3194
KIAA2026	0.43685	1.3246	0.35399
ZNF483	1.4755	0.99769	1.0564
CYP11B1	-0.094193	-1.5535	1.2917
C9orf84	0.02219	0.84853	-0.56379
KIAA1958	2.3102	-0.61739	2.4067
TSTD2	-1.1406	0.19195	-1.121
ZNF782	-1.2102	-0.77182	-0.098163
LOC158434	0.35596	-1.3243	1.6386
PRUNE2	0.3368	0.8219	0.68681
CYP11B2	-0.0017785	-0.64043	0.76902
CYP17A1	2.2499	0.25713	2.182
CYP19A1	1.0545	0.61201	1.0188
CYP21A2	6.1094	2.0279	3.0757
ADSS	0.9854	0.33147	1.4912
CYP24A1	-0.14252	1.7232	-1.4857
USP54	0.12363	-0.28293	-0.10498
CYP26A1	1.5321	0.87161	1.4862
NKX2-3	0.75815	-0.15931	-0.046404
CYP27A1	-0.73003	0.44776	4.3185
SLC35G1	-0.8116	2.6105	-1.3831
CYP27B1	-1.109	-0.35831	1.897
CYP51A1	1.1663	1.2023	1.336
CFAP58	0.34328	0.1661	0.8108
SLC5A12	-0.078664	-0.17979	0.063502
CCDC67	-0.51804	1.0099	0.56945
AARS	-0.54143	0.42474	2.9091
AP2A1	0.53592	0.46192	0.10315
DAB1	0.78064	0.47558	0.77781
PATE1	-1.2215	0.02957	2.2018
DAB2	0.93855	2.2972	1.8351
C11orf65	0.46401	-0.70453	6.9672
DACH1	0.42867	0.52512	3.3865
LDHAL6A	1.0384	-0.33205	0.84717
C11orf42	0.24337	0.58358	1.4742
DAD1	-2.095	0.13433	1.1138
TMTC2	-1.3541	-0.90035	-0.19224
CLEC12A	0.017884	2.1556	0.32136
CD55	3.6469	-0.53117	6.1094
TMTC3	0.77536	-0.71507	1.2843
C12orf50	-1.1082	-1.0556	0.94894
ALDH1L2	-1.496	1.6263	2.1936
LMNTD1	0.22489	1.713	0.59383
DAG1	1.8674	0.28792	5.2056
DENND5B	-0.14611	0.99577	5.6019
DGKA	1.3344	0.19016	6.6366
GRASP	1.1098	0.70877	1.3705
DGKB	0.31077	-0.4343	3.0067
SLC5A8	-0.95944	0.10032	-0.26593
PPTC7	0.54285	-0.010754	0.85462
CCDC63	-0.3424	1.2385	-0.16274
CCDC60	-0.29036	0.34855	0.13588
DGKG	-1.8536	1.7881	0.77808
DGKH	0.96757	-0.84207	4.0713
CCDC122	-0.4648	-0.19938	3.9379
GPR180	-0.6085	-0.18883	0.56656
DGKQ	-0.94217	0.58801	0.38396
AP2A2	-1.3513	-0.02834	5.723
DAO	-1.3898	0.59964	0.58604
STOML3	0.31722	1.0144	1.2432
DAP	-0.16023	0.028337	1.0169
FAM71D	-1.0833	0.14545	2.1136
TMEM229B	3.4639	-0.21281	4.3488
SYNE3	0.58873	3.4682	1.9823
CLEC14A	1.9952	1.107	0.49531
DAPK1	-1.0408	-0.99862	0.28779
FITM1	1.1708	-1.1867	1.8017
REM2	1.4322	2.0414	-0.83917
TMEM30B	-1.1279	0.97166	1.1664
DAPK3	-0.81326	-1.4582	1.1723
MDGA2	0.33491	0.47154	1.2325
SAMD15	1.9751	0.59816	1.1068
NOP9	-1.3615	0.5627	0.81126
EML5	0.69106	-0.16548	2.8561
STRC	1.7078	2.1504	1.2419
DARS	1.4095	1.4118	-1.1694
C15orf26	0.47329	2.2365	1.3956
TBC1D21	-0.68647	2.6619	3.7772
DYX1C1	-2.7935	-0.06888	1.9316
DAXX	1.8114	-1.3572	5.4875
OTUD7A	-1.3593	0.88245	-0.50142
SPRED1	1.3077	1.1493	-0.15112
ODF3L1	0.24952	-0.19222	0.88934
PGBD4	0.19697	0.2015	0.66426
DAZL	0.30697	0.6534	1.3188
ADAL	1.8256	1.171	2.0635
EXD1	0.94619	1.0062	4.6491
FSIP1	-1.8005	1.2227	-0.35223
ZFPM1	0.80343	-0.17403	2.4732
ADAD2	-2.0882	2.5303	-1.5247
AP1B1	-3.1355	1.3468	3.182
BRINP1	-0.90193	0.94342	0.83762
ITPRIPL2	-1.4488	2.057	0.66885
C16orf82	0.39676	0.087336	-1.4152
DBH	2.3693	1.0288	1.619
DBI	0.52823	2.3835	0.97417
ZFP1	2.0893	1.5105	1.5092
ANKFN1	-1.439	0.095764	1.5848
MARCH10	-1.9435	-0.23256	3.2624
MFSD6L	0.69241	1.0583	0.14093
SLFN5	0.13191	-0.70469	-0.81035
NAGS	0.10046	1.9129	1.6808
FAM134C	0.44341	1.9987	1.4058
TMEM92	-1.7475	-0.33116	0.2367
PHOSPHO1	1.1966	2.0615	6.1094
RHBDL3	-1.5622	1.4607	2.1775
TRPV3	0.4147	-0.060659	-0.84518
SLC16A11	-0.012686	-0.76737	0.85033
FBXO39	-0.19767	-0.6773	0.64284
SPPL2C	0.22841	3.4759	5.9246
KRT28	1.5784	0.018455	0.23892
ZNF519	-0.72914	-0.88227	0.82579
C18orf54	-0.83328	0.071797	0.92154
TCEB3C	0.15032	0.80249	1.0408
DBN1	-0.98321	-1.2442	4.4997
DBP	3.4076	-0.947	0.52508
DBT	-0.76033	1.2094	2.0651
ZNF836	1.3257	0.24056	0.32762
ZNF610	-0.53153	-1.3309	1.411
ZNF600	-0.056712	1.016	0.030048
ZNF320	-0.89337	-0.31209	0.94705
ZNF497	-0.58201	0.79915	1.717
ZNF550	-1.5882	0.22995	0.77572
ZNF296	1.4902	-0.51319	1.6393
DEDD2	-0.43627	0.54539	1.8925
ZNF846	-1.136	0.11297	-0.23684
OR7D2	0.36065	-0.83668	-1.0628
AP2B1	-0.38269	0.14939	-0.2781
DCC	-2.662	0.54453	0.036558
ZNF579	-0.10111	0.23702	1.3662
ZNF791	-0.2857	1.007	1.0911
ZNF564	0.2628	0.57497	0.80952
ZNF709	0.78726	0.34201	-1.151
ZNF433	-0.80092	-0.76664	1.8005
ZNF114	-1.0238	-0.76463	-0.51034
ZNF567	0.60826	-0.32108	0.42969
ZNF383	1.3169	0.18031	2.0349
ZNF781	-0.50113	-0.04913	2.3326
EID2	-0.91386	3.372	1.3794
ZNF780B	1.1535	1.074	1.7306
PRR22	2.2121	0.38897	0.43619
LGI4	-0.9803	-0.32714	-0.72889
SYNE4	0.016739	0.23473	0.20863
ECI1	2.5103	0.63325	0.45642
ZNF676	0.69064	0.91979	0.5369
ZNF100	-0.95309	-0.10601	-0.23973
ZNF540	-0.10005	0.47718	1.6084
DENND2C	1.2238	-1.5143	0.75744
DCK	-1.0683	0.47002	0.27021
GBP6	0.88899	0.12728	-0.91086
DCN	-0.79725	1.2857	6.4005
LPPR5	0.92962	-0.47991	-0.52455
FNDC7	0.36467	-0.21024	0.62795
DENND1B	6.0422	-1.4128	1.3318
DCTD	0.94622	-0.19024	-1.5296
TDRD5	-0.28849	-1.0553	-0.44854
TOR1AIP2	1.7866	2.53	4.8115
ACE	-0.85449	-0.40391	2.7918
CALML6	-1.9711	-0.98175	0.70372
IFNLR1	1.1777	0.017614	0.08073
CITED4	-0.77378	-0.18214	1.8097
C1orf177	0.068559	-0.79206	1.5358
SPRR4	-1.3503	0.26331	-0.09562
KANK4	1.4002	-0.90496	2.2823
SASS6	-0.19155	1.3448	1.3161
DCT	-0.070862	0.61538	0.45029
SDE2	-1.3017	-0.28335	0.68209
CNST	-0.67109	-0.2845	-1.2091
DCTN1	-0.10396	0.0205	2.4029
FAM43B	-0.57301	-0.65912	-0.49556
AP1G1	0.46784	-0.66074	4.1313
HFM1	1.912	-1.1156	2.5768
PAQR7	-0.063668	1.7938	3.3782
TTC24	1.2309	1.159	0.42261
CCDC185	-0.95206	1.2313	1.3573
UBL4B	0.34206	1.6465	3.5813
DDB1	-0.41627	0.40198	0.93208
WFDC13	1.0285	-0.75964	0.16655
APCDD1L	-0.55341	0.53804	-1.0603
DDB2	0.61374	4.3089	3.3627
LRRN4	0.3784	0.89569	-0.20467
TTLL9	-0.8896	1.0927	1.7099
DDC	0.90669	-0.29833	0.2039
AKR1C1	1.3752	-0.14198	1.2986
CCDC116	-0.31269	1.0617	-0.79952
AKR1C2	0.81668	-0.33348	1.1658
CABP7	-1.3814	1.4357	4.3164
TMPRSS6	0.34461	0.012585	1.494
APOBEC3H	-0.38223	0.388	0.82559
WBP2NL	1.7663	0.50326	3.4324
GADD45A	2.8358	0.16859	0.25687
TTLL8	-0.23901	0.83811	-0.18806
DAW1	-0.49501	0.13348	0.49953
LONRF2	-1.3886	0.37654	0.77809
DDIT3	0.11657	1.075	0.56531
AEBP1	0.39264	0.98732	1.5919
DDOST	-0.097264	0.61138	-0.3618
CCDC138	-0.6091	0.35412	2.262
ADGRF3	-0.019153	0.54228	-0.024512
C2orf57	-0.40912	-0.35365	1.5661
OXER1	0.4264	1.1832	1.7238
FAM179A	0.99769	-0.34105	1.1828
DDT	-0.2047	-0.17126	-1.883
FAM171B	0.13199	1.215	0.33394
C1QL2	-1.5479	0.12879	0.36092
DDX1	-1.4191	-0.24649	-0.093996
UBXN2A	-0.16391	0.05004	2.2319
DDX5	0.74095	-0.9547	1.4448
CLEC4F	-0.57826	1.3131	1.5993
DQX1	-0.067856	-0.33683	2.3962
DDX6	0.043494	-0.53252	5.5385
PARP15	-0.50653	-0.36736	0.5178
SPTSSB	-0.30444	-0.082798	0.69133
DMXL1	0.37999	-0.44138	-0.51401
DNAJB8	-0.069057	-0.12376	0.71232
GPR156	0.76582	0.87387	-0.80606
DHX8	-1.7947	-0.098387	1.588
XIRP1	0.68767	0.14171	0.012922
RNF168	0.52324	2.0249	0.16767
AES	0.31873	-0.61672	1.3085
DHX9	1.2182	0.2995	0.47913
CHST13	-0.33959	1.9153	1.7997
DDX10	-0.50006	-0.18045	2.3741
DDX11	-2.0783	0.02555	-0.7067
PRICKLE2	-1.6082	-0.2837	0.91162
KBTBD12	-1.4602	-0.54504	0.53104
SPATA5	0.040638	0.99623	-1.1079
BBS12	-1.5152	-0.73913	0.77921
DHX15	-0.28505	0.13556	-0.80269
DECR1	-0.33769	-0.28937	1.8605
DCLK2	0.90942	0.35618	4.727
ADGRA3	0.98533	-0.74704	-1.796
TRIM60	-1.9402	-0.77802	-0.48657
DEFA1	-0.17314	0.15722	-0.085722
FREM3	0.96851	-0.5038	-0.8189
MMAA	-2.7479	0.91072	1.0066
ZBTB49	-0.086272	-0.05137	0.50981
DEFA3	-0.26751	-0.060236	0.81036
TIGD2	0.1291	1.5	5.8296
RASSF6	-0.20636	0.75147	0.48329
RBM46	0.40594	0.25452	-0.22951
DEFA4	-0.23739	0.28186	0.8635
SGMS2	0.13128	1.4178	0.45871
MIER3	0.48522	1.218	0.35624
CDC20B	0.87858	-2.2603	1.436
CRISP1	-0.45748	0.60665	0.66295
DEFA5	0.046327	-0.099481	0.59301
DEFA6	-0.18055	0.19037	1.1729
UGT3A2	0.7535	1.6678	2.3134
PAPD4	0.70518	-0.48359	0.19049
DEFB1	-0.20402	-0.32153	0.71891
DCP2	-0.076904	1.3333	1.6275
DEFB4A	0.022562	-0.18394	-0.79606
NIM1K	-0.87923	1.9207	3.8277
DES	-0.16626	0.066413	0.38105
LIX1	0.41567	-1.1648	0.83854
ZNF366	0.99712	2.3274	4.8551
CFD	2.6119	0.99079	0.43587
FAM151B	-0.30603	-0.76417	3.4476
DFFA	-0.71713	0.51327	3.7218
PRSS35	0.70624	1.7792	4.9813
LCA5	-0.33377	-2.1248	1.1563
DFFB	0.31862	1.2258	1.9656
OLIG3	0.59108	-0.77861	-0.7084
TXLNB	-2.3568	0.52783	-1.1679
DACT2	0.010941	0.91716	1.6123
C6orf118	1.0184	-0.25199	2.2379
ZNF92	-1.0046	-0.13583	0.15584
GALNTL5	-0.19761	1.8853	0.0086387
ZNF679	-0.5216	0.88875	0.88069
RNF133	-0.011902	0.36021	-0.82673
THAP5	-2.188	-2.0306	-0.22209
CCDC71L	-1.4654	-0.0086617	-0.079004
PKD1L1	1.0955	1.8927	2.17
GIMAP7	0.848	0.36209	0.18441
ZNF467	0.71823	0.8977	1.1428
BHLHA15	-0.37027	-0.65489	-0.17899
BMPER	-0.341	1.87	0.76373
DFNA5	-1.8566	1.3962	1.2901
ZNF800	-1.3769	0.62048	4.8983
CNBD1	0.35172	-0.27065	1.6678
COCH	0.0051496	0.51595	2.8411
SLC30A8	0.35656	1.0177	0.58901
COL22A1	1.8363	0.7386	0.45223
SNX31	-1.6722	0.88944	-0.59521
TMEM64	1.0179	1.1282	-1.3326
ZNF596	0.78334	-0.94063	1.9088
IDO2	0.56795	-1.3364	0.58325
STKLD1	0.65546	0.49134	1.0365
KCNV2	1.6461	0.29422	2.1574
OLFML2A	-0.50365	-1.3788	1.5792
TMEM252	0.55614	1.3657	-0.20408
QSOX2	-1.8866	0.91629	4.293
GLIS3	1.2873	0.91619	5.675
ZNF883	-0.51846	-1.0571	-2.3208
ZNF169	-0.086746	0.68423	1.2421
FAM170B	0.39528	0.071155	0.045436
C10orf128	0.48416	1.0285	0.0098016
FUT11	-0.13185	1.0256	2.9743
OIT3	-1.1703	-1.1563	2.8451
C10orf91	1.2805	-1.7592	0.83735
PWWP2B	0.87002	0.10136	3.9126
SSBP4	-0.63649	0.8717	1.9456
ACTL10	0.61659	0.8386	1.0067
DHX36	-1.2734	0.099856	-1.7665
HTR3C	0.3144	-0.58611	0.60845
GIMAP1	0.17917	-0.46066	-0.52199
GPHA2	-0.059508	0.60139	2.6779
S100Z	0.1947	-0.79045	-1.3328
COMMD6	1.5787	2.9959	0.50327
PSORS1C1	6.3179	1.7518	1.6557
PSORS1C2	6.0487	1.6475	1.7355
ADAMTS15	1.244	2.6941	2.8888
ADAMTS16	-0.93227	0.78156	-0.12315
ADAMTS17	-1.0065	1.9776	1.1142
ADAMTS18	-0.74552	1.9022	1.0855
COX7B2	1.1648	0.21726	2.6779
GSX2	-0.1018	2.7885	2.1497
KCNG3	0.2289	0.20046	2.1807
PPP1R18	1.4079	1.1976	2.349
ZNF431	0.31304	-1.7045	1.8434
ZNF721	-0.81282	0.57757	3.5107
ANKRD24	1.6312	-1.3624	0.46623
ZNF384	0.45434	-0.78767	0.19527
ADAMTS19	1.8147	3.0277	1.9743
ASXL1	-0.95351	-0.92284	1.977
SYNPO2	-0.40457	-0.40626	0.69837
SPACA4	1.1551	0.92203	0.87594
RHOV	1.307	-0.34325	0.32254
NLRP6	-2.198	0.53653	-0.15255
ZNF675	-0.2498	-0.85543	1.1758
CLYBL	-0.60466	0.96181	4.7096
SPTSSA	3.419	-0.95055	-0.47167
PTCRA	-0.27677	0.60953	1.4264
POLR3H	0.26808	-0.086976	4.5077
ABHD3	-0.030749	-0.2183	2.5637
DGUOK	0.59668	2.4713	1.7023
DHCR7	-0.87514	0.19663	1.4533
DHCR24	0.28423	-1.3021	1.2667
DHFR	-0.44655	0.039956	0.48573
DHODH	0.077291	0.42181	2.8074
DHPS	-0.70701	2.0542	1.468
CYB5R3	-0.66225	-0.4731	0.034818
NQO1	-0.73542	1.4355	0.88517
DIAPH1	1.7971	-0.81094	6.0179
AFM	-0.6534	0.20404	0.11439
SEPT1	-0.92493	1.4264	2.4109
DIO1	-0.51049	-0.0028184	-0.64933
DIO2	2.2275	1.442	2.547
DIO3	-0.021698	-0.85461	1.5861
DLAT	-1.6529	-0.60943	2.8234
DLD	-1.2559	-0.94665	-0.52527
DLG1	-1.7036	2.3301	1.4396
AFP	-0.24547	0.068826	-0.055572
DLG2	-0.35094	1.687	9.9363
DLG4	-0.35408	-0.16769	3.9841
DLST	1.1414	2.4796	6.8679
DLX1	-1.2364	0.70103	6.5758
DLX2	-1.2466	0.93731	2.985
DLX3	1.5708	0.97213	0.039071
DLX4	1.0374	0.85142	0.23669
DLX5	-0.14414	-0.3619	0.8226
AGA	1.0706	-0.39152	0.053906
DLX6	-0.43314	-0.26306	0.78376
DMBT1	9.5086	0.012367	1.2077
SARDH	2.6878	1.3503	1.4375
DMP1	-1.0142	0.81011	1.0521
DNM1	0.10672	1.0712	-0.39905
ACAN	-0.058435	0.0038298	1.1827
DMPK	2.5436	3.1767	1.9945
DMRT1	1.3082	1.0855	-0.83341
DMWD	2.7713	3.1756	2.1074
DNA2	-0.39355	0.59233	2.8863
DNAH5	-1.0043	0.13503	-0.37249
DNAH6	-0.1966	-0.024851	-0.099919
DNAH8	-1.6321	-0.98729	-0.28851
AGER	6.1094	3.8862	4.0186
DNAH9	-0.48989	-0.54034	3.4833
DNASE1	-0.61819	-0.40394	0.57051
DNASE1L2	2.6112	0.63714	0.70117
DNASE1L3	0.51813	0.81741	3.8161
DNASE2	1.0149	1.4665	1.572
DYNC1H1	2.1253	-0.062114	-0.63131
AGL	0.010604	1.6322	2.5595
DYNC1I1	-0.39028	1.9602	4.1004
DYNC1I2	-1.6047	0.3184	5.5221
DYNC1LI2	0.48362	2.8479	-0.13317
DNM2	-0.37473	-0.35845	1.444
DNMT1	-0.87434	0.013084	0.9173
TRDMT1	1.0436	-1.1668	0.34088
DNMT3A	1.161	1.0867	3.7307
DNMT3B	1.0837	0.25516	1.0233
DNTT	0.0044069	1.0965	0.56373
DOCK1	-0.71293	-0.074908	1.3505
DOCK2	0.59254	-0.090943	2.7794
DOCK3	1.618	-0.3072	1.2913
DOK1	0.42943	-0.85615	1.4342
DXO	6.1094	1.5649	1.9228
DPAGT1	0.37397	-0.4521	2.9898
ABAT	-1.8463	-0.12188	2.8383
DPEP1	-1.0563	-0.53786	0.24014
DPH1	3.2502	2.0106	0.37453
DPH2	-1.0154	1.4825	3.0778
DPP4	-0.68356	-0.57758	3.4208
DPT	-0.083031	-0.47199	0.56535
DPYD	0.32323	-0.42837	1.4975
DPYS	0.64111	0.2757	-0.019068
DPYSL2	0.58114	-0.30869	-0.18911
DPYSL3	0.51558	0.74483	2.3886
AGRP	-0.11062	-0.42308	3.7659
DR1	-1.9258	1.7919	0.3003
SLC26A3	0.66655	-0.86614	-0.026496
DRD1	0.19886	1.4213	2.054
DRD2	-0.74794	-1.1052	1.7716
DRD3	-1.4272	-0.16754	0.092576
DRD4	0.76506	-0.039271	2.3453
DRD5	-0.79915	0.13325	1.9795
DRG2	0.10333	0.27186	1.904
JAG1	-0.027413	0.40671	1.1685
ARID3A	3.2472	-1.0377	0.62766
DSC1	-2.4317	-1.7792	1.609
DSC2	-1.3123	-1.7421	-0.30469
DSC3	-0.6018	0.40927	0.14666
DSCAM	-1.3388	0.38521	2.8007
RCAN1	-2.1405	1.4143	2.6295
DSG1	0.056633	-0.37055	1.4584
DSG2	1.0854	0.9745	0.82605
AGT	0.72252	-0.99129	2.0545
DSG3	2.2522	0.015648	0.30281
DSP	-2.3706	-1.2571	0.81047
EPYC	-0.35817	0.51754	3.6229
DSPP	-1.1336	1.3468	0.61608
SLC26A2	-0.81006	4.2796	2.2747
DTNA	-1.6335	-0.19283	0.65241
DTNB	-0.58315	1.7694	3.1751
HBEGF	-0.059761	-0.025574	1.5289
DTX1	-0.81126	1.2789	-1.025
DTYMK	1.2435	1.2189	1.2377
ECM2	0.96088	1.4653	0.6279
DUSP1	1.6436	0.96005	1.0172
DUSP2	-0.49286	1.9402	2.3164
DUSP3	1.3245	0.07895	0.67468
DUSP4	0.026751	1.3268	-0.65994
DUSP5	2.3946	-1.3294	-0.15531
DUSP6	1.2832	3.43	1.1602
DUSP7	1.3803	-0.99865	2.2398
AGTR1	-1.1392	-1.0716	0.25218
DUSP8	1.6469	1.9047	0.86823
DUT	0.46657	0.15212	1.3909
DVL1	-0.10983	2.4798	2.5766
DVL2	0.45164	0.21964	4.2629
DVL3	-0.45944	-1.3824	1.3138
DYRK1A	0.65696	1.9461	1.5504
TOR1A	-0.75674	0.91262	-0.090102
E2F1	0.73101	0.91995	-0.18758
APLNR	-0.27502	2.8444	1.8026
E2F2	-1.6146	0.26502	0.4797
E2F3	0.32437	0.94544	1.488
E2F4	0.29492	-0.08041	3.3664
E2F5	0.27546	-0.25062	-0.24228
E2F6	0.74124	1.269	-1.3508
E4F1	2.7691	0.62556	0.79428
EBF1	1.5819	0.73148	5.0404
GPR183	-1.0003	-1.2946	1.4549
ECE1	-0.53161	-1.1976	1.5032
AGXT	-0.96972	0.38212	3.3664
TYMP	0.94081	0.41679	0.64647
ECH1	0.58596	-0.1651	1.7564
ECHS1	-0.51339	2.4752	0.10939
ECM1	-0.073094	1.6055	5.9157
ECT2	-0.30619	0.2186	0.65744
ABCA1	4.5782	6.5674	1.1591
S1PR1	-0.73934	1.5801	1.5491
LPAR1	0.52223	1.0541	1.0046
S1PR3	0.95658	1.8089	0.35873
EDN1	-0.16217	0.12957	0.74181
EDN2	1.0716	0.85104	0.64059
EDN3	-0.66857	0.44459	0.66507
EDNRA	-2.6685	0.44481	1.3267
AHCY	0.40378	0.45661	4.2652
EDNRB	-0.42847	0.81047	4.0885
PHC2	0.052592	2.0028	1.5131
EEF1A1	1.2261	1.7252	0.87482
PLAC4	-0.43523	-0.45367	1.7534
EEF1A2	-0.72913	-0.019693	1.0922
PGAM5	0.96563	0.398	2.3223
B3GNT6	1.2723	0.60639	-1.3642
HIGD2A	1.0972	-0.20198	-0.97142
KRT24	1.6487	0.67584	0.015454
CYS1	-1.8839	0.58385	2.244
AGO3	1.0195	2.9944	1.3028
AGO4	1.1809	3.1431	0.4099
SCAMP5	3.2143	-0.22932	1.0017
EEF1B2	2.1402	0.79584	0.083763
EEF1D	0.83147	1.6997	1.9792
EEF1G	-0.68685	1.5308	1.633
EEF2	-0.87503	-1.2557	2.8609
EIF2D	-1.1451	-1.4846	2.1317
EFNA1	2.6799	0.85788	4.149
EFNA2	-0.52091	1.1837	1.537
EFNA3	1.6284	2.0041	4.1623
EFNA4	1.3415	2.4002	4.5762
EFNA5	-1.3352	1.3807	1.0455
EFNB2	-1.0374	1.4533	0.43511
EFNB3	2.0581	0.32786	3.5049
EGF	0.43416	0.59695	2.7778
CELSR3	1.2533	1.1478	2.2788
CELSR2	-0.52655	-0.75414	1.5435
MEGF6	-0.63422	-0.73386	3.499
MEGF8	0.18033	2.5345	0.8951
MEGF9	0.72978	0.98565	1.0497
EGFR	2.4791	-0.062442	-0.021417
EGR1	0.80964	-0.53231	0.58725
SDR16C5	0.97579	0.58819	5.1164
AAED1	1.3964	0.071529	-1.8296
ZNF367	0.50127	0.92066	0.41342
EGR2	-1.1906	1.4799	2.7633
ANTXRL	-0.74316	0.17274	1.5661
AHR	-0.77799	0.33723	1.4619
EGR3	1.1911	-0.77333	4.838
PPAPDC1A	1.2632	1.3343	2.1477
METTL15	0.55906	1.8434	2.9533
EGR4	0.49874	-0.10723	0.49136
EHHADH	-1.9614	1.6576	-0.53528
MPZL3	-2.0281	-0.18898	1.5543
IMMP1L	1.4574	0.84707	2.4615
OR56B4	-1.3969	0.17497	-1.1775
KRT78	-0.59754	0.32278	-0.76802
RILPL2	2.1578	3.1261	2.6119
DNAH10	0.11708	-0.15981	3.3785
AMN1	-0.45136	-0.79466	0.53261
DTX3	-1.5313	0.2613	3.5965
METTL7B	1.1896	-0.13881	6.9147
C12orf77	0.62512	-0.62332	0.51488
ZFC3H1	-1.5854	-0.95046	-2.3781
MYRFL	1.2313	-1.0719	0.54885
PLBD2	0.32286	0.50459	0.32986
FAM71C	-1.7635	-0.92864	0.80578
CCER1	-0.19882	0.42064	3.7627
EEF2KMT	0.28541	-0.40671	-0.30614
EIF2S1	-0.6521	-0.032014	2.6096
PIANP	0.70171	-0.65473	1.0414
DCP1B	-0.027611	-1.5443	0.94485
ANO6	-0.2583	0.78691	-0.18531
ARID2	-1.0183	-1.002	6.1197
METTL21C	0.37874	1.8351	1.86
EIF2B1	-0.35733	-0.70733	2.4035
VSTM4	0.16512	0.014432	-0.5775
PAOX	-0.81572	2.4784	0.85088
FAM24B	3.0788	0.034427	4.134
ADCY4	-0.34507	0.51845	0.43843
EPHA2	-1.4909	0.70533	2.5405
FAM227B	-0.9817	-1.0227	0.89118
CT62	0.64526	1.0463	-0.55746
GRAMD2	-0.44505	-0.074989	0.12141
AHSG	-0.7317	0.37891	0.77999
LCTL	0.27424	0.26464	2.0914
UBR1	-0.49966	-0.54185	2.9204
PATL2	-1.7055	-1.3557	0.85565
LDHD	-0.034652	0.81203	0.84637
FUK	-1.2644	-0.57889	1.9333
MLKL	0.86935	1.6679	0.05288
EIF4A1	1.5928	2.1471	6.659
ZNF778	-1.2485	1.1018	-0.55819
ACSF3	-0.51438	1.1736	0.10089
WDR90	0.64249	-0.33219	3.6943
EME2	-0.60287	1.7839	0.11083
CASP16	-0.30834	-0.50094	-0.78619
NLRC3	-1.35	0.75202	0.16301
NSMCE1	0.28233	-0.38974	-1.9134
EIF4A2	0.1472	-0.53412	1.7429
ZNF48	-1.213	1.4129	2.1023
EIF4B	2.2362	0.2069	1.0187
EIF4E	-0.86214	-1.0644	-0.59554
EIF4EBP1	-1.0755	-0.77999	1.5584
EIF4EBP2	-0.67666	-0.24986	0.45565
EIF4G1	1.6843	1.4505	3.9474
EIF4G2	0.1631	-1.7905	1.895
EIF5	2.2295	0.9016	1.8528
EIF5A	-0.55272	-1.0458	2.8103
LKAAEAR1	-0.47024	1.1829	3.3032
AIF1	7.65	4.4068	4.1885
CELA1	0.70714	0.37209	1.6116
ELANE	2.0142	1.6644	0.97716
SERPINB1	-0.706	0.23584	0.65845
DZIP1L	-0.29722	1.3532	3.7378
TTC21A	-0.37721	0.036032	-0.8651
ELAVL2	0.63444	-1.5143	3.7342
ELAVL1	-0.052596	-1.6188	0.096776
ELAVL3	0.62972	-0.13786	0.062677
ELAVL4	-0.77524	0.62631	4.1435
MCEMP1	-0.48146	2.0968	-1.6387
ZNF627	-0.769	-1.5641	0.2275
DAND5	1.0498	1.8497	4.1909
ELF1	-0.098438	-0.29058	0.57827
ZNF585A	0.4023	-0.09588	1.9868
NLRP7	0.89845	-0.15065	-0.86073
GGN	1.4631	1.05	0.026508
CADM4	-0.40099	1.9938	0.18989
THAP8	-0.5411	0.63421	0.23253
U2AF1L4	-1.6139	0.0083742	5.3903
ZNF626	0.77422	-0.77434	1.6611
FAM129C	-0.32065	2.2183	1.0824
ELF2	-0.37515	-0.38256	0.82353
ADM5	1.0851	-3.039	1.2082
LCE4A	2.302	0.012371	-0.61203
ALG14	-1.6978	-0.14593	-0.53159
FAM76A	-0.70269	-0.22497	-0.5297
LOC199882	0.77222	-0.22275	2.2802
ELF3	0.63567	-0.37537	0.9175
C1orf168	-1.629	0.033591	0.066574
TMEM201	-0.90979	-0.32569	0.07819
TMEM61	-2.0958	-0.84615	-0.71526
CYP4Z1	-0.44333	0.38425	-1.1662
C1orf86	1.3927	0.71489	2.4038
CDCP2	-0.42802	1.6473	1.4165
SLC5A9	-0.23905	-0.73455	1.4898
CC2D1B	0.038487	-1.6957	3.5692
NUDT17	-0.0050372	0.13491	1.7582
TXLNA	0.43852	-0.40429	0.36811
ELF5	0.68327	-0.32103	-0.34853
TCTEX1D1	0.75667	1.2127	-1.7469
PLD5	0.20153	-1.1869	0.22921
C1orf100	0.037776	-0.094529	1.0237
SPAG17	-2.1202	-0.27507	0.14996
SLFNL1	-0.41453	1.2586	3.5857
KRTCAP2	3.3306	0.011955	4.0611
CRTC2	0.93697	0.16867	3.0826
IBA57	0.24806	-0.67087	0.029858
FAM209A	-2.0686	-0.036674	0.69176
RNF215	1.2703	1.0688	-0.50646
APOBEC3A	2.6986	0.88655	0.88809
APOBEC3F	0.78339	1.3745	0.7208
FOXD4L1	-1.2641	0.94828	-0.47025
CFAP221	-0.94386	0.27419	0.82607
ELK3	0.028572	-0.37135	-1.2745
VWA3B	-1.031	-0.079081	1.6282
CREG2	0.27666	0.40792	1.3004
TET3	1.5826	1.5446	1.7711
ELK4	0.86257	1.7405	2.6069
GKN2	0.71298	0.69256	-0.55926
TEX37	-0.37617	0.71519	1.9312
ANKRD23	2.0103	0.049745	-1.1515
APLF	0.95825	1.5702	-0.54736
PIKFYVE	-1.0656	-0.83509	1.6199
ELN	1.6356	1.6633	0.95923
KRTCAP3	0.36436	-1.1069	3.3293
LOC200726	0.16354	0.90578	0.12738
TMEM17	-1.2453	0.75387	0.4546
SPRED2	1.0399	1.4336	0.54909
TIGD1	2.2136	0.31086	7.094
ALG1L	0.55583	-1.3061	0.91411
C3orf67	-0.23998	0.59251	-0.4923
KCTD6	0.050374	2.717	4.7019
LIPH	-0.43767	0.8197	0.70295
ARL13B	-0.61016	0.34662	1.2497
DHFRL1	-0.48448	0.31434	2.0039
EML1	-0.19899	1.3666	1.8915
HTR3D	0.52895	-0.18103	0.22872
RPL22L1	-0.26309	0.060524	0.68896
SLC51A	-0.82671	1.0085	1.2971
FBXO45	-0.38767	1.332	-1.256
KLHDC8B	2.291	2.2125	1.0775
MUC20	-0.94126	-0.14502	0.96556
GABRR3	0.46851	0.35727	1.9165
MARK2	-0.21636	1.5038	1.115
CEP112	0.23358	3.5267	2.5056
DHRS7C	-0.21974	-0.54018	-0.79935
TVP23C	-0.60123	0.60894	-0.33965
CENPV	0.8824	1.3357	1.4507
FLCN	0.28355	-0.4777	1.243
PLD6	0.59988	-0.84739	1.5748
ARHGAP27	-0.053613	3.2193	6.6569
ZNF385C	-0.83987	2.9823	2.7582
SAMD14	-0.53582	0.97438	0.064498
EMP1	-1.017	-0.49287	0.63409
LYRM9	-1.2273	-0.97086	1.1455
SLC16A13	0.17285	-0.73017	0.77672
C17orf74	-0.047928	-1.8616	6.275
STRA13	1.5406	0.94771	3.8744
LRRC45	1.4577	0.99979	4.1273
SLC39A11	0.66928	-0.041747	1.7994
TRIM65	0.72697	-1.5585	0.47623
UNC13D	-0.67085	0.39364	0.76573
RDM1	-0.52841	-1.2155	-0.3915
EMP2	-2.3021	0.25558	1.604
SPNS3	-0.66348	1.8082	0.8566
EMP3	-1.3624	-0.48054	-1.3487
FBXO15	-1.6662	-0.23854	0.07456
RAB12	-1.279	-0.59156	1.3755
ADGRE1	1.1607	0.12858	0.98777
ZBTB7C	1.4894	1.1616	6.6742
ZNF584	0.93621	0.91625	3.7362
ZSCAN4	-1.4911	-0.66287	0.071914
HACD2	0.77435	-0.49745	2.5122
STT3B	0.68979	0.13276	1.8435
EMX1	2.1726	1.2654	-0.43269
DNAH12	0.6289	1.7818	1.8908
PDE12	1.3833	0.63834	1.5367
DENND6A	1.5084	0.19799	1.5553
TIGIT	-0.90356	1.7047	-0.22928
CTTN	0.28325	-0.41925	2.141
C4orf46	0.031658	0.60359	1.4667
SLC10A4	-0.139	2.0732	1.2542
TIGD4	0.68686	1.492	-0.20365
TMEM154	0.69965	0.32251	-0.14544
EMX2	0.18022	0.98161	3.1109
EN1	-0.47898	-0.091464	-0.010131
TMEM192	-1.3301	-0.1248	-0.3261
RWDD4	0.2018	-0.27915	0.75897
PRIMPOL	-0.80931	1.4492	-0.22005
AIM1	-0.47926	-0.18647	2.2707
EN2	-2.8216	0.16928	0.32516
TAPT1	-0.36733	-0.01383	0.50531
SPATA24	0.74307	1.9926	3.4099
DNAJC18	0.86225	2.0241	3.309
ENDOG	0.099597	2.4628	0.98591
FAM153B	-0.075159	-0.35159	0.89082
RANBP3L	0.28024	0.034093	0.16274
ENG	0.16233	-1.0018	2.7
CCDC125	1.0905	-0.29214	0.76463
ENO1	0.5661	0.73253	0.73392
GAPT	-0.4555	-0.10637	2.1976
CMYA5	-0.51822	-0.95282	0.74803
STK32A	1.4188	-0.4562	1.8514
TCTE1	2.1074	0.41609	1.0595
KHDRBS2	0.33457	-0.83407	0.25536
TRIM39-RPP21	1.2408	2.4541	2.5948
ENO3	-0.85157	0.01848	2.5203
ENPEP	1.896	-1.1337	0.54024
C7orf33	-0.26498	0.52227	-0.37446
ENSA	0.35195	0.36699	4.8218
TMEM184A	0.61548	1.4478	0.61863
AK1	0.55395	0.93365	1.2961
SLC29A1	0.56343	0.61657	0.41504
ADCK5	2.095	-0.88742	0.91813
TSNARE1	-0.66307	-1.1809	3.2201
TUBB	1.9621	1.2915	2.3791
R3HCC1	1.1122	0.51935	2.5223
PRSS55	1.2852	2.4368	3.484
C8orf74	0.77154	0.18337	6.5533
HTRA4	0.008598	0.99735	1.8924
ADAM32	-1.2734	-0.55094	1.0851
ERICH5	-0.24468	-0.15747	-0.71371
LGI3	1.9071	2.2804	1.8625
C9orf91	1.3924	1.1332	1.7778
C9orf72	2.1089	0.79654	0.044024
CCDC171	1.6673	0.42537	1.3851
NAIF1	-0.34025	-0.48692	-0.38233
FAM219A	-0.74748	1.1773	1.1891
CCDC107	1.2103	0.98618	-0.2927
ANKS6	0.43879	-0.98888	3.4728
EP300	0.50347	0.34352	6.8428
SUSD3	-0.49887	-0.067507	1.0308
EPAS1	1.0433	-0.31382	1.2275
EPB41	1.2929	-0.049038	3.4332
EPB41L1	-1.5657	-1.094	3.3922
EPB41L2	2.1884	1.9065	-0.012638
EPB42	-0.25223	-0.21975	1.807
ANO5	-0.3039	0.66856	0.19023
DMTN	2.2481	1.1855	1.8788
AK2	-1.348	0.77016	0.56223
STOM	1.6265	1.5766	-0.23628
EPHA1	-0.96214	-0.1089	2.5433
EPHA3	1.5798	0.041938	0.53447
CERS3	1.3436	0.77536	2.0038
EPHA4	0.004631	0.45201	1.2762
EPHA5	0.95762	1.3214	3.4526
PDILT	0.46137	0.58222	0.18365
EPHA7	-0.91883	0.3059	2.065
EPHA8	0.17414	-0.60865	-0.95376
EPHB1	1.3951	-1.1059	-0.33519
EPHB2	-0.56584	1.3716	2.6615
NLRP11	0.19435	0.62219	1.1546
HIPK1	0.68608	0.93421	0.19601
EPHB3	-0.74348	0.081181	1.8725
SLC44A5	0.083227	1.018	0.80369
AK4	-1.1413	-0.88689	1.2958
EPHB4	0.94934	1.8015	4.2957
EPHB6	0.13711	0.81098	0.13093
AMER3	-1.2125	-0.81767	0.66301
EPHX1	-0.24886	0.46139	-1.2037
EPHX2	0.29472	0.13057	0.87601
C2orf69	0.96171	1.0629	0.80065
STX2	-1.0071	-2.0169	-0.89438
C3orf58	1.1905	-0.80756	4.7115
CLN8	0.57581	1.7534	-2.1632
SENP5	0.54746	0.29343	0.64111
EPO	2.7041	1.6257	4.4238
EPOR	-0.81202	0.24214	-0.25923
KIAA2018	0.088728	-0.73708	-0.75326
EPRS	-0.83586	0.25826	4.2674
TRIML2	-0.7203	-0.58751	0.34885
EPS8	1.2289	0.57415	0.85693
EPS15	-1.0504	0.42306	0.65855
NR2F6	0.84007	0.12879	3.5488
LVRN	0.70936	3.2545	-2.5634
SLC36A1	-2.6376	-0.63657	0.94195
ERBB2	1.6947	0.75762	6.1554
C6orf163	-2.3975	0.33064	0.4241
ERBB3	-0.74695	1.0742	5.9319
ERBB4	-0.41872	1.1265	3.3802
ERCC1	1.4519	-0.24343	0.064866
ERCC2	2.0124	-1.1664	0.17633
EREG	0.95426	-0.87665	-0.32036
AKT1	-0.46425	0.60919	2.1001
EYA4	1.2381	-1.2072	-0.29066
ERCC3	-0.51136	-0.66637	0.51727
ERCC4	-0.4594	0.40429	-0.8392
ERCC5	0.71073	-0.33378	1.4307
ERCC6	0.24441	0.28333	1.8343
ERF	-0.52862	1.2512	1.4361
ERG	-0.8057	3.3348	5.5021
ERH	-1.5738	-1.4664	0.86314
AKT2	0.66685	-2.4707	1.0881
ERN1	-0.20166	-1.8125	0.5857
ERV3-1	-0.62403	-1.6029	0.62826
FBL	1.4444	-0.21189	-0.25826
ESD	-0.7798	-0.72818	0.12021
ESR1	-1.4352	-0.90456	2.904
ABCA3	1.3883	0.90497	0.43971
ALAD	1.2217	-0.50455	2.7105
ESR2	0.58508	-1.7489	1.8814
ESRRA	-0.53652	1.5005	0.42013
ESRRB	-1.3642	0.42518	2.6629
ESRRG	-0.19591	0.2269	6.9903
ETF1	-0.3045	-0.44525	0.58743
ETFA	0.24672	1.6787	0.77262
ETFB	-1.1785	-0.68031	0.6935
ALAS1	0.86909	1.4965	1.2155
ETFDH	-0.37271	0.72841	2.2011
ETS1	0.98564	4.6659	3.5303
ETS2	-0.75562	0.32593	1.3773
ETV1	-2.2109	1.0855	3.1474
ETV2	-1.5926	-1.3401	4.1616
ETV3	-0.10136	0.24039	0.82717
ETV4	-1.5476	0.00077876	1.1351
ETV5	-0.32437	-1.1261	1.9004
ETV6	1.7234	0.60812	3.4299
EVC	1.2718	-1.152	2.823
MECOM	-1.1487	3.9366	1.7477
EVI2A	0.76495	2.1139	2.5204
EVI2B	0.92797	2.1263	2.5673
EVPL	-0.20103	0.0022282	0.38412
EVX1	-0.56187	0.68285	-2.2039
ALB	0.48178	0.98865	0.40464
EWSR1	-1.3897	2.1034	3.1364
EXT1	-0.63553	1.6115	-0.7332
EXT2	0.087301	0.3366	2.4624
EXTL1	0.1774	-0.32291	2.3518
EXTL2	1.9488	0.46368	0.98742
EXTL3	0.7649	0.81344	2.6196
EYA1	0.43884	0.64528	1.4123
EYA2	0.72859	2.9458	1.0256
ALCAM	0.61399	1.6033	1.7592
EYA3	0.14947	-1.2811	-0.90786
EZH1	-1.2378	1.4112	0.95333
EZH2	2.9499	1.5196	2.6314
F2	2.2543	3.8674	0.098923
F2R	0.12841	-3.0587	-0.40725
F2RL1	-0.1381	-1.1691	-0.15558
F2RL2	0.068714	0.9426	0.58899
F3	0.93605	0.012654	-0.056237
F5	2.0898	-1.2273	-0.39476
F7	0.7801	0.28285	2.5714
F10	0.25195	0.38266	1.6809
ALDH1A1	-1.477	0.944	4.0647
F11	0.30378	-0.39394	0.73135
F12	0.42794	-2.4936	2.4115
F13A1	-0.49435	0.23352	-0.029342
F13B	6.2235	0.98091	1.4499
FAAH	-0.57207	2.5404	1.4139
FABP4	-1.1347	1.7591	1.5906
FABP1	-0.47095	1.6581	-0.37942
FABP2	1.45	0.30561	4.4064
ALDH2	3.0321	0.77081	0.10361
FABP3	2.3983	0.8892	-1.5994
FABP5	-0.85747	-0.79908	-0.31646
FABP6	-0.90845	1.0164	-0.1499
FABP7	-1.7213	-0.26505	-1.3857
FANCA	-0.12062	0.80202	0.76284
FANCC	1.9467	1.1545	-0.092378
FANCD2	0.22087	0.60134	-0.63449
FANCE	-0.097783	2.5286	2.6928
ALDH3A1	0.70354	0.89834	2.1084
ACSL1	0.15186	-0.4095	1.5138
ACSL3	1.7956	-0.45301	-0.6341
FAH	0.1797	1.1891	1.7243
PTK2B	0.81796	1.4858	0.9696
BPTF	0.24175	-0.86391	2.2759
FANCF	-1.4325	-0.97299	-1.9091
FANCG	1.0497	-0.02724	2.4704
ALDH1B1	0.7805	0.67532	0.2184
FAP	-0.31726	0.011944	-0.80642
FBLN1	-0.29889	-1.7803	1.7432
SAMD9L	0.22215	-1.2084	0.73189
AMER2	-2.3712	0.69965	-0.53179
ATAD3C	1.4786	1.564	0.6
FARSA	-1.1025	1.7103	2.6248
USP12	-1.448	-0.66582	3.5375
PLAC9	-0.17	2.9155	-1.9886
FASN	-1.1132	1.8451	6.5884
MTIF3	-1.4019	-0.47938	2.0585
GSX1	0.045447	-1.9331	0.61479
OR8U1	0.37699	-0.14414	2.7639
OR4C16	1.6441	-1.3035	2.3989
OR4C11	1.5431	-1.3478	2.5003
OR4S2	0.70114	-1.4601	1.9334
OR4C6	0.79899	-1.3484	2.3622
OR5D14	0.95447	-1.0574	1.3846
OR5L1	1.0908	-1.2513	1.7717
OR5D18	1.1523	-0.95576	1.8892
OR5AS1	1.4747	-0.098165	2.246
OR8K5	1.2907	0.28335	2.7113
OR5T2	1.2098	0.4609	3.0797
OR8H1	1.1682	0.090737	2.8318
OR8K3	1.0411	-0.30261	2.6482
OR8J1	0.63386	-0.29666	2.6693
OR5R1	0.31706	-0.43392	2.6406
OR5M3	0.64945	-1.1477	2.2469
OR5M8	0.44152	-0.99174	2.0915
OR5M11	0.14477	-0.25078	2.7343
OR5AR1	-0.3169	-0.25212	3.3641
FAT1	-1.3297	0.9077	0.14368
LRRC55	0.27926	2.7973	2.6604
SMTNL1	-0.62169	1.3646	3.4463
YPEL4	0.88491	1.9947	1.125
MED19	0.59267	1.8415	1.1723
C7orf62	-0.090152	-0.87683	2.0139
ZNF804B	-1.4363	-1.8589	0.97924
FOLH1B	0.11552	0.035046	1.7088
FAT2	-2.201	-0.37814	1.1999
C10orf107	-0.57419	-0.86828	2.539
TMEM26	-0.93468	-0.63822	2.6137
ZCCHC24	-0.13043	1.9904	-0.50229
ENKUR	1.7038	-0.77851	0.39754
ARMC3	1.8041	-1.0603	-1.2618
UNC5B	0.32926	1.5708	0.92299
FAU	-0.83826	0.90698	-0.15846
STOX1	0.097872	-0.55645	0.11404
C10orf35	0.18355	-0.76706	-1.214
TYSND1	0.70053	0.82802	-0.37488
ZNF25	0.63	-0.60437	-1.5039
GJD4	1.9296	2.4189	-0.31824
CCNY	1.8266	0.89928	-0.69026
RTKN2	0.77317	-1.1482	-0.50645
TBATA	-0.35705	-0.35109	1.6183
C11orf45	2.3452	-0.17956	4.5267
HYLS1	-2.1513	-0.90538	2.7715
TMEM218	-0.14071	2.4196	0.033652
SLC37A2	0.28173	1.4485	0.52028
OR8B12	-0.45293	-1.1896	-0.96878
OR8G5	0.8808	0.98226	-0.07442
OR10G8	1.1561	1.2806	0.48554
OR10G9	1.4544	1.6252	0.91881
OR10S1	1.6145	1.9892	2.6045
OR6T1	1.3412	1.8178	2.262
OR4D5	1.2527	1.6868	2.2254
TBCEL	2.0421	-0.77756	1.964
FBLN2	-0.63176	-1.9741	1.1719
TMEM136	0.46185	7.36	2.2969
MRPL21	1.2868	2.391	0.74072
TPCN2	-0.26221	-0.69895	1.3641
SPATA19	-0.41833	-0.76158	1.4536
OR6Q1	1.232	2.537	2.2547
OR9I1	0.43035	1.6885	1.8046
OR9Q1	1.3805	2.2336	2.0281
OR9Q2	1.8918	1.1314	0.28366
OR1S2	1.8388	1.1199	0.30686
OR1S1	1.4943	1.012	0.38124
OR10Q1	1.2811	1.0292	0.53301
OR5B17	0.31379	1.5132	1.4839
OR5B21	-0.81488	1.8073	0.97045
GLYATL2	-1.299	1.719	1.5262
MPEG1	-0.40417	1.5859	0.081891
OR5A2	-0.29622	1.4934	-0.52172
OR5A1	-0.40487	1.4549	-0.27994
OR4D6	0.062127	1.2633	-0.23729
OR4D11	1.5515	-0.15422	1.0076
PATL1	0.48447	0.1776	1.6782
OOSP2	-0.40772	-0.67438	2.6827
MS4A15	1.6393	-0.0056039	1.1196
ALDH1A3	1.7748	0.13903	0.34512
FBN1	-0.57136	1.3174	6.9453
VWCE	-1.0185	0.54345	1.7736
CYB561A3	0.11161	0.7126	0.49088
PPP1R32	-1.057	1.1096	-0.19862
GDPD4	-0.098195	0.79121	-1.0636
DDIAS	0.18564	-0.25098	-0.5583
CCDC83	-0.40501	2.1174	2.3226
ORAOV1	-0.41094	3.5034	-0.50707
LRTOMT	1.1486	-0.057008	0.8331
ERICH6B	-1.28	-0.91232	1.6668
SPERT	-0.79662	-0.66846	0.031102
FBN2	0.30745	0.74401	3.6015
DLEU7	-0.09109	-0.82572	2.1166
FAM124A	1.0218	0.50203	4.8873
SKA1	1.84	-0.78875	-0.44596
CFAP53	-0.09242	0.10286	1.0546
GTSCR1	-1.6016	0.55642	0.73508
DOK6	-0.79017	-0.99724	-0.038313
EFEMP1	-1.1695	2.9839	5.2303
ATOH7	0.59765	0.78881	2.4943
OTUD1	-1.1458	0.50197	-0.64151
HEPACAM	-0.13849	-0.6455	1.1947
FBP1	-0.36535	1.8868	0.65581
OAF	-0.7803	1.2707	1.1186
TIGD3	0.65454	1.2689	3.7184
FAM181B	-0.51511	0.034963	0.33478
CCDC89	0.46137	0.59018	5.5681
FCAR	0.5164	-0.10422	-0.090392
LRRC63	-1.1072	-0.19176	0.18827
RNF152	-1.0893	0.27537	3.8223
FCER1A	0.17823	2.1126	0.60913
MS4A2	-1.1763	-1.4021	2.7379
FCER1G	0.60783	-0.76016	0.39892
FCER2	-1.348	1.3354	-1.3932
FCGR1A	1.0708	1.3563	2.8848
ZNF438	-0.68699	0.59099	3.3531
SLC16A9	0.57594	-0.41972	1.5369
FAM13C	1.5373	-0.62102	0.21329
MARCH8	-0.62688	0.0043864	1.3025
C10orf25	0.34748	0.98741	0.93467
HNRNPA3	0.74144	-0.3624	3.4364
ZNF485	-3.2888	1.1259	1.2553
ALDH3B1	0.87791	0.22098	0.1356
RASGEF1A	-1.1229	0.96437	0.95677
REEP3	0.45933	2.2717	1.6438
JMJD1C	0.21929	1.644	1.6576
UCMA	0.99392	-1.2013	-0.421
C10orf111	-0.094489	-1.4296	-0.55009
FAM171A1	0.72059	0.31319	1.7088
SLC39A12	-1.1681	-0.66959	1.9886
NSUN6	0.67741	-1.5391	2.6494
ARL5B	0.28198	-1.7214	2.166
LRRN4CL	-0.60434	1.3352	1.7855
HNRNPUL2	0.038272	0.86328	0.82237
ALKBH3	0.040029	-0.61426	1.5719
N6AMT2	-0.36943	-1.4489	4.2852
SKA3	1.0261	-0.093188	-0.66045
MICU2	0.3934	0.25596	-0.47655
SPATA13	-1.0098	-0.60363	1.2164
CPNE2	0.13575	0.14988	-0.088895
ADGRG5	-1.7795	0.92791	-1.598
PRSS54	1.2692	1.7665	-0.45417
FCGR2A	0.52534	0.64678	-1.1191
CES5A	0.40007	-0.425	0.59603
AK9	1.5487	-0.99191	2.5619
NT5DC1	2.0904	0.098929	6.8572
FCGR2B	0.44976	-0.17252	-0.19872
FAM26D	0.18851	0.18959	3.4881
ZUFSP	0.839	0.080775	2.3002
FAM162B	-1.2063	1.821	1.3956
TBC1D32	0.8882	0.54361	-0.44382
BEND6	1.2031	1.5761	1.0985
GSTA5	0.54795	0.58728	0.98894
OPN5	0.7217	-0.50711	1.1233
ADGRF4	-1.3598	0.62822	0.7005
ADGRF5	0.0054299	0.13025	0.51984
FCGR3A	0.37152	0.72423	-0.61901
TDRD6	1.0512	1.6466	0.26766
SPATS1	-0.43133	-0.18702	0.062156
C6orf223	1.0527	1.2612	1.7179
RSPH9	0.27524	0.97945	-0.070202
LRRC73	0.016882	2.0574	-0.60364
OARD1	0.17877	-0.6636	0.41091
KIF6	0.9491	0.91311	1.1171
TMEM217	-0.11415	1.7257	0.063517
FGD2	2.3177	-0.50678	0.90971
PI16	0.42191	0.29636	1.6599
C6orf89	0.86674	0.22324	0.98107
ARMC12	0.13716	0.67254	1.8668
C6orf1	1.0561	1.7396	0.86069
LEMD2	2.8108	1.0877	0.78414
FCGR3B	0.66345	-0.098374	0.25419
ZBTB9	0.94923	-1.2032	3.6317
ZBTB12	6.1094	2.6433	3.9553
C6orf136	2.1211	0.92903	1.7046
HIST1H2AA	2.6221	1.4006	5.5283
KDM1B	0.52691	0.38059	0.70222
RBM24	-3.1185	-0.081064	0.55584
RNF182	-0.555	-0.77855	0.63524
PHACTR1	-0.58189	-0.031232	2.2289
FCGRT	0.15321	-1.5485	0.86575
SMIM13	0.10667	2.0052	-1.0519
SYCP2L	-1.7498	1.2357	-0.56932
PXDC1	0.9707	0.51306	1.7556
ZSCAN25	0.72304	-0.22452	0.88227
FAM200A	0.68799	-0.48434	-0.80072
FKTN	1.1393	-0.54798	1.312
VWDE	0.78817	0.39177	1.6388
PRPS1L1	-0.77134	-0.035776	0.68647
TWISTNB	-0.85021	3.9284	2.2484
SP8	-0.6424	-0.97143	1.1466
JAZF1	-0.19373	-0.79351	1.4432
FCN1	0.18177	-1.0148	0.7421
PPP1R35	5.6087	0.093467	3.3098
GPC2	2.7911	-0.11448	5.3481
BRAT1	0.42336	-1.2504	1.2787
SDK1	0.077284	-0.70711	0.74572
FOXK1	-0.19509	-0.70171	1.7555
MMD2	-0.42599	-0.047342	1.0361
DAGLB	2.7492	0.16046	1.6615
CCZ1B	0.9238	-0.34401	0.039907
THSD7A	-0.96351	4.7271	2.9238
ALDH3B2	-1.4148	-0.89641	1.1788
FCN2	-0.52451	0.4014	0.63964
VSTM2A	1.6966	1.1458	-0.49388
TMED4	0.53095	-0.4881	0.48136
MTURN	1.2027	-0.44013	0.96098
PRR15	0.001395	-0.91504	1.9802
SRRM3	1.1172	2.5769	3.0128
RSBN1L	0.869	2.4572	0.84022
FDFT1	0.96366	0.1332	3.6933
KIAA1324L	0.2546	-0.61485	0.66849
LRWD1	0.29839	0.96074	1.3628
FAM185A	-0.65573	-1.2034	0.81019
FBXL13	-1.1894	-1.2336	1.1797
NAPEPLD	-0.35837	-0.25976	0.70715
ATXN7L1	0.22948	-0.60037	1.5979
CDHR3	0.78117	0.13089	1.2966
BEND7	-0.88372	-0.69085	1.7301
FDPS	1.0158	2.1837	2.2334
LNX2	0.94558	-0.29468	1.8877
ADGRG3	0.68647	-0.17565	-0.46711
HS3ST5	0.78238	-0.90849	1.9874
GPRC6A	-0.89888	2.0948	0.58383
RFX6	0.66121	2.5972	0.44304
SLC35F1	-1.178	-0.66639	1.6331
FAM83B	-1.1353	0.61743	1.74
ADGRF2	-1.6391	0.22554	1.1368
TSPO2	-0.22618	-0.62786	0.091713
UNC5CL	-0.43394	-0.68646	-0.030231
KCTD20	0.50843	5.0439	2.2163
PXT1	0.66405	5.4458	2.0591
LHFPL5	0.93155	1.0884	0.54402
SCUBE3	1.3692	0.55271	4.0089
ZSCAN23	1.5143	-0.47264	6.1094
NKAPL	1.2569	-0.58353	6.1094
FAM217A	0.97547	-2.1731	1.6067
TMEM130	0.51042	-0.25799	0.23497
FERD3L	0.11974	1.6352	0.81195
NYAP1	6.1094	-0.3334	3.9071
SLC29A4	0.40317	0.16943	1.745
RSPH10B	-1.3655	-0.062446	2.0274
ALDH9A1	-0.40899	7.5771	3.5016
FDX1	-0.93224	1.5658	0.69012
CCDC129	0.91393	0.40043	1.1106
ZNRF2	-1.1288	0.73962	0.81197
SEMA3D	-1.8414	-0.5368	2.669
FDXR	0.080377	-1.2863	1.1405
FECH	-0.46246	0.0011772	-1.7375
FEN1	2.7593	-0.2542	4.3078
ALDH3A2	0.14263	0.63255	3.272
FER	0.44273	0.59934	0.11622
FES	0.93975	-1.4814	2.9358
FGA	1.634	1.1427	0.66837
FGB	1.2866	1.1744	0.6995
FGF1	1.6124	1.1964	1.2751
FGF2	0.32685	-0.41218	-0.76056
FGF3	-1.5171	-0.079016	-0.036665
FGF4	-1.3266	1.8321	-0.11895
ABCD2	-0.54478	0.0086812	0.29382
FGF5	2.1521	-0.61712	5.0928
FGF6	-1.0507	-1.5637	1.2866
FGF7	-0.35063	-1.0265	0.22783
FGF8	-1.4581	0.50729	3.1289
FGF9	0.89739	3.2564	-0.20748
FGF10	-0.058626	-0.202	1.5678
FGF11	0.27895	-1.2157	6.4785
MAPK15	-0.83132	0.20527	-1.7248
FGF12	-0.65211	-0.60774	0.11754
FGF14	-0.84767	0.064115	1.9867
ALDOA	0.15044	0.12333	-0.71607
FGFR1	-1.5376	0.88715	1.7751
FGFR3	-0.51294	1.0113	-0.23917
GPC5	-0.77145	0.9052	1.3075
FGFR2	-1.0447	1.5308	0.087194
FGFR4	1.1364	-0.30963	1.4718
FGG	2.0794	1.5414	1.1112
FGL1	1.5395	2.1688	1.5282
FGR	-1.0524	-1.0287	2.6209
FH	0.50962	-0.759	1.4826
FHIT	-0.58128	-0.28595	4.6122
FHL2	-0.31915	0.66131	-0.27764
FHL3	0.66595	2.0248	3.5588
CASC3	0.44348	0.29636	-0.33579
NID2	-0.37491	1.3032	1.7295
COG2	0.93693	-0.66999	2.0983
TFEC	-1.1467	3.5993	1.0761
LAMB4	-0.53736	0.27717	1.6269
FKBP1A	1.0589	0.27555	-0.087869
RRAS2	0.89919	0.58157	6.0449
ITGA11	-0.5999	3.4236	-0.34256
CLCA4	0.24528	1.3084	0.57528
XRN2	0.39456	-0.42087	1.6308
IKZF3	2.2879	-0.73096	4.2332
IKZF2	0.41654	0.40028	1.6946
MRAS	1.2514	0.27813	1.6591
ATF5	1.375	0.3653	0.63926
FKBP1B	-0.70415	1.0135	0.49149
COPZ1	2.8335	-0.8093	3.7065
COPG1	-1.2559	-1.0967	0.097099
RASA3	1.0002	0.51944	1.983
PHLDA1	-0.38588	0.68043	-0.68833
MTF2	-2.1636	0.67159	0.54093
HSPA4L	1.0835	3.3905	0.27087
DNAJC8	0.71332	-0.44882	0.88231
PUF60	-2.5143	0.67864	1.3878
SCAF8	-0.35897	1.3674	1.342
CEP162	-0.74398	0.7076	1.2524
ZNF652	1.5415	2.2001	6.1094
ZFP30	-0.46743	-0.35122	2.1795
RHOBTB3	0.50565	-0.08597	0.24838
COBLL1	-0.99445	0.59275	0.99047
RNF44	1.1649	-0.013639	0.85805
DLGAP4	-1.6007	-1.2813	1.6946
RAB11FIP2	1.878	1.552	1.779
PPM1E	-0.97845	0.085175	3.4198
FRMPD1	0.30355	1.5473	1.9487
DOLK	1.463	1.2624	-2.1533
VASH1	0.13094	-0.094703	-0.60133
ZNF507	-0.11776	1.1425	3.876
AAK1	2.3749	0.20223	-0.032732
CPEB3	-0.66246	1.0377	2.0852
ADNP2	0.68933	-0.73197	0.6058
ANKRD26	1.8226	-0.20447	0.14762
LMTK2	-1.2582	-0.59101	0.1453
NTNG1	-1.6173	-0.79995	2.5556
CHSY1	0.22345	0.6844	0.53705
ICK	-0.033329	1.6087	0.35858
ADGRL1	-0.59169	0.10936	3.0082
FKBP2	0.16279	2.5102	0.38757
NLRP1	2.3323	1.6449	0.46081
FNDC3A	-0.34085	-0.27147	1.888
ATG14	0.39575	-1.5244	0.6061
R3HDM2	0.54795	0.20795	3.4771
SLITRK3	-0.6766	-0.27797	-0.62219
FASTKD2	-0.30582	-0.24074	-1.2718
ZNF510	-0.20448	-0.95154	-2.3141
FKBP3	0.02013	2.1293	0.24958
PPP6R1	0.39395	0.22619	0.10131
NLGN1	-1.961	1.6294	2.4208
SEC31A	-0.38471	0.27036	-0.12058
DZIP1	-0.85934	0.68351	2.2822
PLEKHA6	0.61207	0.216	0.56423
ENPP4	-0.17265	0.35806	1.4247
INPP5F	0.85823	-0.69505	1.3638
TRAPPC8	-0.081304	2.1337	0.69836
MON1B	-1.0489	2.2586	-0.47651
FKBP4	0.13938	-0.33849	-0.34289
MORC2	0.73608	1.2032	-0.10679
ANKRD6	0.98626	-0.35514	0.99177
ZHX2	0.72331	1.9032	-0.73618
CLSTN1	-0.35393	0.79543	1.3543
WDR37	-0.12387	-0.9696	0.45894
ABLIM3	-1.4327	2.4576	-0.010089
FOXJ3	0.18295	0.76553	0.74444
UBOX5	-0.29039	0.047947	2.4241
KIAA0907	0.67512	2.4169	0.58486
FKBP5	1.2759	1.1959	3.1519
ZBTB1	0.37538	0.93763	3.56
ZNF365	-0.50293	0.10337	0.7671
BAHD1	1.8957	0.96918	3.4827
DIS3	-0.17608	3.5752	1.7488
RPH3A	1.2061	0.32257	-1.5281
CEP164	-0.13539	0.07641	2.4656
DENND3	-1.2184	-0.19541	4.2402
ARHGEF15	1.918	-0.48248	2.7238
ALDOB	-1.4054	0.36526	1.9907
FOXG1	0.32981	0.44586	1.0405
CARD8	-0.3739	-0.78849	-0.63441
ARSG	-1.2412	-0.62834	3.1501
RUFY3	0.47943	0.22913	0.81402
BTBD3	1.8676	0.017928	1.6733
SBNO2	3.0059	-1.079	-1.2412
EPN2	-1.9521	1.2767	-0.24001
TRAK1	0.77531	1.0344	4.2876
DHX30	-1.5307	0.32204	-0.33727
SACM1L	1.8428	0.23698	-0.013567
FAN1	1.8378	1.3118	1.9892
WDR47	-0.032136	-0.42886	0.67922
RALY	-1.4653	0.18377	7.5309
KLRK1	1.4499	-0.35218	1.3677
MMRN1	0.067962	0.24471	0.95643
NCBP2	0.57898	0.039395	0.80828
ZP1	0.30429	-0.34785	2.6596
CD93	-2.0779	-0.81225	0.16941
MAPRE1	1.5873	0.70538	0.48195
KIFAP3	-0.12664	-0.13199	0.092602
MSRB2	0.6103	0.19958	0.06807
MAPRE3	-0.044647	0.19625	2.3026
PLA2R1	-1.092	1.0287	1.539
ATF6	-0.81402	-0.28297	0.35552
HABP4	-0.16221	1.6458	0.57358
SEPHS2	-1.0058	-0.2981	2.1637
SEPHS1	-0.23092	0.45254	0.62153
RAB3GAP1	0.5055	1.7687	-0.58604
RAB18	-1.2558	-0.45815	1.1387
POMZP3	-0.69368	0.83962	1.1018
SIRT2	-1.1974	0.23758	2.4867
RPIA	-0.25581	-0.056009	1.7299
ELL2	1.1435	-0.31598	2.3539
SCAP	0.55511	0.52622	3.6609
SNW1	-1.2798	0.69463	0.62607
FOXF1	0.47478	1.4118	-0.25302
SHANK2	-0.1389	-0.42721	1.0963
DKK1	0.32828	-0.13179	-0.022946
KIN	-0.64004	-0.21676	-0.22813
CCT5	-0.13336	3.5547	-2.225
PTGR1	1.3868	0.81026	1.1906
FOXF2	-2.0577	2.099	0.79855
SLC4A1AP	0.21446	-1.2617	2.5743
P2RX2	0.3136	1.0696	1.6299
TRIM32	-0.1819	-0.37947	4.4541
SCMH1	-0.41358	1.0525	3.5435
FOXC1	-3.9162	2.9222	2.5304
FOXD1	0.74029	-0.78517	-0.12252
TPX2	-0.53537	2.2586	2.383
PAXIP1	-1.182	1.4853	2.3577
AKR7A3	-0.77712	1.6413	1.109
NT5C2	2.5431	0.51855	2.3735
EFR3B	-1.1331	0.94649	2.1458
TCF25	0.55191	0.98062	1.7238
NINL	-0.59367	0.70015	2.8519
DIP2C	0.76472	0.51255	-0.32962
MAST1	0.52189	1.8061	1.0238
PDCD11	-0.32744	2.3153	2.1318
ACIN1	1.167	-0.8251	2.4077
SORCS3	0.79833	-0.57847	2.4807
SV2C	0.13791	0.12891	0.70464
MYH15	-1.6746	1.966	1.3479
FOXI1	0.80888	-0.05964	-0.93856
PCNX	2.1311	1.1622	1.2321
KDM2A	1.6034	-1.2763	0.39761
HMGXB3	-0.09561	4.3693	2.7914
CEP131	-0.24369	-0.95428	0.34087
CEP152	-0.77309	-0.40685	0.93428
TTC39A	-0.47669	0.11265	0.17544
IGSF9B	-0.52601	-0.031031	1.5254
LIMCH1	1.2628	2.0922	0.55624
RIMS1	1.9494	1.2798	1.6167
ABCF1	2.6331	2.2236	0.43988
ALDOC	1.2679	0.3121	2.2802
FOXL1	0.95804	1.1074	2.8656
WDFY3	-0.6399	-2.1619	1.5535
DAAM1	1.6508	2.2413	2.826
MAPKBP1	-0.76586	1.1598	-0.32015
PLCH1	0.081841	0.15626	0.50398
KLHDC10	-0.26007	-0.26303	1.2293
FOXE3	-1.2347	-0.75232	2.5183
RAB21	0.81612	0.64973	1.2306
STK38L	0.26346	1.2283	3.5927
SPEN	-0.27184	-0.23332	3.4872
FBXO21	0.54268	2.1149	0.82036
GOLGA8A	-1.1789	-0.76092	2.7678
EXOSC7	2.579	-0.43911	0.80275
FAIM2	-0.29952	1.2194	0.17038
CNOT1	0.28918	-0.42846	1.0115
FOXJ1	-1.0002	0.6844	1.801
SNRNP200	1.0602	0.77983	1.3083
PALLD	-1.6175	0.1848	2.7808
TMCC1	-0.096629	-0.10965	2.3692
PDZRN3	0.12537	0.60453	1.3552
UNC13A	-0.147	0.31816	0.17244
MYO16	-0.45622	0.51078	2.3249
KDM1A	0.83704	-0.7434	0.75534
RBM34	2.3722	-0.42165	1.5199
FOXC2	0.5155	1.3469	2.9355
KDM4B	0.66041	0.14753	4.0393
MAST3	0.61203	-1.7653	3.9247
USP33	-1.4258	-0.2917	1.1258
DOPEY1	0.61203	1.9043	0.99575
SAMD4A	1.2937	-0.16006	1.2556
PHLPP2	-0.078968	-0.6899	3.7484
ZNF292	-2.1622	0.24415	0.2057
PDZD2	-1.106	0.498	-0.65533
WDTC1	0.5414	0.14379	-0.71078
XPO7	-0.030407	-0.15577	3.6335
FOXE1	-0.69271	3.4128	-0.38743
MYT1L	-1.5661	-0.67332	2.8779
MON2	-0.74445	0.18285	4.2907
PDXDC1	-1.9959	0.41124	2.4561
TNIK	0.097766	1.2753	1.4352
KIF21B	0.1706	0.37909	3.9657
PDS5B	-0.56224	1.7885	3.1224
FNBP1	-0.033636	1.1849	1.1688
SMG1	0.76876	-0.92517	4.318
FOXM1	0.13117	0.30503	-0.67549
ZHX3	-0.17214	1.9948	3.5378
ENDOD1	-1.071	1.7944	3.0633
ZSWIM8	-0.499	0.7277	2.8816
NCOA6	0.63612	-1.3024	1.3784
NMNAT2	0.73983	-0.93143	-0.11754
CLUAP1	-1.5331	1.5333	1.2334
FOXD2	-0.83041	-1.2541	2.6692
ZNF609	1.6909	1.5642	0.31353
TBC1D9B	0.67704	0.48996	0.58289
GGA2	1.6761	-1.3427	2.1196
WAPAL	-0.15724	-0.79123	0.89111
SETX	-1.6069	-0.81877	0.75238
EMC1	0.24922	1.5932	1.5885
CAND2	1.6774	1.6896	0.95434
SETD1B	-0.19108	-0.048423	4.9896
FOXS1	-0.85141	1.5328	2.1157
CMTR1	-1.0755	0.75276	-1.124
ERP44	0.44525	2.3766	3.9977
HECW1	-0.62213	0.27732	-0.32181
UHRF1BP1L	0.74984	-0.76251	-0.85593
SWAP70	1.0865	0.68854	0.65191
RRP1B	2.3479	-0.4015	4.084
MYCBP2	-0.99329	1.9104	1.5267
VWA8	-0.4387	0.3077	1.9073
FOXO1	1.0686	-0.74992	1.3211
AVL9	0.18469	1.1237	2.0712
KDM4C	0.19247	0.28567	0.7134
PPRC1	-0.73857	-0.4554	3.2043
ERC1	0.73593	1.154	1.4392
EXPH5	-0.42248	1.2774	3.2662
TRIM35	-1.1433	1.9073	0.34113
PEG10	-0.39596	0.17687	0.43449
FOXO3	0.20375	1.4493	0.18815
ZNF423	0.071632	0.88616	3.3798
ZC3H13	0.021081	0.44558	1.1874
ARHGAP26	-1.2828	0.83478	2.0874
TTLL5	0.76316	2.638	0.67094
SIPA1L3	1.7777	1.1443	1.2265
KIF1B	0.1273	0.63125	3.4982
CDK19	-1.0019	0.18398	2.5336
SARM1	4.8603	-0.29085	2.806
ZBTB43	-0.85505	0.61819	1.4385
AKR1B1	-0.94697	-1.0411	-0.91062
MCF2L2	-0.50445	0.4828	-0.30326
TBC1D2B	-0.19732	-0.42676	0.53366
FSTL4	1.1371	0.07388	0.64187
MRPS27	0.97538	0.65651	3.0083
RAP1GAP2	0.69359	-0.36168	-1.7285
DDN	-0.71989	-1.7165	1.091
SPG20	0.93699	-0.8436	0.39034
TNRC6B	-0.081367	1.7838	5.3543
CUL9	-1.2949	1.5276	0.4746
NFASC	-0.10962	1.5134	3.2798
FAM179B	-0.20348	2.1315	0.053717
NPIPB3	0.19689	-0.22842	-0.49255
TAB2	-1.4476	-0.45881	2.501
HIC2	-0.063773	-0.3902	1.7397
FLG	0.15383	0.86738	-0.24898
ATP10B	-0.087675	0.73315	0.53487
CLASP2	1.2713	1.0674	1.9104
CAMTA2	-0.6964	-0.19915	2.752
POGZ	0.51841	1.1338	0.72458
COLGALT2	1.1488	1.6739	3.5717
PLXND1	-1.3095	1.1774	3.4889
FLI1	1.2742	0.93945	5.4967
ATG2A	0.21013	0.51181	2.3998
GPATCH8	0.89993	0.85472	-0.13572
RAD54L2	1.1749	-0.035861	1.6525
KDM6B	-0.66168	0.87986	2.5403
EPB41L3	2.3377	-1.0968	0.53326
SMC5	1.4433	-0.69135	1.1641
N4BP3	1.1276	-0.47245	1.7333
MAST2	-2.2494	1.3402	2.556
FLII	0.79274	-0.2414	3.0952
ZZEF1	2.3352	0.7609	4.5581
ANKLE2	0.65998	7.8552e-05	3.4255
DCUN1D4	-1.1305	0.49495	0.44682
LRCH1	0.15263	1.1272	2.616
ZC3H3	0.97983	1.0964	2.1867
SSPO	0.14982	0.3549	1.1662
NACAD	-0.5772	0.24405	0.054481
FCHO1	-0.31011	-0.4782	0.072221
MLANA	0.47485	1.2528	-0.15458
FRMD4B	-1.4444	0.88974	2.5559
GRAMD4	0.18675	0.59041	1.0228
CIC	0.14984	1.645	1.3358
NCDN	-1.2002	-0.37597	-0.13348
CLCC1	-1.3728	-1.0737	0.33314
TBC1D9	0.46081	0.223	2.9627
WDR43	0.42433	0.70256	0.11334
SNX13	0.48685	-0.30894	0.89696
MAPK8IP3	-0.68297	2.0747	1.0711
GGA3	-0.19993	0.031907	2.2711
MPRIP	0.40281	-0.41725	1.1138
NUP205	-1.9378	-0.46773	0.66199
STAB1	0.81479	2.4703	1.7105
EFR3A	-1.5515	-0.50287	-0.55286
RTF1	-0.065582	0.48094	2.3817
SLC35D1	1.544	-0.35064	0.31174
FLNB	-0.013345	2.2495	1.1097
TTLL12	-2.6954	1.297	1.2558
GPD1L	-0.66703	-0.15794	-1.818
FAM175B	0.84218	5.1234	0.335
METAP1	0.77792	-0.90677	-0.86878
ZCCHC14	-0.72592	1.1123	3.4756
LPIN1	1.7185	1.5052	0.74613
SEPT8	-0.90966	-1.0089	1.2906
CEP68	-0.91134	0.87858	0.32736
PASK	0.30889	1.1708	2.5381
RGL1	-0.21514	2.1827	0.54252
FLNC	0.24078	-0.082081	-2.0777
RFTN1	1.203	0.80898	0.19495
DIP2A	-0.62308	0.79356	0.6197
MESDC2	0.85142	2.3503	1.9515
LARP4B	0.66795	0.74023	1.0466
RCOR1	0.21632	-1.0076	4.2349
PHLDB1	-0.37092	-0.069267	3.7618
KANK1	-0.1036	-0.33573	3.4135
FLOT2	0.93306	0.69895	0.83109
UBXN4	0.064909	1.5422	-0.60932
CYFIP1	-0.32009	1.1002	2.4224
ATG4B	1.2069	1.0992	0.90637
GANAB	-1.6484	1.5842	2.2989
FBXL7	0.28521	-0.3325	0.52035
MDN1	0.30773	-0.11193	1.3104
FAM120A	0.73139	0.45831	0.96339
FAF2	1.427	-0.026668	1.0689
PSME4	1.7705	2.6995	4.1471
GSE1	-0.9629	0.31652	4.31
ATP11B	-0.94267	0.75599	0.12196
FAM168A	1.3023	1.1977	6.0023
PMPCA	-0.40109	0.90584	1.0485
ARL6IP1	1.278	-1.2029	5.0557
ACSBG1	2.1571	0.033447	0.011614
PLEKHM2	0.91747	-0.33577	2.9388
SYT11	0.25077	2.137	1.4357
MLC1	-0.52344	0.54504	-0.35587
FLT1	0.68501	1.5405	7.4804
JMJD6	1.4033	1.3745	4.407
ZC3H4	-0.86969	-1.0214	2.5397
RRS1	-0.20591	0.93062	-0.87902
SULF1	-0.22236	0.55495	2.3097
XPO6	-1.5166	-0.82375	3.4905
PRRC2C	1.4902	2.3528	1.0458
TBC1D1	0.58573	1.3091	-0.87727
ZFR2	0.63171	-0.46109	-0.30801
NBEAL2	0.66752	0.51052	3.552
FBXO28	1.0175	1.106	1.0933
FLT3	-0.36981	-1.7892	-0.7922
DTX4	-1.2542	1.0724	-0.41127
RHOBTB2	0.18249	1.3972	0.64946
RRP12	-0.17994	0.16337	1.6545
SYNE2	-1.4834	-0.10204	0.6883
NUP210	0.85756	0.28455	1.1929
PLCL2	-1.2743	0.41163	-0.25505
FLT3LG	0.083103	0.42561	2.1703
VPS13A	0.43667	-0.36387	0.049302
SEL1L3	-1.2012	0.030645	-1.2646
TBC1D12	0.65678	-0.58705	-0.39339
EXOC6B	-1.0183	0.26405	1.4919
DNAJC9	1.1994	-0.50346	-0.10345
SIK2	0.66225	-0.43006	1.2131
PLCB1	-0.85968	0.54897	1.4021
ARC	1.7848	-0.076949	1.4672
PHLPP1	-0.25436	0.33156	0.72936
FLT4	0.30189	0.74584	0.7994
KIAA0922	0.26648	0.17021	1.969
PACS2	-0.64252	1.0441	-2.3509
COBL	-0.63066	-1.6249	3.4852
ANKRD28	0.13844	-0.41197	2.7627
PDS5A	-1.061	-0.039909	1.0463
ASTN2	-0.86332	-1.3565	4.377
BOP1	-0.27161	-0.31898	0.76352
KIAA0556	-1.4342	-0.27902	2.1595
RPRD2	0.15287	1.0118	5.1572
ATP11A	-1.0349	-0.53855	2.2289
KIAA1024	0.57148	0.28775	2.3487
OTUD3	0.099036	0.75759	0.50997
ANKRD12	-0.33784	-0.88527	-0.15076
KAZN	0.29388	0.60361	1.6486
MTCL1	1.4074	-1.5036	2.9558
SCFD1	1.316	-0.11318	-2.3368
DENND5A	-0.51703	0.24806	0.61368
DDHD2	-0.55278	0.82756	1.427
FMO1	1.5097	-0.26657	0.11425
CAMTA1	-0.36323	0.41401	1.0626
PPIP5K2	-0.2234	1.2477	5.9315
MCF2L	0.52964	-0.23961	2.1148
ZC3H7B	-0.34119	1.4254	7.3123
EXOC7	-1.3012	0.86521	1.538
ADGRL2	-0.43669	-0.026463	1.6344
DNMBP	2.8259	-0.10687	0.50864
MGA	-0.71548	0.588	-0.64125
FMO2	0.37295	0.13117	-0.093046
TSPYL4	1.5836	1.0646	5.1166
CAMSAP2	1.2322	0.74063	6.9897
FAM208A	3.377	-0.14656	5.0979
CLEC16A	-1.4257	-1.2219	1.7517
POFUT2	0.93803	0.85664	0.84115
KLHL18	0.42485	0.45982	3.9573
CLUH	-2.4997	-0.81029	1.2452
NUP160	-0.80632	0.57012	5.1464
FMO3	-0.25486	0.1669	-0.099992
MTUS2	-1.2132	0.73228	-0.45979
CSTF2T	-1.7561	0.44548	1.6142
ADGRL3	1.1086	0.88718	4.509
KIAA1107	0.1752	0.50577	1.0729
WWC1	1.3414	-0.057084	-0.4037
AGTPBP1	-2.3743	2.0773	0.1113
IQCE	-0.1465	-0.87885	1.76
FMO4	2.4701	-0.41326	0.91553
FBXW11	0.25743	-0.58051	1.1505
SMG6	3.839	4.0595	1.1281
ANKS1A	1.125	1.3917	3.3027
MGRN1	0.91478	-0.32095	1.0989
BICD2	0.88807	1.1608	1.1829
FMO5	-0.33249	-1.7242	-0.29441
ATMIN	-0.10255	-1.0324	1.5025
EHBP1	1.1425	1.2616	3.782
WSCD1	-0.49085	-0.90521	0.69802
KIF13B	-0.95096	0.48166	0.88696
UBR2	0.26369	-0.94191	1.44
ACSL6	1.152	1.2554	2.2288
TMEM194A	0.78185	2.0204	3.1697
FKBP15	-0.19861	0.37873	3.1308
ICOSLG	-0.16591	1.4037	0.17112
SIN3B	1.1853	0.69968	-1.3405
FMOD	-1.3795	0.054351	1.2374
NCAPD3	0.25939	1.3229	1.8449
DMXL2	1.5482	2.9187	0.70436
KIAA0930	-0.3251	0.45602	1.7759
SATB2	-2.7625	1.5878	3.3317
SLC9A8	-0.63882	-1.4387	3.4121
CUX2	1.1399	-0.024711	0.19742
DNAJC13	-0.56202	0.54556	4.4982
ZCCHC11	0.67332	-0.70291	3.6164
TRIM2	-1.6351	-0.035386	3.6923
RPGRIP1L	-0.87471	0.74845	3.8547
MAN2B2	-0.69345	-0.055072	-0.71037
KIAA1033	-0.35063	1.8622	2.7724
USP22	-1.5318	0.29877	0.049014
NEDD4L	0.048894	-0.33118	2.1416
SASH1	-1.8855	0.70614	-0.012521
TBC1D30	-0.26397	0.68958	2.711
TTC28	1.1292	2.9226	3.9848
CLASP1	0.015671	-1.0514	1.7668
DPY19L1	0.24381	0.61596	0.59133
SZT2	0.99805	-0.42438	3.3493
WDR7	0.013991	0.99079	0.45346
SYNM	-0.97214	0.46343	-0.62497
JADE2	-0.75752	1.1323	2.8539
VPS39	0.10887	0.37664	0.94954
DNAJC16	1.418	0.45552	1.5842
ESYT1	-0.83503	1.3129	4.0897
SYNE1	0.75308	1.2567	1.7063
SMCHD1	-1.4618	-0.91636	0.38701
DOCK9	1.259	2.1882	7.8156
KIAA1045	0.72223	0.60857	2.2404
FN1	2.3597	1.9299	1.2078
U2SURP	0.32507	-2.8424	-2.3773
KHNYN	0.22868	-0.79182	1.0186
UBR4	0.69652	0.46523	2.5125
SUN1	-0.79214	-0.34074	2.1256
HAUS5	-0.94664	-0.59777	3.784
VPS8	-0.90294	-0.24255	-0.31082
ANGEL1	0.080189	0.0049247	0.14238
USP24	0.5259	-0.35635	0.2762
FAM189A1	-0.53197	-0.58752	1.1971
FNBP4	-0.56572	0.55024	5.2634
ZNF629	-0.55563	0.7323	-0.12268
PSD3	0.19973	0.18013	0.59448
OBSL1	1.3805	1.1248	1.7236
ARHGEF12	1.0516	6.9714	2.2179
KIAA0895	-1.0039	-0.63018	-0.90114
LARP1	0.52419	-0.35459	-1.7272
PPP1R13B	1.3947	0.23547	2.5844
PUM2	-0.95251	0.67332	1.7292
ARHGEF18	0.3983	0.23019	2.9207
TNS2	2.3977	0.15014	0.96261
CRTC1	0.60603	-0.45354	0.851
UFL1	-1.0102	0.28433	0.25299
RRP8	-0.35864	0.65904	-0.6269
ICE1	1.1619	-0.84537	0.93001
SMG5	1.3187	0.91887	0.23636
AHCYL2	-0.20308	-0.73364	2.5256
MAU2	-0.71383	0.41358	7.6175
SPECC1L	-0.67587	0.70712	-0.43681
NCSTN	-0.72795	1.5399	0.016916
NUDCD3	0.99829	-2.1359	-0.58513
SIK3	2.4281	0.64197	4.1451
MED13L	-2.4905	0.47423	1.5297
FNTA	-1.4183	0.44138	1.3175
ZDHHC17	1.9575	0.84272	-0.86591
KIAA0368	1.6484	0.065125	-0.32029
ADNP	1.0694	-0.99856	1.9192
LARS2	-0.76694	0.17521	1.279
PIP5K1C	0.35817	-0.55008	-0.2337
NCAPH	1.932	1.2513	1.8341
PPWD1	-1.9257	-0.41337	1.3797
CTDNEP1	0.6258	0.0068711	4.1861
ATP13A2	-0.56727	0.57482	1.5293
FRAT2	0.84461	-0.11016	1.3046
FBXO46	2.0191	2.5663	1.0725
EXOSC2	0.82676	0.98999	0.67056
DICER1	0.87245	-0.36092	0.94346
COTL1	0.77438	0.88761	-0.49557
SIRT5	-1.3442	0.13504	0.29059
SIRT4	-0.68384	0.2162	0.5246
SIRT3	-2.109	-0.036585	0.90611
SIRT1	-0.71138	-0.13905	3.0777
COMMD3	-1.1505	0.061827	-0.048201
NCS1	-1.7601	-0.78063	0.90524
ZFPM2	0.51868	0.094671	2.9435
KCNH4	-0.28931	1.3457	0.90328
KCNH3	-1.3709	0.19533	2.2527
MLYCD	-1.8883	-0.41654	-0.44115
CRB1	8.6262	-0.63845	0.84221
FNTB	-1.4885	0.90293	2.4187
NOMO1	0.071159	0.52484	-0.93523
ITGB3BP	-1.1333	-1.2397	0.33606
TMED3	-0.29414	-0.82474	0.93995
TDRD7	-1.2613	0.48146	4.3436
GRIP1	-1.1676	-0.41085	-0.46863
SLC7A8	0.033386	-0.50051	1.4855
RYBP	1.8561	-0.45245	2.3109
TPSD1	-0.10077	-0.77284	2.9755
AP4E1	1.6051	2.4946	1.0247
GPR161	-1.0043	0.59562	1.8476
RHOQ	0.29552	-0.11744	4.7851
TARDBP	-1.2041	1.6312	3.2841
CELA3B	-0.57405	-0.25925	2.1867
HARS2	-1.0524	-0.30396	3.2259
OTP	0.027896	-0.65883	1.518
SLC35A3	0.066604	1.0367	1.1553
SLC44A1	-0.1131	2.1001	0.49648
SF3B3	-1.1025	0.24226	2.0777
SF3B1	-0.088417	0.50089	-0.010894
ANGPTL2	2.0693	6.1966	2.543
ABCB10	-2.1173	0.12421	1.5945
ABCB9	1.1614	2.7409	1.5523
FOLH1	0.60594	1.1648	3.8267
ABCA6	0.44571	-0.33104	0.2041
ABCA5	-0.40189	0.1907	1.3413
HEY1	0.97685	-0.83218	1.0669
ICMT	-2.1619	-1.5068	1.5527
GCAT	2.4577	4.2063	0.029299
CBX6	-0.12552	0.33512	1.055
NPTXR	-0.95506	0.045085	1.3794
CBX5	0.8516	0.8808	4.5335
PHF3	0.48386	-0.32154	0.48906
TRAM1	-0.33708	-0.56724	1.1285
CAPN7	0.9876	-0.06846	2.2089
ETHE1	-1.4783	1.6149	-0.044405
QPRT	-2.5074	-0.62551	2.2071
BRD4	0.56366	0.67699	0.47513
SEC11A	-0.21505	-0.66554	-0.53498
ISCU	-0.82613	0.44347	2.0707
FOLR1	-0.49395	-0.10837	-0.14902
SEC61G	1.4544	0.61284	0.37399
PES1	0.06133	0.93608	-0.28057
TGDS	-0.55833	0.40928	0.90252
LEPROTL1	0.79362	0.94996	-0.28996
CES3	0.98697	-0.26718	2.1976
CBX7	-0.27739	0.90431	0.45976
HEY2	-0.036901	1.714	2.5488
TNFRSF13B	-1.3434	0.22735	1.3407
HAAO	0.72294	1.6763	1.7194
MACF1	-1.1954	0.43524	2.156
FOLR2	-0.51121	-0.22216	-0.098515
DAAM2	-0.38402	0.79437	2.2646
ZFYVE26	1.9462	1.4052	2.59
RIMBP2	-1.2227	0.62332	8.9777
TMEM131	1.0629	1.3265	3.9406
GLTSCR1L	-0.31646	0.72462	3.4646
LRRC8B	-0.052952	-1.8545	1.1009
TTC9	-2.5679	-1.2517	1.5601
POFUT1	0.12304	-0.67296	1.5612
KCTD2	0.88772	-0.26837	3.5836
NUP188	1.6587	1.091	-0.71236
SUZ12	1.5316	-0.75053	0.91038
SCRIB	-2.6414	0.34995	1.2855
SPIDR	-0.27895	0.35306	3.4914
MORC3	0.3444	-0.75521	2.5381
SLC39A14	-0.46649	0.15212	0.79866
SKIV2L2	0.70393	-1.2785	0.895
R3HDM1	0.49808	1.2551	-1.1525
ANP32D	-0.56161	-0.66464	1.5443
FOLR3	0.5754	-0.33374	0.46772
ANP32C	-0.70081	0.67212	0.32104
RPL13A	0.091657	0.23814	1.7968
KAT6B	1.53	1.33	0.97412
CABIN1	-0.86241	1.5699	1.2794
SRRM2	-1.9226	0.77026	0.89716
HMHA1	4.7174	-0.62656	-1.1366
ACAP2	1.4248	0.33438	-0.13723
ZNF281	0.057134	1.256	7.3835
CLCF1	2.1426	-0.82291	0.91453
FOS	-0.0088497	0.98245	3.0995
NNT	-0.28044	1.6349	0.84074
MMD	-0.32445	-0.78201	2.2593
PRAME	-0.66245	0.95657	1.1235
PIK3R5	2.3934	0.77911	0.13545
TNPO3	1.3165	-0.18462	0.62359
ADAT1	-0.41435	1.0204	1.1078
OR52A1	1.469	-0.24966	-0.59833
SLC16A8	6.1094	1.8344	2.193
FOSB	2.1186	0.22759	0.12006
SEC14L2	0.87411	0.9168	-0.078649
MAPK8IP2	0.63992	0.47273	1.1284
RBFOX2	0.31848	-0.033138	2.7367
SEZ6L	-0.30673	0.4933	1.6883
ATP6V0A2	0.33521	0.087242	0.61038
SYNGR4	-1.5631	-0.68065	-0.93866
LILRA4	1.4395	-1.3341	0.6421
TTC33	-0.69683	1.1096	2.8951
DNPEP	-0.56421	-0.99848	0.96815
FOSL2	-0.069621	1.2405	-1.2151
PSD4	1.1454	1.2788	0.27355
RASD2	0.63459	-0.99678	-0.63301
CDK20	-0.18756	-1.4901	0.24536
HYAL4	0.53994	-0.86258	0.26426
TSPAN12	-1.7882	-0.1877	-0.46309
TSPAN15	-1.2184	0.71029	0.39199
PIGN	1.7875	1.5971	2.4284
SNAPIN	0.45857	-0.59827	1.4466
WBP2	-0.093548	-0.2954	0.44303
WBP1	-0.40777	-0.14342	2.4734
FPGS	-0.067477	-0.8335	2.8138
GTPBP4	0.38353	0.73352	1.204
CLDN14	1.4027	0.063188	-0.25635
CHST5	0.83362	1.2761	0.69143
DDAH2	7.087	0.91113	3.895
LPAR3	0.15515	-0.28547	1.1948
ZNF346	0.074339	-0.22965	1.1014
ARL2BP	0.18685	-0.44359	-0.31155
PADI4	0.0056568	0.26928	1.4484
FPR1	-0.27159	-1.0352	0.071088
DDAH1	2.7301	1.8235	-1.1788
FPR2	-0.54897	-0.51823	0.22587
CDC42EP4	0.38246	0.61173	2.3139
CASP14	-1.0712	-0.37314	0.57367
CCNDBP1	-0.30104	-0.2702	1.9572
SMUG1	0.84647	-0.16534	2.0239
VSIG2	0.48984	1.2876	1.2813
TMEM50A	-1.7955	0.45513	2.0668
DDX58	-0.68037	0.019912	1.8017
ELP5	0.82582	-0.18619	4.0195
KLHDC2	0.25272	0.93066	-0.37858
CARHSP1	1.1472	0.33148	1.913
FPR3	-0.49845	0.37568	0.78634
PDSS1	-0.30308	0.76284	0.43359
LEMD3	-0.042768	-0.95626	0.76838
HEBP2	-0.029483	0.47564	0.13231
ORC6	-1.5143	-1.8064	1.0316
ORC3	-1.3006	-0.20538	-0.063099
OPN3	-1.2168	-0.2724	0.042838
PATZ1	1.9437	1.6625	1.7637
AMACR	-0.34671	-1.3353	-0.28855
CLEC5A	-1.616	1.08	2.4976
CORO1C	-1.663	-0.040722	2.3385
DAPK2	-0.27005	0.77944	1.7295
CD2AP	-2.1322	1.2368	1.501
MKRN1	-0.07426	-0.091	0.78474
MKRN2	1.1047	-0.47041	2.7196
PHLDA3	-0.0097027	0.26008	0.21966
ZMYND8	1.3689	1.5199	0.056722
SH3BP1	0.33445	2.3486	-0.71713
TSSK2	-1.3086	-0.76869	2.0374
ZIM2	-0.85614	0.46473	-0.76962
NTSR2	1.8584	-0.12036	1.4653
BACE1	1.043	-0.15376	2.0495
RUSC1	0.80954	2.2231	3.0427
CBLC	2.7803	1.8328	0.99276
FAM89B	0.60847	4.2147	5.1397
SPO11	0.54244	0.22926	-0.16677
PRND	1.0357	1.9803	3.0988
CA14	-1.4541	1.51	5.4051
KPNA6	0.60435	-0.64951	0.39171
SSBP2	-0.32707	-0.47191	-0.31538
NUP62	1.1594	0.52472	0.76154
RABGAP1	0.62451	1.024	0.048216
LRRC6	1.7815	1.4289	0.835
HSPBP1	0.45697	0.74934	-0.17823
LY96	0.98646	-1.3404	-0.24377
EDC4	-0.31889	-0.99341	6.9594
PPP1R15A	1.9112	1.4896	0.18181
PLD3	0.99721	-1.0023	2.6274
ARFIP2	-1.6583	-0.7589	0.99186
SSBP3	-0.43437	2.8437	2.1705
POLA2	0.9124	2.0972	1.8213
TRIM29	-0.32217	1.1527	1.0377
PLXNB2	-0.49335	0.6171	4.0635
SLC7A11	1.4317	-0.73932	2.1173
LSM5	-0.14082	1.226	1.8371
PLA2G15	-0.68475	-1.4749	7.0006
ZKSCAN5	0.78441	-0.65769	-0.44459
TMEM2	0.34858	1.141	0.4166
TMEFF2	-1.7156	-0.3158	1.5419
STX12	-0.61144	0.15571	0.93181
SH3BP4	1.5244	-0.29392	-0.96624
SGK3	-1.0584	1.5931	0.80222
RAB38	-1.2319	1.9739	3.4461
PRKD3	-0.32028	1.2891	4.4436
KCNE4	0.56701	-1.1531	-1.5341
CADM1	-0.64894	2.8787	2.5318
GABARAPL1	0.12375	-0.031154	1.7789
SHPK	-0.025646	0.5045	1.0054
TMEM245	-0.092692	1.0051	3.9995
FRRS1L	-0.10839	0.16979	2.8541
EID1	-0.80639	-0.14676	0.08013
NPAP1	0.30675	0.77917	-0.88931
BHMT2	-0.071704	0.53574	2.8635
AIPL1	-0.45879	-1.8582	3.1558
SDF2L1	-0.40246	1.0066	-0.8923
PPIL2	-0.23673	0.79796	-0.41516
PITPNB	0.53556	2.0593	2.288
PISD	2.1974	0.37456	1.9654
OSBP2	0.015624	-0.2319	0.43736
MAFF	2.5948	1.8861	4.7476
IL17RA	-0.98815	-1.5359	-0.24222
FLRT3	-0.18044	-0.98947	-0.65586
FLRT2	0.23671	1.3322	1.7346
FLRT1	0.42002	1.6905	0.69687
FKBP8	0.071918	0.39303	2.1197
BRD1	0.86295	-1.2456	0.6327
ARHGAP8	-0.83822	3.3079	-1.7206
APOL2	-0.12745	0.24975	-0.14115
BCL2L13	-1.328	-0.18525	1.1029
MTCH1	0.57632	-0.099774	1.5692
MTCH2	-0.88213	0.85384	5.4536
ALK	1.6314	0.19226	1.7507
ALOX12	0.87739	-0.39231	-0.41836
FXN	-1.8181	1.0651	7.5382
ABCA4	1.8159	0.22725	4.4542
ALOX5	-0.826	-0.78013	1.0923
ALOX5AP	-1.2969	0.97867	0.83919
IFIT5	-2.2388	-0.68823	2.0776
EML2	1.196	2.2246	0.71259
LAMP5	-0.49664	0.30577	0.016778
NAT6	0.55525	2.1952	0.54422
TFIP11	-0.12083	-0.51636	1.7838
PANX1	0.39623	-0.54098	0.76067
CLDN15	1.9358	1.3404	0.67714
FJX1	-1.5689	0.64112	1.7169
PRPF6	-1.8187	0.95641	4.7952
ZNF318	2.2767	-0.04334	2.2921
ALOX12B	1.3446	0.21586	3.1049
FRK	0.79223	-1.0437	5.4028
SPDYA	1.1252	0.088651	0.070404
MS4A6E	-0.065147	-0.51303	3.1678
VGLL2	0.063955	1.0855	1.5455
CNPY4	1.6809	-1.1056	4.9411
DEFB108B	0.82218	-0.3375	0.96321
DEFB110	-0.0090065	0.016545	1.2124
DEFB112	0.16018	-0.063048	1.5104
DEFB113	-0.5849	0.39548	0.24232
DEFB114	-0.4329	0.34468	0.35118
DEFB115	-0.60551	1.7836	4.3508
DEFB116	-0.60762	1.361	3.9897
DEFB119	-0.13323	1.7599	3.5139
DEFB121	0.059869	2.1628	3.3255
DEFB123	0.69466	2.3012	3.078
DEFB124	1.3366	2.2092	3.0801
DEFB125	2.4132	-0.92321	-0.72346
DEFB128	-0.23739	-0.49939	0.42554
ATP6V0D2	-1.1082	0.063139	4.4029
ATP6V1C2	-0.013941	0.45124	0.51921
ALOX15	-3.2858	0.68542	1.2144
CNOT6L	-0.80892	-0.56041	-0.12899
GAS2L2	-1.1576	-0.31286	-0.65048
CDC26	-1.4313	0.63816	3.1059
SLC17A8	0.26339	0.10279	-1.3679
RNASEH1	0.25473	-0.34833	0.98014
LACE1	1.3799	0.37488	0.63734
STAC3	-0.47312	0.36685	2.7133
PELI3	2.152	1.7713	2.3652
POLR2J2	-0.21931	-0.38611	-0.13651
STH	-0.0021195	3.7014	6.4932
SPESP1	0.11317	0.73082	0.30056
IL27	-0.032102	1.6327	3.7647
ALOX15B	-1.3664	1.1124	3.3183
MTOR	-0.68288	0.39868	3.8192
ALPI	2.3461	0.38206	7.4522
FRG1	0.0055386	1.2968	0.010329
FRZB	0.40914	1.3334	1.2216
FSHB	-1.8203	-0.32011	5.8117
ALPL	0.51885	1.6408	1.2471
FSHR	-1.1797	0.9266	0.99505
NR5A2	1.2652	2.42	7.3815
FTH1	1.569	1.164	-1.0277
ABL1	-0.30772	1.7694	-0.42906
ALPP	0.8675	-0.022813	7.6068
ALPPL2	1.8759	0.12212	6.1094
FTL	-0.6933	0.7552	1.6632
ADAM2	-1.5697	0.091624	-0.86145
NR5A1	0.30245	-0.45631	2.4346
FUCA1	0.80662	0.57991	-1.0929
FUCA2	-0.89329	-0.43663	0.50365
GAST	-0.52721	0.29459	0.3259
FUS	1.3029	0.55626	0.66667
FUT1	2.4667	1.2353	-0.1211
FUT2	3.9329	-0.97714	-0.1323
FUT3	4.6304	2.0355	2.3379
FUT4	0.39098	-0.50321	-0.75614
FUT5	3.8604	2.0143	2.6316
FUT6	5.2249	1.3486	1.8353
TMEM9	-0.2711	-0.79916	-0.85861
ZNF396	-0.98119	0.38926	0.72176
NEIL2	0.79467	0.54274	3.9146
STXBP4	1.1036	-1.5919	0.33705
FNDC5	0.9444	1.7469	0.25195
FUT8	-0.69664	-1.8648	-0.46633
HEPACAM2	-0.42405	-0.68863	-0.71375
TECRL	-0.73847	0.20129	1.4111
KDSR	0.62404	-0.082035	1.8944
PRR14L	2.4554	-0.19683	2.1258
EPHX4	-1.0735	0.37645	1.3194
SERHL2	-0.55959	-0.095788	0.50134
ACKR1	-0.43847	2.1953	-1.3074
RICTOR	1.247	0.19938	1.5507
FYB	0.80358	1.8083	1.2113
EIF4E1B	2.0191	-1.663	2.0092
FYN	2.1655	1.2276	-0.90025
IPMK	-0.85349	1.8134	1.7074
ZBTB38	4.0244	1.7341	4.5944
FZD2	2.7118	3.1781	-0.16471
SLC25A30	0.6991	-1.2369	3.1173
LCLAT1	0.13089	0.13763	0.72096
CADM2	-1.3152	6.3748	4.7417
TMEM244	-0.33865	-1.0554	0.79594
GPATCH11	-0.98016	0.73559	1.7671
ZNF620	-0.44387	-0.86895	2.3778
ANKRD18A	0.36075	-1.0395	-0.2159
IFI6	-1.6062	-0.7667	0.78964
MMS22L	0.77364	-0.015548	-0.49399
FAM21C	-0.0049208	-0.87285	0.53066
EBF3	-1.4361	0.41305	1.0942
WDR27	0.48665	-0.62636	0.6135
CERS6	0.22529	-0.024419	1.8509
G6PC	-0.76783	1.226	2.8835
MSRB3	0.56242	-1.7406	2.7979
ZDHHC20	-0.94901	-0.056124	-0.057759
ANGPTL5	-1.1179	1.2026	0.37914
YTHDF3	-0.56147	-0.88553	2.8754
RALGAPA1	0.39459	-0.34859	1.9617
SFTA3	0.90564	0.038425	-0.77356
KCTD13	0.70927	1.1583	0.15789
ASPHD1	0.68636	1.3759	0.19832
METTL20	-0.6304	-0.20817	2.6744
METAP1D	-0.46424	0.29289	7.6566
UBN2	0.51043	1.6886	1.8494
LRRC43	-0.9799	0.29124	1.9951
EHBP1L1	0.59237	4.0612	5.1251
SNX32	-1.0425	3.9965	4.6794
FBXO33	-0.79765	-0.23674	1.1741
TTLL10	0.99737	0.058761	2.4794
TSGA10IP	-0.11199	4.245	3.3925
SLC37A4	1.423	-1.1118	1.228
RNF169	0.48133	0.27266	0.8912
FAM26E	0.11355	0.47576	3.4137
BPIFC	0.16975	0.37664	4.8862
LCORL	2.2602	-0.70091	1.186
CNIH2	1.0838	2.7988	2.6902
AKNAD1	-0.1994	-0.67779	0.31431
TBC1D28	0.15253	0.77359	-1.0743
PHYHD1	1.3369	1.6041	-0.82602
ZDHHC24	2.0986	1.6046	2.3051
MCM9	-0.39205	-0.055239	3.3926
PROSER2	-0.18296	-0.46504	-0.58592
SLC41A1	0.97434	1.1528	2.7545
C11orf86	0.69131	0.92688	0.74456
MEIOB	-0.55953	0.16156	-0.1622
LPCAT4	0.50067	-2.0769	3.3459
NUDT8	-1.615	-0.29601	1.2741
XRCC6	-0.0034224	-0.072711	3.0212
LYG2	-1.2561	-0.86199	1.3817
C8orf46	0.21394	-0.45871	0.1287
OR6C74	-0.49585	-0.94573	4.046
OR6C3	1.0302	-0.60096	3.9055
GAA	-0.14054	0.50741	1.769
NAALADL2	-0.28654	-0.25033	0.92783
TMEM256	-0.23059	-2.4391	2.8158
OR2T6	-0.19943	0.72506	2.5676
ZDHHC23	-1.0052	0.66333	0.75487
GAB1	1.2211	2.7028	-0.54358
LCE5A	-0.69698	-0.64052	3.0539
KRTAP15-1	-0.82481	-0.86585	1.8901
MORN5	-3.0974	0.024989	-0.78446
OR1L4	-0.5778	2.0863	-1.6289
GABBR1	1.0824	2.1351	1.5398
CALHM1	-1.9138	1.7823	1.6666
MPV17L	-0.27055	-0.081214	-0.57404
TMEM86B	0.51622	0.38672	0.017721
C19orf26	1.4555	1.0148	0.90488
TAC4	-0.87702	-0.68899	2.2525
GABPA	0.61903	3.1061	-0.74935
CCDC108	0.55381	0.47446	2.7485
TMCO4	0.062762	0.96332	-0.81047
C4orf22	1.4145	0.6873	8.6126
PLA2G4F	-0.49991	0.42518	0.61577
TXNDC8	-0.51009	1.879	-0.41426
MCOLN2	0.75586	-0.064808	0.85572
ANKK1	-0.38252	-1.322	1.8414
LRRC57	0.20656	0.44427	0.87884
MYADML2	0.51368	0.91353	0.83419
GABPB1	-0.98114	0.0137	-0.94446
EPGN	0.35964	-0.67407	0.084991
TMEM211	-0.11417	1.2351	0.35516
MBLAC1	1.4989	-1.1221	5.3936
TCP11L2	0.5118	1.8406	3.6486
GABRA1	-0.55718	-0.58807	0.5706
ZNF718	-0.36299	0.2667	-0.68616
RASGEF1C	1.1461	-0.51769	1.9228
RNF144B	1.4709	1.0415	-0.29254
GABRA2	-0.33066	1.0858	1.5699
ELMOD2	2.194	0.48026	1.7554
HIST1H2BA	2.5735	1.4649	5.4874
COL24A1	0.64566	2.9508	2.7624
GABRA4	1.8855	1.5703	2.5001
OR52B2	-0.18572	0.19217	1.5086
PCSK9	0.2657	-0.94947	0.46333
NPNT	2.2724	-0.77462	0.3441
TCTEX1D2	0.21696	1.4429	1.0352
PDZD9	0.69123	-0.083875	-0.14312
INAFM1	1.6715	-0.0488	5.2866
SMCO1	0.39699	2.2297	-0.43742
GABRA5	2.4494	-0.39235	0.57027
C19orf38	0.0094389	-0.11171	1.5846
BCL6B	0.2008	-0.59966	0.21282
GABRA6	-0.75101	-1.1801	3.6628
CNEP1R1	-0.40769	-0.1054	1.5357
SYT14	0.37765	0.19182	2.8247
PAN3	-2.2983	-0.15689	-0.30861
GABRB1	-1.1036	-1.3795	2.9804
ANKRD31	0.30979	0.8631	0.94336
C12orf79	0.67087	1.1736	1.6277
ZNF549	-1.4028	0.76391	0.95298
COL6A5	-1.3949	0.71304	1.7878
GABRB2	-0.11398	-0.3929	0.31369
SYCE2	0.2323	1.5813	2.18
TMEM196	0.31353	3.8197	2.1261
OR4C3	1.5739	0.1292	3.1015
OR4S1	1.7609	0.15172	2.4127
HMCN2	-0.097232	1.1352	-0.68702
GABRB3	-0.2815	1.4181	2.1804
CDRT15L2	-0.74036	1.1996	-0.74322
STEAP1B	-2.1259	-0.69348	1.2722
NUDT14	-1.7418	-0.91854	0.34738
PTF1A	0.63979	1.5294	-1.1877
GABRD	-0.42259	0.4787	0.65537
NATD1	0.289	0.67065	2.0461
CCDC110	-0.66749	0.81175	0.91772
LMNTD2	1.4326	0.2991	1.0834
GK5	0.63657	1.3491	-0.92676
EML3	-1.4524	1.7463	2.1473
SCML4	1.9682	-0.22808	1.3817
SERPINA11	0.49616	-0.29898	-0.49949
ST6GALNAC3	-1.283	-0.66598	2.4432
MFSD8	0.98662	3.2845	0.2568
TMEM151A	1.0485	2.7456	2.5042
GABRG1	0.35731	0.44387	1.8421
TCERG1L	-0.86262	1.0003	-0.91867
LYSMD2	-0.62776	2.0556	2.4621
GABRG2	-0.4833	0.86095	0.50742
NUTM1	0.67563	-0.90473	3.2511
MAMDC2	1.507	0.06861	1.5347
GABRG3	-0.99341	-0.947	3.8573
GLIPR1L1	-0.25457	1.8287	-0.14189
WDR72	2.7471	2.2864	2.624
GABRP	1.561	0.15304	0.75316
C10orf67	0.36532	1.6556	-0.52459
OR51F1	-1.1778	0.8478	0.67005
GABRR1	1.3685	0.93921	1.573
NPB	1.5696	0.34529	2.4433
KANK3	0.22721	1.5452	0.58584
HEATR9	-0.89923	-1.5162	0.029157
SUN3	2.4915	1.8351	-0.36953
SERINC5	0.30177	0.19648	6.3235
ALX3	-0.056746	2.2937	4.0371
GABRR2	0.95474	1.2395	1.8671
FRMD3	0.69371	1.3069	1.6154
C1orf101	-0.51836	-0.72746	-0.3003
CATSPERD	1.2006	-0.41243	-0.084687
PLCXD2	-0.475	-0.077935	0.19972
GAD1	-0.53478	-0.9075	0.19705
ZNF683	0.25809	0.6863	1.1124
ARHGAP30	0.098935	-0.55384	-0.39177
GCSAM	0.301	1.6109	-0.75212
RNF214	2.7541	0.68392	2.7005
C9orf43	1.5672	-0.61397	1.8368
CFAP126	1.1027	-0.80104	-0.028159
NEGR1	-0.9246	0.53882	4.0778
GAD2	-1.7764	1.2019	1.111
GPX6	1.8336	0.15924	3.2103
SHPRH	0.46244	-1.0752	1.5099
CCDC96	0.53297	2.1337	-0.067299
UTS2B	0.98204	0.86832	0.32337
SNX33	2.4261	1.1753	1.8189
C2orf72	0.34066	0.52357	0.094229
FAM133B	2.5362	0.94827	0.26587
KIAA1549L	0.62674	1.3697	1.1122
SHC2	-0.16604	0.371	0.76334
ANKS4B	0.12426	0.92927	0.42666
HYPK	1.7606	2.0999	2.1664
PRPF40B	-1.4229	0.23025	3.1163
SLC24A2	-0.23359	-0.3317	2.9881
C22orf31	-0.44294	1.6488	0.96912
TBC1D22A	0.16583	0.049558	0.78529
C22orf24	2.1322	1.1955	2.5073
CBY1	1.2933	3.8775	1.7616
SUN2	1.1521	3.6323	2.277
DSTYK	-1.196	2.5889	1.8051
RASGRP3	0.63469	0.58343	-0.021585
RAB3GAP2	-2.349	-0.69462	3.7822
RAD54B	0.19508	1.053	1.8424
TMEM59L	0.39644	-0.45271	1.625
CFAP45	0.55111	0.5867	0.58655
NGEF	-0.83299	0.22763	3.1776
CIZ1	0.066011	1.0961	-0.046322
FBXO7	1.5852	0.38143	5.6106
FSCN2	5.0224	-1.5285	7.2731
PGLS	0.04064	2.3248	1.1823
QPCT	-0.12727	1.718	4.1451
BRI3	0.8954	-0.54319	0.3261
ZNF324	0.73731	1.6141	4.0777
AMBN	1.3505	-0.92008	-0.037023
GAK	-0.34156	0.11466	-0.39433
SLC39A6	-0.83891	-1.0635	2.95
GCA	-0.63164	-0.88426	0.63884
SVIP	0.79871	0.82059	-0.81681
LMOD1	1.2873	-0.23258	0.49027
SPDEF	2.2462	0.54259	4.5492
LSM4	1.0099	0.39159	2.5071
BAMBI	2.9646	0.31197	3.899
VAX2	-0.069634	0.76031	4.8898
RHBDD3	-0.95346	2.4681	2.7965
TTLL1	-1.8635	0.52766	1.872
GALC	0.2223	1.6389	-0.3169
SAMM50	0.77361	-1.2198	1.0621
ATXN10	1.5484	-0.28473	2.8367
TNFAIP8	0.91563	-0.274	0.14169
FAM19A5	-0.10763	1.7741	-0.7599
KLK5	-0.34365	-0.67143	-1.8533
CCRN4L	-0.36313	-0.50613	0.98474
GALE	1.0261	0.44686	0.49541
ARIH1	-0.055218	-0.36241	0.63042
MTO1	1.3972	1.7337	0.91701
DNAJB5	1.275	0.86545	3.1385
TPSG1	-2.1166	-0.24962	0.46624
PRDX5	-0.65012	1.4622	0.069497
BACE2	1.2252	-0.0096875	1.7315
FBXL2	2.0601	1.0787	1.9548
TXN2	-0.44578	-0.33451	1.5318
TMEM184B	1.8614	1.7766	4.1738
B4GALNT1	-1.5281	-0.11541	3.2176
SULT4A1	1.0672	1.5159	2.8341
HECTD1	-1.0924	-1.1552	2.5839
POU2F3	-0.38769	5.6996	1.6514
MGAT4C	0.45771	3.0893	1.0971
NIPBL	-1.3652	-0.16978	1.6892
RAB26	2.1287	0.67444	2.673
COG4	-1.5015	-0.22518	2.027
GALK1	-1.3825	0.3467	1.6057
METTL7A	0.39326	1.828	2.6529
ABTB2	-1.1487	1.0475	0.31919
ASF1A	-0.65069	-0.50028	3.0771
MOB4	0.49917	0.98771	-0.48717
YIPF3	-0.10988	2.0142	-0.60631
ANAPC13	2.9842	-1.0618	3.6268
PARM1	-0.57033	-1.0762	0.389
GALK2	-0.38621	0.122	1.6688
ZNF345	1.2185	-0.40384	1.5992
TECPR1	-0.058755	-0.71663	0.34214
ARMC8	-0.43061	1.0838	3.8633
DCAF12	-1.1842	0.92406	3.9501
FAM149A	-0.72703	0.57586	0.059822
BRMS1	0.75503	2.4006	1.6744
TEX40	-0.38641	1.6329	0.81889
DFNB31	2.2612	-0.71111	-0.11202
USP49	0.56999	1.8286	1.3443
ABHD14A	0.93335	-0.39195	3.4296
PRKD2	2.1452	0.88185	-0.44788
GALR1	-0.2479	-0.59125	1.4705
SUMF2	0.15308	0.69245	-0.80474
C3orf17	0.1136	0.32475	0.94921
RPL36	-0.3484	-0.9873	0.26612
MPC2	-0.6004	0.83442	1.8458
LETMD1	-0.16244	0.3777	2.6747
SPEF1	0.67852	1.2397	1.9519
DCAF13	1.594	-1.2614	1.4895
GALNS	0.66794	2.8626	0.26669
TMEM186	-1.6655	-0.75032	1.6868
CHRDL2	0.14714	0.7603	1.9988
POLR1A	0.3763	0.65226	0.84975
POC1A	0.26119	-0.77109	1.1953
ZNF473	0.3587	-0.83463	-0.50627
GALNT1	-0.63637	0.16859	2.2176
ABI3BP	0.064853	2.8148	6.5569
PAMR1	0.39985	0.65415	-0.43015
TRIM58	-0.3734	1.8188	-1.4167
PLEKHG4	-0.93334	0.17562	4.0518
METTL21B	-1.5155	-0.46105	2.3274
INTS7	1.5408	-1.4329	1.7511
RNF19A	1.0621	-0.28781	2.8995
RCHY1	0.36051	0.72383	2.3207
AMBP	0.67307	-0.30249	-0.30091
GALNT2	1.7563	1.0418	-0.52513
IFFO1	-0.062495	1.3861	0.53069
CCDC28A	-1.8787	-0.47339	-0.72827
MTHFD1L	0.61755	0.3478	5.0619
OLFML2B	0.1587	-0.19287	1.1147
CNOT10	-1.8598	0.62264	0.9315
ANAPC15	1.1578	-0.10992	0.75162
TMEM158	-0.56129	2.2768	-2.599
AHCTF1	-0.46357	0.59248	-0.23129
GALNT3	-0.68797	-0.32636	1.9443
DPCD	1.2049	2.1055	4.2875
C1orf43	-2.0583	-2.0683	2.5057
POT1	1.1111	-0.67076	2.1796
RTTN	-0.16274	-0.26236	0.90069
NDUFAF3	2.6951	2.2721	2.3699
THUMPD3	-0.74512	1.8374	0.61661
ALS2CL	-0.41349	-0.034554	0.31387
NCR3	7.6944	3.3815	2.755
GALT	-1.8512	-0.39029	0.84646
ZDHHC5	0.63888	2.0765	1.097
LY6G6F	6.1094	0.51561	2.8046
HSPA12A	-0.37364	3.2021	1.9415
ATL3	1.0814	-0.20077	2.0735
SGMS1	-1.2101	-0.213	0.80931
NALCN	0.68682	1.1269	1.8102
TMIE	-0.15018	-0.52529	0.71152
WFDC11	1.6155	-1.4138	-0.43329
MYRIP	0.21621	-1.8612	3.7055
WFDC9	1.8005	-1.2214	-0.21986
MRGPRX1	-0.62332	0.2984	2.1726
ZNF521	0.35375	-0.688	5.2095
NOL11	-0.36377	1.0202	-0.87737
ASPM	7.5802	0.81141	1.7288
CNRIP1	2.3437	-0.79824	1.8443
SOSTDC1	1.0811	-0.48109	-0.21802
BOD1L1	0.48512	1.5444	0.48346
TAS2R39	1.5652	-0.94777	0.23027
TAS2R40	1.1864	-1.6801	0.63835
TAS2R41	-1.2209	0.9476	2.5139
TAS2R43	0.59162	1.214	0.67974
GEMIN5	-0.22032	-1.1579	-1.199
TAS2R31	0.78713	1.022	0.70315
TAS2R46	0.45625	1.6181	0.67516
TAS2R30	0.72453	0.4926	0.78731
TAS2R19	0.8277	0.8358	0.73309
TAS2R20	1.1817	0.63798	0.071847
TAS2R50	1.1721	1.0137	-0.040703
GAMT	0.73628	1.8829	0.78749
PTPN23	0.71646	0.62563	3.8346
IL4I1	0.91348	0.63782	0.90221
FAM205A	0.63513	0.51578	-0.31377
CLIC4	-0.49795	0.83989	0.61237
NIPSNAP3A	-1.7425	0.74372	1.7321
NSL1	1.1143	-0.41825	1.1484
WWTR1	0.053516	2.761	2.624
HEATR5A	1.1435	-0.14268	0.50598
SAMHD1	-0.077334	-1.3101	0.81754
FAM98A	-1.6767	-1.5854	-0.11377
TPGS2	-0.17675	1.7397	1.2163
SIN3A	3.2159	0.68165	0.83121
C20orf194	0.034417	-0.023557	3.847
PVRL3	-0.82981	-0.21288	-0.96415
ZNF385A	2.9234	0.044758	3.0482
KBTBD2	0.10186	-0.38689	1.4856
SYF2	0.53525	0.55164	-0.29851
GANC	0.26956	0.52574	1.1647
RWDD3	-0.51821	-0.32004	1.6867
PNKD	-0.65286	0.90973	3.959
SEC31B	0.54963	2.1048	-0.17794
PNISR	-0.2934	1.2807	1.8847
KANK2	2.0628	1.305	1.0446
GAP43	1.483	0.089299	-0.18573
ADGRA2	-0.55953	-0.25868	1.3811
NUDT13	0.94368	-0.14876	-0.11552
KIAA1429	0.7291	0.13292	2.8254
TMEM87A	0.28397	0.49875	0.98687
C2CD2	-0.19569	-0.17955	1.6459
GAPDH	0.088929	0.69101	0.59796
SH2B1	1.0722	1.0246	2.5872
UNC50	0.099821	-0.83486	4.3542
PARS2	-0.59475	-1.3898	-0.018526
MMACHC	-0.57673	2.1156	2.0481
TIPARP	-0.61862	1.651	0.5221
CHMP2B	1.5479	0.13078	2.1563
DHRS7B	0.20357	0.92142	1.6629
AAR2	-1.4383	-0.8925	2.0583
DNAH1	0.79746	0.3631	0.72051
NGDN	0.95337	-1.0041	0.81958
KRT23	0.64891	0.38091	1.2951
TSKU	1.6731	-0.20608	-0.33991
HINFP	-0.27608	-0.13414	1.7487
ULK3	3.6331	-0.047102	-0.21616
SNED1	1.4821	1.2349	2.4546
HIGD1A	-3.1551	0.79553	1.3342
REXO2	-1.2021	-0.12415	1.0591
IBTK	-0.61314	0.40997	0.52151
CLIP3	-0.28088	0.3955	0.21682
AOC1	1.7104	0.57886	2.6784
TBC1D10B	-1.2235	1.5274	2.3453
RNF167	-0.51789	0.17415	2.1988
MOXD1	0.12064	-0.28227	-0.44926
GORASP2	-0.31032	0.80362	0.7509
C2CD3	-1.5069	-0.25748	0.66224
TKFC	0.16422	0.64065	0.45335
ZZZ3	-1.1285	-0.37817	1.637
SPATS2L	2.253	0.29878	0.59813
TENM4	0.80829	0.94525	3.6278
L3MBTL1	-1.3918	-0.30477	0.40603
RPAP1	0.76813	-0.62982	1.949
FAM32A	1.5331	0.04883	2.1239
LRIG1	-0.13181	0.90509	0.7733
UPF2	1.1043	-0.89496	1.1266
LRP10	1.4801	2.3654	-0.5545
TMEM98	0.66232	-0.35017	6.1362
PTCD1	0.64841	-0.75355	-0.42763
PCDHGA12	0.65135	-0.13923	5.9983
ACOT11	0.018022	1.1124	1.0653
CYP4X1	-0.15785	0.9046	-0.80144
PLEKHG3	0.23091	-0.32182	1.1679
OSBPL3	-0.3889	-0.015307	2.513
SUSD5	1.6029	-0.756	5.5929
ATRNL1	0.33472	1.1507	0.70174
IPCEF1	-0.04036	-0.54996	-0.58832
GLCE	0.73958	1.206	-0.68434
ZNF451	-0.36284	1.1286	2.033
SIPA1L1	1.4842	1.5427	0.34834
CHD5	-1.9918	0.27949	-0.98345
SS18L1	-0.32245	-0.12071	2.5667
SETBP1	-1.0744	-0.67227	4.9342
MAGI3	0.28195	-0.0458	2.1485
PRSS33	-2.0367	0.3277	0.362
UBXN7	0.38185	1.8427	0.811
PYDC1	1.4119	0.86219	0.8858
FDCSP	-1.2725	1.3336	-0.14162
LRRTM2	-0.98911	0.21562	-0.017553
LTN1	-0.16292	1.2735	0.60618
CNTNAP2	-0.043818	0.32143	1.6707
ZNF500	0.43449	1.396	0.54789
FAM169A	-0.84475	1.1235	1.5661
SLITRK5	0.47097	-0.34994	0.57255
PPP1R16B	1.0361	0.348	1.0035
DNM3	-0.22682	3.3396	3.4137
AUTS2	-0.037727	1.417	4.3259
SENP6	-0.017968	-0.81268	3.8674
RAB11FIP5	1.5682	-1.0941	2.0372
ANKRD17	0.78266	1.3905	0.49866
GIGYF2	-1.1651	-0.99614	2.9314
ERC2	-1.1109	0.76816	1.7382
APPL1	-0.26932	0.56102	1.4186
HACL1	0.91547	-0.53386	3.9486
DECR2	-0.35943	3.2348	5.0605
RAI14	-1.2169	2.3517	0.74596
LSM14A	0.28864	1.3179	1.916
POLDIP2	4.0792	-0.34707	2.3036
CFAP61	1.7335	-0.85428	0.22532
TBC1D29	0.86689	0.71462	0.67707
ARHGEF26	-0.77005	-0.91959	-1.2051
KLK13	2.0531	0.26238	-1.3454
GPSM1	1.0776	0.38021	1.1014
GGA1	0.029294	2.9121	-1.0155
ABHD12	-0.30939	0.72989	3.5404
HERC4	-1.1602	0.042709	2.9768
TOR1AIP1	1.7401	2.6993	5.4138
CCDC9	1.6273	-0.060591	5.3558
DCAF4	2.0194	1.9249	3.2359
CHTOP	0.4864	-0.58635	1.4193
EDRF1	0.23255	0.40448	2.1259
SZRD1	-0.51462	-0.46326	1.8146
WIPI2	0.025738	2.3163	-0.25907
LRIT1	-0.64394	0.99636	7.6529
PYGO1	-1.3697	-0.02068	0.056659
CCDC69	-1.5604	-0.54606	1.7036
TANC2	1.0343	1.5327	2.2841
WSB1	0.53205	0.15609	3.2497
LDLRAP1	0.86387	0.58799	0.70744
PRPF31	-0.074431	-0.8215	-0.88194
EPC2	0.22201	-0.10577	1.1113
TCTN3	0.85171	2.2368	0.55318
FGFR1OP2	-0.10176	0.77409	3.636
KIF1BP	-1.7423	-0.47926	0.65496
GAPVD1	-0.70003	-0.42856	5.265
TRPC4AP	1.7238	0.85959	1.8851
SERBP1	-0.54545	-0.6787	-0.2969
TES	-0.09397	5.1644	1.3488
ZBTB20	0.55748	1.5488	3.0851
TTLL3	1.3052	1.36	-0.62678
IRF2BP1	2.3907	1.0775	2.7742
TRAF3IP1	-3.008	1.6351	7.0959
PHF19	0.2229	-0.13679	3.9787
C10orf12	1.0803	-1.4093	0.49299
LRRC32	0.25522	0.0063194	1.6252
RIBC2	-0.27664	2.1862	2.4921
NAT9	1.2034	2.2338	1.618
ZNF337	0.045864	-0.31739	2.7097
KIF26A	-0.1775	-0.49129	0.69717
ABCA12	-0.58372	0.26776	1.1835
NOC2L	0.46731	0.34207	2.7249
RSL1D1	-0.14217	1.7396	0.0063022
GIMAP2	-0.16561	-0.51879	-0.95203
IFT172	0.84018	-0.80307	3.0578
MTG2	-0.097486	0.86558	2.6832
RGS22	-0.052017	0.32995	1.1381
PCDHB5	0.55666	-0.72569	2.5446
SENP3	1.4809	2.1017	7.0458
GARS	0.85399	-1.4971	2.9415
TIPRL	-0.23456	1.3067	2.3184
STEAP2	-0.60744	1.181	-0.86111
INTS1	0.58436	0.39374	-0.35952
NPHP4	0.96362	-0.6957	1.9198
TMEM251	1.292	-1.5925	0.33918
GART	-0.60119	0.43803	1.725
OR1C1	0.54153	-0.50009	0.21706
OR1A2	-0.19299	-0.067522	-1.8333
GAS1	-1.5993	1.2362	-0.55317
FBXW2	0.056218	0.625	0.093608
PTPN22	0.75857	0.50207	1.6697
AMD1	-1.3435	-1.1147	2.919
GAS2	0.5178	0.14304	1.5854
GMEB2	-0.20308	2.1405	3.9986
SPAG8	-1.0968	0.080761	-0.077014
PITPNC1	0.1909	1.1334	1.0788
GAS6	0.80945	-0.060824	0.51954
OR2F1	-1.9676	0.40688	0.89214
OR2B6	0.22104	0.60177	2.6075
OR1J4	-1.4986	0.51855	0.51197
GAS8	-2.3624	0.86605	1.4989
FBXL21	-0.011508	1.4844	0.077509
FBXL3	0.21721	1.0219	-0.07725
ARL5A	0.47644	-0.54505	0.67982
PHGDH	-0.70183	1.5733	1.5539
STAP1	0.65415	0.40742	3.2333
B3GAT3	-1.3908	1.6853	2.2417
TIAM2	-0.41977	0.25799	2.0388
LRRC29	0.019292	0.14887	3.7395
FBXO2	-2.366	-0.9923	0.62316
FBXL6	2.2095	-1.0647	0.53705
FBXL5	0.11348	0.036109	0.11352
FBXL4	-0.39444	0.20896	1.8432
LCE2B	2.3046	-0.11462	-0.5247
GATA2	-0.14039	-0.3226	1.0459
FAM50B	-3.0254	0.40589	-0.36493
OR2M4	-0.12034	0.72152	0.32836
OR2L2	-0.24709	-0.82456	-0.41801
OR2K2	3.3286	0.33599	-0.14293
KLHL3	1.0127	0.60678	1.6464
GATA3	1.9393	0.99316	0.20098
KCNG2	0.86629	1.125	0.36567
OPTC	-1.325	-2.1715	0.89726
CABYR	-1.0918	0.64159	1.6693
NKX2-8	0.57672	-0.94859	-1.3657
BLOC1S6	1.0222	1.4274	0.34876
FBXW8	0.16227	0.87993	2.3611
GATA4	-0.32073	0.67146	4.201
FBXO25	-1.0144	-0.0059191	1.3854
FBXO24	2.0495	2.4007	4.0058
TSPAN17	2.0179	-1.5557	2.0036
FBXO22	-0.56083	0.38668	-0.49323
SLC13A4	-1.3516	-1.3569	1.4419
FBXO10	0.74524	0.53542	0.43019
FBXO9	-0.47811	0.59665	0.45691
FBXO8	2.7718	-0.57356	-1.5596
GATA6	1.7165	-0.095631	-0.41775
FBXO6	-1.8812	-0.9276	0.16391
FBXO5	-1.1762	-0.02833	1.7251
FBXO4	1.1692	0.12777	1.3922
FBXO3	2.3874	0.76118	0.030179
HIBCH	-1.4507	-0.70874	1.1056
VPS33B	1.5898	0.27953	0.99012
TINF2	-1.7667	1.0669	1.6743
SACS	-1.84	-0.4652	-0.075225
PLA2G2D	1.4861	-1.0045	0.71433
GATM	-0.83144	1.807	0.94152
FGF20	0.93113	0.88391	-2.9227
ERAL1	0.70515	0.90095	0.20505
CLDN17	-0.79599	-0.099432	0.43999
ARFGAP3	-0.23552	1.0972	4.5823
ANKRD2	0.59424	-1.1712	2.0069
AK5	-0.52771	-0.80817	1.4957
GBA	2.183	1.3028	2.8049
GALNT8	0.66482	0.12212	2.3652
FGF21	2.1762	1.5987	-0.06462
MYCBP	2.6023	-0.49982	1.4078
SERGEF	-0.43631	0.70122	0.50421
EHF	-0.11384	0.53599	0.38372
GBGT1	0.1852	0.81532	-0.23272
GBAS	1.3867	0.4176	-0.95956
GBE1	-0.29583	-0.71291	0.76743
GBP1	-0.45076	0.85245	-1.4046
GAPDHS	0.48059	0.27484	1.0863
OR7A17	-1.5811	-1.5574	2.1461
OR5L2	1.1299	-0.91771	1.9461
OR5K1	-0.10637	0.49092	2.4443
GBP2	0.30796	0.085834	-3.0664
OR5H1	0.13784	-0.74559	0.89033
GBP3	-0.040752	1.1567	0.56485
HSPB8	-0.99895	0.64619	3.0949
GNL3	-0.68978	2.8048	2.1307
FAM162A	0.79006	1.7466	2.237
GBX1	0.99175	-0.15429	2.5487
GBX2	0.11935	1.9063	0.0018963
GC	-1.1709	1.5154	3.8717
GCDH	0.35148	1.6273	2.3668
GCG	1.2763	-0.75936	1.266
GCGR	2.1653	-0.10018	2.4582
GCH1	0.07773	1.8541	-0.15538
GCHFR	0.33758	-0.4036	3.5995
GCK	0.35702	0.41359	1.9455
GCKR	1.4833	-0.49529	2.5539
LHX6	-2.4891	-1.5761	0.17625
PTPN18	-1.2609	-0.90396	0.95326
BLOC1S1	1.9356	0.084603	6.1094
SEZ6L2	0.17157	2.0292	0.029763
NUPR1	-0.57083	1.1653	3.3762
PPP1R14B	0.028096	2.4947	0.458
OR10J1	-0.46385	1.1226	0.052427
KAT2A	-1.1935	0.3874	1.4972
NR6A1	0.16605	-0.421	2.4908
OR8G2	0.79727	1.0963	-0.15124
OR8B8	-0.090609	-0.52969	-0.44653
OR8G1	0.88419	1.0273	-0.06675
OR10A3	0.6248	0.18806	-0.80899
PLEK2	-0.47624	-0.49791	4.2293
GCNT1	-0.13758	1.3512	0.9607
NARF	2.2683	-0.12735	0.92897
SLC17A5	1.7093	1.9934	1.1867
CNNM4	2.2147	-0.53892	-0.23587
CNNM3	2.0742	-0.099117	-1.3187
CNNM1	-0.19261	0.44987	0.082502
HEYL	1.3497	0.36625	0.028186
MYOF	-2.2215	0.55247	1.1172
GCNT2	-1.3126	-0.11295	-0.15104
CHIC2	-0.74842	1.5119	1.876
INTS6	0.86588	0.33317	4.2338
TIMM10B	-1.5654	-0.65695	1.0466
TIMM13	-0.32476	1.2619	0.33785
TIMM10	-0.44819	1.5218	3.2389
TIMM9	-1.0957	0.7068	1.2009
TIMM8B	-1.6688	-0.052385	2.9522
AGO1	1.2145	3.048	1.223
LATS2	1.6034	4.0709	6.2924
IL36RN	-0.95333	-0.4117	-0.0080181
TSPAN16	-1.0736	0.72224	-0.017543
DAZAP1	1.226	1.1744	1.1235
OR12D2	0.011865	-0.16525	5.3139
GCSH	-0.67255	-0.9409	-1.5356
OR11A1	-0.55194	-0.46305	4.2979
OR10H3	0.51107	0.029652	1.5444
OR10G3	1.1419	0.30475	-1.0348
OR10G2	0.0095811	0.32007	-0.90214
OR10H2	0.54031	-0.35884	1.3783
OR10H1	0.74612	-0.3197	1.089
GDF1	-0.65201	2.4586	2.0452
AATF	-0.16193	-0.19998	-0.22313
RGS17	-0.61086	-0.33089	0.8904
PCOLCE2	1.4895	-0.28463	2.368
OSTF1	0.41476	-0.53476	-0.39488
MYEOV	0.85392	-0.058838	0.84722
GDF2	1.1965	-0.37626	2.9023
BSCL2	-0.26006	1.1725	1.6137
GREM1	0.075909	-0.58729	1.3126
CKAP2	0.70436	-0.21959	1.446
MRPL46	0.062763	-0.30261	1.9468
OR8B2	-0.596	1.3355	-0.78416
MSTN	0.52707	-1.1891	0.37899
TBL2	0.75206	-0.11366	3.7339
GDF9	2.3365	0.15856	0.78444
ELP4	1.4796	1.4564	3.5649
GDF10	1.7901	-0.050853	3.6013
OR7E24	-1.897	0.4345	0.075235
GDI2	-0.34834	-1.3489	0.60311
OFCC1	0.36476	0.2239	5.8484
OR7C2	1.6484	-0.6081	1.5359
OR7A5	-1.3997	0.46194	2.0162
SEC14L3	-0.49488	0.31682	0.70729
OR7C1	-1.977	0.17848	1.7272
BEST4	-1.2825	0.46978	-0.24398
HS6ST3	0.56311	0.40227	4.6457
MDGA1	-0.27103	1.3849	-0.24039
NPAS4	0.97544	2.4172	2.7245
RGL4	-0.30593	-0.10441	-0.97109
GDNF	1.433	-0.38186	1.5297
NAP1L5	-2.3217	-0.24698	4.1643
OR4E2	0.018262	0.32854	-0.73529
OR4D1	-1.0192	-0.066676	1.7878
GEM	-0.91841	-0.87917	-0.68414
OR2W1	1.9408	0.60065	3.9518
OR2V1	0.7528	0.041635	-0.21992
OR2T1	-0.040463	0.8776	2.638
ADGRF1	1.2676	1.7773	2.0443
AMFR	1.0813	0.048619	0.25023
GFAP	1.4562	1.5667	2.8348
PGBD2	0.68925	0.43834	1.0519
PGBD3	0.24777	0.16311	1.3803
DAOA	-1.4226	0.76799	0.034747
ATP5L2	-0.56223	-0.5674	0.022249
OR2J2	1.584	1.3815	5.3627
GFER	-0.080251	1.5485	0.98568
OR2H1	-0.50531	-0.53302	3.2194
GFI1	-0.62264	-1.2559	-0.70969
GFPT1	3.2484	1.6595	-0.37854
OR1L3	-0.42928	1.9315	-1.2554
OR1L1	-0.53765	1.5471	-0.17548
GFRA1	-0.7434	0.84943	0.92823
OR1J2	-2.5085	-0.0026285	0.38111
NUFIP1	0.30967	1.4789	1.1398
GFRA2	-0.26272	-0.45428	-0.67594
RPS6KC1	0.2887	1.2825	1.8494
SH3YL1	0.49484	0.4393	7.7222
GFRA3	0.11334	-0.52762	2.751
HAVCR1	1.8353	0.68751	0.87442
GGCX	1.7947	-2.0502	1.3555
GGT1	-0.12495	1.1544	1.4395
AMH	0.42222	-0.69783	1.7936
B4GALT1	-0.59568	0.20453	3.5691
GGT7	0.1829	-0.75188	0.4924
GGT5	-1.3776	1.3992	0.55346
STEAP1	-0.94787	0.92172	-0.64001
OPLAH	0.79122	1.3827	0.74818
GH1	-0.4652	0.57996	3.2068
GH2	0.17257	0.99416	3.1422
AMHR2	-1.3218	-0.37869	0.49363
GHR	1.9668	-0.55749	1.2682
GHRH	0.19799	-1.3122	1.8567
GHRHR	-0.11335	0.88525	-0.13555
GHSR	-0.64671	-0.3444	2.1587
GIF	-0.23765	0.89905	1.7608
GIP	1.9292	-0.69239	1.6203
SMR3A	0.50812	-1.1931	-0.57188
RANBP6	0.78191	1.4533	0.68913
COPG2	-1.3344	-0.87561	0.83601
HBP1	1.6149	-0.46854	2.165
GIPR	1.1415	1.3989	0.25708
NBEA	-1.3766	1.7545	5.1389
GJA1	-0.71632	0.85707	-0.47948
CHORDC1	0.35423	1.0678	1.298
ZNF285	-0.22157	-0.63667	-0.74187
SEC22A	0.56994	-0.98234	2.3624
AP3M1	-0.19178	0.47375	2.544
PABPC1	-1.1595	-1.203	2.2186
AKAP8L	0.19956	-0.44948	0.41606
RNF11	-0.13043	-0.14253	-0.65034
TRUB2	0.19907	0.29876	-1.0074
GPR160	-1.7916	0.33481	1.8759
FETUB	-0.43053	0.016775	2.6625
CYFIP2	1.0783	-0.58276	0.46514
ABL2	-0.71384	0.23885	1.0311
AMPD1	1.2263	-1.7847	1.01
GJA3	0.99417	0.39113	-0.16858
DNAJC2	-1.3036	-1.1937	0.83915
USP21	-0.74491	-0.053282	1.1323
FGF22	0.094927	0.46001	2.9436
GJA4	0.078043	0.07187	0.77237
TPK1	0.071031	1.2105	0.45967
KCNV1	-0.7446	-1.0511	0.95802
CNPPD1	1.2882	-1.4197	1.7054
DNAI1	-0.60748	0.40276	0.95779
GJA5	1.1585	0.06956	0.48154
NPTN	0.23777	2.6019	0.94846
FOXD3	2.4604	0.63542	-0.10019
FOXB1	-1.4686	-0.02154	0.93709
GJA8	2.232	-0.32042	1.0918
MLH3	1.3875	2.1419	3.1736
NPHP3	-1.9679	0.66258	6.2119
ATP2C1	-1.4628	-1.6135	3.3736
ZBTB32	-1.7498	-0.1603	5.0037
ACAD8	0.28231	0.20744	1.4604
SIGLEC7	1.883	0.025153	0.76939
TRMT2A	-0.097516	-0.99962	-0.033586
PKD2L2	-0.023026	-0.70463	2.0187
LAT	0.37203	-0.015948	0.14096
DIEXF	0.4335	0.023689	2.541
PELP1	-2.0753	0.85497	1.3355
SND1	-2.1887	0.16084	2.6994
GJB2	0.71375	-0.30584	-1.1621
ANKRD1	2.551	-0.94995	2.7662
NSG1	0.46147	0.12597	0.14071
STAU2	0.75265	1.2662	2.6387
PPA2	-0.38127	0.74142	-1.2004
GHITM	-0.19054	-0.85145	5.071
GJB3	-0.038912	-0.36053	0.83578
DAPP1	-0.34953	3.832	1.728
VPS41	0.64156	0.88136	1.1168
LAMP3	-0.14247	0.52127	0.79638
TSPAN13	-1.5192	1.1451	0.28583
LYPD3	-0.88417	1.2892	0.14305
B9D1	-1.6509	1.374	-0.14563
RPUSD2	1.4272	-1.1175	4.3177
MTBP	-2.8641	0.55111	2.849
FOXP1	-0.2738	3.3197	2.0205
B3GAT1	-0.99522	1.3647	0.62937
UQCRQ	2.3384	0.23853	0.7835
GJB5	-0.23606	-0.93818	0.95197
ST6GALNAC4	0.47407	1.4605	1.4691
CACNG5	-0.40535	-0.52955	0.62317
CACNG4	0.37642	1.2026	0.18044
KCNMB3	-0.21246	1.2022	2.3205
TRAPPC3	1.6784	4.6672	-0.56392
TAF5L	0.18222	0.22666	0.90586
CLUL1	3.1643	1.2664	1.9212
AMPD2	-0.25972	-2.7547	1.4127
CACYBP	-1.8273	0.0040569	0.78185
EIF2AK1	-1.9162	-0.66757	1.2203
ARRDC2	-0.32925	0.56495	-0.086832
ZBTB11	0.049279	1.2287	1.4774
ATP5S	-0.62638	-0.115	-0.91722
SDCBP2	0.51016	0.82647	0.94198
BBC3	-0.35615	-0.23461	6.6296
PDE7B	-0.28447	5.4001	2.2088
GK2	0.46675	0.10271	2.4491
DKKL1	-0.10222	-0.90631	2.2325
DKK4	0.75888	0.17827	-0.79858
DKK3	0.40403	1.2363	2.5607
DKK2	-0.8396	-0.25746	1.0044
INPP5J	1.0903	3.3239	1.0526
AFF4	2.1223	0.39192	0.80972
SMC1B	0.40231	2.2467	2.4684
CYTH4	-2.6918	0.16184	2.0272
HSPB7	-1.0953	-1.158	3.3015
INVS	0.079783	2.3937	3.3075
SNX5	1.8496	3.8391	2.1219
CPNE7	-2.969	-0.86107	-0.20381
KCNH5	0.39695	3.8149	1.4635
TJP3	-1.0328	-1.3507	0.68006
MORC1	0.98016	-0.334	0.88987
CIDEB	-1.1526	0.51848	0.85348
PALD1	-0.66861	0.39385	1.5575
FILIP1	0.16712	-1.4622	1.6997
FAM184B	2.4667	-0.60698	1.3211
DENND2A	-2.5296	-0.28364	0.56976
STK36	0.73337	0.63093	3.2717
CPAMD8	0.63817	2.2096	1.3191
INTU	1.7266	2.4945	-0.15402
ZNF777	-0.37033	0.73244	0.53856
BRPF3	-0.02658	1.2406	0.17498
RSPH14	-0.46691	-0.42435	-1.5866
NDOR1	-1.4579	-0.46463	1.3758
CHIA	0.68644	-0.80302	-0.058679
AGO2	-0.56518	0.83987	0.25798
NAAA	-0.051837	0.79299	2.4304
SALL3	0.79214	0.31426	0.95613
GLS2	1.8071	0.77876	3.4961
PRELID1	0.27491	1.1328	2.255
SLC39A1	0.86602	0.058809	3.164
TUBG2	-0.026698	1.8433	1.4365
IL36B	-1.1397	-0.62472	0.42992
IL37	0.86015	-0.61215	0.39606
IL36A	-1.1881	-1.5906	0.95234
SIGLEC9	2.9757	0.15846	1.3078
SIGLEC8	-0.66721	-1.7465	-0.0044758
VPS4A	1.3182	-0.81339	0.96269
DISC1	-0.69472	0.39348	-0.51432
IL17C	1.409	0.20537	2.3666
IL17B	-1.558	0.079171	2.4848
HCAR1	0.55148	1.9262	0.7509
OXGR1	-0.15917	1.0985	1.1286
AMPD3	2.1768	0.62828	1.5809
GLB1	0.33779	-0.067345	3.658
GPR78	-0.52168	1.7594	1.5469
C5AR2	1.2083	-0.2816	1.585
TUBGCP4	1.8407	0.9877	2.2867
SERP1	0.37973	1.283	3.114
NMRK2	0.69218	-1.2618	0.663
GNMT	0.60644	0.014931	0.23401
SULT1C4	-1.0532	-1.1463	0.77691
COQ2	-0.55044	-0.14998	-1.3071
ARFIP1	0.34444	1.0164	-0.15737
ARHGEF16	-0.56534	-1.6269	3.6779
GPR162	-0.89801	0.92905	-0.094013
SIT1	1.3108	0.87169	0.1877
BBS9	0.84217	0.91985	0.46292
TNFRSF21	-2.7156	-0.24002	-0.30674
CHMP2A	-0.42425	2.0992	3.4682
SESN1	1.9284	-1.4319	0.5445
AHDC1	2.9284	-0.33912	3.8958
RNF115	-0.61704	-0.41439	1.9616
NFU1	3.413	1.5805	-0.23772
ERLEC1	1.7088	1.6755	3.6253
MMADHC	0.78334	-0.67784	-1.2007
PDCD4	1.9134	-1.3911	-0.17804
KLHL20	0.16567	-1.5152	0.96462
PCDH17	-0.69319	1.5274	2.0059
CSDC2	0.11882	-0.19508	3.5192
CNTN6	0.34272	0.9521	2.1109
LSM1	-0.984	0.7063	1.8079
LSM3	-1.7286	0.71622	1.7589
TINAG	-0.89231	0.96192	1.1914
SULT1B1	0.21477	0.08456	-0.23164
TEKT2	1.2744	4.7301	-0.2652
VENTX	0.45306	-0.55685	1.9693
RBMXL2	2.3198	-0.061975	3.9849
RND1	-0.040427	-0.10859	-0.27004
GCLC	-1.3058	1.0359	0.25105
SPINK4	-1.9534	0.41642	-0.38963
R3HCC1L	0.34668	2.233	1.2976
DIMT1	-1.2837	0.43629	2.6008
SMPDL3B	-1.6505	-0.34303	0.53758
DHDH	0.95315	1.5517	-0.34979
PDLIM3	0.95842	-0.7271	0.3345
TP53TG5	-1.4012	-0.70807	-0.94157
CRCP	0.24646	0.51509	0.64043
ADAMDEC1	1.1622	1.2654	1.2576
AMPH	1.7814	0.74946	2.1414
GCLM	-1.7606	0.77608	3.1504
ZNF544	0.28561	0.85422	1.2785
BMP10	-1.5248	0.14495	0.064886
RBMS3	0.77271	2.3885	5.0333
MOCS3	0.2387	-1.5595	1.6677
HPGDS	-0.63062	-1.3906	1.8472
ZNF330	0.1597	-0.07809	0.62879
GLDC	0.71277	0.29151	1.5966
RAB30	-0.47072	0.35934	0.037318
PGAP2	-2.7505	0.28826	1.8338
BHLHE22	-0.22563	2.0218	2.6845
TOX3	-0.22737	-0.27041	5.4253
TNRC6A	-0.17274	2.0844	-1.3841
ANGPTL3	0.16919	0.19903	2.5232
GLE1	1.2951	-0.7862	1.3804
ZNF638	2.0028	4.4069	1.7822
GOLIM4	-0.69019	0.50145	2.4736
EIF3K	-1.1596	0.82388	0.36542
UBE2S	0.44169	0.31034	0.030451
PRPF19	0.018213	-0.69025	2.1193
GLG1	-0.48393	0.090195	-0.10705
UTP20	0.93294	-0.43107	-0.48436
RRP7A	-0.58396	-0.40571	0.41808
RABGEF1	0.8685	-0.16698	1.269
POLL	1.2378	2.4173	4.1085
KCNMB4	3.6074	0.26312	0.84636
TMEM97	4.5068	-0.66848	2.4956
STK39	1.5291	-1.2399	0.80924
TOR1B	-0.53795	0.9194	-0.49291
MCAT	-3.205	0.40216	0.24141
GLI1	-0.24436	0.9378	2.7768
APOBEC3C	2.079	1.7994	0.32457
DESI1	0.013997	-0.4588	3.122
SGSM3	-0.68633	1.0108	4.5723
GLI2	-0.27565	0.22467	0.1897
GLI3	-1.5106	-0.89368	4.9748
GLI4	-0.70136	1.0164	1.5701
GLO1	-2.4845	-0.16457	0.27476
BIN1	1.3032	0.44857	1.7209
GLP1R	-0.60247	-0.39783	-0.85822
GLRA1	0.73547	-0.11238	3.7146
HTRA2	0.03902	-0.44317	1.7156
GLRB	-1.3468	-1.8553	2.5281
MAT2B	0.28302	-0.63255	-0.4302
TOR2A	-0.95783	0.14847	1.2905
POLM	-0.38165	0.3104	-0.077849
EML4	1.8598	0.62978	1.3784
CECR6	-0.51182	-1.7572	-0.013364
GLS	-1.2506	-0.71751	3.8842
CECR5	0.14964	-1.4321	0.091229
CECR2	-0.10179	0.76611	3.1985
PCLO	0.39524	-0.42901	5.8451
GLRX	0.91244	0.02775	0.034709
GLUD1	1.4178	2.0379	0.59311
AMT	1.8313	0.48284	5.7526
GLUL	-0.66198	1.7395	2.7995
AMY1A	0.62708	0.48461	-1.2817
GM2A	-1.6416	-1.2051	0.48934
GMDS	1.6682	6.0623	4.4332
GMFB	0.036945	-1.3985	2.7521
GML	0.28381	-1.4934	0.89277
GMPR	-0.36399	0.98622	-0.45608
GNA11	0.98073	0.92283	-0.84921
GNA12	-0.041842	0.79859	2.1711
GNA15	0.76909	1.848	-0.16571
AMY1B	-0.21205	-0.68074	-0.67593
GNAI1	-0.20695	-0.46292	1.5819
GNAI2	0.72812	2.7814	0.75766
GNAI3	-0.91712	-0.74587	1.2057
GNAL	0.66168	2.186	1.7406
GNAO1	-0.24824	-0.92542	2.3744
GNAQ	-0.56231	0.48683	4.7308
GNAS	0.68581	-0.89819	0.84125
GNAT1	0.68566	3.4645	0.69302
AMY1C	-1.5875	-1.1404	-0.58979
GNAT2	-0.35522	-2.8405	1.386
GNAZ	-0.19151	-0.034772	-0.87727
GNB1	-0.93916	-1.4977	0.94713
GNB2	2.4665	1.7631	4.5682
GNB3	-0.3585	0.9153	2.1241
GNG3	-0.023264	0.97226	1.0456
GNG4	-0.87637	-0.8838	1.4548
GNG5	-1.2834	0.43545	0.71559
GNG7	-0.34472	-0.048079	0.98196
AMY2A	-0.51696	0.96803	-1.3043
GNG10	0.89972	0.58329	0.21967
GNG11	-0.55491	-0.52748	-0.47571
GNGT1	-0.82775	-1.1287	-0.78902
GNGT2	0.67322	1.6874	5.5425
GNL1	3.0321	2.7659	0.48368
GNRH1	-0.83315	-0.43829	0.70878
GNRH2	-1.3415	0.24253	-0.37391
GNRHR	-1.2556	0.58273	3.391
GNS	-0.053259	1.7037	4.6648
ABO	1.9441	1.2267	2.5138
AMY2B	-0.28708	1.0737	-1.3651
GOLGA1	-1.859	0.41538	3.0622
GOLGA2	0.50228	0.6654	-0.44944
GOLGA3	0.46687	-0.40982	3.4283
GOLGA4	0.73415	-0.70135	1.5291
GOLGB1	-2.084	1.5353	0.31385
GOT1	-0.053187	0.30987	0.70613
GOT2	-0.5705	0.78018	1.1961
C11orf31	0.53158	1.8752	0.85891
WFDC10B	1.2018	-0.82563	0.040042
SFN	0.93517	0.87509	1.7403
GP1BA	-0.38626	0.12323	1.9878
GP1BB	0.74823	-0.68288	-0.1585
GP2	-0.99051	-0.6318	1.1928
GP5	-0.37123	2.7356	0.5385
GP9	1.017	-0.35818	0.50388
GPC1	-1.2031	-0.38422	1.8603
GPD1	-0.014987	-0.38387	0.52706
GPD2	0.01644	0.86705	6.1094
GPI	1.8914	-0.024747	1.2832
GPLD1	1.8931	1.3544	2.3308
GPM6A	-0.1225	-0.60203	2.6825
SLCO4A1	-0.26054	-1.7915	1.4511
SLCO3A1	-1.6636	0.97709	4.1844
SLCO1B3	-0.64223	-0.55047	-1.4003
GPR1	3.6017	1.2907	-0.29144
CCR10	-0.24916	1.7797	1.1425
IFNL2	-0.9026	0.75873	0.83707
IFNL3	-2.0042	0.96882	0.97223
IFNL1	-0.45903	0.55491	1.2387
AQP11	-0.59859	-0.4171	0.14096
GPR3	3.5097	-0.592	3.304
OR51B5	0.56775	-0.12684	0.040512
OR10AG1	1.5526	-0.17193	2.2859
OR5J2	1.1766	0.35082	2.9438
GPR4	0.85183	2.1357	1.712
POC1B	-0.36677	0.89979	2.2167
ZNF311	2.1268	0.80772	5.5767
XCR1	1.1035	1.0742	3.0116
C10orf53	0.62151	1.6677	1.0269
FUOM	-0.36985	2.8849	-0.39951
JAKMIP3	-0.87285	-1.0003	1.4759
STK32C	0.41999	0.51367	3.7183
BLOC1S2	-0.33608	-0.32871	2.3572
RBM20	-0.14245	-1.1334	-0.83869
ANG	-0.61525	0.64233	-0.013789
GPR6	-0.43808	0.018161	0.66653
MKX	2.0034	0.5808	1.423
C10orf126	-4.2783	1.7871	1.6423
OR4C13	1.9306	0.24818	2.5473
OR4C12	1.8444	0.31462	2.3527
NPBWR1	-1.1802	0.57675	1.7072
CSNK2A3	-0.033611	0.25856	0.33724
OR51V1	0.95921	-0.65637	-0.49272
TRIM49B	0.078464	0.439	2.6123
C11orf85	-0.64879	0.84553	2.8044
SLC25A45	0.57834	1.817	4.6755
BCL9L	0.81895	0.18334	3.9362
FOXR1	0.93136	-1.2797	1.5514
CCDC153	0.30946	0.71184	1.6768
OR8D1	0.51822	1.9966	-0.83759
CDH20	1.8877	1.1725	-0.35511
OR8D2	0.51865	2.018	-0.80097
OR8B4	-0.26464	0.02562	-0.56069
C11orf44	0.39984	-0.1189	0.67803
OR9G4	-0.26662	0.39094	2.7048
NPBWR2	0.49137	-0.61766	1.6039
P4HA3	-2.3159	0.94394	1.2939
PGM2L1	-2.3354	1.0085	1.0102
KLHL35	-0.20566	1.2104	-1.6437
KCTD21	1.9243	0.27732	1.784
CRACR2B	1.7725	1.7245	2.3596
TMEM80	-0.47604	0.082166	1.7084
CCDC88B	-1.0324	1.0893	-0.020599
TTC9C	-0.017644	0.86342	0.81765
SLC22A24	0.70139	-0.76986	1.6326
RCOR2	-0.53568	1.8498	1.0111
HARBI1	1.7049	1.3468	0.66298
LOC283278	-0.9734	1.755	4.2869
IGSF22	-1.4176	-0.83042	5.369
OR10A4	0.47903	0.53432	-2.4968
OLFML1	0.53617	1.1653	-0.35028
OTOGL	-0.22455	1.5263	0.22798
ZNF740	0.81612	1.7255	1.6179
RASSF3	-0.58925	1.692	4.1801
B4GALNT3	-1.6309	0.069554	-0.19151
OR6C6	0.27286	-0.93961	4.1644
ANKRD52	0.18892	1.5995	4.367
SLC39A5	0.089936	1.4432	4.3825
SPRYD4	2.0806	0.69558	3.474
ADGRD1	0.78502	-1.5438	0.016724
MORN3	0.57994	1.5137	1.2812
PRLHR	-1.1727	1.397	1.0228
C12orf80	0.20162	-0.3676	-0.17026
DPY19L2	-0.2051	0.18057	-1.0156
CLEC9A	-2.0521	0.37371	0.71795
GAS2L3	-0.3129	-0.46457	-1.7171
MYO1H	0.22294	2.4428	1.5963
HECTD4	2.5294	-0.63672	2.4806
KSR2	-1.8714	0.61224	5.8674
GATC	0.66746	1.2878	3.8824
C12orf40	-0.72233	-1.362	-0.24327
MUC19	-0.28583	0.46512	1.6843
GXYLT1	-0.74442	-0.3808	3.9525
TMPRSS12	0.58307	1.9602	2.0269
CHAMP1	-1.7833	-0.21347	1.0195
GPR12	-0.58832	0.51312	0.58832
SIAH3	0.30109	-2.0883	-0.44338
KCNRG	-1.4039	0.87038	3.4833
SLC46A3	-0.99707	-0.067626	1.4347
GPR137C	0.65505	-0.30871	2.9926
PROX2	1.6415	2.1457	6.3093
ZDHHC22	-1.2555	-0.33585	2.2044
TMED8	1.6941	0.18548	0.75538
C14orf178	-1.362	0.68626	0.65578
C14orf177	0.064817	-0.76454	0.026584
SLC25A47	-0.80425	0.10731	1.9175
TSSK4	-1.2518	0.72159	0.37343
FAM177A1	0.66796	0.28703	2.1318
CEP170B	-0.58072	0.34563	0.30615
C14orf80	-0.73653	-0.50775	1.0488
SLC24A5	-0.5793	-0.081091	-0.75683
PRTG	-2.3521	0.30193	1.5403
REC114	0.21274	1.7147	1.5442
GOLGA6L2	0.86575	-0.34356	1.5784
UTS2R	-1.7639	0.86642	1.6705
LOC283710	-0.21427	0.73104	1.0916
SAXO2	0.72131	-0.013142	2.9512
FAM98B	-0.016102	0.42527	1.0292
PLA2G4D	-0.91986	1.0259	2.2186
GOLGA6L1	-0.73727	-0.81333	-0.33307
FAM169B	-0.72573	-0.67073	2.1996
GPR15	0.67896	-0.36846	2.4804
FBXL22	0.48637	2.9405	0.63875
NOMO2	-0.88499	0.73684	2.0445
CCDC79	0.45276	3.1103	-0.044056
CES4A	0.6441	-0.22042	3.0402
EXOC3L1	0.28983	-0.16757	3.744
NPW	0.12288	1.2337	1.1715
BRICD5	2.8143	0.5256	1.024
PGP	2.7612	0.5261	0.98205
C16orf54	-2.7327	-0.38292	1.921
INO80E	0.61896	0.016357	-0.56288
NUDT7	0.63726	0.25478	0.24589
ZNF843	0.55497	0.53538	-1.3624
NHLRC4	-0.6294	0.22829	3.9968
C16orf91	-0.0069307	-0.3527	3.7156
TMEM114	-1.4427	-0.16922	-0.60899
CLEC18C	-0.40564	0.87392	2.8064
FADS6	-0.046869	-1.4402	0.98538
HID1	-0.45033	-1.1021	3.6322
TSEN54	0.66769	-1.3119	1.0379
UBALD2	-1.7595	0.44402	1.9872
TMEM235	-0.54747	0.26585	0.030341
ANGPT1	2.2223	6.3301	5.9318
GPR17	0.39397	-0.77488	2.0357
CCDC57	-0.91887	1.6992	6.789
HEXDC	0.81275	0.80348	1.7463
VMO1	0.32025	-1.4123	-0.15036
C17orf58	-0.084588	-1.5721	1.3668
MILR1	-0.1674	-0.49791	1.0298
CDRT4	0.95025	-0.15148	-1.2525
KANSL1	-0.078436	3.5567	6.0775
C17orf105	0.55639	-0.45997	0.98902
FAM171A2	1.3033	0.2544	0.50957
C17orf104	2.004	0.063886	1.6234
TTLL6	0.66291	-0.27659	2.3291
C17orf47	-0.72085	0.81748	5.0207
NEK8	0.70405	0.40604	1.0841
PIGW	-0.14979	0.97977	0.105
C17orf78	1.4759	0.66812	2.4834
GPR18	-1.3924	-1.1429	1.0554
CISD3	-1.5904	2.3972	2.1143
GSDMA	1.9937	-0.62751	4.1252
SLC13A5	1.2541	1.2014	2.1966
TMEM102	0.12742	-1.2743	6.3805
PTRF	-1.5718	2.2582	-0.55198
SLC26A11	-0.42431	0.49556	0.69342
ENDOV	0.66364	0.64025	1.3595
GDPD1	-0.61986	0.78501	1.4946
C17orf89	-1.2435	-0.69302	0.80956
TMEM105	-0.67534	0.9702	0.65384
LGALS9B	-0.43608	0.56085	2.8326
GPR19	1.0951	-1.6095	6.4618
METRNL	2.263	1.8025	3.4276
LAMA1	-0.11937	0.17231	0.10001
KCTD1	0.39464	-0.2497	1.352
DYNAP	0.45255	0.23759	0.083196
BOD1L2	-2.5448	-0.26823	1.6559
SIGLEC15	0.33837	0.60353	-0.25605
ZADH2	-0.02453	1.9913	-0.33661
SMIM21	-1.2325	0.46335	1.9151
HMSD	1.221	-1.481	0.51686
SSC5D	-0.63007	0.087728	0.43457
GPR20	-1.4301	1.0352	-0.45783
ZNF547	-0.27466	-0.11825	2.6858
ZIK1	-0.58128	-0.67084	-0.086749
ZNF776	0.58427	0.21476	0.40178
ZSCAN1	0.84303	-0.25811	2.4239
ZNF780A	0.93198	1.3557	1.8627
C19orf54	0.50395	1.0066	0.98114
PRR19	0.47954	2.0644	1.1466
TMEM145	0.59286	2.185	0.99151
CXCL17	-1.3746	2.5211	-0.14903
ZNF575	-1.8396	1.6337	0.051618
LYPD5	-1.6792	-1.7674	-0.033145
ZNF283	-0.69622	-1.7093	-0.051301
PPP1R37	1.7958	-0.91806	1.4511
NKPD1	1.8512	-1.1919	0.54074
TPRX1	0.26849	0.7107	2.2746
MAMSTR	3.5655	-0.94556	0.14879
IZUMO1	2.8284	0.43014	0.36507
EMC10	0.046734	-0.98335	-0.71478
KLK9	0.9404	-0.38078	-1.4041
SIGLECL1	-0.53642	-1.4884	0.26745
ZNF615	-0.93043	0.53635	0.7745
ZNF841	-1.0579	-0.24797	-0.067942
ACTL9	1.0347	0.55783	-0.4882
OR2Z1	0.94318	0.76548	-0.48529
ZNF763	-0.1754	-1.1107	1.5312
ZNF844	-1.448	-1.0682	0.013301
GPR21	0.63487	0.89391	0.43941
SCGB2B2	1.9235	1.1472	-0.70404
WDR62	-0.49988	0.97203	0.22975
ZFP82	1.9093	-0.21619	1.61
VSTM1	-2.0507	-0.57048	-0.42463
TMEM150B	-0.071314	1.0062	0.25192
FAM71E2	0.30115	1.0535	0.67569
SMIM24	-0.84724	-0.55132	1.553
SLC25A41	-0.23445	-0.1005	1.4754
MBD3L5	-0.18451	-0.057269	-0.26231
OR10H5	0.73463	-0.0015525	1.4697
NWD1	0.14844	-0.92946	-0.11614
SLC25A42	-0.62358	1.0615	2.3768
ZNF493	1.4871	-0.84839	1.2318
ODF3L2	-3.066	1.1849	-0.012811
HKR1	2.0426	1.1011	1.9669
FAM19A3	-0.39228	3.2403	3.353
RIIAD1	0.75195	-0.42623	3.0296
THEM5	1.3548	-1.509	1.9452
C1orf167	3.0224	-0.25799	0.90726
GPR22	0.18489	-0.43525	2.3936
OR2L13	0.17106	-0.72768	-0.95344
SLC9C2	0.16776	-0.94396	-0.71858
OR14A16	0.62099	2.5029	-0.74051
CYP4A22	-0.28266	0.376	-0.57902
C1orf185	1.068	-0.15283	-0.79568
FAM102B	-1.5889	-0.21601	-1.0074
SYPL2	-1.362	-0.70591	2.9748
CYB561D1	-1.3544	-0.3324	2.492
ANKRD34A	-0.66551	2.0975	2.0774
RUSC1-AS1	0.84569	2.2025	2.4593
RSPO1	-0.13247	6.0972	1.9645
EPHA10	1.4163	0.31928	1.4429
C1orf204	-0.074313	-0.30925	0.55377
C1orf111	-0.66401	2.4489	0.72131
ZNF326	0.20792	1.3504	1.5156
BTBD8	0.45479	0.65515	0.34412
MCHR1	1.2464	2.23	2.3868
RIMKLA	-0.84386	0.32395	-0.05652
SLC25A34	0.72827	-0.092786	2.3452
C20orf197	1.4145	-0.18414	0.55692
SIRPB2	0.48504	0.43825	1.0195
GPR25	0.96883	0.57952	5.9835
C20orf203	-1.5841	-0.99594	1.8364
KRTAP13-4	-0.72549	-0.71869	1.8358
GPR26	1.3881	0.27605	1.9129
SEC14L4	-1.1013	-0.21566	0.99764
SH2D6	2.6036	-1.8307	2.9245
CCDC150	-0.91573	-0.66731	1.583
RNF149	0.45424	0.8508	2.8911
ANGPT2	0.074415	3.2298	3.7559
GPR27	-0.46749	-1.5503	0.91714
FAM150B	0.4387	-0.084238	6.1094
CCDC141	0.72008	1.3389	3.8365
C2orf61	-0.25319	1.0013	-0.079345
RTP5	-0.21983	0.88977	0.2219
LOC285095	-0.0055482	0.50555	0.64756
NKIRAS2	-1.6941	2.8941	2.7633
NKIRAS1	-1.7145	-0.53884	1.6486
DNAJC5G	0.11574	0.64902	3.8738
CDH19	0.98912	2.9436	-0.34182
DLL1	2.8403	2.4799	-0.044631
ERICH2	-1.1911	-0.51641	0.71965
IAH1	-0.37001	-0.096478	2.3108
FAM126B	3.3123	-0.46738	3.4991
UNC80	-0.43924	-0.53415	0.36706
RUFY4	0.7228	-0.60336	1.4029
RGPD4	-1.8031	-0.21115	-1.4692
DUSP28	0.2363	-0.46409	-1.6963
SLC9A9	-2.0632	0.47907	2.0709
GPER1	0.13935	0.93423	2.0329
EOGT	0.2141	-0.29334	1.1811
EPHA6	0.21852	0.27684	1.5235
FBXW12	2.3526	0.42665	0.81512
C3orf38	2.1924	-0.22795	2.8532
HTR3E	-0.35208	-1.1425	1.5292
ZNF619	-0.075711	-0.98689	2.5589
ZNF621	-1.0108	-0.47404	2.1494
RABL3	1.3371	0.88315	1.2979
GPR31	1.1551	-0.32635	-0.56394
C3orf56	1.2023	-0.52309	1.4511
IGSF10	0.20231	1.1815	2.0998
C3orf33	1.5066	2.0362	2.9148
CCDC66	3.2543	-0.51238	5.2423
SLC9C1	0.07507	1.9843	-0.0017621
TCAIM	0.21416	0.17374	0.93923
ZNF852	1.3556	0.73645	2.0794
ZNF660	1.3307	0.98678	2.5267
SUMF1	0.095219	1.1777	1.2732
RPUSD3	1.7091	1.1777	-1.5353
PRRT3	0.28508	0.061869	0.0073632
DPH3	1.7261	0.19213	0.11348
C3orf70	-1.2594	0.66555	-0.097104
TPRG1	0.11992	0.99248	0.17852
GPR32	-0.98733	0.34278	1.1793
LOC285423	-3.0116	1.3287	0.68985
DCAF4L1	0.14913	-0.50332	-0.28985
CYP4V2	0.37963	0.027303	0.72929
CRIPAK	-1.6816	1.2148	1.5834
DOK7	-0.76765	0.89952	-1.5316
RNF212	-1.2321	4.4689	-0.3399
LOC285500	0.97146	0.11928	-0.16205
GPRIN3	1.12	0.18869	1.3956
COX18	0.67272	1.5256	0.58945
YIPF7	-0.15761	-1.0975	1.5468
FRYL	-0.52686	2.0553	1.1418
RNF175	0.25017	0.24165	-1.0203
FAM200B	-0.065665	-0.43418	0.41508
STPG2	-0.88385	-0.49888	1.649
LOC285556	0.027408	1.0321	1.6434
EFCAB9	0.31157	-0.58419	2.1364
SH3PXD2B	0.2984	0.34941	2.0979
FAM153A	0.65987	1.1155	1.0702
ARL10	0.81955	0.354	-0.95728
GPR33	0.26656	-0.0083807	0.17367
KIAA0825	0.58436	1.2114	1.6274
GPR150	-0.48205	-0.12093	-1.4394
DTWD2	-0.82059	0.53743	-0.2452
RELL2	1.8612	-0.11339	5.9562
C5orf51	0.99979	0.33244	1.569
SLC36A3	-1.9192	-2.2977	-1.1014
KIF4B	0.024926	-1.5294	-1.7218
OR2V2	1.1749	0.2596	0.43557
C5orf64	0.79182	0.62347	1.7299
RNF180	0.63853	1.2176	1.4611
SREK1IP1	0.38336	0.57646	2.1362
ZNF454	-1.3512	0.51228	7.6334
C5orf60	-0.84731	-0.99045	1.9591
RGMB	1.0744	0.56657	1.7094
CEP57L1	1.6872	-1.1775	0.54568
PPIL6	2.3577	-0.52713	1.0271
DCBLD1	1.0639	-0.20416	2.0822
CAGE1	-1.7762	0.16472	1.8805
PRR18	-0.046926	-0.0087997	-0.4338
PNPLA1	0.14225	1.0249	-0.24372
TREML4	-0.71982	1.1353	-0.025061
RPL7L1	-0.004336	0.66616	2.1404
POM121L12	-0.2065	0.47371	-0.66563
CNPY1	-1.3657	0.88514	0.71502
GPR35	-0.20751	0.20249	0.44845
C7orf71	1.2063	1.3565	1.1641
SPDYE1	0.34121	0.044586	0.22315
TCAF2	1.0874	-0.32189	-1.1849
ZNF775	-1.5615	-1.5341	0.52887
ATG9B	-0.23132	-0.14225	3.7919
ZNF789	0.78403	-1.0904	-0.0043367
ANK1	0.60445	-0.75714	0.69178
LSMEM1	0.51744	0.56496	-0.22391
XKR6	-0.9002	0.21209	4.6637
NSMCE2	-0.64396	-1.7185	-0.32693
ZNF707	0.16553	0.52569	-1.3952
FAM83H	-1.3471	0.26024	-1.6352
MICU3	1.1342	-0.51974	-1.1949
GPR37	-0.99631	0.42161	1.3748
C8orf31	-1.4972	-0.78702	-0.98937
ZFP41	-1.023	1.0675	1.8716
SCARA5	0.51476	-0.46174	2.2729
TRIQK	-0.41177	-0.50699	0.040769
DPY19L4	-0.4259	-1.4604	1.7273
FBXO43	0.59662	-1.0795	1.903
NKAIN3	0.050656	1.0683	2.9766
PPP1R42	-1.6551	0.67376	1.0513
MLNR	-0.24951	-0.64245	2.3446
CRB2	-0.17647	1.1265	2.2374
SCAI	-2.6759	-0.59257	5.6652
C9orf117	0.35706	-0.62133	2.2818
C9orf47	1.0264	1.308	-0.095322
SPATA31E1	-0.81551	-0.027028	-0.92406
LOC286238	0.87545	0.47453	-1.3175
LCN12	2.1447	-0.41407	0.080476
TPRN	-0.90989	-0.46463	1.5491
GPR39	0.89531	-0.61444	-0.027358
TUSC1	0.4979	-0.5905	1.5441
FAM78A	-0.23427	-0.41028	-0.47574
LURAP1L	-1.6179	-0.74444	2.029
OR13C9	-0.77697	-0.74558	1.8309
OR13D1	-0.6032	0.45846	1.8185
FFAR1	1.7973	-0.7792	-1.1706
FFAR3	1.5811	-0.61939	-1.2357
ILDR1	-1.0849	2.4761	0.19925
FFAR2	-0.45408	0.88395	-0.48904
STON1-GTF2A1L	-0.50107	-0.86636	4.4673
TUSC5	0.78289	-0.75789	1.9352
GRK4	0.15607	-1.3499	0.055655
LIN9	0.039935	-1.0442	0.25501
TRIM59	2.6396	0.60599	-0.71734
KRT6C	0.38582	0.11622	-1.2302
GRK5	0.93174	0.31553	2.5685
ANK2	0.27413	1.9995	3.0886
GRK6	-0.73758	-2.1491	4.5825
TRIM42	-0.49646	2.522	1.0014
MKNK2	0.24316	1.3151	0.48945
GPS1	0.95153	1.1806	6.2163
GPS2	-0.81591	-0.94032	2.462
GPT	-0.064208	-0.38771	1.3755
GPX1	1.6999	0.585	4.5717
GPX2	0.45624	-0.47818	1.251
GPX3	-0.39743	0.029516	-1.2255
GPX4	3.5209	-1.1367	-1.044
ANK3	-1.0883	0.27204	8.1139
GPX5	1.3822	0.042218	3.55
GPX7	1.2269	-0.31371	2.3595
GRB2	0.79898	-0.15407	1.9138
GRB7	1.9971	0.41945	4.9703
GRB10	0.030543	2.9631	2.3952
GRB14	0.043866	3.4997	1.0899
RAPGEF1	0.031511	1.5865	-1.1714
GRIA1	-0.49616	-1.3275	0.2829
GRIA2	-0.64762	-0.64103	2.5809
GRIA4	0.39278	-0.24534	7.9513
GRID1	-0.46516	-0.22182	1.3148
GRID2	-0.4833	-1.3697	1.7757
TRIB2	-2.0598	4.7586	3.7984
REM1	1.8461	2.1088	3.1006
DEXI	-1.2033	0.033059	1.488
LAMTOR2	-0.021369	0.57446	1.7812
MRPS28	0.81821	-0.34706	-1.8315
COA3	-1.7698	0.73833	-0.93665
TMEM176B	0.67415	0.40401	2.9986
GRN	1.4128	0.50768	0.55021
DCPS	-1.9072	-0.83192	3.573
OSTM1	-0.13691	0.42454	1.0837
GIT1	-0.10504	1.0922	0.85765
SLC27A6	-0.049402	0.89951	0.21166
SNX24	-0.88572	0.029235	-0.44474
SLC6A16	-0.55638	-0.24795	2.0982
BZW2	-2.6009	0.70876	-0.2505
GRIK1	-1.0088	0.19967	3.2956
C11orf54	0.53091	0.38021	0.38866
AAMDC	-0.68019	-0.28012	-0.62959
SPCS1	-1.0456	2.8013	2.2697
MRPS18B	2.3161	1.4415	0.94008
C19orf53	0.69093	0.56743	-0.64553
ACAD9	0.20387	-0.26561	-0.02197
MRPL42	2.5182	-1.4146	-0.87141
TMEM14A	-0.26023	-0.88632	-0.76989
GRIK2	-1.0594	-0.99493	1.097
IFT81	0.74942	-0.38495	0.65037
FLVCR1	1.0731	0.39983	1.1035
TMPRSS11E	0.37388	1.6438	0.22574
RGCC	-0.035429	-0.3854	0.38022
NOB1	-0.36618	1.5505	0.60498
DBNL	-0.22531	-0.038366	0.052188
NTMT1	0.0044118	0.56449	0.29338
GRIK3	1.4346	0.044338	-0.27653
ASTE1	-0.96498	-0.74022	2.0011
COMMD5	1.7752	-0.065002	3.7124
MACROD1	0.67021	2.1059	0.6256
MRPL13	-3.3536	0.42045	1.8552
KLF15	1.6128	0.25912	1.8395
ABR	-1.3346	0.67937	1.4024
ANPEP	0.39929	0.49011	0.77124
GRIK4	-0.67351	1.1305	2.2285
GRIK5	0.024086	0.55443	2.5042
SLC43A3	-0.02139	0.45467	2.2465
GRIN1	-0.92722	-0.036513	0.81248
ATAD2	0.22037	4.3343	-0.89291
GRIN2A	2.6394	0.63847	8.3225
C16orf72	1.0142	0.23612	1.5529
GRIN2B	-1.3799	0.87371	8.642
GRIN2C	0.27578	-0.73097	1.2815
TMEM230	0.8676	-1.6556	1.9378
GRIN2D	-1.8471	-0.83107	0.55206
WDR91	0.36023	1.1412	2.1078
ZCCHC4	-0.35969	-0.28676	2.0345
ZC3H7A	-0.17054	2.2139	1.5124
ZBTB44	1.9979	0.44396	0.84495
GRINA	2.6683	0.57454	0.04474
CCDC113	0.76006	1.2642	0.51753
SETD2	0.84948	-0.1048	3.4578
MRPL18	-0.54788	0.32887	-0.39371
NDUFAF4	-0.87628	1.7525	0.27257
MED4	1.4472	0.53501	-0.11353
NR3C1	-1.6412	1.0375	4.4461
CCDC59	-0.46573	0.37637	0.59322
METTL5	0.080073	0.51875	0.67294
CHMP4A	-1.2062	0.73173	0.5863
GTPBP8	0.23596	0.60718	1.4188
PHPT1	1.8469	0.29367	-1.136
BABAM1	1.6691	0.70618	4.4475
THYN1	0.41595	0.22091	1.4895
MRPL15	1.3616	2.4315	-0.097312
UBE2T	-0.41927	2.4859	0.39201
ARHGAP35	2.1479	1.1152	1.2402
TIMM21	-1.586	0.053167	0.13558
STXBP6	-0.019084	2.7142	1.0569
MRPL22	0.066172	-1.1822	-1.1075
LGALSL	-0.95747	1.5368	1.7084
ORMDL2	1.8928	-0.62001	7.7642
CNIH4	-0.89219	-0.52772	-0.13832
RANGRF	1.3578	-0.72423	2.8525
COMMD9	-0.81303	-1.7245	-0.36673
SLC25A4	-0.35755	-0.45135	0.34015
TMEM208	0.082008	0.20536	3.771
SSU72	-1.4185	1.6233	3.3316
DROSHA	-0.88322	-1.1868	-0.84125
DNAJC15	0.90706	1.1493	-1.6714
N6AMT1	-0.75589	1.7055	0.78741
CFAP20	-1.4265	1.4266	0.36507
SCG3	0.65255	2.5091	2.1831
NXT1	-0.15224	0.32549	1.8607
PYCARD	1.4525	0.62504	0.37591
FHOD1	-0.044791	0.18854	3.21
GRM1	0.027953	-1.2835	1.232
TBK1	-0.71804	1.4399	1.218
C6orf15	5.7395	1.9561	1.2944
TAGLN3	-0.64169	0.24178	1.5323
SAP30BP	-0.9293	-0.42204	-0.17092
MYLIP	0.044709	0.86133	1.8329
BRD7	0.60703	1.9403	1.1061
DDX25	-2.3755	-0.76906	2.598
CTNNA3	-1.4547	-0.37158	3.6435
GRM2	0.9654	-0.05547	-0.45752
PRSS50	-0.38337	-0.57189	0.73493
ANKRD11	-2.9227	0.88179	1.2468
LGALS13	-1.0428	2.3792	-0.14182
C11orf21	-1.7273	0.96883	0.74633
CD274	1.2175	0.50783	-0.86371
RACGAP1	-0.93124	0.46789	1.3859
UHRF1	0.080463	0.51487	1.8509
GRM3	-0.79198	0.64923	4.7748
GRM4	1.8008	0.71636	-0.16508
GRM5	-0.63791	2.4011	1.8904
GRM6	-1.6175	-0.24131	5.9677
GRM7	1.124	0.18031	2.1815
GRM8	-1.8461	1.0745	3.0989
CXCL1	-0.53555	0.79543	1.2773
CXCL2	-1.8318	-0.32143	1.5543
CXCL3	-0.84501	-1.4408	1.8557
GRP	-1.3045	0.41322	1.675
PDIA3	1.5037	2.201	1.9945
GRSF1	0.27821	0.82157	0.49229
GSC2	-1.756	-2.3028	1.6357
GSK3A	-0.57693	0.90836	1.4983
GSK3B	-0.43876	0.53405	-0.44789
GSN	1.314	1.2193	0.12722
GSPT1	-0.48702	0.36636	0.89575
GSR	0.4166	2.7618	1.0112
GSS	1.242	0.36211	0.97951
GSTA1	0.96497	0.28536	0.61441
GSTA2	0.65894	0.29376	-0.3675
GSTA3	1.0578	1.2643	0.677
GSTA4	0.47413	1.8079	0.0078178
GSTM1	-0.20573	-0.47295	1.3515
GSTM2	-0.27215	-0.87202	1.1906
GSTM3	0.89993	-0.57968	-0.34444
GSTM4	-0.013802	-1.5187	1.3653
GSTM5	-0.18222	-0.29855	-0.29014
GSTP1	-0.62096	-0.9847	2.9091
GSTT1	0.27103	-1.1052	0.76103
GSTT2	-1.1503	-0.35756	-1.8382
GSTZ1	1.1155	-0.3723	-0.2047
MSH6	0.019362	-1.0324	3.1962
GTF2A1	0.11374	1.0262	0.58481
GTF2A2	2.896	2.5896	4.6598
GTF2B	1.7519	-0.32646	1.6927
GTF2E1	1.1303	1.1948	0.64431
GTF2E2	1.2141	3.5863	2.0646
GTF2F1	-0.25184	-0.29584	-0.49011
GTF2F2	-0.7675	-0.31701	1.206
GTF2H1	0.68012	2.2077	0.66822
GTF2H3	-0.025542	-0.55425	2.0644
GTF2H4	2.7174	2.0125	2.7236
GTF2I	-0.85281	-0.58146	-0.89893
GTF3A	-1.7202	-0.12211	2.0988
BRF1	-1.0395	0.29411	-1.8362
GTF3C1	-1.0119	-1.1013	0.85952
GTF3C2	-0.36278	-0.10368	3.7607
BLNK	0.84763	2.6458	0.64606
USP25	0.6467	-1.1045	0.61159
PACSIN3	1.0956	4.0086	2.8919
TMOD4	-0.46689	1.4404	3.9036
TMOD3	-1.1204	1.6658	2.7356
TMOD2	-1.6978	1.7502	2.5379
GUCY1A2	-0.0042618	-0.80948	-0.33114
CARD10	1.2222	-0.73338	3.547
ABT1	1.7109	0.24483	6.7915
GUCA1A	-2.5814	0.55896	0.4916
PARVB	-0.073481	-0.4843	1.5431
NCAPH2	0.70385	0.30412	0.70514
CYP2S1	2.8267	-1.1617	2.345
OLA1	-0.1399	1.5783	2.0523
GUCA1B	-1.9108	0.042102	0.11613
UQCR10	-0.84395	1.5317	3.1295
C2orf27A	1.0347	0.77524	-1.149
YPEL1	-0.31845	0.46198	0.74405
GUCA2A	1.0028	1.5912	1.5101
ZDHHC1	-0.5083	-0.14771	5.3613
ZDHHC8	-0.79153	-0.93558	-0.1707
VPREB3	0.43233	-0.83087	1.296
REPIN1	-1.602	-1.0483	0.77478
GUCA2B	1.5521	1.4508	1.7696
GUCY1A3	1.1716	-0.73523	0.63608
GUCY1B3	-0.27486	1.5376	0.92951
GUCY2C	-0.64185	-0.95369	-1.4483
GRHL1	1.1496	1.2572	0.36278
TFCP2L1	-1.7983	0.35685	1.6776
SENP1	-0.61022	1.9677	4.4474
TFPT	-0.8678	-0.71266	-0.48074
TRPM5	1.2761	0.016262	-0.39464
ICOS	-0.3284	-1.6213	-1.0143
UBN1	1.0681	0.9255	1.2289
GUK1	0.35142	0.20578	0.42308
ALG5	-0.27255	-0.42209	3.1784
NPC1L1	0.8666	-1.6196	-0.13729
ANAPC2	-0.92173	-0.20153	1.5387
CNOT7	0.79317	0.39234	4.3866
SNX8	-0.22011	0.60133	3.4925
SNX10	-2.0552	0.37006	0.016217
STRN4	2.7447	1.208	-0.12946
GNL2	-0.1216	6.249	1.2181
RBM15B	0.86553	0.22812	0.97774
PSMC3IP	0.45388	1.9491	1.3278
CPSF1	1.3234	-0.76962	1.1528
MYLPF	-1.0515	1.4099	2.3871
TRA2A	-0.65062	0.4714	1.0564
GPSM2	-1.4461	-1.1592	-0.38228
GUSB	0.82159	1.0012	0.94381
SAC3D1	0.44156	1.8228	0.59662
FAM216A	0.39083	0.056301	-0.19548
CCDC106	0.63659	0.31107	2.0584
EEF2K	-0.025999	-0.50515	0.72571
ST8SIA5	0.15152	0.30656	1.7955
SNX15	-0.068154	1.889	1.6656
GPR171	0.34267	1.0445	1.0163
HOOK2	-0.99383	2.2753	0.14388
UBIAD1	-0.42078	0.012312	3.3665
HCFC2	0.69368	0.70726	0.90369
SNX11	-0.98651	1.3566	3.1979
C18orf8	1.2199	1.4693	-0.05933
GYG1	0.13436	1.0949	1.1892
PYCR2	-0.81873	1.1697	0.57535
NME7	-0.086308	1.2977	2.0813
HILPDA	0.80432	1.774	0.24066
EPN1	0.60186	0.5995	1.833
GMPPB	0.80243	0.43503	3.8136
GMPPA	1.1737	1.3094	3.2354
SEC61A1	-1.2023	-1.9628	0.54487
TIMM22	0.2113	-0.32343	1.4742
ALG6	0.86492	-1.067	0.1376
GYPA	-0.24916	0.13649	0.92003
PCDHB1	0.43898	-0.36476	2.0481
GPR132	-0.28875	-0.78195	0.32835
NENF	1.5402	0.18324	1.3788
GYPB	1.6465	0.50334	0.38579
DSE	0.81986	1.7985	5.0212
PKN3	0.65661	0.90805	1.7637
PURG	-0.88363	2.1254	1.0731
PADI1	0.029841	-0.6727	0.77924
ANAPC4	-0.1653	-1.243	2.1229
SERTAD3	0.27782	0.27187	2.7477
DNMT3L	0.22801	2.1794	0.50179
OSGIN1	-1.1564	-0.88052	1.6948
IL19	-0.91799	1.9833	1.8941
GYPC	-0.45943	-1.5899	0.74252
SERTAD1	0.11927	0.58749	2.5777
PDZRN4	0.30544	-0.78673	3.5672
DPP7	-0.48176	0.39137	-0.45848
TRHDE	1.0227	1.1722	0.22276
POMT2	0.75004	-0.27176	0.25667
CERS2	-0.13203	1.3021	4.4624
SLC25A24	-1.5825	1.4429	0.32979
DMGDH	-0.094402	0.57179	3.2563
NRBP1	0.47002	-1.1494	3.4211
GYPE	0.88655	-0.12599	-1.2289
FTSJ2	-0.5323	0.89224	3.9636
PRICKLE4	0.69903	1.5339	1.0873
CDIP1	1.4264	-0.011009	2.2697
STRN3	-0.61231	0.31499	3.2383
LRP12	-0.85015	1.113	-0.34567
PSAT1	0.21414	2.8976	0.74957
MDFIC	-1.423	-0.0094781	0.896
GYS1	0.41162	0.56989	2.0449
SCHIP1	1.7741	1.6315	2.6206
A1CF	0.57552	1.3987	2.1344
UBQLN1	2.2135	0.38532	4.1278
GYS2	1.5459	-1.0728	-1.024
DONSON	0.29516	0.75542	1.9422
NRBF2	-0.18811	1.6519	1.6914
RHOD	1.7099	-0.25489	1.2818
SLC39A3	-0.23277	0.72897	0.020653
SLC39A2	-0.18393	-0.78056	-0.95645
SLC2A8	-0.9553	2.1494	-0.85976
OBP2B	2.2047	1.3963	0.63649
GZMH	-0.4825	0.17823	0.41832
PILRB	5.5458	-0.072208	2.7167
OBP2A	1.6367	0.78732	0.26198
PILRA	5.6987	-0.19984	3.0352
PACSIN1	2.365	0.0028354	4.172
BAZ2B	0.6178	0.53282	1.6213
LMCD1	0.57252	0.15262	-1.1021
GLTSCR2	-0.92029	1.4643	2.5503
GLTSCR1	0.84678	0.42873	1.2783
FSCN3	-2.3336	0.55528	2.6523
ACAA1	0.78209	-1.1984	2.6197
GUCY2D	-0.84744	1.5841	4.524
TNPO2	-0.386	2.4945	1.6973
ERO1L	1.2112	1.7345	2.6059
EFEMP2	-1.3104	3.9263	2.9135
TBX21	-0.75666	1.255	0.69004
GZMA	0.7892	-1.9734	1.2238
NXPH1	-1.5408	0.38023	2.0968
TLX3	1.7679	2.3489	-0.46073
GZMB	-0.55717	-0.18786	0.07659
GZMK	2.4054	-1.8546	1.1492
GZMM	-2.2331	0.094304	2.4866
H1F0	2.4986	4.2434	-0.23407
HIST1H1C	1.6794	1.1607	6.6692
SLC40A1	0.46002	2.4751	0.066762
RAX	-1.9293	-0.10973	1.6783
HIST1H1D	0.27891	1.3905	2.5768
HIST1H1E	1.264	2.2773	5.616
HIST1H1B	1.7729	0.82499	7.6659
ANXA1	-1.2667	-0.83416	3.5822
HIST1H1T	2.0882	0.82748	5.5272
HIST1H2AE	0.21331	1.3159	2.7479
HIST1H2AD	0.050624	1.655	2.9394
H2AFX	0.45701	-0.2228	2.9756
H2AFZ	-1.1288	4.1965	1.9012
HIST1H2BD	1.1473	2.2371	4.7676
HIST1H2BB	1.7363	1.1162	6.6497
ANXA2	0.18371	1.5779	2.6932
H3F3A	-0.43908	-0.74679	0.97335
H3F3B	-1.4001	0.67935	1.7194
HIST1H1A	1.6266	1.4704	6.764
HABP2	0.77886	-0.016643	0.24442
HAGH	-0.7862	0.81956	-0.18579
HADHA	-0.20558	0.95641	0.043637
HADHB	-0.10077	0.98243	-0.010855
HADH	-0.37608	0.97692	0.27203
HAL	1.4765	-0.54671	3.3405
HARS	-0.92904	-0.29561	3.2972
HAS1	0.24084	-1.6569	-0.33704
HAS2	1.157	0.58587	0.69145
HAS3	2.0593	-0.8749	0.50171
HBA1	0.31647	0.358	3.4395
HBA2	0.25267	0.27127	3.4217
HBM	0.16468	0.20517	3.2479
HBB	0.14898	-0.17375	0.23363
HBD	0.19505	0.035031	0.52365
HBE1	0.27275	0.77104	1.3368
HBG1	0.30787	0.19336	1.2113
HBG2	0.28907	0.35373	1.2764
HBQ1	0.2316	0.29158	3.2959
HBZ	-0.36912	-0.20238	2.3524
SERPIND1	-0.59891	0.78014	-0.70588
HCK	-1.3154	-0.4185	1.717
HCLS1	-3.2037	0.88928	0.074125
ANXA3	1.6346	-0.40002	4.5343
HCRT	0.31438	1.7247	0.74417
HCRTR1	0.42303	1.5963	0.92349
HCRTR2	-0.56266	0.18673	1.8059
HTT	-1.7548	-0.60548	1.1368
HDAC1	-0.032687	-0.91302	0.45973
HDAC2	0.22321	0.10778	-1.1778
HDC	-0.75003	-0.81152	-0.37133
HDGF	2.3714	1.0625	2.0635
HDLBP	-0.78757	0.92375	2.5921
ANXA4	-0.25655	1.2031	0.64309
HELLS	0.48228	-0.58185	-0.077386
NCKAP1L	0.5678	1.3292	2.2301
HEXA	0.1238	-0.46712	1.1208
HEXB	-2.0354	0.078865	1.4919
CFH	9.6745	0.13662	4.2792
HFE	2.1664	0.76017	5.8337
CFHR1	8.5914	-0.48958	1.9892
ANXA5	-0.99137	0.021183	0.85217
CFHR2	6.5121	-0.97084	2.3434
HGD	1.8157	1.5309	2.3677
HUNK	-0.94876	-0.74272	-0.3866
SOX8	-0.058575	-0.98769	2.1293
VSX1	-1.1174	1.0887	3.9476
PLA2G2E	0.41143	1.0336	0.55184
ST6GALNAC6	0.5153	0.8256	1.071
ERVW-1	2.3756	0.33143	0.61392
ADGRE2	-1.6343	-0.11763	0.76646
KCNIP3	-0.70092	1.3336	2.6401
KCNIP2	-0.7306	-0.35932	3.5992
HGF	0.085587	-0.093345	0.73972
KCNIP1	0.88921	0.22807	0.95786
CXXC1	0.77985	-0.067793	0.61746
HGFAC	-0.57586	1.9866	-1.7587
ZNF354C	-1.8294	-0.077996	-0.41305
NT5C	0.61988	-0.28028	1.8712
ZNRD1	0.5345	1.9538	1.024
CD209	0.16014	-0.28654	-0.42573
DNTTIP2	-1.8293	1.0717	3.3512
SOCS7	1.2944	0.18132	0.36168
NRG1	-1.4439	-0.3901	0.58291
EHD4	0.70561	1.1276	1.5645
EHD3	0.77711	0.2219	1.3612
EHD2	-1.1637	1.0587	2.9747
PIK3R4	0.083767	2.1856	1.5791
CDR2L	-0.40909	-0.44218	3.15
TAX1BP3	-0.27835	0.98451	0.82166
HHEX	-0.92767	1.2008	1.3054
ANXA6	-1.4516	-1.242	0.16324
HIC1	4.4954	2.1768	1.2525
HIF1A	-3.2836	0.24777	-0.32463
HIP1	-0.97218	3.3742	1.2221
HINT1	-1.4717	0.50557	4.7378
HIVEP1	-0.69528	0.70019	2.5797
STOML2	0.20403	-0.90877	1.9887
HIVEP2	-1.2073	-0.48308	2.0733
HK1	-0.31244	0.52669	-1.0459
HK2	-0.66378	1.9313	2.283
ACACA	0.99338	0.68838	1.5552
ANXA7	0.64575	-0.57264	0.12889
HK3	-0.99988	-0.86491	1.0288
ZBTB48	0.09311	-0.43434	1.8252
HLA-A	2.5893	4.1844	1.4085
HLA-B	6.0117	2.0322	1.0401
HLA-C	3.3874	2.8853	0.67747
HLA-DMA	2.7815	1.7406	2.5827
HLA-DMB	2.5504	1.9125	1.8538
ANXA11	0.25068	2.9257	-1.6428
MNX1	-0.14657	0.23904	0.50233
HLA-DOA	2.9409	1.7668	2.7903
HLA-DOB	3.525	0.65191	2.4406
HLA-DPA1	2.2003	0.26898	1.5093
HLA-DPB1	2.0497	0.1821	2.247
HLA-DQA1	7.6022	0.44485	1.9943
HLA-DQA2	0.86143	0.72614	3.1512
HLA-DQB1	7.3535	0.58101	2.0849
ANXA13	-2.4978	0.77392	0.61179
HLA-DQB2	1.5025	0.33371	2.7079
HLA-DRA	2.8047	1.6366	2.4245
HLA-DRB1	4.2993	0.8025	1.8321
HLA-DRB5	3.5506	0.59297	0.15834
AOAH	-0.022054	-1.4198	0.41421
HLF	-1.1142	-0.023456	3.9648
HLA-E	1.8137	2.5042	2.0676
HLA-F	2.2449	3.0633	4.0272
HLA-G	1.1491	3.5365	2.7716
AOC2	-2.394	0.60679	-0.39207
MR1	-1.4416	0.10544	1.8691
HLCS	0.74576	-0.95941	1.7872
HLX	1.3213	1.959	1.3983
HMBS	0.43489	-0.10335	3.1159
HMGB1	1.1839	-0.72978	3.7207
HMGB2	0.31825	0.80374	0.49743
HMGN1	1.8588	-0.054983	1.7185
HMGN2	3.7395	-0.66096	-0.066503
HMGCL	0.91616	0.78327	-0.21586
HMGCR	2.3352	1.2094	0.33292
HMGCS1	-0.6207	0.89521	0.98914
HMGCS2	0.5288	1.619	0.65037
HMGA1	1.0137	1.6966	0.80487
AOX1	-0.50019	0.069658	1.3102
HMMR	-0.022391	-0.21654	-0.40514
HMOX1	-0.037256	-0.51243	0.030729
HMOX2	1.4995	0.67366	2.6801
NR4A1	0.55292	0.0061614	0.84491
HMX1	-0.33476	0.59183	0.26391
HMX2	3.8588	-0.85451	0.57113
FOXA1	-1.1865	0.65452	-1.0194
APAF1	-0.4905	-0.64437	0.50075
FOXA2	1.2965	-0.42379	0.82905
FOXA3	2.4436	1.4421	2.2657
HNF4A	1.5089	-0.24401	1.0012
HNF4G	-0.11628	-0.8931	2.64
ONECUT1	0.24855	2.5947	1.0232
HNMT	-0.84893	0.75908	0.5644
EIF4E3	0.17804	-0.84762	1.239
FAM149B1	1.1098	-0.42108	0.25774
RFESD	0.10779	0.47443	-0.85473
SLC29A2	0.29239	2.0962	1.8407
VN1R2	-1.6612	-0.505	-0.020319
VN1R4	-1.5682	-0.95375	-0.25667
VN1R5	1.1911	1.3185	1.7835
KLHL10	-0.30757	1.587	3.1145
DHRS4L2	-0.79015	1.1435	1.0654
C14orf39	3.1626	7.6176	5.0733
CCDC85C	-0.79738	-0.046568	0.65007
HIST2H2AB	1.1933	2.3147	3.2103
DDX51	0.56747	2.1409	0.23232
HNRNPA1	1.3097	0.58945	4.3314
NUDT2	-0.58867	1.69	0.070551
HNRNPA2B1	0.78682	-0.26205	1.1288
HNRNPAB	-0.61083	0.91226	0.84057
HNRNPC	0.38366	1.694	2.0869
HNRNPD	-0.21964	0.99331	3.5085
HNRNPF	1.2368	-0.25103	0.79346
HNRNPH1	-0.89747	-0.85314	1.7246
HNRNPH3	-0.39852	0.11881	2.3262
APOF	1.0437	1.3522	4.392
HNRNPK	1.0909	1.2095	1.3631
TTC6	-0.45642	-0.47124	0.45928
HNRNPL	-0.9189	0.61421	1.7186
TAAR6	-0.10107	0.81862	0.77357
KRT73	-0.7339	1.7555	-1.1167
HNRNPU	-1.7894	1.1041	0.83823
TLX1	-0.26438	-0.65204	6.0803
TLX2	-0.12435	-0.47964	2.2941
HOXA1	-0.24771	0.22754	0.67303
HOXA2	-0.37174	0.21794	0.50429
ACACB	0.12173	1.6266	1.7846
APBA1	1.1965	-0.49028	5.471
HOXA3	-0.064376	-0.10517	0.081437
HOXA4	-0.010632	-0.33014	-0.094886
HOXA5	-0.1471	-0.82199	-0.21216
HOXA6	-0.19678	-0.74813	-0.16665
HOXA7	-0.027569	-0.78484	-0.16948
HOXA9	0.091254	-0.92572	-0.51356
HOXA10	0.22575	-1.0128	-1.8007
HOXA11	0.033056	-0.91635	-1.7066
HPCA	0.61013	2.155	0.72009
HOXA13	-0.29866	-0.53275	-2.6829
APBA2	-0.63486	-0.36806	-0.46544
HOXB1	0.24737	0.72751	2.0582
HOXB2	-0.15541	0.93211	2.0621
HOXB3	-0.8746	1.3082	2.1278
HOXB4	-1.2334	1.4403	2.0089
HOXB5	-2.1069	1.737	2.0294
HOXB6	-2.3535	1.6191	1.9232
HOXB7	-2.3582	1.457	1.8364
HOXB8	-2.2619	1.3738	1.7927
HOXB9	-2.0876	1.3224	1.6285
APBB1	-0.0032923	-0.79442	0.10742
HOXC4	-0.68469	-1.1925	1.7887
HOXC5	-0.76992	-1.4995	1.9624
HOXC6	-0.71733	-1.46	1.9764
HOXC8	-0.15746	-1.5294	2.0563
HOXC9	-0.013019	-1.2412	2.0932
HOXC10	0.50954	0.91803	2.2401
HOXC11	0.72758	1.2227	2.1547
HOXC12	0.84578	1.7331	1.2352
HOXC13	0.65329	1.5323	1.1521
APBB2	-0.61362	0.49857	-1.2281
HOXD1	0.1513	-0.46239	1.9548
HOXD3	-0.54336	-0.64771	1.4097
HOXD4	-1.5929	-1.6158	1.3036
HOXD8	-1.7209	-0.24018	1.8161
HOXD9	-1.7947	-0.30609	2.6722
HOXD10	-1.8942	-0.16767	2.5009
HOXD11	-1.9526	-0.2356	2.2115
HOXD12	-1.7825	-0.090303	1.8989
HOXD13	-1.8961	-0.11339	1.8311
APC	-1.0327	1.8442	0.54319
HP	0.40367	0.46667	2.8527
HPCAL1	-1.3531	0.28066	-1.1856
HPD	0.43261	0.77755	4.6889
HPGD	0.2406	-0.27328	1.6625
HPN	0.027804	1.1925	-1.3536
APCS	0.15319	1.9143	1.0521
HPR	0.59885	0.10111	2.9365
HPS1	-0.79651	0.10038	0.26542
AIRE	0.11311	1.9138	0.018438
HPX	-0.91945	-1.2171	0.92072
ZAR1	-0.13193	1.9632	1.1212
HRAS	1.3743	0.41995	0.43586
RAB37	1.6335	1.3134	1.4138
MMAB	-0.5819	2.7034	1.643
AGFG1	2.2419	-1.0179	1.8612
AGFG2	2.1516	0.69683	2.6031
HRH1	-0.89788	0.76583	3.412
APEH	0.84408	-0.39677	5.0176
HRC	0.8419	-0.57355	0.53622
HRG	-0.096291	0.18927	2.9553
HRH2	-0.29172	0.2725	0.79824
PRMT2	-0.15814	0.72834	1.4291
PRMT1	1.2725	-2.5781	1.377
SERPINA9	-1.039	-0.69063	-0.80785
APEX1	-1.9903	0.2286	0.9777
HES1	-0.4098	0.73549	1.6621
HSBP1	0.32059	0.43567	0.59053
HSD3B1	0.47699	-0.94066	2.7068
HSD3B2	-1.0412	0.40619	3.3015
BIRC2	2.0516	0.9034	0.70999
HSD11B1	1.22	0.63546	0.36662
HSD11B2	-0.21459	-0.43533	5.2833
HSD17B1	0.12014	2.1238	1.3717
HSD17B3	-2.0738	1.1	-1.6253
HSD17B2	-1.3232	0.29982	-0.44454
HSD17B4	0.81162	-0.55896	0.55634
HSF1	0.57813	-0.33833	0.81046
HSF2	0.039062	3.5504	1.3661
HSF4	0.19379	-0.057359	3.7193
ACADL	-0.5314	0.5433	1.2889
BIRC3	2.3038	1.8295	2.5229
DNAJB2	-1.1526	-1.6403	0.62277
DNAJA1	1.5175	-0.83862	1.0001
HSPA1A	6.1094	1.544	4.1105
HSPA1B	6.1094	1.6175	3.9228
HSPA1L	6.1094	1.4012	3.9321
HSPA2	-0.14287	0.74646	3.6018
HSPA4	1.2512	0.19696	4.4856
HSPA5	-1.4171	-1.5047	6.0239
HSPA6	0.56147	0.56529	-0.92879
HSPA8	0.25562	0.11469	0.93219
HSPA9	-1.1787	-0.054081	0.96618
HSPB1	0.85603	2.1834	1.1844
HSPB2	0.68932	-0.27535	1.1892
BIRC5	-1.0026	0.0073208	-0.1204
HSP90AA1	1.3616	-0.91402	-0.14647
IGSF3	-1.3753	0.33745	1.4107
HSP90AB1	1.1098	0.3004	1.078
HSPD1	0.41858	0.91362	-0.39284
APLP1	-0.87167	0.62065	1.903
HSPE1	0.4632	1.0937	-0.41358
DNAJB1	0.10489	0.4861	-0.23505
DNAJC4	0.31903	2.5449	0.35649
HSPG2	0.25132	0.10286	2.2503
PPM1J	-0.64336	3.3375	3.5892
SNAI3	-0.18646	0.75982	1.4912
HIST2H3A	1.345	1.7421	2.9116
APLP2	-0.19856	1.8551	1.0184
NDST1	-0.64189	1.3886	1.6207
FOXN2	-1.1825	-1.062	3.9679
HTN1	-1.5436	1.4134	0.30358
HTN3	-1.6591	1.423	-0.11822
APOA1	2.6152	1.4979	3.4774
HTR1A	0.59025	0.59859	0.6444
HTR1B	-0.40736	0.47587	-1.1066
HTR1D	1.3001	0.27523	1.7265
HTR1E	-0.21828	-0.92118	-0.2378
HTR1F	0.87412	0.47584	-0.091178
HTR2A	-0.44672	1.5097	-0.15263
HTR2B	-0.38439	1.1237	0.67088
HTR3A	2.1404	0.32921	0.51297
APOA2	0.70993	-0.90402	0.33681
HTR4	-0.47453	-1.1006	0.77174
HTR5A	-0.02085	-0.26926	2.4475
HTR6	0.73701	1.2758	-0.34973
HTR7	1.9357	-0.19683	1.0556
HUS1	2.5418	1.4184	-0.28425
APOA4	2.3961	1.2028	3.3496
TNC	-0.43741	1.1879	-1.0848
HYAL1	0.68134	2.2635	0.55388
IAPP	-0.98284	1.3185	1.3787
IARS	1.4587	2.1153	0.18697
UBAC2	-1.0374	-1.019	1.2999
CHSY3	-0.92563	2.5642	3.6262
KRTAP7-1	-0.032236	0.17547	0.66324
KRTAP8-1	0.25872	0.21658	0.76141
KRTAP11-1	-1.5914	0.18063	-0.24818
KRTAP19-1	-1.115	-0.73271	1.9336
KRTAP13-2	-0.58339	0.38241	-0.082435
KRTAP13-3	-0.66325	-0.62945	1.8483
KRTAP23-1	-0.15379	0.41734	-0.39314
KRTAP6-1	-1.2333	-0.66189	1.7504
KRTAP6-2	-1.2075	-0.76607	1.7496
KRTAP6-3	-1.1374	-0.9415	1.7575
KRTAP19-2	-1.1983	-0.88817	1.9076
KRTAP19-3	-1.187	-0.72283	1.8939
KRTAP19-4	-1.1782	-0.58627	1.9214
KRTAP19-5	-1.0487	-0.48951	1.9315
KRTAP19-6	-1.032	-0.75307	1.7437
KRTAP19-7	-0.89679	-0.61999	1.7406
KRTAP20-1	-1.2049	-0.73246	1.7475
KRTAP20-2	-1.6096	-1.3373	1.6893
KRTAP21-1	-0.90437	-0.25268	-0.42388
KRTAP21-2	-1.3146	-0.28482	0.86582
KRTAP22-1	-1.2	-0.73147	1.7575
KRTAP20-3	-1.6108	-1.4797	1.7109
APOB	0.041625	0.4042	-0.49192
FAM151A	-1.5596	0.9138	1.035
IBSP	-0.67756	0.21451	1.4101
ICA1	-0.14125	-1.501	2.4614
ICAM1	0.72783	1.2925	3.5496
NLRP9	-0.51644	0.7477	2.1741
NLRP10	0.40892	0.14098	-0.80929
NLRP14	2.0087	0.56033	3.8703
S100A7A	0.24696	0.38227	1.0824
GPIHBP1	-1.1059	1.2375	1.8252
IFNE	0.469	0.027214	0.86167
TAS2R60	-0.64315	0.92641	2.5339
ICAM2	-0.34203	-1.5291	1.3276
ANO9	0.18491	2.1399	0.53255
HCAR2	0.5649	2.0165	0.73664
ICAM3	0.21584	0.0081515	2.1074
FFAR4	-0.22341	0.64602	0.12112
KCNK18	1.1203	0.71492	2.1603
ST8SIA6	-1.3982	0.38185	0.26261
DUPD1	0.36912	1.6836	0.4884
ICAM4	0.74389	1.3639	3.1418
LUZP2	0.46358	0.27648	1.4727
CCDC84	1.2415	-1.7051	1.1996
TMEM225	0.12537	2.3766	1.2865
OR8D4	0.79286	2.2947	1.5116
LOC338667	-2.4206	0.0057165	1.138
OR5F1	1.5213	-0.13965	2.1606
OR5AP2	-0.09681	-0.060872	3.2778
ANKRD13D	2.0008	-1.1999	-0.63878
ANKRD42	-0.57684	-0.05174	3.3882
B4GALNT4	-1.7643	2.771	-0.091105
OR52L1	-0.66522	1.2272	0.32563
OR2AG2	1.3609	0.4354	-0.79198
C1QL4	-1.5992	-0.16855	-0.80364
TMEM119	-1.3509	0.64478	2.4006
KRT79	-0.83414	0.78351	-0.15343
C12orf74	0.024702	1.9418	1.3851
FAM19A2	0.81731	-0.78248	2.9466
SLCO1B7	-0.33655	0.37686	0.45454
C1QTNF9	0.030934	-0.28828	-0.84259
RNASE10	-2.2589	-0.40315	-0.29572
VSX2	0.39713	-0.10309	5.4576
TMEM202	0.034906	-0.057167	1.0363
PRSS53	0.53404	0.34539	1.4706
RAB43	1.1481	-0.23991	0.44831
JMJD8	1.5153	-0.46357	0.07167
FAM92B	-0.685	0.11578	0.54962
TMEM95	-0.64644	-2.0103	1.6968
METTL2A	-2.5988	0.80363	3.0197
CCDC144NL	0.33436	0.51864	-0.55319
C17orf67	-1.0826	-0.45499	0.89964
ENPP7	-1.4054	-1.0351	1.0897
OXLD1	4.4469	0.66785	7.5335
CCDC137	4.2697	0.58084	7.1111
ARL16	2.8111	0.19275	6.7365
C17orf51	-1.2081	0.75995	0.92383
MSL1	-0.016548	-0.58978	-0.57333
LRRC30	-2.8157	0.32616	0.94678
CPLX4	-0.058639	-0.40979	1.8187
ZNF181	0.19861	0.59365	-0.35269
ZNF260	0.49642	-0.45579	1.303
ZNF546	1.3244	0.83994	1.0442
MYPOP	1.9246	0.7107	2.619
NANOS2	1.197	-0.051232	2.5051
ADAMTSL5	0.19734	-1.5437	0.83918
CLEC4G	-0.85138	0.16209	-0.33555
LINGO4	1.4593	-1.1874	2.7601
IRF8	-0.67161	-1.122	1.4213
RXFP4	0.68168	2.417	0.1536
ANKRD45	-0.15245	0.055036	-0.13928
C1orf174	0.94808	1.8518	1.3372
KLHL17	0.74823	0.57627	3.725
TMEM240	-0.88878	1.7703	2.465
TMEM52	-1.9884	-0.89911	0.67844
BRINP3	0.88074	0.14582	2.763
ZBTB8OS	2.1023	0.73931	-0.18441
TFAP2E	-0.96015	-0.28333	0.25089
ZNF678	-0.5352	2.6675	-0.44518
PRSS38	0.67393	1.065	2.4196
C1orf110	-0.20177	0.75474	-0.22529
C1orf228	-0.5896	-0.6419	-0.82501
ZFP69	-0.65757	-1.9425	2.5879
ICT1	-0.66414	-0.24551	2.6097
SLC35E4	-0.14135	0.75853	-0.37213
TEX33	0.79032	1.0551	-0.39419
ID1	1.8583	1.7427	3.4691
SPOPL	0.79974	0.078924	0.3033
CYP27C1	-1.141	-0.82979	-0.10576
MROH2A	-1.055	-0.27783	-0.29729
ESPNL	-1.4052	0.50637	0.60197
C2orf70	-0.71906	0.75361	2.3965
PRR30	-1.3302	-0.61109	1.8036
ID2	0.25069	0.25344	0.9504
C2orf74	1.1181	-0.22124	1.3181
CCDC39	0.11812	0.40901	0.033111
CCDC36	1.9609	1.8371	1.1721
KY	2.9753	-1.8374	3.5291
LOC339862	-1.029	-0.73709	0.85015
C3orf35	-0.0025802	-0.21956	1.4012
GADL1	0.74121	1.2717	1.2812
ID3	-0.50824	-0.26139	2.9453
PRSS42	-0.85888	0.3922	0.55117
CCDC158	0.8918	-0.38887	1.2431
TMPRSS11A	-0.061421	1.8322	0.005282
TRIML1	0.11948	0.24114	0.55438
LRRC66	-0.079031	0.58707	-0.69942
NAT8L	-1.2122	0.76621	2.1536
ACADM	-0.27349	-0.28293	0.87466
ID4	-1.1027	-0.067963	1.2029
SLC6A19	-0.36087	1.8753	-0.79069
TMEM173	-1.3299	0.45243	1.4337
FAM170A	1.0172	-1.5647	0.22143
ARSI	1.8277	-0.20074	1.3836
ANKRD34B	0.12264	-0.080423	2.0685
SLC35D3	0.75025	0.27036	1.7353
ZC3H12D	-0.72851	-0.021709	1.7155
MYLK4	-2.1336	0.24973	1.8234
DPPA5	-0.19748	-0.063213	1.4521
CLPSL1	0.62956	0.59744	0.77812
TREML1	0.75466	-0.088679	0.38115
ZNF680	-0.5067	-0.29626	2.0816
UNCX	4.1386	-1.5234	-0.8054
COL28A1	0.61051	1.1612	0.003095
ABCB5	0.51839	1.1232	1.7505
FAM221A	0.026586	0.53826	1.0179
CTAGE6	1.0874	-0.55317	-1.3696
TSPAN33	0.69852	0.53491	3.2265
AGBL3	-0.53147	1.7999	0.61874
KLHL38	0.63958	2.9898	1.4108
NRBP2	-1.8723	0.97443	1.0842
ZNF517	1.7344	-0.16793	3.3516
TMEM249	2.1818	-1.1515	0.4419
RSPO2	1.0106	1.1893	2.0018
POTEA	-2.1559	0.53437	0.45586
ZDHHC21	1.552	1.9539	-0.71685
ACER2	-0.8361	0.66604	-0.11577
LIPM	-1.9072	1.0538	0.58397
CYP26C1	0.72014	1.0261	1.4008
VWA2	-0.51778	-0.70532	0.23982
NANOS1	0.62395	0.88001	1.5589
LRIT2	-0.55159	0.91797	6.8483
HMX3	4.6378	-1.103	1.0367
MALRD1	-1.7814	0.10868	0.10084
EBLN1	0.53498	-0.59565	2.2655
OR52B6	-1.9953	1.168	1.3694
OTOG	-0.48174	-0.69908	1.8987
APOC1	6.9847	2.4018	5.3831
DCDC1	0.97119	0.59228	2.381
C11orf53	1.052	-0.15855	0.018628
MS4A10	1.7489	0.095738	0.66069
OR2AT4	-1.9444	1.3766	-0.89579
HEPHL1	0.30302	0.2003	1.088
OR10A2	0.69766	0.66966	-2.0803
OVCH2	-1.3599	-0.9635	0.77189
SMCO2	1.2849	-1.1068	1.8408
OVCH1	0.020276	0.8704	0.4949
SYT10	1.257	-0.92965	-0.0075889
ANKRD33	0.029714	-0.76218	2.9713
OR6C2	0.72049	-0.23366	5.2845
OR6C4	0.18874	0.5028	2.3711
H1FNT	-0.48904	1.2609	2.5635
OR8S1	-0.0080708	-0.72148	2.217
IDE	-0.46022	2.8908	2.6613
FREM2	-0.26711	0.88482	0.22544
NEK5	1.7326	-0.77361	1.2514
IDH1	-1.0332	-1.418	2.1127
OR6S1	0.58489	0.87356	1.6607
IDH2	0.46567	-1.7315	-0.99848
SLC35F4	-0.67625	0.49999	0.38029
IDH3A	2.6248	0.39302	-0.042121
COX8C	-0.36968	0.088211	-0.9144
IDH3B	-0.62166	-0.55905	-0.15817
GLDN	-0.56246	1.51	0.61844
GOLGA6A	-0.8754	1.8599	2.7965
TMC3	-0.69902	0.28277	0.91555
ZNF774	1.9624	1.5769	1.2281
FMN1	-1.6327	0.90165	0.049182
IDI1	-0.12383	-0.11436	1.0157
C16orf96	0.68032	-0.62045	1.8331
ZKSCAN2	0.28969	0.88995	0.54147
ATXN1L	1.0219	0.17477	4.1889
PKD1L3	0.15285	0.40788	3.9112
IDUA	0.0029368	1.3696	0.24081
CD300E	-0.3955	-0.31148	0.88984
SMTNL2	-0.89568	-0.5584	0.17729
NACA2	-2.4008	1.0077	4.3407
KRT27	1.7684	0.21932	0.27535
CFI	4.5408	-0.030765	2.3109
SLFN14	-0.31448	0.33201	-0.23218
STAC2	1.889	0.80551	6.1509
IFI16	-1.634	-0.68019	0.65994
ANKRD62	0.27166	1.2938	1.5809
VSTM2B	-0.87669	1.4544	0.89064
ZNF850	0.92376	0.52929	1.9454
NCCRP1	-1.9109	0.69875	3.188
SYCN	-2.17	0.74808	3.2265
IFI27	-1.1606	0.81554	-0.95265
LEUTX	0.39123	-0.62016	-0.2032
ZNF404	-0.29258	-1.943	0.34778
ZNF284	0.38663	0.16469	1.3876
C19orf81	0.062825	-0.29891	2.4654
ZNF677	-1.2275	-0.40019	0.41062
RFPL4A	-2.4669	0.60009	2.1296
ZSCAN5B	1.5466	-0.56367	1.1093
ZSCAN22	0.019617	0.57215	1.4493
NANOS3	0.73267	0.6344	1.113
PALM3	0.70196	-0.38621	1.0793
AQP8	-1.2026	1.153	1.8244
IFI35	-0.99988	0.53365	2.6715
RD3	-1.1303	0.086381	0.61751
AADACL4	0.94001	0.36907	0.24596
HNRNPCL1	0.0088729	0.53861	-0.35031
PRAMEF10	-0.10101	1.489	-0.29568
CCDC18	-1.9615	1.6346	0.24265
SP110	1.5721	0.60023	1.5242
OR6F1	-0.56955	-1.4181	-1.2208
OR2W3	0.065194	0.54847	-0.46232
OR2T8	0.21555	-0.3354	-1.266
MYBPHL	-1.273	-1.0366	2.1918
IFIT2	-1.3467	-1.0773	2.177
IFIT1	-1.8298	-0.42937	1.8874
OR10R2	0.58884	-1.9228	2.1529
FCRL6	-0.84394	0.36214	0.66211
KCNT2	8.1653	0.56369	1.5139
BARHL2	0.40789	1.9134	6.4908
NBPF7	-0.43444	1.0751	1.053
TCTEX1D4	-1.461	0.53674	-0.0064256
OR2T29	-0.83551	-0.088201	0.64406
ARHGAP40	-0.21119	0.19253	1.7676
RSPO4	-0.36988	0.54213	-0.57385
TGM6	0.21738	0.92689	0.97164
IFIT3	-1.3509	-1.073	1.8339
XKR7	-0.4644	0.22323	1.852
IFNA1	0.78228	-0.06742	1.8043
MSGN1	0.46435	0.61168	-0.28114
KIAA1211L	-1.4207	-0.95971	1.2072
APOC2	5.7172	0.98126	3.9707
IFNA2	0.4861	-0.099692	1.4269
FIGLA	-0.63159	1.6464	2.5484
NOTO	0.87339	-0.96631	3.0926
IFNA4	-0.94924	1.1515	0.73364
NCKAP5	-0.24583	-0.25503	3.0209
FOXI3	-0.64016	0.1536	3.012
EVX2	-2.0136	-0.089472	1.2237
IFNA5	-1.2522	1.4142	0.61126
IFNA6	-0.41897	0.58091	1.0561
CDKL4	0.0073286	0.85978	1.0147
IFNA7	-1.0855	0.92789	0.6661
IFNA8	1.1449	-0.72771	1.8828
GPR148	-1.2217	0.15368	-0.53984
IFNA10	-0.97372	0.87601	0.58922
LRRIQ4	0.31946	-1.0699	0.045191
SAMD7	-0.24971	0.9276	1.1504
IFNA13	0.030424	0.33594	1.1788
AADACL2	-0.03663	-0.77308	-0.66858
GPR149	-2.5662	0.71554	-1.7179
ZNF860	-0.46261	-1.693	1.0762
IFNA14	-1.141	0.5572	0.49331
TMPRSS7	-0.19119	-0.15885	1.019
CD200R1L	-0.022976	-0.56022	2.2273
PAQR9	1.075	-1.236	-0.1483
RTP2	1.0064	1.6771	3.0709
IFNA16	-0.91922	0.91358	0.54292
OSTN	1.3887	0.79234	-1.2959
ATP13A5	-0.68682	0.22167	0.69433
APOC3	2.5936	1.3788	3.4298
PRSS48	1.123	0.98136	1.2561
SOWAHB	-0.62343	-0.78747	1.6631
IFNA17	-0.94338	0.69913	0.52911
LRIT3	2.1438	1.0393	1.3948
IFNA21	-1.4214	1.5024	1.0697
MSANTD1	-1.1484	-0.029411	1.052
SLC10A6	0.93198	1.5959	3.5412
HSD17B13	1.4685	-0.1775	2.2128
IFNAR1	0.37254	2.1981	2.1928
PFN3	0.66149	-2.5741	1.2424
ZNF879	-1.9924	-0.64463	-0.030529
IFNAR2	1.335	1.1476	0.5163
PLCXD3	1.3497	2.4554	1.4912
IFNB1	-0.59281	1.1264	0.84339
IRGM	-2.1765	0.78419	0.9098
MCIDAS	2.0476	-2.3653	1.5152
ACTBL2	0.37529	-0.17833	0.57693
FAM174A	-0.29819	0.90778	0.16387
MTX3	-0.43374	0.24299	4.6457
IFNG	0.38652	-1.0953	-0.15759
RSPH4A	1.0428	0.043278	2.4925
IFNGR1	-2.1532	1.3072	-0.60405
ECT2L	-2.6275	-0.065553	1.7073
APOC4	4.8874	1.2929	4.0705
IFNGR2	-1.4912	0.4469	2.5915
EYS	0.11793	0.3854	-0.62243
ZNF391	0.28748	-0.79565	3.4478
ZFP57	4.4338	2.5667	3.654
SEPT14	0.168	1.2265	0.068795
MACC1	0.40791	0.94683	1.3344
OR6V1	0.61342	-0.77391	0.050278
OR2A12	0.094542	0.71764	-0.036678
GNAT3	-1.0276	-0.30948	-0.11434
MOGAT3	2.4907	1.8711	1.6011
FAM71F2	0.69187	1.8449	0.91946
STRA8	0.09984	0.37838	2.048
KLRG2	-1.6561	-1.1657	2.1956
IFNW1	-1.5933	1.2368	2.2634
APOD	-0.33533	-0.12578	2.9533
SLC10A5	-0.15545	0.62135	-1.4974
ADGRD2	0.086745	-1.1978	2.2923
QRFP	-2.3806	2.4727	-1.2634
OR1J1	-2.0441	0.034662	0.31588
OR1B1	-1.4114	0.30731	1.6218
KIF24	-0.47742	1.7285	0.14343
IGFBPL1	0.63695	0.80467	-0.39676
MURC	0.28616	1.3056	1.2195
IFRD1	0.0033001	0.60074	4.0328
TUBB8	0.43529	-0.67	0.51836
LRRTM1	-0.92402	-1.0547	0.16775
LRRTM3	-0.08798	-0.84319	2.2519
CATSPER3	0.067056	-0.43729	1.2049
TUBB2B	1.5841	-0.9922	1.511
SLC35B2	1.2604	0.18855	1.1965
SERINC2	1.8989	0.42903	0.36701
NME9	1.323	-0.35107	2.6576
OTOP3	-0.29525	-1.1664	2.6712
C6orf52	-1.8357	-1.0747	-0.48727
TBX10	-1.771	-0.51844	1.2422
PDDC1	-0.24195	1.9034	2.8694
IGF1	3.1781	-0.21528	5.5901
AMIGO2	0.036327	-0.70046	1.8493
APOE	7.7988	2.7966	6.217
IGF1R	-1.2098	-0.28828	6.7111
TMEM255B	0.93436	0.56289	1.95
RBPMS2	1.7557	1.3101	-0.58944
ANKDD1A	1.642	0.05726	0.59836
IGF2	-0.77808	-0.44042	0.044407
ARPIN	0.21686	-0.3399	-0.39065
ACSM2B	0.54406	0.10281	0.69832
CLEC18A	-1.6376	1.3722	2.0854
CTU2	-0.20802	1.4622	1.2084
IGF2R	-0.33564	0.76447	1.5846
SKA2	-0.36798	0.02926	2.9312
FAM195B	2.0247	0.045175	2.4842
IGFALS	-0.64011	1.4201	-0.25743
SELV	-0.74261	3.2694	1.0832
ZNF530	-0.74504	-0.42849	-0.51807
FAM159A	0.81132	-1.1206	3.2148
IGFBP1	0.57947	-1.1562	-2.2171
FAM131C	-1.2853	0.070847	1.5734
IGFBP2	0.93377	0.33198	0.77687
IGFBP3	2.0791	-1.113	-1.303
C22orf34	-0.083945	0.97403	-0.63132
GEN1	-0.34153	2.0166	0.60694
IGFBP4	-0.2013	0.68837	0.40909
C2orf48	-1.1955	0.47332	1.3291
WDR53	0.21119	1.8889	-1.5101
IGFBP5	0.9258	-0.99649	1.6102
LNP1	2.038	1.9717	6.1987
CCDC37	1.0253	1.6331	3.3599
IGFBP6	0.37377	0.62121	2.0942
SLC6A18	0.15985	2.1989	-1.0021
NIPAL4	3.8044	-0.44086	-0.98485
HCN1	-1.1335	1.7858	5.4517
NUP43	0.43378	0.92298	-0.59656
IGFBP7	4.5485	0.18247	1.9744
ZNF713	1.3707	0.84385	-0.70426
CYR61	-1.1614	2.8141	0.68698
WDR86	-1.0918	-0.85862	5.3502
GJC3	3.5703	1.2439	3.665
IGH	-1.6284	1.0676	0.38701
NMNAT3	0.09836	0.46342	2.6529
PLET1	-0.6983	-0.53179	1.6553
RTN4RL2	0.91982	1.8913	2.6345
ACADS	1.3681	-0.092424	4.4165
APOH	-0.52746	2.3647	1.2993
GPR142	-0.050406	0.69594	0.077765
IGHMBP2	1.2581	2.4103	0.41606
APP	2.0838	2.7583	-0.080183
JCHAIN	1.5793	-0.67109	1.8624
RBPJ	3.1547	0.63234	-0.59109
DNAAF3	2.6472	0.40931	2.1019
GATS	4.0383	-0.35977	5.0867
C6orf58	-1.4017	-0.15305	1.1143
APRT	1.1684	2.9272	0.20055
ZNF429	1.7018	-1.1824	1.8227
RAET1G	-2.1199	1.0496	1.0934
RILPL1	-0.027078	1.5373	1.4565
LCE1A	1.6116	0.4931	-0.088981
LCE1B	1.6249	0.46086	0.28077
LCE1C	1.4952	0.20888	0.27362
LCE1D	1.4778	0.17009	0.28698
LCE1E	1.3364	0.23506	0.18858
LCE1F	1.153	0.26648	0.22051
LCE2A	2.4774	-0.15341	-0.62637
LCE2C	1.9368	-0.13341	-0.46576
LCE2D	1.8933	-0.56361	-0.57827
LCE3A	1.3988	-0.52848	0.06487
LCE3B	1.3511	-0.59785	0.020993
LCE3C	1.4907	-0.17002	0.07707
LCE3E	-0.28656	-1.2005	2.961
TBC1D26	0.59743	-0.0028145	-0.35114
TAS2R42	0.83484	0.64978	0.074261
ZACN	-1.3332	0.60819	1.3818
SLCO4C1	-0.39591	-1.4409	4.5897
KAAG1	0.68372	0.61903	2.0698
PADI6	0.88224	-1.2083	1.2684
ZNF445	1.2913	-0.018576	2.2598
KRT26	1.9021	0.23216	0.17157
RGSL1	1.3607	0.9895	2.4579
ANKRD37	-0.50085	0.74688	1.0534
KRTAP12-2	-1.3399	-0.94999	-1.019
SPATA12	1.2443	-0.015742	2.2809
KRTAP12-1	-1.8018	-1.0661	-1.0062
KRTAP10-10	-0.85928	-0.5992	1.1129
GPR141	-0.047835	0.83933	-0.058402
ZNF233	0.36241	1.8128	-0.41382
TICAM2	-1.007	1.7832	1.5641
POLN	0.23168	-0.053018	2.1787
IGL	-1.2159	0.9007	0.27176
BMP8A	0.00049348	0.81608	1.2423
LILRA5	3.3522	-1.2251	0.79878
KLK3	-0.67918	0.94218	-1.6268
IGLL1	-1.0651	-0.29202	-0.025872
IHH	0.10238	-1.9188	2.7957
FAS	-0.79815	-0.63306	-0.79964
IK	-0.45136	0.32889	3.7903
IKBKB	0.97902	-0.27676	0.24613
IL1A	0.75525	-0.65665	0.23951
IL1B	0.32024	-0.68528	-1.1789
IL1R1	-0.004579	0.063557	1.2945
IL1RAP	-0.17665	-1.1286	-0.3254
IL1RN	0.037047	-0.60451	1.229
IL2	-1.1227	-0.87093	0.28334
IL2RA	0.09122	0.61045	1.4823
FASLG	-1.3855	1.6333	0.31027
IL2RB	-2.3245	-0.044	1.7416
IL3	0.41354	1.8084	1.5155
IL4	-0.46588	-1.1875	0.1351
IL4R	0.52423	-1.2011	-0.0018191
IL5	1.6136	0.13539	1.2639
IL5RA	-0.64725	0.1096	0.71279
IL6	-1.7422	-1.8122	0.61534
IL6R	0.87337	0.502	2.6139
IL6ST	-0.92504	-0.64531	-2.4697
IL7	-0.53925	1.2049	0.78075
IL7R	1.0104	0.80535	1.2789
CXCL8	-0.7021	-0.34727	1.1159
CXCR1	-0.41423	0.6873	2.6673
IL9	-0.26519	0.24028	-0.27255
CXCR2	0.28499	0.20043	1.8883
AQP1	0.80966	0.7611	1.3056
IL10	-1.2119	1.8774	1.8398
IL10RA	0.4227	-0.78687	0.26077
IL10RB	0.047621	2.193	1.4472
IL11	0.19505	1.0023	0.80467
AQP2	0.10848	0.91451	1.2656
IL11RA	-2.079	-0.56634	0.79448
IL12A	-0.063357	-1.3835	1.5306
IL12B	-0.29414	-0.14536	3.4694
IL12RB1	0.85381	-1.1662	3.4869
IL12RB2	-0.48481	-0.84675	0.077345
IL13	0.64073	-1.1412	-0.7399
BPIFB3	0.72752	-0.63036	1.6283
FAM101B	0.97578	0.76742	-2.2996
IRF2BP2	-0.37726	0.89786	2.8927
ACADSB	3.4839	-0.85996	3.9565
AQP3	-2.4394	-0.9804	1.5122
IL15	-1.6388	0.27135	0.25528
ZBTB41	7.3857	0.70613	1.0989
IL15RA	-0.44924	1.8172	0.8556
TMPRSS9	-0.47409	0.73427	0.83932
GLT6D1	-0.83109	-0.083719	-0.085735
PRAC2	-0.85712	0.41374	0.46818
PRSS41	-1.0776	-0.066684	0.12167
IL16	-0.14564	1.8434	0.87223
TNFRSF9	1.9223	1.2245	1.6472
IL17A	1.2717	1.1481	0.51749
IL18	-1.4845	0.33623	1.2516
FOXK2	1.8368	0.16777	1.1993
ILF2	0.49218	-0.51176	1.3568
ILF3	-0.44884	0.098853	0.65764
AQP4	-1.053	-0.43651	3.9337
ILK	-0.34771	0.78217	-0.51579
IMPA1	-0.047978	0.72227	-1.7057
IMPA2	1.1605	0.58471	-0.28892
IMPDH1	0.91319	1.4796	0.56936
IMPDH2	2.7482	2.2855	2.2165
IMPG1	1.0252	-1.5221	4.077
INCENP	1.6708	-0.25735	-0.36015
AQP5	-0.0013697	0.77726	1.3249
IDO1	-0.71249	-0.24268	0.47541
ING1	1.0269	0.24257	1.0838
ING2	-0.019036	-0.91169	-1.0025
INHA	1.6192	1.3225	1.6698
INHBA	0.48636	-0.68551	1.3788
INHBB	1.8986	0.7937	1.1053
INHBC	-0.046654	0.3807	3.6679
CXCL10	-1.3155	0.69321	-0.60748
INPP1	-2.1437	-0.96603	0.98682
AQP6	-0.058231	0.61937	1.4071
INS	-1.4819	-0.14978	0.54991
INPP4A	-0.24108	0.34123	4.9556
INPP5A	1.2524	-1.9929	2.5197
INPP5B	0.38166	2.6481	2.2444
INPPL1	-0.60738	-0.049981	-0.25339
INSIG1	-0.68494	1.7155	-0.078977
AQP7	-3.1739	-0.48987	1.7101
INSL3	1.3551	0.20731	-0.37706
INSL4	-0.2945	-0.19151	0.45733
INSM1	1.2543	-0.35143	0.84502
INSR	0.74461	-0.47375	0.16619
INSRR	0.14161	1.1542	2.6317
EIF3E	1.5229	0.59743	3.1009
PDX1	1.2595	-0.46871	-0.22684
IPP	-1.8227	1.092	2.1811
ITGA6	0.16346	-0.42909	1.8997
IRAK2	0.10372	0.84664	-0.086259
IREB2	0.44272	1.698	3.8404
IRF1	1.3462	1.6234	1.5428
AQP9	-1.4287	-0.97341	0.31078
IRF2	1.4917	-0.00043191	1.8938
IRF3	1.1103	-1.2083	1.4179
IRF4	-1.604	-0.4696	0.34884
IRF5	1.9814	0.39466	-0.072247
IRF6	1.0012	0.14552	2.366
IRF7	1.1673	0.3163	2.5172
IRS1	2.5147	0.39344	-0.023637
ISG20	-2.3325	-1.0233	3.8474
ISL1	-0.31882	-1.06	2.8021
ISLR	0.49132	1.9418	1.6001
ITGA1	-0.18652	2.6464	0.68873
ITGA2	-0.034984	0.10311	0.82187
ITGA2B	1.095	0.69431	0.18366
ITGA3	1.0571	0.32524	0.65443
ITGA4	1.0998	2.0666	3.2782
ITGA5	1.9037	0.39852	1.7272
ITGA7	2.0362	-0.3048	6.1094
ABCC6	0.27786	-1.0487	0.85192
ITGA9	-1.3206	1.5594	0.59664
ITGAD	1.0244	0.2781	-1.246
ITGAE	0.64548	0.46562	0.26982
ITGAL	-0.55209	-1.1978	2.9267
ITGAM	0.77382	0.62041	0.23657
ITGAV	-0.47344	0.81451	1.9638
ITGAX	1.3753	0.38825	-0.15879
ITGB1	0.73608	0.91038	0.94352
ITGB2	1.0241	-0.59714	1.7071
ITGB3	-1.154	2.6208	1.4869
ITGB4	-1.0908	-0.28668	1.1995
EIF6	-0.52462	-0.59872	2.1714
ITGB5	-1.5737	3.0565	-1.4012
ITGB6	-1.0219	1.1174	4.1915
ITGB7	1.1886	1.5069	1.7231
ITGB8	0.35859	1.2291	1.3446
ITIH1	-1.7482	2.7113	1.9358
ITIH2	0.42707	-0.52037	0.0076414
ITIH3	-1.9454	2.5157	1.6038
ACADVL	0.21926	0.13713	4.2115
ITIH4	-1.7589	2.3559	1.2644
ITK	0.61524	0.1072	-0.33446
STT3A	-2.2625	-1.4448	3.0318
ITPA	-0.42824	0.87169	4.8148
ITPK1	1.159	-1.33	0.72315
ITPKA	0.56364	-0.74867	2.3177
ITPKB	0.83494	1.2844	6.161
ITPR1	-2.2689	2.2911	1.2222
ITPR2	2.3409	4.2945	6.8827
ITPR3	2.8411	-0.75755	1.9034
IVD	1.1844	1.6473	1.6842
IVL	1.1101	-0.074145	-1.058
JAG2	-1.2629	-1.1349	0.10619
JAK1	-0.10643	-0.23205	-0.24201
JAK2	1.0967	-1.6248	0.12831
JAK3	0.84825	0.2906	0.10133
ARCN1	0.46349	-0.81398	4.9188
JARID2	-0.66868	-1.3191	4.7498
JUN	1.477	-0.37022	3.2026
JUNB	-1.1664	1.8294	0.091266
JUND	0.83618	-0.028164	3.722
JUP	-1.8102	0.5358	0.51448
TRIM23	-1.6478	-0.19283	1.1408
GSTK1	0.46723	-1.0165	-0.59412
CD82	-0.34695	0.19502	1.7833
KARS	-0.5409	1.3395	0.99507
USP50	1.7074	0.74628	4.7349
KCNA1	0.66413	1.799	1.4612
KCNA2	-1.9157	-1.2168	0.91999
KCNA3	-1.8399	-0.21581	1.3283
USP41	0.060881	1.0163	-0.41307
DND1	-0.88096	-0.3279	3.3988
KCNA4	-1.6932	-1.0902	6.1094
AREG	-0.9301	-0.070688	-0.78196
KCNA5	0.61962	2.2481	4.5758
KCNA6	-0.028066	-0.9483	1.695
CDRT1	-1.0435	-0.30222	-0.39135
NDUFS7	0.46321	2.1484	0.50725
KCNA7	1.0946	0.43814	-0.10041
PTCHD3	0.013855	0.94542	1.3879
NHLRC2	0.37739	2.538	1.1673
CCDC172	0.30132	-0.09861	0.487
GALNT18	-0.96572	-0.80908	0.89928
NCR3LG1	0.45782	2.5473	2.4856
FAM111B	-0.91814	0.42114	-0.90254
TMEM179B	-0.18771	0.90291	3.35
KCNA10	0.19763	-1.3172	1.5083
TBC1D10C	2.0804	-0.817	2.4771
DNAJB13	-1.2794	0.98709	2.6532
KRT77	-0.16325	-0.35194	0.57616
PTPRQ	-0.38446	-0.17304	1.1617
C12orf42	0.50901	1.1022	1.117
KCNB1	0.78424	-0.1824	0.22126
ASPG	0.50073	1.1505	3.0793
KCNC1	-1.19	1.8515	1.2064
TEX9	0.16363	0.19626	1.9075
KIF7	-0.88938	-0.15662	1.7805
ZNF710	0.52809	-0.66233	-0.46905
HDDC3	2.0493	-0.64137	1.6219
KCNC2	1.4637	0.35131	2.4976
TEPP	0.6046	1.8324	-0.74448
SPEM1	-0.094325	-2.0671	6.1344
EFCAB5	0.089686	3.3867	0.86277
KCNC3	1.8449	-1.5058	0.0025416
LRRC37A3	-1.0595	0.37216	1.1458
ANKRD30B	-0.34077	-0.31031	0.94753
CCDC178	-1.7532	0.6426	-0.28574
ATP9B	-0.24485	-1.0979	2.7767
C19orf35	-0.44304	-0.22901	1.6725
HSD11B1L	-0.37188	-0.82538	0.28272
C19orf45	-0.19729	0.37749	1.9174
ZNF699	-1.5844	1.1203	0.28063
TMEM205	-0.54416	0.60925	-0.12247
YJEFN3	0.00225	0.51168	6.1094
SBSN	0.62816	0.58854	1.2922
ZNF829	1.0795	-0.21129	2.4917
KCNC4	0.20397	0.57892	-0.2448
ZNF568	0.86677	0.30028	3.8368
B3GNT8	1.2632	-0.5353	3.337
IGFL1	1.8835	0.075191	0.28385
C19orf68	0.46442	-0.86805	-0.54113
ZNF773	-1.6328	1.0822	0.94501
DRAXIN	-0.080472	0.5414	-0.72209
SPATA21	-1.6977	-0.037127	1.6972
CCDC23	-0.33938	1.141	1.3419
TEX38	-1.8011	0.56024	0.41525
MROH7	-1.7847	-0.41206	0.20513
FAM73A	-1.8237	-1.2031	1.1564
ARF1	0.098161	0.55319	0.51267
PEAR1	0.47365	0.87803	1.8028
SFT2D2	-1.2583	1.2253	2.564
MIA3	-0.11611	2.9889	0.42599
C1orf95	0.70066	0.2108	2.4704
FAM89A	1.5953	2.9413	-0.09993
KCND2	-0.16121	0.96395	-0.2551
PFN4	-1.3735	1.1108	0.26964
FAM228B	-0.63488	0.57365	0.29124
KCND3	1.3204	0.15209	2.9766
ANKRD36	-2.3805	0.3426	2.5827
RBM43	0.069864	2.4072	0.62572
CERKL	1.2053	1.7979	3.471
KCNE1	-0.99134	2.1842	2.8533
CATIP	-0.14812	1.937	2.9182
RBM44	-1.1115	0.27564	-0.49981
AQP12A	-2.2563	0.99625	0.70438
LHFPL4	-0.91528	1.1259	2.5906
TOPAZ1	-0.15143	0.29725	1.0463
C3orf62	1.551	1.7149	0.57051
TMEM110	-1.5424	1.9944	0.62076
NRROS	0.8159	0.35244	-0.59346
KCNF1	-0.2063	-0.13174	2.0413
C5orf34	-0.48376	-0.24763	0.45283
MAST4	-0.34562	1.066	5.1674
SIMC1	0.65583	0.8006	-0.99916
KCNG1	-0.86296	-0.58953	-0.21591
GJB7	-2.0425	0.23768	0.49574
VWC2	1.0795	-0.94996	1.3594
TRIM73	-1.15	0.0068723	2.0064
KCNH1	-0.53744	0.59568	2.2401
NAT16	2.4192	1.2366	1.8836
SLC26A5	-1.9701	0.020583	-0.090935
LHFPL3	1.5087	-1.5945	2.4081
KCP	1.693	0.24831	-0.43979
SPATC1	1.9769	1.3592	0.57273
KCNH2	1.3123	-0.22817	4.0855
ENHO	-0.21383	-0.16687	0.66031
PTAR1	1.4052	-0.032607	1.0399
ERCC6L2	0.6447	-0.20967	1.3149
SWI5	0.21721	0.26886	-0.55753
C9orf50	0.3458	0.51363	-0.41537
AGRN	1.4364	-0.30362	4.1389
KCNJ1	1.7849	1.1568	5.1186
KCNJ2	-0.94816	1.1082	-0.13659
KCNJ3	-0.26139	-0.14583	-0.68176
KCNJ4	-0.57548	1.8508	0.013533
LRRC10	0.12665	-0.63203	1.0078
KCNJ5	2.6206	0.10899	6.2053
RAB15	0.1159	0.13948	1.3366
KCNJ6	0.78748	0.42714	1.511
KCNJ8	-0.71106	-0.085942	0.19638
SLC27A1	-0.036327	2.1322	1.5293
KCNJ9	-0.76755	0.64057	0.98694
KCNJ10	-1.8344	-0.20219	1.2888
KCNJ11	0.45251	1.9499	2.1548
KCNJ12	-0.33627	0.75984	2.669
KCNJ13	-1.4844	-1.0191	2.7743
ZC3H6	0.94168	-0.48614	0.79532
ARF3	-0.28155	-1.2234	-0.5471
KCNJ14	-0.99273	-0.33289	1.3277
KLHL30	-1.0013	0.12037	-0.26465
PRSS45	-1.4214	-0.1523	0.71905
KCNJ15	-0.68728	0.34085	0.50078
KCNJ16	-1.0753	0.24658	0.15577
KCNK1	-3.0544	-0.074596	1.8405
KCNK2	-0.7868	0.63988	0.58863
CA13	0.62288	-0.18319	0.55673
KCNK3	0.69419	-0.96966	1.4866
KCNMA1	-2.3784	0.97728	8.0662
ENTPD8	-0.73901	-0.045386	0.095813
KCNMB1	0.20744	0.84161	0.10598
ARF4	1.3694	0.63131	1.4582
KCNN1	0.038458	0.069071	0.39369
KCNN2	-1.6629	-0.21041	4.1458
KCNN3	2.3142	1.1341	3.6572
KCNN4	-0.92385	-1.166	0.82316
KCNQ1	-1.596	-0.18409	1.4177
KCNQ2	-0.98059	-0.34633	1.2101
KCNQ3	0.71402	1.5554	0.81031
KCNS1	-0.48425	-0.51458	1.9493
APITD1	-0.71624	1.0541	4.0185
KCNS2	1.4479	0.36305	1.5665
CATSPER4	0.67672	-0.0081778	1.5748
NHLRC1	0.65583	-1.5582	1.6189
RNF148	-0.38577	0.27108	-0.52669
ARL4D	-0.21747	0.60125	2.3479
KCNS3	0.15438	-1.7255	0.81805
KDR	3.9057	-0.0068931	2.2625
KEL	-0.20234	0.98098	-1.6523
KHK	-0.43256	0.17848	2.4875
KIF2A	-0.8864	0.41184	2.594
KIF3C	0.097576	0.37577	2.001
KIF5A	-1.1756	0.29861	2.7953
KIF5B	0.47039	0.041991	2.0388
ACAT1	-0.030466	-0.38705	7.6279
KIFC3	0.1124	-1.2087	0.99702
KIR2DL3	0.4321	0.20003	-0.35289
KIR2DL4	-0.4268	-0.42876	-0.9193
KIR2DS4	-0.39882	-0.5775	0.048961
ARF5	-2.1474	0.4666	3.5063
KIR3DL1	-0.076299	-0.92228	-0.63293
KIR3DL2	0.28194	-0.26029	-0.26646
KISS1	0.14061	-0.69231	1.329
KIT	-1.9486	1.338	0.11266
KLK1	-2.129	0.60414	-0.21832
KLK2	0.84328	0.84555	-1.6824
KLKB1	0.39059	-0.49844	0.94043
ARF6	-0.62045	0.501	-0.7297
KLRC1	0.6548	0.39806	1.2258
KLRC2	0.75342	0.32934	1.2754
KLRC3	1.0381	0.24229	1.6576
KLRD1	0.56468	-0.88033	2.154
KNG1	-1.0795	0.87841	1.7498
ARG1	1.0732	0.0049207	0.44847
KLC1	1.6815	1.2301	4.6758
KIF11	-1.1062	2.0231	2.0395
KIFC1	1.1876	-1.5341	4.091
KIF25	2.8004	0.72572	-0.54643
KIF22	-1.3699	1.3774	0.181
KPNA1	0.69928	1.8724	1.8399
KPNB1	-0.63398	2.2431	0.61005
KPNA2	-0.25765	-0.64754	1.4328
KPNA3	-0.22265	1.3973	5.5941
ARG2	0.58838	-0.67067	1.31
KPNA4	2.4502	1.3024	-1.0138
KPNA5	-0.095672	1.1306	1.9495
TNPO1	2.6861	-0.59711	2.9701
IPO5	0.026035	0.91571	0.43782
KRAS	-0.8098	0.23521	-0.90831
KRTAP5-9	0.80608	-0.81062	-0.91183
KRT1	-0.077782	0.20616	0.49249
KRT2	-0.43326	0.32329	-0.86829
KRT3	-2.1748	-0.16413	1.4587
KRT4	-1.4844	0.57342	0.55704
KRT5	0.06174	-0.24284	-1.0949
KRT6A	0.55041	0.13253	-1.7331
KRT6B	0.20026	0.11077	-1.1804
KRT7	-0.35781	-0.093183	-0.079512
KRT8	-0.10744	-0.066328	-1.4649
KRT9	-0.37603	-0.14727	0.16669
KRT10	0.806	0.60781	-0.0059582
KRT12	1.1272	0.99205	1.5318
KRT13	-0.91539	-1.488	-0.13952
KRT14	-0.46029	0.35976	-0.91411
KRT15	-0.39436	-1.201	0.46308
KCTD8	-0.89038	-0.82751	-0.70652
KCTD4	-0.79942	-0.19385	1.123
IL31	-1.1684	0.36924	1.9277
KRTAP10-4	-0.049958	0.9165	1.5685
KRTAP10-6	0.1781	1.0546	2.326
KRTAP10-7	0.28441	0.79286	2.3416
KRTAP10-9	-0.60448	-0.13661	1.9781
KRTAP10-1	-1.1908	-0.089557	-0.59095
KRTAP10-11	-0.80825	-0.53428	0.41799
KRTAP10-2	-0.0711	0.75301	0.087544
KRTAP10-5	0.032671	1.0919	1.7749
KRTAP10-8	0.11521	0.49724	2.3285
KRTAP10-3	0.040744	0.86904	0.42856
KRTAP12-3	-0.89493	-1.0261	-1.0569
KRTAP12-4	-0.89376	-0.98563	-0.45477
KRTAP10-12	-2.1738	-1.1928	-0.92637
AMIGO3	0.86052	0.51025	4.3198
MRGPRG	0.92237	0.77662	0.63893
KRT16	-0.91168	0.082269	-0.50968
RHOA	1.7774	0.58135	5.2073
ZKSCAN4	1.0703	-0.78143	7.6794
SUMO4	-0.75712	-0.56259	2.1754
CENPW	0.28232	0.73859	1.7965
SOGA3	-2.5771	-0.28341	0.7648
CEP85L	-0.19367	0.7556	0.54895
NPSR1	1.3832	-0.3282	1.0649
KRT17	-0.56688	-0.35576	0.21906
C6orf120	1.0725	-0.5722	1.6645
KRTAP5-1	1.6983	1.5002	1.0579
KRTAP5-3	2.6279	0.95252	1.0834
KRTAP5-4	2.6753	0.45565	1.1478
KRTAP5-10	0.92758	-0.25233	0.40169
TBPL2	0.10592	-0.64615	0.22653
NSUN4	-0.59833	2.4624	1.6874
THEMIS	-0.50684	0.46329	0.087691
RASL11A	-1.8441	-1.0212	3.1446
KRT18	0.088555	-0.52876	-0.84375
GPR153	-0.21672	-1.2601	1.7636
TMEM189	-1.1656	0.34189	0.58371
TMEM189-UBE2V1	-1.4654	-0.036162	0.69821
ILDR2	0.34158	0.80833	0.22445
SLC22A25	1.3682	-0.9734	0.78757
C10orf113	0.58004	0.49544	0.12982
SKIDA1	-1.0029	1.8104	-1.0469
FAM21A	1.3265	1.6004	1.1785
SH2D4B	-0.21896	0.66403	-0.12756
C10orf99	-0.069868	-0.042482	7.2008
SLC16A12	-0.22514	-0.57677	3.1286
CC2D2B	-0.52465	3.4845	-0.17877
ENO4	0.41785	2.1752	1.1423
ARMS2	8.676	0.31343	7.6596
TEX36	0.40703	0.17833	0.83037
IFITM5	-1.884	1.4104	-0.33526
OR56B1	-0.34873	0.11111	1.0544
INSC	-2.6363	1.1698	0.37632
FIBIN	1.0533	-0.12925	0.10767
C11orf96	0.44503	-1.2582	0.891
SLC22A10	1.5402	-1.1505	0.25951
SPDYC	1.0637	0.90635	1.4197
LIPT2	0.090531	-0.25314	-0.068348
VSTM5	0.74155	0.071192	0.20678
CLEC2A	0.49488	2.6287	0.062787
CLEC12B	-1.2887	1.1485	0.65443
REP15	-2.2583	0.40684	0.10716
CCDC184	0.61221	1.6375	2.8579
C12orf75	0.61014	0.7895	1.3709
CCDC42B	-0.4957	1.1586	-0.064721
TMEM233	1.5402	-0.31278	0.57199
SETD8	2.5497	2.7092	2.1228
C1QTNF9B	1.4995	0.87864	-0.25487
SHISA2	-3.5088	1.2866	-0.03862
NHLRC3	0.13691	0.60369	0.85865
SERP2	0.18318	1.5522	3.5993
TOMM20L	-2.2604	0.48962	1.0239
RHOB	-0.56068	0.3459	-2.0367
KRT19	-0.067908	-0.90622	0.66521
RTL1	0.89138	0.81427	1.7458
TMEM179	-2.3073	-0.22164	0.32431
KRT31	0.04011	0.35522	-0.45406
C15orf52	0.23952	0.59374	0.48263
TNFAIP8L3	1.6435	2.6742	0.082088
C2CD4B	0.059175	0.96553	-0.81827
C15orf59	1.7947	1.4631	0.41271
PRR25	0.16433	0.91975	-0.97166
KRT32	-1.2572	-0.45099	-0.40358
SBK1	-1.7348	-1.3469	4.1732
C16orf87	-0.92012	-2.0786	0.94845
C16orf97	-0.95286	0.1807	1.0125
LOC388282	0.13852	-2.1579	1.3935
C16orf86	-0.85191	-0.8944	7.2521
C16orf47	0.90786	1.0704	2.6875
KRT33A	0.054168	1.1234	-0.22193
GLTPD2	0.24557	-1.6337	-0.031005
INCA1	-0.76494	-0.46103	2.7479
SCIMP	0.1701	-0.95759	-0.64052
C17orf100	-0.34664	1.6103	2.9612
SPDYE4	0.64592	1.1058	0.76185
TMEM220	-0.60591	0.6178	0.85817
SHISA6	-1.5399	0.88391	7.0615
LRRC75A	-0.40116	0.35227	-0.36029
TMIGD1	0.49894	0.4313	1.8134
C17orf98	0.059012	1.1839	1.0839
CCDC103	1.2985	1.5746	2.4678
RPRML	-0.34968	1.8592	1.4025
KRT33B	0.097772	0.94465	-0.28072
YPEL2	-0.27315	2.6247	-0.041404
C17orf82	-1.3795	-0.069504	7.5534
BTBD17	-0.28609	0.40086	-0.20029
LOC388436	-1.8862	1.5144	0.092423
POTEC	0.67146	-0.58242	1.3321
KRT34	0.19884	0.88604	-0.20305
CLEC17A	1.7995	-0.040479	-0.93046
ZNF728	-0.30559	0.34372	0.31498
RGS9BP	0.89435	-1.3981	2.2754
KRTDAP	0.44273	0.76832	0.56848
ZNF790	1.2616	0.43966	2.1398
CEACAM16	3.8291	3.0564	0.36628
BLOC1S3	2.168	-0.7153	0.81818
BHMG1	2.3669	2.9012	1.7098
IGFL3	0.091243	-1.0164	0.83865
ZNF808	-1.6812	-0.37626	0.56395
ZNF888	0.99037	-0.27643	-0.77917
ZNF761	-0.91553	1.7059	0.82731
TMEM238	0.41361	0.70828	0.59079
ZNF470	0.2314	-0.96939	0.96297
ZNF749	-1.9487	0.28942	1.2388
ZNF324B	1.0853	1.3161	3.8879
FAM132A	0.59655	2.1176	2.7576
HES5	0.4589	-1.637	2.9557
SMIM1	0.25607	-1.7003	1.6961
RNF207	-3.2279	-1.0886	1.5188
TMEM82	0.61883	0.22045	2.0685
KRT35	-1.4305	-0.41986	-0.29953
TRNP1	2.3945	0.64266	1.8323
CD164L2	3.4484	-0.93826	2.9759
TRABD2B	-0.083621	2.4704	-0.62256
LDLRAD1	-0.96159	0.76957	-0.74027
GBP7	0.12983	-0.23612	-2.0774
C1orf146	-0.9693	-1.0159	1.0189
FAM69A	-1.715	-0.11612	0.41459
SLC6A17	-0.61442	0.61525	-1.4106
C1orf137	-0.61416	1.7264	-0.15352
LYSMD1	-0.47116	1.7604	4.051
HRNR	0.54469	-0.36728	0.27878
FLG2	0.38221	1.0765	0.37028
KRT81	-1.7812	0.73683	0.34946
C1orf189	-2.126	-1.9411	2.4904
C1orf53	7.5999	-0.6506	0.66582
TMEM81	-1.5873	0.41516	2.3717
CAPN8	-2.4239	0.56492	-0.77101
COA6	0.1554	-0.43296	2.0055
C1orf229	0.11523	0.60237	2.3667
LOC388780	-0.0083274	-0.9359	1.2247
EFCAB8	1.7673	1.0617	0.83951
FAM209B	-2.2973	0.48103	0.63171
KRT82	-0.45019	0.94361	-0.33709
LOC388813	-1.0888	-0.92334	2.6965
KRTAP26-1	-0.26336	0.41915	-0.40139
LOC388849	-1.1284	-1.0938	-0.28957
LRRC75B	-0.026399	1.2167	1.6522
KRT83	-1.9452	0.90607	0.58581
MFSD2B	-0.27268	0.18478	1.8532
C2orf71	1.6886	-0.83722	1.0459
TMEM247	-1.0721	-0.12279	5.4724
TSPYL6	0.046344	0.96909	3.3526
C2orf78	-0.36738	0.90058	0.67657
BOLA3	2.2986	-1.2622	0.9828
C2orf81	-0.29493	-0.15987	1.8801
C2orf68	1.1752	-0.44079	2.3676
RHOC	-0.38342	3.5626	3.9724
KRT84	-0.34099	1.1147	0.36831
SLC9A4	-0.15959	0.12281	0.52369
SP5	-1.9539	0.39857	0.72908
PLEKHM3	0.67383	1.1578	3.3685
C2orf80	-0.057202	-0.35184	0.82309
RESP18	-0.96767	-1.7729	0.61613
C2orf82	-1.7758	-1.3192	2.6352
OR6B2	-0.23389	-1.7936	-2.2585
KRT85	-0.64018	1.0165	0.59039
ZNF662	-1.3186	1.2507	1.4412
CDHR4	1.0748	0.14949	4.1555
FAM212A	1.1284	0.080197	3.9225
IQCF2	-0.52507	-0.27952	3.2181
IQCF5	-0.58978	-0.013067	3.4493
MUSTN1	-1.3936	1.6356	0.76308
VGLL3	0.64523	-0.40818	1.7978
PRR23B	0.66196	0.2229	0.75664
PRR23C	0.84002	0.26089	0.57114
PLSCR5	0.55375	0.88527	3.2532
ANKUB1	-2.3307	1.5327	1.4537
LEKR1	-1.2466	0.68017	1.9012
TMEM212	0.4897	1.4763	2.1634
C4orf50	-0.48416	-2.1023	-0.020108
LOC389199	1.7242	8.2025	2.2218
KRT86	-1.5828	0.6727	0.22679
SMIM20	-0.67469	-0.17503	-0.67175
BEND4	-0.15614	-0.57492	-0.60199
GRXCR1	-0.20545	-1.7238	0.45323
TMPRSS11F	-0.68164	0.93135	-0.3263
LRRC14B	1.5337	-0.80504	2.825
ANXA2R	0.86013	0.61155	3.6247
TEX43	0.051539	2.5253	1.0865
PROB1	0.55489	2.0078	3.1988
C5orf46	0.51065	0.82382	1.2271
ARHGEF37	-0.58504	0.61949	2.5614
PSMG4	0.20679	-0.58702	1.5447
SFTA2	3.6004	2.3257	2.738
CLPSL2	0.54444	0.4397	0.86162
C6orf222	-0.0065162	0.74799	-0.32548
GLYATL3	-1.3102	2.4879	1.591
GFRAL	-0.48269	-0.37379	0.84163
LIN28B	-1.7914	-0.085616	2.8174
C6orf183	1.061	-0.47876	1.1442
SAMD5	-1.1959	1.6929	0.99966
IYD	1.4073	-0.64001	-1.1897
NUPR1L	-0.083019	0.11793	0.4773
KTN1	-0.51777	1.3193	-0.87346
GTF2IRD2B	0.27932	0.62468	-0.26008
LAMTOR4	2.4691	-0.58473	5.5744
FEZF1	-0.11377	0.25493	0.00084318
FAM180A	-0.65027	-1.9102	1.4305
LOC389602	-0.52361	-0.36428	1.2725
XKR5	-0.47114	-1.5289	-0.30746
NUGGC	1.1282	0.43394	-0.84417
C8orf86	-0.64647	0.25279	2.97
FAM150A	-2.6149	1.4291	4.9569
XKR9	-0.47276	-0.82065	0.69279
C8orf87	-0.34773	-1.7286	1.7297
RBM12B	-1.8391	-0.21247	0.68127
MROH5	1.1106	0.082145	-2.3334
MAFA	0.64147	0.66743	-0.96899
SPATA31D4	-0.2852	1.0845	2.284
SPATA31D3	-0.42216	1.1536	1.6444
SPATA31D1	-0.03582	0.74511	1.6853
C9orf153	-1.4011	-0.18052	-0.098533
IER5L	1.0566	0.22481	1.2137
C9orf171	-1.9592	0.7519	0.99782
LAD1	-0.31534	0.13074	-1.2086
LCN15	0.59179	-0.94305	0.84389
C9orf172	1.7665	0.71092	-1.5003
LRRC26	-1.3169	-0.20153	1.2413
TMEM8C	0.83678	-0.67754	1.6715
AFF3	0.3963	1.9676	2.4163
C1QL3	-0.18408	-1.0942	0.72077
ACAT2	-0.55835	-0.045758	-0.5758
RND3	2.0286	0.82253	-0.79589
NKX1-2	1.2989	-0.10953	-0.60021
OR52K1	0.58585	-1.9354	0.59838
OR52I1	-1.1497	0.48949	-0.75191
OR51D1	-2.3488	0.4565	-2.4131
OR52A5	1.3394	-0.53331	-1.9012
OR51B6	0.66552	0.10404	0.028704
OR51M1	0.91471	0.49213	-0.176
OR51Q1	1.4152	0.4981	-0.54179
OR51I1	1.4123	-0.016596	-0.42046
OR51I2	1.4159	-0.15092	-0.30648
OR52D1	0.11909	1.626	-0.64253
OR52H1	-1.9591	2.2233	0.95532
OR52N4	-0.42148	0.094071	1.0398
OR52N5	-0.38549	0.54748	1.5239
OR52N2	-1.0785	0.65233	1.1043
OR52E6	-1.1125	0.59077	1.5459
OR52E8	-1.1358	0.29735	1.5513
OR52E4	-1.1318	0.36457	1.471
OR56A3	-0.56621	1.2699	-0.66248
OR56A5	-0.35854	1.6387	-0.56392
OR10A6	0.67314	0.073578	-1.0058
ACCSL	-0.65841	-1.1295	1.0874
OR4X1	1.7278	0.12885	2.0026
OR5D13	0.77683	-0.60425	1.0589
OR5D16	1.1846	-0.68613	1.8005
OR5W2	1.5044	-0.2564	2.3229
OR8H2	1.4844	0.1529	2.5324
OR8H3	1.4607	0.15617	2.5586
OR5T3	1.2555	0.47158	2.9443
OR5T1	1.1707	0.096689	2.8721
OR8K1	0.83683	-0.16662	2.6512
OR5M9	0.7071	-0.96437	2.3032
OR5M10	0.24217	-0.14392	2.7301
OR5M1	0.36574	-0.020585	2.8395
OR9G1	-0.52352	-0.077434	3.2509
OR5AK2	-0.010223	2.2653	0.56312
OR5B2	0.086472	2.8781	0.64102
OR5B12	0.042534	3.1919	0.25471
OR5AN1	-0.75983	1.8079	-1.7195
OR4D10	0.64035	0.85562	0.02892
OR4D9	1.6059	0.05995	1.0204
LAG3	0.50292	0.75323	1.3701
OR10V1	0.18434	0.60282	1.3153
LRRC10B	-0.9005	0.79836	-0.29054
GPR152	1.184	0.12361	4.1867
TRIM77	-0.53799	-0.1484	1.897
IZUMO1R	0.25575	0.95791	0.68614
KDM4E	0.30159	-1.6531	0.56135
BSX	-0.091215	0.4852	1.1396
OR6X1	-0.016712	1.426	0.43251
OR6M1	-0.31724	1.5244	0.78975
OR10G4	1.5946	1.8414	1.3197
OR10G7	0.97896	0.92928	0.90516
OR8B3	-0.69317	0.7917	-0.70534
OR8A1	-0.91362	-1.6601	-0.85299
LAIR1	0.84148	-0.57033	-0.21706
OR6C1	0.86383	-0.84562	3.8391
OR6C75	1.5915	-0.43277	3.6418
OR6C76	1.5839	-0.13004	5.5134
OR6C70	0.75921	-0.38751	5.3886
LAIR2	1.3664	-0.90557	0.32092
OR4K2	-1.9904	-0.5084	0.27437
OR4K13	-0.28239	1.1196	0.41805
OR4K17	0.77784	-1.3602	-1.2046
OR4N5	0.37217	-1.0433	-2.5513
OR11G2	-0.74596	-1.1356	-2.1888
OR11H4	-1.1445	-0.74764	-2.4295
RNASE9	-1.5267	0.37457	-0.56638
OR5AU1	-2.4047	0.045724	-1.2808
SERPINA2	1.646	0.27528	-0.11968
KBTBD13	-0.49568	-0.33118	0.72271
UBAP1L	-0.77322	-0.095773	0.81541
SKOR1	0.22404	0.92085	2.5161
LALBA	-0.23802	0.86557	2.5622
ANKRD34C	-0.0019189	-0.066049	1.5763
GDPGP1	1.5549	1.1724	0.15535
OR4F6	0.082866	-0.73932	-2.5383
OR4F15	-0.15844	-0.61194	-2.1755
C1QTNF8	-1.1538	0.18239	-0.65392
PTX4	-0.65879	-0.16749	2.1169
PABPN1L	-0.37056	2.2384	0.18444
ARL5C	0.38589	-0.30613	0.85026
KRT39	-0.22526	-0.1871	2.7954
LAMA2	-1.0768	0.10346	7.6263
ONECUT3	-1.6543	0.31914	0.54868
LOC390877	-0.1148	-0.020382	1.0112
OR7G2	2.5493	-0.3673	-0.40128
OR7G3	2.288	-1.842	-1.9384
OR7A10	-1.4079	-0.22473	2.0152
LAMA3	-1.4993	-1.1187	-1.6739
NUDT19	0.73631	-1.4491	2.5481
ZNF793	1.5099	0.86027	1.5409
PAPL	-0.42452	-0.31253	1.2553
LOC390937	-0.72325	1.3318	1.3588
PINLYP	-1.6787	2.0448	-0.042553
ZNF805	0.31768	0.83081	1.5365
HES3	-0.95596	-1.3651	1.8175
PRAMEF12	-0.86816	1.0304	0.27008
RHOG	-2.2255	0.027466	1.2922
LAMA4	-0.17013	-0.96224	0.8827
PLA2G2C	-0.1492	-1.2061	1.5555
FRRS1	2.1896	0.76034	1.7706
LAMA5	0.020352	2.025	3.149
VHLL	1.8348	1.0693	-0.42312
OR10K2	-0.30143	-0.25808	0.74734
OR10K1	0.35757	-2.0024	1.991
OR6Y1	1.1074	-1.3068	2.2352
OR6K3	0.82808	-1.0263	0.42022
VSIG8	0.11617	0.061202	0.86489
OR11L1	-0.31426	3.5186	-0.13782
OR2L8	0.53685	-0.074779	-1.5143
OR2AK2	-0.43245	-0.4733	-1.4715
OR2L3	-0.22497	-0.44107	0.22735
OR2M2	0.74704	0.97073	0.22462
OR2T33	-0.16339	0.63258	0.23095
OR2M7	-0.11336	0.76422	0.18916
LAMB1	-2.0175	-1.757	0.73344
OR2G6	-0.92547	-0.053288	0.67057
SPINT4	0.69501	-0.48248	1.0784
LAMB2	2.5887	2.5613	3.9852
LOC391322	0.42832	-1.5977	-0.22099
PTRHD1	-0.52965	0.45014	0.017701
SULT6B1	-0.69783	2.3365	2.7643
LAMB3	-1.6409	0.98857	0.83969
DYTN	-0.014575	1.3982	0.028753
LAMC1	0.15457	1.867	1.3674
LAMP1	0.04014	-0.09852	-0.082469
TRIM61	-1.135	-0.32658	-0.59456
HELT	-1.3505	0.84644	0.53206
LAMC2	1.5977	0.39335	0.96009
ARHGAP1	2.1782	3.6093	0.068131
RPSA	1.7385	-0.32868	0.085528
OR2A25	0.23787	0.67027	-0.18875
GDF6	-3.0167	-0.51915	2.9206
SMPD5	1.3488	1.2918	0.71864
FAM221B	-1.4012	0.48524	0.31598
OR13J1	-1.9751	0.62374	0.74779
OR13C2	-0.83042	-0.81117	0.95107
OR1L6	-0.34209	2.0184	-1.5561
OR5C1	0.39641	1.4113	-0.71494
OR1K1	0.6295	1.2853	-0.41769
LCN9	-0.30525	1.0456	0.030256
STMN1	-0.49352	0.58236	2.89
ELFN1	-0.75214	0.97295	1.4239
AGMO	-0.67567	2.8369	0.83828
LASP1	-0.33352	1.3419	2.3492
IQCA1L	0.2636	0.7161	1.6957
GRID2IP	0.045751	-0.46352	2.4105
LBP	2.1595	1.4376	-1.0894
LBR	-0.28703	-0.69177	-1.2271
OR2A5	-0.19058	0.27413	-0.32805
LCAT	-0.73629	-1.7818	6.4944
LCK	-0.4654	-0.66197	0.46231
LCN1	2.3582	0.20161	1.495
LCN2	-0.63934	0.23226	-0.19918
LCP1	-2.8757	-0.2393	0.35929
LCP2	0.2801	-0.47951	0.14235
LCT	0.6881	1.6081	-0.35792
LDHA	0.13245	0.84677	0.96644
ARHGAP5	1.3502	-0.5812	0.80668
MUC21	5.1141	1.7243	0.59948
LDHB	-1.0354	-1.2822	0.32705
LDHC	0.32243	0.35655	0.86256
LDLR	2.0163	-0.98241	1.7869
LECT2	-0.066256	1.7455	0.084462
LEP	-1.1709	-0.070405	2.1264
LEPR	-1.2342	0.69996	-1.4055
LETM1	-0.45898	0.74699	0.24596
LFNG	-0.30113	-1.3347	1.4187
LGALS1	0.87163	2.8376	0.078236
LGALS2	0.18099	3.5282	0.70789
LGALS3	0.29621	-0.55831	0.67301
LGALS3BP	1.8294	1.6458	0.22018
ARHGDIA	1.5977	0.31659	2.6021
LGALS4	0.57867	-0.3802	1.9826
LGALS7	0.72318	0.55894	1.7036
LGALS8	0.18163	0.97186	1.1741
LGALS9	1.4898	-0.22686	-0.81835
ARHGDIB	-0.043073	-0.082289	-0.51425
LHB	0.58218	-0.10239	2.1987
LHCGR	-1.0009	-0.45376	1.8276
LHX1	-1.0605	0.27552	-1.3678
LIF	-0.51611	1.5843	1.573
LIFR	1.8697	0.8952	1.4472
LIG1	0.56446	-0.99755	-0.48078
ARHGDIG	-2.267	1.822	4.0424
LIG3	2.179	-0.65182	1.2483
LIG4	-2.0591	-2.0518	0.2159
LIM2	-1.5763	0.10835	0.17888
ABLIM1	-0.30149	0.85622	0.6953
LIMK1	0.92483	0.57787	1.3088
LIMK2	2.3146	2.1283	2.0724
LIMS1	-1.0859	0.3468	-1.158
LIPA	-2.9594	0.00037258	0.54968
RHOH	-0.2347	1.2404	-1.5598
LIPC	7.1714	-0.29817	1.8542
LIPE	-0.88652	2.8865	0.62755
FADS1	2.9423	0.23278	3.0842
LLGL2	-0.18263	-0.36503	2.9205
SPRED3	1.7041	1.0172	-0.11708
TMEM200B	1.7926	-0.30397	3.7907
FADS3	1.0455	-0.5776	3.2459
SLC25A35	1.5213	-0.66768	2.9115
LLGL1	0.16162	-0.37977	3.3585
MEX3D	-1.513	-0.49506	0.25447
FAM102A	-0.50243	0.10526	-0.77868
HEATR4	0.38866	1.3198	3.743
MYO18A	-0.10031	0.4581	0.5849
SHC4	-1.7383	-0.21886	0.85513
CTXN2	-0.61635	-0.13503	0.2741
CASC10	-0.7351	1.0597	-0.70825
LMAN1	0.57875	0.4764	1.2902
C10orf120	5.5328	-0.51494	0.5373
METTL10	0.59823	5.3921	0.047703
FOXI2	-0.52093	0.52905	0.37296
FAM180B	-0.82142	1.2517	4.7377
PCNXL3	0.7056	2.4828	4.1173
TRIM49D1	1.7897	1.4065	-0.091905
C11orf87	-0.51485	0.42447	-0.34957
COLCA1	0.75579	0.47241	0.58321
C11orf88	1.0048	-0.14164	-0.70689
PATE2	-1.3468	0.21378	2.4194
PATE4	-1.7884	-0.4708	2.9882
SNX19	0.36587	-0.32779	0.63594
ASIC2	-1.1349	-0.18059	2.1602
ARL1	0.453	-0.27858	0.18049
LMNA	-1.4022	-1.5113	2.1533
C12orf76	0.39295	0.51518	-0.29675
LMNB1	0.50391	0.21048	2.6015
SERTM1	-0.77899	0.10691	-1.1846
ATP11AUN	-1.0676	-0.27073	-0.54445
PLEKHD1	-0.79871	-1.6531	1.3422
C14orf180	-2.2255	-0.37121	0.25513
C15orf53	0.51562	0.77704	0.28987
C15orf54	-0.90092	1.1907	-0.55413
LMO1	-1.4939	-0.16886	-1.0168
ST20	-1.4328	1.1157	0.88435
FAM174B	0.394	0.79333	0.43517
LOC400499	-0.58481	-0.090757	0.11046
LMO2	1.1729	0.96469	-0.17944
KNOP1	0.7507	1.5695	-0.10865
C17orf97	0.45635	0.29563	-1.7305
MED11	-0.52461	0.083448	1.1853
GRAPL	-0.66196	1.5916	-0.2557
C17orf102	-2.3991	0.58796	1.6163
TEX19	-1.1786	0.58856	1.8497
C18orf65	-0.34162	-0.79841	0.72342
PRSS57	1.1021	0.78777	0.72688
VMAC	0.22681	2.2206	2.713
LOC400682	-0.78983	-0.85999	2.3078
ZNF880	0.31353	-0.94717	0.90848
ZNF772	-2.0733	1.0583	0.98646
PRAMEF4	0.0088729	1.1417	-0.22405
SH2D5	1.8641	-0.4102	3.402
NCMAP	1.0609	-0.70369	2.2753
C1orf141	0.12479	-0.12144	-0.10382
C1orf226	-0.55086	2.2746	0.70272
LINC00083	-1.9319	2.6408	0.63922
LMO7	1.5508	4.1091	0.12157
FAM177B	-0.25129	1.5212	-0.76007
DEFB132	-2.3686	-1.5238	-0.22858
C20orf202	-0.13165	-0.34069	2.1627
LRRC74B	1.5569	0.61657	1.1103
LMX1A	0.4558	-0.60562	1.2557
CHCHD10	0.51036	-0.69017	2.2604
IL17REL	0.061309	-0.37344	0.50957
C2orf91	-0.52612	0.44654	2.1834
EML6	0.37091	1.8989	2.3616
PAIP2B	0.80443	2.5511	2.0807
RGPD1	1.2293	-0.8358	0.2893
ANKRD36C	0.2009	0.77697	1.7388
PHOX2A	-0.97367	0.30618	-0.34871
LMX1B	-0.0058163	7.2488	1.2174
FSIP2	0.58667	0.45293	2.0452
C2orf66	1.9605	0.21512	-0.22083
ASB18	-0.28878	1.8259	0.13037
LOC401040	1.4454	-0.45399	-0.068713
LOC401052	-0.071237	0.30047	-0.28944
IQCF3	-0.555	-0.76555	2.815
FOXL2NB	-0.52284	-0.71782	-0.5912
C3orf80	2.5181	-0.15437	0.62709
C4orf48	-0.53973	0.92306	1.4569
DTHD1	0.86706	-1.7328	0.36292
PRR27	-2.5459	-0.11241	0.30088
AMTN	0.6058	-0.017164	-1.1276
CCSER1	-0.56743	-0.9172	1.8235
C4orf3	1.2786	0.01851	4.701
RGS7BP	-1.5713	-0.30656	2.6556
LNPEP	0.80733	0.050346	1.4561
C5orf63	0.1967	0.8901	1.6991
STMND1	-0.22574	-0.43469	2.6469
MCCD1	6.4742	1.6255	1.2581
SAPCD1	7.3576	1.1924	4.3434
RAB44	2.2255	-0.44263	-0.28209
CRIP3	1.6622	-0.012098	2.4327
KLHL31	0.23086	-1.1895	-0.22652
TCP10L2	0.41089	-0.74042	-0.047525
VWA5A	-0.45004	0.84091	0.33751
C7orf65	0.0097043	-0.9264	-0.28094
LRRD1	1.3133	1.1301	1.4607
C7orf76	2.1376	-0.34283	3.2813
PRRT4	0.18252	0.54726	0.046417
LOR	1.2038	0.99119	1.0954
RAB19	0.44186	-1.1042	-0.87929
OR2A7	0.30548	1.7441	-1.2988
C8orf59	0.33245	-0.74597	0.092114
SAMD12	0.33592	2.3656	1.2276
HACD4	-1.4964	0.56102	3.8052
TMEM215	-0.53234	-0.24054	0.40288
LOX	3.6471	-1.1136	2.2865
TOMM5	0.38544	0.32454	-0.33014
C9orf170	-0.92965	-0.23204	1.7497
CENPP	1.2704	2.1247	0.52062
C9orf152	-0.026027	-0.58896	-1.6521
SNX30	1.0479	0.91913	-0.5109
WDR38	-1.391	-0.1931	2.6766
LOXL1	-0.57837	5.0606	6.4957
GOLGA7B	-1.2182	1.0811	-0.67368
OR51T1	-1.7499	-0.018583	0.42401
OR51A4	-1.14	-0.13858	-0.042576
OR51A2	-0.71161	-0.27815	-0.14207
LOXL2	0.48713	0.83411	2.3708
FIGNL2	-0.28611	-0.67758	1.0053
LPA	0.011428	0.58978	0.478
RNF223	0.92945	-0.1856	2.6367
LDLRAD2	1.0136	0.62193	2.1354
OR2T2	-0.74865	-0.40858	1.4403
OR2T5	-0.78171	-1.0081	0.96238
OR14I1	0.46332	0.043615	-1.2388
ARL2	-0.29334	1.608	2.047
SRRD	-0.99936	-0.56894	1.7542
LOC402096	1.4721	-0.37125	0.41559
VWC2L	1.1761	0.0035238	1.276
OR5K2	0.2887	0.15487	2.9766
CFAP99	-1.092	0.29386	0.55767
LOC402269	-1.0318	1.2145	0.80903
LPL	-1.9232	-0.92382	0.56716
OR2A42	0.30548	1.4805	-1.2988
SOHLH1	-0.23282	1.5173	-1.231
LPO	-2.7777	1.2776	2.0681
KPNA7	1.6108	-0.327	-1.2871
C7orf61	5.6371	0.12435	3.6433
LPP	0.72505	0.96358	1.9192
GRIFIN	-0.82608	0.99841	0.95852
IGLON5	-0.89466	-1.1141	0.47584
UFSP1	0.77671	-0.10755	4.1995
IFITM10	2.5874	-1.0949	5.0282
ARL3	1.2296	-0.28181	3.1206
OR2T27	0.18172	0.66545	-1.2341
OR2T35	-1.0956	1.0002	-1.0818
OR4A47	0.75415	0.15465	2.5189
OR5H14	0.21536	-0.53547	0.02999
OR5H15	0.15582	-0.87269	-0.45539
OR5K3	0.02167	-1.2297	1.3913
OR5K4	-0.10085	-1.51	1.3792
OR6C65	1.774	-0.39639	4.4494
OR6C68	0.88688	-0.62407	5.0838
LRMP	0.42124	0.10867	-0.41909
LOC403312	-2.404	-1.5598	0.75556
PPAPDC2	-2.177	0.525	0.94611
APOBEC4	-0.99527	2.4698	0.49899
DEFB133	-0.45091	0.46225	0.087481
ZBTB34	1.4507	3.5487	1.8214
LRCH4	1.5488	2.0034	3.3404
LRP1	0.48746	0.10492	6.3025
LRP2	1.3159	1.0989	0.85843
LRP3	0.19615	0.90631	1.2528
LRP4	1.7832	4.2123	0.404
LRP6	-1.3476	0.0018671	0.53036
HAPLN4	-0.99667	0.3312	7.5044
CUEDC1	-0.794	0.79576	2.4264
LRP5	3.14	0.49375	-0.42007
SPINK6	-0.4379	0.52142	0.89198
CTXN1	0.037185	-1.76	0.71368
C6orf201	0.59655	-1.1131	1.8554
LRPAP1	-0.46693	0.51779	-1.4303
LSAMP	-2.0204	-1.5295	2.7916
C16orf74	-1.7458	1.1674	2.3964
SCGB1D4	-0.55451	1.3419	-1.1981
LSP1	0.75673	-0.12715	2.8156
FAM45A	0.79754	-0.13579	1.6866
GTF2H5	0.28606	-0.69234	-1.7361
LSS	-0.5911	0.46011	0.29681
ANKHD1-EIF4EBP3	0.64905	-0.16377	2.8437
LTA4H	1.232	-1.561	2.7387
LTA	7.6142	1.695	1.8188
ARNT	0.27787	0.45797	3.5897
LTB	7.6451	2.8655	2.0628
CYP4F3	-0.047618	-0.29524	-0.26922
LTBP1	-0.62457	1.3111	1.8083
LTBP2	2.5458	4.8073	5.5808
LTBP3	0.66375	4.2879	6.2417
LTBR	3.1478	-0.38631	-1.3857
LTC4S	-0.87917	1.2634	0.72897
LTF	-1.1965	0.19737	1.973
DUOXA2	0.78433	0.46888	1.0517
ERVFRD-1	0.37207	2.1108	-1.3201
LTK	0.60216	-0.4771	2.1342
BCAM	2.6393	2.3859	1.5455
ARNTL	-0.44862	-0.69921	2.9147
LUM	0.034312	1.1247	3.7009
LY6E	-1.3984	-1.323	-0.65223
LY6H	-0.38929	0.81239	0.73142
LY9	1.6963	0.32603	0.38085
CD180	-0.52462	0.71443	2.4809
LY75	-1.2768	1.818	2.0572
LYL1	0.45748	0.92693	4.3316
LYN	2.9914	0.94533	7.7259
LYZ	1.8721	1.2402	-1.287
TACSTD2	0.74237	0.73664	-1.2902
TM4SF1	0.73637	1.0394	1.6111
EPCAM	1.7262	-0.63004	-0.76695
CAPRIN1	0.76034	1.2762	1.4134
NBR1	-0.024626	0.05648	2.4342
FAM19A1	-1.4862	-2.1403	0.71964
TNFSF12-TNFSF13	1.248	1.7307	6.6908
ARRB1	0.79305	1.4114	0.63486
C2orf27B	0.64894	0.65454	-0.85102
NOMO3	-1.8779	-0.63729	1.2612
MAB21L1	-1.1532	0.59887	5.2385
SPINK14	-0.025142	-0.13926	0.73773
MARCKS	-1.2137	-0.69887	1.997
FNDC9	0.49865	-0.69532	1.3982
MXD1	-1.253	1.4583	-0.019595
MAD2L1	-1.324	-0.19676	2.7086
SMAD1	-0.58181	-1.2004	2.2965
SMAD2	-0.13728	-1.2409	1.4281
SMAD3	4.4673	-0.17016	3.1698
SMAD4	-0.8033	-0.74233	1.7618
ARRB2	-1.2248	0.49803	1.3593
SMAD5	1.7245	1.6743	2.1328
SMAD6	1.2891	3.3984	4.8112
SMAD7	0.26782	1.3774	1.2751
SMAD9	-0.16327	-0.0043259	2.3751
MAF	0.5809	0.039543	0.41948
MAFG	0.6494	0.77476	0.96024
MAG	2.8105	-0.24403	-0.11284
ASIC1	-0.87054	-0.50466	1.6384
ARSA	0.17597	1.1719	1.5638
ARSB	0.98301	0.26202	4.9881
MAGOH	0.52204	-0.71425	2.3119
MAK	-0.91575	-0.72538	0.9254
MAL	0.54044	1.1495	2.5514
MAN1A1	0.11131	0.48299	-1.1025
MAN2A2	1.7144	-1.3099	2.5034
MAN2C1	3.7354	0.81812	0.73403
MAN2A1	-2.0574	1.406	-0.072371
MAN2B1	-0.52062	2.0077	0.85321
MANBA	2.5866	0.39874	0.95468
MAP1A	1.7623	1.268	1.7587
MAP1B	1.5828	1.3048	3.2595
MAP2	0.58223	-0.3223	0.010231
MAP4	-1.1429	0.25543	-0.091849
MAP6	2.6599	0.88386	0.70839
MAPT	-0.070354	3.6562	6.3902
MARK1	-0.12398	-0.54886	1.286
MARK3	2.0277	1.7876	3.3133
DNAJB3	-0.42545	-0.74025	-0.48815
MARS	-0.41029	1.0553	1.0675
ACBD7	-1.0489	0.65172	-1.1498
C10orf105	-0.2681	-0.14885	1.2322
C10orf62	1.2778	-1.3342	3.0564
AGAP6	1.2685	2.1648	1.4491
MAS1	1.0286	-0.31954	0.53783
C10orf55	-0.48231	-0.21505	0.82195
MAT1A	1.1538	1.873	-1.1864
DDI1	1.8551	0.34768	0.12996
C9orf106	0.20417	-0.14182	2.165
DEFB103A	0.022562	-0.13803	-0.79606
IDNK	2.0744	0.62509	4.297
LCN10	0.70238	-1.7527	1.13
MAT2A	1.8877	-1.9798	1.1334
MATK	0.43702	-0.70502	0.015404
MATN1	-1.3314	0.55245	0.48404
MATN2	0.21893	0.43363	-0.61627
MATN3	0.1475	-1.2999	1.5629
BLID	-0.49961	1.5732	1.444
MAX	-1.5826	0.70803	2.5294
DENND6B	0.097246	0.95011	3.741
C8orf82	0.042843	-0.27922	0.78804
MAZ	-1.3829	1.6937	0.049566
MB	0.40089	-0.43195	1.0071
PIM3	0.60198	-0.80692	0.84849
STX19	-0.98558	0.1845	0.7326
MBD1	0.77595	-0.0052873	0.33834
MBL2	-2.1284	-0.61813	-1.3604
MBNL1	0.76249	-0.14576	2.2207
MBP	-0.35265	0.81186	-0.071734
MC1R	0.41168	1.022	1.7701
MC2R	-0.23894	-0.06505	-2.141
MC3R	-1.3289	0.24373	0.13765
MC4R	0.66336	-0.077184	-0.24324
MC5R	0.42812	-0.3791	0.54089
MCAM	0.37113	1.2852	4.8579
MCC	0.94971	1.3779	1.2199
CHST6	3.573	1.8364	2.4248
ART1	-0.57685	-0.92086	2.0923
MCL1	-0.046134	0.9276	5.279
MCM2	-0.023258	-0.023378	7.3972
MCM3	0.43775	2.7694	-0.16968
MCM4	0.36448	1.013	2.7091
MCM5	-0.76026	1.1725	-0.39859
MCM6	1.3055	1.6233	-0.24487
MCM7	2.2427	-1.6996	5.035
CD46	2.8458	-1.056	4.5516
SMCP	1.7349	-0.061221	-0.29065
ADAM11	1.5648	1.1856	3.6834
MDFI	0.070943	-0.25239	0.26412
DNAJB9	-1.9932	-1.828	0.070431
ART3	-0.096391	2.2018	1.7148
MDH1	-0.63195	1.3633	1.0774
MDH2	1.5437	1.3053	2.9173
MDK	2.3073	1.2194	-0.13806
MDM2	0.16482	1.515	-0.09424
MDM4	0.8434	0.072445	6.0586
ME1	0.23145	1.6477	3.0094
ART4	-0.43974	0.2213	-0.21365
ME2	-0.33736	-0.64749	1.2031
MEA1	0.84634	0.12246	0.5252
MEF2A	0.85227	1.3092	0.3199
MEF2BNB-MEF2B	-2.1244	0.41271	2.0961
MEF2C	1.3741	-0.34865	6.1881
MEF2D	2.5152	0.28985	1.0089
ARVCF	0.67695	0.92573	3.144
MEFV	0.96718	-0.13282	0.52056
MEIS1	0.68698	2.3494	3.0179
MEIS2	-0.0071802	0.50714	1.0244
MAP3K1	0.67028	1.056	1.3171
MAP3K3	0.18207	1.3705	4.4508
MAP3K4	0.0010986	-0.57505	-0.46499
MAP3K5	0.24875	-1.3372	1.7917
RAB8A	1.5866	-0.38967	1.5176
MEN1	-1.8244	-0.07974	1.8057
MEOX1	-0.75297	1.4143	0.97796
MEOX2	-0.37874	1.3925	-0.44028
MEP1A	0.92515	-0.57002	1.1135
MEP1B	0.23537	1.9221	-2.7338
MEST	-1.3234	-0.10023	0.85038
MET	1.1511	2.4295	1.3387
METTL1	-1.1706	-0.24778	2.456
MFAP1	1.8904	2.1229	2.1999
MFAP2	-0.1726	0.1271	1.2717
MFAP3	-1.159	-2.1434	-0.34365
MFAP4	-1.131	1.3367	0.16859
MFGE8	-0.28684	1.0519	-0.34155
MFI2	-0.57502	1.8526	0.17173
MFNG	1.4234	-0.10806	4.1053
MGAT1	0.6363	0.82685	1.0341
SCGB2A1	0.45884	-0.32443	0.051794
MGAT2	-0.17676	0.54509	0.020074
MGAT3	-0.13176	0.66232	1.2416
MGAT5	0.29759	-0.5791	4.6549
SCGB2A2	-0.45475	1.1499	-0.23943
CTAGE5	-0.038559	-0.74489	1.098
KITLG	0.51576	0.17937	-0.89376
MGMT	0.40813	-0.54364	1.8912
MGP	-0.21287	0.15788	0.33217
MGST1	-0.71066	-0.84071	0.31955
MGST2	1.9502	0.94846	1.3229
MGST3	-1.1719	5.0621	1.9246
CIITA	-0.030205	1.782	1.9487
ASAH1	2.1601	1.4515	1.5589
MICB	5.217	1.7993	1.5895
MIF	0.1413	-1.356	-0.88935
CXCL9	-1.117	1.0196	-0.63773
MIP	2.1368	0.10921	3.859
MIPEP	0.99301	0.34646	-0.33431
MITF	-0.33868	-0.62118	1.3948
ATXN3	-0.49633	1.5656	2.5668
MKI67	-0.18668	-0.026932	2.3905
MKLN1	0.98633	-0.53946	0.8862
ASCL1	-2.6922	-0.92189	1.9218
MLF1	-0.28079	0.14305	1.2369
MLH1	0.12497	0.32022	2.2205
MAP3K9	-0.19343	-0.30974	0.22827
MAP3K10	-0.35486	-0.71848	0.86326
MLN	2.979	1.4952	1.1192
MAP3K11	0.59954	3.6063	4.7173
KMT2A	-0.7421	-0.98993	5.3004
MLLT1	1.1912	-0.91756	0.40492
AFF1	2.8356	0.82818	5.6022
ACHE	0.79064	-0.18041	4.2032
ASCL2	-2.0467	1.477	0.0247
MLLT3	0.61133	0.79923	3.3025
MLLT4	0.87916	-0.40885	1.1962
MLLT6	-1.5733	2.1871	2.462
NR3C2	0.049135	1.79	1.2569
TRPM1	1.5893	1.6543	2.4554
MME	-0.061838	0.34412	1.8775
MMP1	0.19039	-0.089245	0.4005
MMP2	-0.53066	0.13306	4.4576
MMP3	0.90582	-1.2068	-0.44653
MMP7	0.88656	-0.275	1.7337
MMP8	-0.38548	0.67878	-0.077446
RGS21	-0.23481	-0.64212	0.83669
ASTL	-0.55919	1.8643	2.5232
LHX8	1.3133	-0.82305	1.343
MMP9	4.6243	0.39077	-0.63987
MMP10	-0.26676	-0.019024	0.43589
ASGR1	-2.1239	-0.34246	2.2828
MMP11	1.3335	-0.20732	2.2761
MMP12	0.5815	-2.3579	-0.77924
MMP13	-0.87518	-0.071176	0.605
MMP14	1.3395	2.2146	1.5145
MMP15	0.30263	2.6052	-0.080381
MMP16	-0.71896	-0.40396	3.953
MMP17	-0.042724	1.6119	1.7418
MMP19	2.5654	-0.67744	6.1094
ALDH6A1	-1.0628	-1.2079	4.7017
ASGR2	0.095301	-1.4983	-0.5126
MN1	-0.54988	1.9286	2.3401
MNAT1	-0.16233	3.5254	2.1464
MNDA	-0.81186	0.21703	-0.080333
MNT	0.41155	0.87318	1.7482
MOBP	0.17169	1.298	-0.80071
MOCS1	-0.45681	0.18933	3.1593
MOCS2	-0.30603	0.26621	0.28529
ASIP	-0.056739	-0.33204	3.2361
MOG	4.3901	2.3107	3.5733
MOS	1.6683	1.4056	4.6393
MOV10	0.23768	3.7189	4.1382
CD200	-0.89146	0.98122	1.034
ASL	0.37689	0.71385	0.87401
MPG	-2.3647	0.045057	2.5033
MPI	3.5207	0.21563	-0.30378
MPL	1.5013	0.16461	3.5898
MPO	-3.0288	1.2803	2.26
MPP2	-0.13671	1.0738	2.6488
MPP3	0.45542	-0.019316	1.5109
MPST	1.1132	0.6713	-0.69883
MPV17	-0.48171	-0.12671	2.7665
MPZ	0.93863	-0.41525	-0.62687
MRC1	0.023736	-0.46418	0.53898
MRE11A	-0.030059	-0.78407	0.2618
ABCC1	0.47944	-0.39385	-0.45516
KLK14	3.0133	0.51239	-0.20836
KLK12	1.3233	-0.20455	-1.8069
ASNA1	-0.57363	2.6669	0.70505
KRTAP5-5	2.9358	0.14999	1.2741
MXRA7	0.95366	1.0994	3.7724
IFIT1B	-1.881	-0.70031	1.6058
ASNS	-0.12242	-0.31058	0.76239
KRTAP5-2	2.0802	1.3458	0.94942
KRTAP5-6	2.2257	-1.1201	5.5977
TMEM41B	-1.163	0.32611	0.97229
SLC22A20	1.0537	1.6129	2.0781
KRTAP5-7	0.95657	-1.0621	-0.40256
KRTAP5-11	0.31096	-0.16169	0.63164
CARD17	-0.642	0.50203	-0.090335
IQSEC3	0.21085	-0.972	1.5178
SMCO3	-0.56631	-0.054088	-0.96326
H3F3C	0.2829	0.76834	0.027286
DBX2	-0.23523	0.75792	-0.16435
PLEKHG7	0.79566	2.2734	0.60836
ALG11	1.5107	-0.40561	0.89816
MZT1	0.16032	2.285	1.2142
RNASE13	-0.7078	1.5683	-0.56268
CCDC88C	1.0881	3.3394	3.6133
GOLGA8B	-1.4089	-1.0918	3.7985
EIF2AK4	0.21263	1.3165	3.5085
UNC13C	-0.44302	-0.024008	3.0652
LOC440292	-1.689	-1.3808	0.97888
GOLGA6L9	0.75323	0.31515	-0.21244
SMIM22	0.53239	1.5734	0.91112
NPIPB4	-0.70817	-0.24842	-1.4209
NPIPB15	-1.0975	-0.0202	1.3835
CTRB2	5.5329	1.4661	2.3657
RNASEK	0.74217	-0.094767	-0.7555
GPR179	1.6118	-0.10931	-0.16662
HSBP1L1	0.47287	-0.89421	1.8693
PLIN5	0.56011	0.86393	-0.97987
ZNF506	-0.83309	0.54958	3.3003
PSG8	-0.14554	0.94216	1.2037
PRAMEF11	-0.36328	0.91559	0.11634
HNRNPCL2	-1.1474	-1.0231	-0.42718
UQCRHL	-0.19972	0.69054	2.0493
MINOS1	-0.90692	1.8336	-0.056778
FAM183A	-0.80861	-0.85307	1.6009
ZYG11A	-0.24227	-0.40043	2.9008
BCL2L15	1.0019	0.53619	1.3902
HIST2H2BF	1.0387	1.438	2.8899
ETV3L	0.35549	-0.27067	2.2602
LRRC52	-0.19809	4.5707	2.7979
C1orf186	-0.9471	0.81928	0.63215
TRIM67	1.2525	2.0769	0.20594
MAP1LC3C	0.35195	0.48973	0.71891
PIWIL3	-0.66525	-0.61177	2.2914
SHISA8	1.0314	0.41547	0.3797
ODF3B	1.0656	0.35568	0.65431
CAPN14	1.7151	0.83855	1.4541
TMEM89	1.2136	1.0003	1.5241
IQCF6	0.78971	0.1006	2.1352
SMIM4	-0.67638	3.077	2.3213
MTHFD2L	-1.0457	0.052133	0.61077
TMEM150C	-0.54746	-0.27717	-0.35244
C4orf47	-1.2129	1.1402	0.96881
MARCH11	0.57147	-1.266	0.1629
LOC441098	-0.19494	0.71883	0.31208
C6orf226	0.12754	0.62207	1.9348
TMEM151B	1.8872	0.45952	1.2427
LOC441155	1.4291	1.0566	-0.19831
OOEP	-0.27046	-0.065735	1.5257
FAM26F	0.33081	1.0723	3.3828
ZNF716	-0.57872	-0.16528	0.86193
LOC441239	-1.4727	-1.3216	1.1766
TYW1B	-0.91661	-0.7109	2.3141
SPDYE3	5.4249	-0.6275	2.7606
AKR1B15	-1.6092	-1.0358	-0.4216
CTAGE15	-0.0037589	1.171	-0.68444
AARD	-0.079881	0.36218	-0.61317
LRRC24	-0.020842	-0.33861	0.78804
SPATA31C1	-0.49044	-0.4002	0.26037
NUTM2G	-1.505	-0.37766	-0.56629
ANKRD18B	-1.1383	1.0375	0.99103
CDNF	0.53275	-0.94648	1.3365
FRG2B	-1.0274	1.3502	1.7111
OR5B3	0.061087	2.3203	0.789
TSPAN11	1.647	2.4996	-0.51273
OR9K2	0.086675	-0.36454	3.6909
TARM1	-1.7735	-0.30932	-0.92118
ANKRD65	0.35067	2.4893	1.3213
PRAMEF25	-1.1152	-1.1361	-0.3211
OR10J3	-0.096551	1.9843	0.71205
BECN2	-0.26206	0.35686	2.7291
OR2W5	-1.1094	-1.1384	0.60993
OR13G1	0.19638	0.1449	-2.0352
SULT1C3	-0.0225	-0.81441	-0.6022
GALNTL6	1.5554	1.3553	1.5298
OR2B3	1.4725	0.85688	2.9355
OR2J3	1.127	1.2296	3.8536
OR14J1	1.2912	1.4312	5.3248
OR10C1	-1.229	-1.1994	3.6273
PTCHD4	-1.0322	0.73598	0.68236
RFPL4B	0.0028177	1.1341	-0.65263
ZNF727	0.20258	0.85068	1.7619
OR2A2	0.078215	0.28957	0.234
FOXB2	0.9712	0.44128	0.97339
SPDYE5	-1.4026	-0.073035	2.0774
LMOD2	1.1856	-0.43847	0.45498
ASPA	0.79662	-0.65102	-0.46934
MYO1B	-0.17289	1.0207	0.30862
MSH2	1.279	-1.3335	-1.4531
MSH3	0.07598	-0.71972	0.97398
MSH4	0.68582	-0.58697	0.67464
MSH5	6.1094	0.99012	4.3337
ASPH	-0.079686	-0.30961	1.5912
MSI1	-0.95978	0.044431	0.065103
IGFL4	1.5121	-0.9265	-0.58809
ASS1	0.86232	0.98639	-0.75256
ARHGEF35	0.2043	-0.46375	0.30885
SULT1A4	-0.71921	-0.11284	-0.89023
TARP	0.44966	0.17667	-0.2638
TRIM6-TRIM34	0.17951	0.93806	1.8177
C9orf129	1.2389	0.72562	1.1492
POTEE	0.6927	-0.16533	-0.75611
PALM2-AKAP2	0.45418	0.21115	4.366
MSMB	0.27357	0.55937	0.93785
MSR1	-1.6127	0.84523	1.2885
MSRA	0.13104	-0.49145	5.7138
MST1	0.92654	-0.21143	4.9883
MST1R	1.2892	1.0404	4.2226
MSX1	1.4929	0.77325	-0.98024
MSX2	0.7991	0.68611	1.1667
FRG2	-1.0653	1.173	1.3678
KPRP	1.4646	0.039033	0.15323
LCE6A	1.4713	0.44522	-0.17795
MT1A	1.5052	0.84539	-0.1101
MT1B	1.1751	0.32101	-0.19212
MT1E	1.8836	1.0703	-0.17206
MT1F	1.1991	0.099427	-0.23241
MT1G	1.1896	-0.051294	-0.32885
MT1H	1.1996	-0.20072	-0.24747
MT1M	1.6188	1.0336	-0.17899
MT1X	1.4228	-0.53327	-0.43808
MT2A	2.1316	1.4861	-0.057402
MT3	1.8127	1.101	-0.0090903
MTAP	-0.082765	5.8837	0.84801
MTF1	0.43018	1.9036	1.9542
NUDT1	-0.36872	0.84434	3.695
MTHFD1	0.70125	0.59724	2.3339
MTHFR	3.1257	-0.84476	1.4006
MTIF2	-1.272	0.25072	-0.082333
MYO1F	-1.0057	-0.3552	1.8861
MTNR1A	-0.40289	1.136	-1.4087
MTNR1B	1.4883	-1.0226	1.7723
MTTP	1.2561	0.57596	2.0791
MTR	1.3769	0.86972	-0.11325
MTRR	-1.1167	-1.384	1.4671
MTX1	2.8272	0.82131	2.7776
MUC1	3.3817	0.36246	3.754
MUC2	0.19933	-0.71587	1.5632
MUC3A	0.16859	0.51443	3.4028
MUC4	-1.4831	0.059713	2.0223
MUC5AC	0.21263	-0.11114	0.77293
MUC6	-2.5035	-0.44723	4.4415
MUC7	-0.038117	-0.40752	-0.81103
TRIM37	-0.69307	-0.034215	3.8399
MUSK	-1.3128	0.67214	-0.027997
MUT	-0.4544	2.1998	-0.32752
MUTYH	-0.28585	1.8351	2.4175
MVD	1.1886	0.53909	2.2387
MVK	-0.73603	2.5305	1.8153
MX1	-0.5496	-1.1773	-0.034906
ASTN1	1.5505	-0.90179	4.3643
MX2	-1.3515	0.20221	0.5279
MXI1	0.56178	0.56049	4.5531
MYB	1.8266	0.54698	1.9137
MYBL1	-1.1875	-0.18919	1.0596
MYBPC1	-0.018889	0.86841	0.57031
MYBL2	-0.93942	-0.75657	-1.4986
MYBPC2	-0.27896	-1.8596	-0.85377
MYBPC3	1.0792	3.4968	7.1685
MYBPH	-0.30814	3.0736	1.5555
MYC	-1.1716	-0.48436	0.28213
MYCL	0.41448	-0.38196	4.7071
MYCN	1.4297	-1.3382	-0.32934
MYD88	1.3162	-0.92498	1.6913
GADD45B	0.3407	0.13565	0.55368
MYF5	-0.21119	1.4246	1.1351
MYF6	-0.032612	1.1154	1.6968
MYH1	0.99398	-0.52057	0.61311
SERPINC1	-0.26275	0.16339	1.2984
MYH2	1.2885	-0.27634	1.0211
MYH3	-0.34652	-0.36324	1.7467
MYH4	0.83569	-0.51458	0.37536
MYH6	-0.65756	1.5662	-0.035515
MYH7	0.216	-0.72849	-0.14655
MYH8	0.45196	-0.9284	-0.54887
MYH9	0.5498	-0.60124	2.2118
MYH10	-1.1869	0.49583	1.5807
MYH11	-0.47167	0.37338	0.14228
ZFHX3	-0.6998	-0.22986	1.3933
MYL1	-0.78218	0.56123	1.9812
MYL2	0.12875	1.6618	-0.37913
MYL3	-0.098756	0.20824	1.7493
MYL4	-1.0956	4.563	0.35135
MYL5	-0.20891	-1.2786	3.3661
MYL6	-1.0646	0.25578	3.4553
MYLK	0.56621	0.48029	2.2962
MYO1A	0.58752	2.3234	2.7645
MYO1C	0.1559	3.6402	4.2145
MYO1D	0.90542	0.077686	8.0852
MYO1E	2.1868	0.68494	-0.44931
MYO5A	0.32997	-1.3332	2.1987
MYO5B	0.77971	2.3919	7.6262
MYO6	0.35917	-1.161	3.4993
MYO7A	0.046177	-0.40448	-0.87655
MYO7B	0.23444	-0.87229	1.56
MYO9A	-0.85426	0.85996	0.55365
MYO9B	-0.0118	3.707	1.5426
MYO10	-1.905	1.6982	2.8616
MYOC	0.90012	1.4478	2.7364
MYOD1	-1.6936	2.1398	1.0389
MYOG	0.33349	-0.71658	4.3026
PPP1R12A	0.44624	1.5815	0.52265
ATF1	0.49721	0.18806	1.7782
PPP1R12B	0.22167	2.797	0.34167
MYT1	0.72253	0.098303	1.4073
NAB1	0.25138	-0.17372	3.4852
NAB2	1.3813	1.6021	5.6053
NACA	0.87737	0.46346	0.93792
NAGA	1.6513	-0.55617	2.8127
NAGLU	-0.24563	2.1265	1.384
ATF3	-0.57866	-0.56587	0.61128
HNRNPM	0.26283	-0.4654	0.76481
NAP1L1	-1.0044	0.58319	-1.0958
NAP1L4	-0.1577	-0.97037	0.082694
NARS	-0.47625	0.51913	-1.2412
NASP	-2.9304	1.441	2.1638
ATF4	-2.502	-0.56626	1.8558
CEACAM6	-0.29141	0.09811	-0.50739
NBL1	0.36797	1.4945	-0.22079
NUBP1	-0.66772	0.31819	-0.26306
NBN	-0.31288	-0.43682	1.6924
NCAM1	0.027503	0.22218	0.83671
NCAM2	-0.092334	1.9489	0.037017
NCBP1	-0.49932	-0.18834	-0.59592
NCF2	-0.20396	0.62607	-0.67476
NCF4	-1.3162	-0.023991	-0.28833
NCK1	1.4722	0.8884	0.51148
NCL	-0.6648	2.5483	1.3029
NDN	-1.2434	0.12282	0.30256
NDUFA2	-0.35588	0.48725	3.9285
NDUFA3	-1.3153	-0.78555	-0.32573
NDUFA4	-1.5941	0.87524	2.175
NDUFA5	-0.99917	-0.066432	-0.79571
ACLY	-0.58676	1.8553	2.9999
NDUFA6	1.3739	-0.38358	2.5529
NDUFA7	0.42171	1.4398	0.27696
NDUFA8	-3.1675	0.95251	0.26176
NEB	-0.41022	-0.66344	-0.75547
NDUFA9	2.2387	1.7193	0.55399
NDUFA10	0.80626	-1.5136	-2.2788
NDUFAB1	2.1824	-2.1272	1.1881
NDUFB1	0.030045	1.1851	4.7019
NDUFB2	-1.2445	0.27063	0.72617
NDUFB3	2.6943	-0.37161	3.5031
ATIC	-0.38278	1.3969	1.0569
NDUFB4	1.4435	1.2263	2.1451
NDUFB5	0.754	-0.33376	1.7343
NDUFB6	-1.6698	-0.73147	0.85396
NDUFB7	1.6565	-0.69145	-0.90944
NDUFB8	0.53504	2.1148	-0.19275
NDUFB9	0.80137	0.78703	0.5203
NDUFB10	0.34159	1.2428	0.36953
NDUFC1	-0.32772	-0.11732	0.49932
NDUFC2	1.2693	-0.74109	0.71479
NDUFS1	2.0543	1.1754	0.88649
ATM	0.035491	-0.8979	6.9798
NDUFS2	0.42096	-0.75706	0.67396
NDUFS3	-0.93964	1.3742	4.3742
NDUFV1	-0.98699	-0.40354	2.8888
NDUFS4	1.7732	-1.3276	2.4831
NDUFS5	-0.2119	-1.0633	1.979
NDUFS6	-0.57681	-0.92942	0.33192
NDUFS8	1.0197	0.35523	0.28868
NDUFV2	0.39488	-0.27054	-0.16343
RERE	0.22978	1.3912	0.94071
NDUFV3	0.6104	1.7794	1.4981
DRG1	2.0542	1.6322	1.2187
NEDD4	0.5657	0.8835	2.4693
SEPT2	-2.4085	0.99933	2.614
RPL10A	-0.19936	2.4361	2.8856
NEDD8	-1.4935	0.91156	1.4263
NEDD9	0.42316	2.0213	-0.9948
ATOH1	-0.77004	0.55192	0.51716
NEFM	1.6196	0.91705	1.2349
GIMAP6	-0.099025	-0.61075	1.0196
LRRC18	0.1813	-1.1542	-0.094855
NEFH	-0.24429	1.0215	3.1394
NELL1	-1.705	0.43318	0.93669
NEFL	1.3092	0.53971	1.5082
ATOX1	0.19647	-0.52264	3.5859
NEK1	0.05284	-0.7687	0.6955
NEK2	0.86467	0.65486	-0.82615
NEK3	1.8988	-1.3255	1.2137
NELL2	-1.1819	-0.0080222	0.4722
NEO1	0.84787	-1.5658	2.0793
NEU1	6.1094	2.4985	4.1156
NEU2	-0.063735	-0.23657	2.2897
ATP1A1	0.41337	0.82046	1.0205
NEUROD1	0.9415	-0.32078	1.3444
NEUROD2	1.8772	2.2992	4.8678
NEUROG1	-0.036511	-0.13211	-2.076
NF1	1.0085	2.1313	2.3436
ATP1A2	-1.0558	1.0379	0.38727
NF2	-0.39489	0.46312	2.9913
NFATC1	-1.2885	-0.81427	4.187
NFATC2	-0.4827	-1.9924	-0.012022
NFIA	0.35986	1.0777	2.2956
NFATC3	0.40969	-1.2267	6.3289
NFATC4	0.20323	1.0771	-0.72811
NFE2	2.5625	-0.093095	3.7863
NFE2L1	-1.1928	1.1215	3.5076
ATP1A3	0.0071884	0.028524	1.7299
NFE2L2	1.0519	-0.60181	6.5289
NFIB	0.52427	2.0169	1.7332
NFIC	-0.8417	-0.8708	1.6019
NFIL3	-0.86363	-0.38675	1.7583
NFIX	1.2953	1.5239	4.4661
ATP12A	-1.1996	1.1515	-0.99609
NFKB1	3.9295	1.1823	-0.077098
NFKB2	0.24354	0.3223	5.3613
NFKBIA	-1.0863	1.4829	2.3201
NFKBIB	-1.0439	0.066409	2.1522
NFKBIE	1.5221	0.45333	1.2287
NFKBIL1	7.8398	1.2045	1.1661
TONSL	0.60291	-0.35647	1.4136
NFRKB	0.45994	1.1266	0.77218
NFX1	-3.4448	-0.40143	0.57482
ACO1	-0.15456	0.019024	2.3337
ATP1A4	-1.4461	1.2523	0.68578
NFYA	0.49253	-0.60803	0.44104
NFYB	0.22971	1.1315	1.3428
NFYC	0.59199	-0.98683	3.1741
NGF	-0.40305	-1.8352	1.8544
NGFR	0.57289	1.1978	1.0136
NHLH1	-0.59102	1.6881	0.002992
NHLH2	-1.4534	-0.39126	1.219
NHP2L1	0.11021	0.41682	2.765
ATP1B1	-0.34097	0.054828	2.3004
NID1	0.57107	1.3928	1.393
NINJ1	-1.9723	-0.80359	-0.080068
NINJ2	0.46668	0.36556	-0.85622
NIT1	-0.63678	0.24351	0.91686
NKG7	-1.1463	-0.16146	0.36212
ATP1B2	1.0979	1.5804	7.3749
NKTR	-0.77939	-0.15374	0.046518
NKX2-2	-1.5291	-0.47048	3.7321
NKX3-1	-1.3217	1.1095	-1.534
NKX6-1	-0.3713	-0.20963	0.049327
NNAT	2.1707	0.85833	-0.51451
NMB	-0.20363	-0.73698	-0.22487
NMBR	0.73673	0.49603	0.29591
ATP1B3	0.22012	2.4365	-0.26806
NME1	0.65758	1.6213	0.10006
NME2	0.68229	1.2504	-0.24301
NME3	-0.46153	1.7803	0.4873
NME4	-0.35217	3.1946	5.6631
NQO2	-1.9693	-0.34707	0.060042
NMT1	-1.2065	1.487	-0.42268
NNMT	0.27932	1.0934	1.0131
NODAL	-0.95203	-0.31313	0.80181
NOP2	-0.2932	1.8072	0.73339
NOS1	1.8294	1.178	0.29033
NOS2	0.72793	-0.97308	0.053225
NOS3	0.59573	0.063481	3.9208
CNOT2	3.432	0.73636	1.8326
CNOT3	0.20397	-0.33129	-1.207
CNOT4	-1.9946	1.0313	-0.53056
NOTCH1	0.011548	0.46499	2.2548
NPY	1.3876	-0.10449	0.55688
NOTCH2	0.62819	1.0453	1.5908
NOTCH3	0.49331	1.187	0.78631
NOTCH4	7.3337	3.7561	4.6057
NOV	0.42742	0.75778	1.2285
NOVA1	-0.7961	-0.078138	1.0015
NOVA2	1.2307	0.12145	1.4679
FXYD2	-1.7561	0.65116	6.1094
PNP	-2.3219	0.46406	0.89429
NPAS1	0.83553	0.40852	0.88332
NPAS2	-1.7867	1.5436	0.78985
NPAT	0.059052	-1.2887	6.1094
NPC1	0.86572	1.7982	0.058166
NPHP1	0.0032982	0.058064	1.2384
NPHS1	-0.92009	-0.18822	3.3954
NPM1	0.39189	0.81429	2.4588
ATP2A1	1.0038	0.99724	2.7097
NPPA	3.7942	-1.4267	1.9899
NPPB	3.2939	-1.1209	1.7775
ATP2A2	0.47595	-0.43306	0.40736
NPPC	-0.48503	-0.85937	2.7911
NPR1	1.1809	-0.58644	1.1319
NPR2	-1.1899	0.4066	-0.16517
NPR3	0.76099	-0.07418	1.151
NPTX1	0.70361	0.42867	1.5976
NPTX2	-0.48912	-0.69977	2.4581
NPY1R	-1.5977	1.6775	0.80235
NPY2R	1.6208	-0.95344	-0.44566
NPY5R	-1.7199	1.6148	0.6758
ATP2A3	1.3151	-0.74311	3.2617
SLC11A2	0.21976	0.048064	2.9958
NRAP	0.070904	0.11412	1.2945
NRAS	1.0279	-1.9112	0.93382
NRCAM	-1.4427	0.28172	-0.15922
NRD1	-1.2662	-0.44696	1.4659
NRF1	-0.033861	1.0505	2.169
ACR	-0.63827	1.4353	1.3356
ATP2B1	-0.095623	-0.085386	0.89663
NRGN	0.29466	1.3643	1.3576
NRL	1.269	0.56985	1.7891
NRTN	5.3276	0.70674	1.1956
YBX1	-0.64021	0.94412	1.4174
NSF	0.48379	4.0962	6.4851
NT5E	-1.3403	-0.12174	0.52666
NTF3	1.0617	-0.97469	-0.43835
NTF4	0.99342	0.48337	0.5012
ATP2B2	0.54145	-0.91512	3.3225
NTHL1	0.69777	0.5311	1.1776
NTRK1	1.0949	1.1738	2.9464
NTRK2	-0.47694	-0.56876	2.9891
NTRK3	-1.701	-0.0023534	0.26471
NTN3	1.857	-1.2976	-0.46546
ROR1	-0.77839	1.6006	1.5079
ROR2	-1.1544	-0.84414	1.1492
DDR2	-0.068129	2.3325	0.61186
NTS	-1.7713	1.1542	0.3647
NTSR1	-1.2731	-2.491	1.1506
C8orf22	-0.41742	-0.21929	0.77895
IGIP	0.45287	-1.8424	1.4276
NUCB1	1.2942	1.737	0.050051
NUCB2	-0.092239	2.9697	2.899
NUMA1	1.3117	0.040731	1.0497
NUP88	-0.28971	-0.23876	0.077568
NUP98	-1.3932	0.19856	1.8567
NR4A2	0.8048	0.036576	1.9523
ATP2B4	1.8826	0.06396	2.6672
NVL	-1.5714	0.068668	-0.16534
COA5	-0.025255	-0.49743	4.4393
OAS1	0.83379	0.8051	-1.2607
TRIM72	1.4092	1.0084	1.1382
CISD2	1.5374	0.94067	2.0768
CCDC73	1.0554	1.0254	0.807
EID3	-0.092568	-0.53782	1.1912
GPX8	1.1274	-2.0729	1.5266
OAS2	0.44528	-0.28632	-0.81674
RNASE12	0.0053108	0.98354	0.1535
PHOSPHO2	0.67391	-0.35295	-0.55258
OAS3	0.53656	0.26238	-0.45069
RBMXL1	1.1544	0.96616	2.3402
CHAC2	1.5305	1.1845	3.867
FBXO47	-0.56133	0.27408	1.4265
OAT	1.4726	-0.0093211	0.00039995
RNF165	-1.1561	-1.0151	0.23095
DFNB59	-0.69907	-0.41663	4.7063
TYMSOS	0.56649	0.23628	1.3221
WEE2	-0.38678	0.64354	2.4347
OAZ1	-0.23444	-0.18014	1.108
OAZ2	2.0763	1.9462	-0.082844
OCA2	-1.0561	0.50276	4.5852
ATP4A	0.67102	-0.48262	1.6025
OCM2	-0.10906	-1.7824	-1.122
ODC1	-0.47928	-0.29085	-1.6795
ODF1	0.013253	1.5355	2.6873
ODF2	1.3441	-0.59287	1.0958
OMD	1.2976	2.3857	0.47688
ATP4B	-1.5708	0.87962	1.6467
OGDH	-0.58473	-1.0454	0.42126
OGG1	0.18901	1.3112	-0.21025
OGN	1.4341	2.2862	0.31186
TIFAB	0.033887	-0.22328	-0.77982
CLEC18B	-0.52151	-0.48331	1.4646
OLR1	0.52993	0.14213	1.5463
OMG	1.0011	2.1498	2.6675
OMP	1.3792	-0.91984	0.67313
OPA1	-0.26073	1.2619	2.009
C18orf32	2.2697	1.0963	3.8438
OPCML	-0.45277	1.3048	6.4177
ATP5A1	0.12761	-0.17914	2.204
TNFRSF11B	-0.65163	1.6962	0.98047
OPRD1	-0.3577	-0.34993	2.061
ZBTB21	-0.42567	-1.0356	1.9015
SCAPER	1.0577	1.8016	3.0557
WRAP73	0.34442	0.010233	-0.76689
OPRK1	2.0958	-0.33543	0.85978
CRNN	0.75637	0.9657	1.2418
CLDN20	-1.5723	0.28101	2.5209
OPRL1	0.050769	0.99379	3.0069
OPRM1	0.24758	-1.1062	-0.51808
SIX6	2.3897	6.9205	6.1799
OR1D2	0.12416	0.36549	1.4688
OR1F1	0.47155	0.32634	-0.031383
OR2C1	0.84548	-1.0769	0.53237
OR3A1	0.86391	-1.3511	-0.92895
OR3A2	0.97981	-1.7485	-0.84348
ORC1	-0.029945	-1.7516	3.7884
ORC2	4.16	0.045647	2.9457
ACO2	0.47408	0.91321	6.1241
ORC4	0.4806	0.36849	3.8592
ORC5	-1.3439	-0.79302	1.206
SLC22A18	-1.2258	-0.72111	-0.83081
SLC22A18AS	-1.4298	0.68369	-0.58394
ORM1	1.186	-0.54383	0.40757
ORM2	1.416	-1.1247	0.054284
OSBP	0.76802	0.11128	1.7042
OSM	0.83411	1.4323	0.83936
ALDH7A1	0.4914	2.0823	1.2419
CLDN11	-2.0131	1.8216	-0.2678
OTX1	0.92217	1.2208	2.195
OTX2	-1.3901	1.7669	3.1492
OVGP1	0.17398	-0.65252	-0.38489
OVOL1	-0.26828	2.6584	5.4535
OXA1L	1.6808	0.22636	0.15038
OXCT1	0.6505	0.90929	2.0915
OXT	-1.5466	-0.10594	0.44956
OXTR	0.16238	-0.49962	0.30337
P2RX1	-0.85242	-0.13442	2.7532
P2RX3	-1.5572	0.21409	2.5324
P2RX4	-0.56942	-0.81663	0.72949
P2RX5	-0.73116	0.71609	0.64934
P2RX7	-0.44455	-0.43447	1.1946
P2RY1	0.0048642	-0.31812	-0.99026
P2RY2	0.24038	-0.44755	-1.2919
P2RY6	1.6916	-0.12463	3.2038
P2RY11	-1.3117	0.1773	0.44932
P4HA1	0.77995	-0.44027	0.45387
P4HB	1.8569	0.21624	2.5076
MS4A13	0.54246	0.32251	1.0028
SPRN	-1.43	1.14	0.88671
ARGFX	-2.2181	0.34251	0.45889
PA2G4	-0.43952	1.2857	5.3959
PEBP1	1.6709	0.22205	0.78605
DPRX	1.2218	1.5456	1.0572
DUXA	-2.8081	-0.29116	1.2337
PABPC3	-0.88672	0.4914	-0.98091
FURIN	0.65205	-2.0032	3.0971
PCSK6	-0.15474	-1.0017	1.0107
PAEP	1.4766	0.65815	-0.40512
PAFAH1B1	-1.5522	-0.41752	1.3018
RRM2B	0.23281	1.3129	1.1621
SMARCAL1	0.0061425	-0.012188	-0.55012
G0S2	-0.34519	0.54579	0.057162
PLA2G3	1.3263	3.1093	1.5037
MINK1	0.18469	-0.56882	1.4963
CD207	-0.4935	0.36395	0.69766
PAFAH1B2	3.106	1.2656	3.9409
PAFAH1B3	0.33658	1.8876	1.2358
DUOX2	0.73945	0.35897	0.69504
NOX4	1.8072	1.8314	2.386
NOX3	-0.10319	-0.14145	-0.042661
COL5A3	0.26461	-1.0036	-0.25262
PAFAH2	-0.11925	0.27392	1.6149
SYCP3	1.516	0.4299	-1.5467
PODXL2	0.85605	-0.37679	6.9851
DEC1	-1.0001	-0.052644	0.68498
CHST11	-2.2748	-0.16405	1.4668
PRDX1	-0.70875	2.0428	1.9929
PAH	-2.2174	-1.1845	0.87898
SERPINE1	0.86659	0.24285	3.0433
SERPINB2	1.1307	-0.28067	-0.36245
PAK1	-0.040494	0.11288	-0.88439
ATP5B	1.1215	-0.26846	0.95612
IL20	-0.37328	-0.41708	0.48086
UBQLN3	-0.34426	1.6576	-0.10539
IL21R	0.55	-2.0882	0.31471
IL22	-1.1411	-0.55289	-1.3242
ATP6V0A4	-0.37352	1.1109	-1.3525
ITSN2	-0.16417	-1.0687	1.3791
DEF6	0.92086	1.2019	3.9015
PAK2	0.97349	-0.77583	0.36361
CUZD1	3.0047	0.35202	3.5005
CYHR1	-0.37656	-0.2512	1.341
GEMIN4	0.058622	-0.36984	-0.59913
CALY	-0.33612	2.3909	-0.20388
ANO7	-0.068291	0.27139	2.188
PALM	0.79495	1.0618	2.314
PNPLA8	-1.3019	-0.59485	-0.27454
ARHGEF4	-0.048393	-1.2203	-1.0192
ARHGEF3	2.2295	2.9651	3.3114
SLC45A1	-0.56686	1.1727	1.0614
PAM	-0.64495	0.67574	6.4491
CNTN3	-1.4811	0.16134	1.4836
NEUROG3	0.23721	1.1426	0.184
REG3A	-1.0606	0.47205	0.4995
PAPPA	-1.1803	-0.20687	4.3441
RDH8	-0.14137	-0.56124	0.09697
PARK2	-1.5061	-0.29804	1.8842
DCAF8	-1.3321	0.61191	0.55533
PARN	-0.74201	1.7125	-0.37627
PAWR	-0.28779	2.6786	2.0339
PAX1	0.13859	-1.7531	0.34181
PAX2	-0.80911	0.79726	3.2231
PAX3	-0.69689	-0.86353	2.655
PAX4	-2.3994	0.34182	1.6047
PAX5	0.99999	0.16765	0.74813
PAX6	-0.8961	0.31648	5.4191
KCNK4	-0.55513	1.847	0.83643
MYEF2	-0.028913	0.36299	-0.10148
IRX4	-1.8562	-1.7314	1.4335
ASAP1	-0.16064	2.5295	3.7225
AK3	-1.4323	-0.14908	-0.47205
HP1BP3	2.0598	-0.34864	3.4482
PAX7	-0.15294	0.9419	0.52499
HDGFRP3	-0.70547	-0.65351	0.48385
COPS7A	0.89242	-0.63714	1.5532
PDCL	1.3073	0.6643	0.13106
PAX9	0.65171	-0.12496	-1.0092
TAS2R3	-0.10233	0.72997	2.2171
TAS2R4	-0.057398	0.66871	2.4529
TAS2R16	2.0693	-0.37138	0.21969
TAS2R1	-0.57491	-0.37593	-0.053763
TAS2R9	0.33305	0.16908	0.77586
TAS2R8	0.28715	0.23121	0.79131
TAS2R7	0.34021	0.25323	0.72609
TAS2R13	0.75723	1.4221	0.086233
TAS2R10	0.32637	0.083315	0.62876
TAS2R14	0.72257	1.961	0.021729
DHH	0.040094	0.16196	1.7515
F11R	-0.068369	-0.41586	0.34406
TRAT1	-2.0551	-0.50795	-0.11194
VILL	0.5748	-0.78797	2.5103
C6orf48	7.707	2.2101	4.2178
PARD6A	-0.79566	-1.1132	7.33
SPOCK3	-0.25975	-0.77053	0.40835
STMN3	0.24661	2.4292	3.1726
RNF141	2.4364	1.0025	1.3477
NTM	-3.0344	0.33215	7.2013
HEBP1	-1.6837	-1.0734	1.9505
PBX1	1.8153	0.43519	3.4281
PBX2	7.6965	3.7138	3.851
ATP5C1	-0.52319	0.22739	-0.26524
PBX3	0.52741	-0.4722	3.0628
PC	0.0052213	0.4214	1.2708
PCBD1	-0.15519	0.88668	2.259
PCBP1	0.29442	0.40745	-0.45061
CDON	-2.6985	-0.91024	1.755
IMPG2	0.97019	0.10624	-0.56302
PCBP2	-0.83128	-0.53298	0.26161
PDE11A	-0.17805	-0.91588	9.359
SHANK1	-0.095519	-0.49948	1.9109
PCCA	-0.82821	0.34416	7.2644
PCCB	4.1722	-0.31338	1.5848
SOST	1.7092	0.38012	0.3124
PCDH1	1.8309	0.30001	1.7146
PCDHGC3	0.95019	-0.20015	6.4345
PCDH7	-0.41544	-0.49143	4.3467
TMED5	-1.686	1.3551	0.17447
ACOX1	0.5477	0.14489	0.33574
PCDH8	0.49879	-0.24142	1.5152
SLC35B3	-0.37836	1.2968	2.5413
MTERF3	-1.9666	1.4616	0.11955
TPRKB	-0.30807	1.4588	0.40577
MED31	-0.48028	1.5458	2.985
COQ6	-1.1853	-0.57888	4.2914
AMDHD2	0.66547	-1.0402	-0.34214
SLC35C2	-0.67027	0.51268	-1.1868
ASCC1	1.316	-1.8687	3.8368
DERL2	1.0666	1.8073	0.03091
PCDH9	-0.91854	0.40732	3.9237
EXOSC3	-0.24374	1.6345	2.214
FAHD2A	-1.7117	0.17813	2.4252
SLMO2	-0.32478	0.091257	1.5764
EXOSC1	-0.9663	0.85825	2.2542
TMED7	-1.0767	1.4642	1.7553
ISOC1	-0.72943	-0.094592	0.40612
EMC9	0.80126	-1.2293	1.7124
RRP15	1.8972	-0.048851	0.35564
CCDC53	2.5136	-0.89119	4.3202
HDDC2	0.71542	0.013514	0.41454
MRPS16	1.2062	-0.60565	-0.31221
GLRX2	-0.81682	-1.2898	0.37313
MRPS18C	0.040791	0.76307	1.2292
FIS1	1.7871	1.0832	0.68746
PAM16	0.37516	1.2889	2.8304
GOLT1B	1.4568	-0.30266	-1.1339
BOLA1	1.2123	2.2904	3.2928
VPS36	0.95675	-0.20296	1.3416
DESI2	-0.36943	0.16196	0.85136
TVP23B	0.38115	0.17597	-0.39608
GLOD4	-0.51916	0.19302	-0.91949
CELA2B	0.76096	0.17435	1.4105
UBXN1	-0.87511	1.4983	1.9472
SERPINA5	1.8668	0.13368	-0.58687
ZNF593	-0.096926	-0.068826	0.94841
ZBTB7B	0.78063	0.61043	2.8877
ST8SIA3	1.3347	-0.50629	1.5103
PCK1	0.0076437	0.89297	0.45639
PI15	-3.4453	-0.046863	6.7565
PRLH	-0.29453	-1.0522	2.336
GMNN	0.48383	0.71602	0.52512
LAP3	2.1064	-0.4341	1.0242
WDPCP	-0.51591	1.0848	1.9498
ZNF691	-1.1837	-0.029643	0.47537
FAM135B	-0.95232	1.788	1.003
PCK2	1.1207	0.32956	1.826
TXNDC12	-2.2769	-1.1226	3.2078
TXNDC11	-1.4662	1.0978	2.039
ATL1	0.4382	1.1254	3.1568
CALHM2	-1.7868	2.0206	1.9176
RPS27L	0.50363	0.15063	5.2759
SSUH2	0.039504	-1.0759	-1.9121
YARS2	0.12705	-1.0217	0.49038
NMD3	0.57012	0.21766	0.32754
MRPL2	0.39352	0.033775	1.4068
NOSIP	1.5568	-1.5926	0.37029
DERA	-0.55623	-0.68349	0.36261
MEMO1	0.93889	0.89958	1.1118
MRPL4	0.59339	1.672	3.3041
APIP	-0.47051	-2.1516	-1.9651
TMX2	0.57559	1.9195	1.0965
CUTC	0.52923	0.25272	0.18961
FCF1	1.1838	2.6557	5.2267
THAP4	1.2529	0.57289	0.028044
NDUFA13	0.011713	0.58038	7.6385
PCM1	1.4707	2.1314	1.7566
MRPS7	0.026909	0.35863	2.2795
POLR1D	-0.13495	-0.41304	1.5856
GAL	0.72313	1.5132	0.95727
CRYL1	-0.60601	0.3728	1.5819
MLXIPL	0.9501	-0.45336	4.2075
TNNI3K	0.87907	-0.16839	2.6939
YBX2	0.10869	-0.83156	3.8197
KLHL5	1.0152	0.16811	-1.024
PLLP	-0.27719	-0.24315	-0.49127
SEPSECS	0.26462	-0.79157	4.1606
SIDT2	3.1332	1.5958	3.5597
RRNAD1	2.2613	0.8126	0.9445
ADIPOR1	-1.1986	1.083	-0.47606
TRNT1	-0.60092	-0.23915	0.34334
UTP18	0.55969	0.66182	0.025288
SCCPDH	0.32295	0.34752	1.0146
IFT52	-0.81299	-1.0552	-0.46225
ABHD5	-1.6081	0.12904	-1.5727
PCMT1	0.34684	1.0881	-0.020991
SH3GLB1	0.65256	0.67308	-0.26424
ZC2HC1A	0.39051	1.588	2.9438
MECR	2.1461	-0.14666	4.8899
NDUFAF1	-0.25468	1.1694	2.1404
ABHD17B	1.0953	1.4845	-2.0389
PHF20L1	1.2058	1.6726	3.7665
TFB1M	-0.93732	0.54536	2.3059
APH1A	-1.1913	1.3933	5.4538
METTL9	0.63285	0.70819	-0.48268
RDH11	1.7053	-0.33733	2.096
PCNA	1.1634	-1.1102	1.7605
LACTB2	-0.40608	-0.89117	0.60054
SUV420H1	0.48512	0.28432	1.7673
TRAPPC12	-1.0574	1.3005	2.128
RMDN1	0.47918	0.56182	0.96217
MRPS2	2.0821	0.098513	2.1077
COQ4	0.25312	0.44335	-0.74403
UTP11L	0.35162	2.1219	3.9816
SBDS	-0.10821	-0.64154	0.23859
RPL26L1	0.36882	-1.4423	1.3677
COMMD2	-1.9468	2.298	1.3503
ZNF706	-1.4621	0.9631	0.65363
IER3IP1	-0.41935	-0.45226	1.0465
GOLGA7	0.21852	1.3962	0.017062
NAA20	1.9472	0.72723	-0.44309
TRIM17	1.2745	1.7288	0.70124
SAR1B	-0.1014	0.053526	1.8353
ANGPTL4	-0.19718	1.4077	1.1122
ASB3	2.0066	1.5233	4.1545
PHF11	-2.3479	2.2946	6.1094
KCTD3	-1.2294	0.14766	0.78512
CEP83	0.38496	0.92149	-2.1072
IRAK4	-1.1038	0.47979	0.47659
RNFT1	1.7382	-0.21163	3.0017
COPS4	-0.93808	1.4525	-0.5343
INSIG2	-0.91627	-1.7992	1.0974
CHCHD2	0.037308	0.38413	0.18162
DYNC1LI1	-0.80597	0.3027	-0.24818
HSD17B12	0.22119	-0.61043	2.5976
A4GNT	-0.32665	1.8775	3.5131
ING4	-0.24377	0.14003	-0.1086
CERCAM	1.298	-0.11791	0.6318
C5orf45	0.44093	0.79187	0.5427
SDF4	0.61757	1.434	2.3972
SLC45A2	0.24947	-1.0205	-0.4482
MRTO4	0.13919	1.6685	1.4459
HN1	0.37349	-0.25306	0.82835
SERPINA10	0.44485	0.44431	1.5785
ZNF580	0.72811	0.11074	1.9605
PCNT	-0.95562	0.70835	0.40402
VPS28	0.71838	-0.41196	1.3645
C3orf18	1.4526	-0.29872	1.2106
EGFL7	1.5563	1.0669	0.52343
DBR1	-1.8798	1.8259	3.5246
DCTN4	0.2241	0.26513	1.3593
AADAT	0.34278	-1.1464	2.6667
CYB5R4	-1.2489	1.6644	2.3822
MYO15A	-0.54803	0.029996	3.5743
HSD17B11	1.3213	0.3498	2.5206
HSD17B14	1.014	2.1893	-0.23796
NAGPA	1.0445	0.46277	2.0823
TUBD1	1.9269	-0.029373	3.5011
TUBE1	0.26498	-0.37104	0.87034
LEF1	-0.2332	0.47592	1.0845
PLEKHO1	-0.42384	-0.037302	3.8229
HAO2	-1.3298	0.62853	3.2946
PCOLCE	2.3298	2.5966	4.1659
DCXR	1.4653	1.0879	4.1902
HSPA14	1.0872	-0.25667	1.9129
GPN3	0.53491	-0.35894	0.2706
CRBN	-0.93485	-0.43602	-0.48844
RSL24D1	-0.86959	-0.51411	0.17203
SS18L2	-0.35213	-0.022736	0.36762
CHMP1A	-0.81094	-0.68594	0.19817
HERC5	0.34881	0.96192	0.93268
CKLF	1.964	1.7139	0.062199
ZNF639	-0.97122	0.15984	-0.20437
IPO11	-0.93861	0.9914	2.4301
RAPGEFL1	0.74327	0.33101	0.177
PLCE1	0.65159	2.3368	1.7851
NIN	1.5112	1.3279	6.8503
CPA4	-1.4354	-0.73362	-1.1964
ZDHHC2	0.68908	-0.14159	4.0907
DDX47	-0.83107	0.29775	-0.23686
NUSAP1	-0.10409	1.0232	1.9655
TACO1	-0.53621	1.1234	4.1687
ACP6	0.5051	2.018	0.42019
GP6	1.1619	-0.63961	-0.032746
DUSP13	-0.1037	0.881	0.69889
CLDN18	-0.24754	-0.6136	2.0253
PCP4	-0.054488	0.37152	2.6642
GLRX5	-1.1108	3.2429	3.9504
PCSK1	-0.48327	-0.69037	0.70381
ZNF219	-0.0055048	2.3341	0.4952
TCEB3B	0.056816	0.67372	1.0446
ABI3	0.89662	2.0512	7.2947
COPZ2	-1.3736	0.92409	4.0075
PIGP	-0.7065	0.75481	1.7774
GLTP	0.65274	2.5713	0.44511
PHF20	-0.41031	-0.85699	7.2539
VRK3	0.87049	-0.45711	-0.12982
CRIM1	0.74465	0.23266	1.7892
DRICH1	-0.22505	-0.12549	-0.98016
EMC4	0.19498	1.1743	4.12
HGH1	-0.8846	0.63468	1.1174
MZB1	0.38955	1.9684	3.2617
ANKRD39	1.4888	0.65981	-0.25448
COX16	-1.0523	0.84846	0.89375
CCDC174	-0.67519	-0.18748	0.029118
SHISA5	0.69562	1.0521	2.4859
PAIP2	-0.4006	1.8863	3.7949
TMEM69	-1.8019	1.0547	2.154
PCSK5	0.067131	0.82982	1.229
C6orf203	-0.46474	-0.17543	0.086642
NT5C3A	0.2927	1.024	-0.797
FAM178B	-0.56187	0.80396	1.681
MRPL37	-1.5157	2.3833	1.3251
RNF181	1.3996	-1.2362	2.277
TBC1D7	-0.80418	-0.57621	-0.76523
MARCH2	0.085743	0.2919	0.62239
MRPL51	-0.37653	0.13649	0.13759
TMEM216	-0.046771	0.94463	0.49783
PCSK2	0.16824	1.3756	2.6473
MRPL30	-1.4791	-0.43675	1.7006
MRPL27	-0.82612	1.9802	1.4838
CDKL3	0.0098512	0.1636	0.093384
CLEC1B	-0.52829	1.6929	0.38247
CLEC1A	-1.4982	-0.25914	0.048273
PIPOX	0.25866	0.89648	0.15983
UBAP1	-0.36191	1.8373	1.2558
BET1L	-1.7766	-0.84724	1.1911
KLF3	1.2536	3.7643	1.3523
ZNF571	-0.47764	0.55723	1.4769
DNAJC27	-2.0121	0.82734	2.0291
IER5	-1.0264	0.11946	1.5121
CDK17	0.31165	-0.8053	-0.48837
GOLM1	-1.8371	0.10232	-0.085816
ANKMY1	-0.81112	-0.35034	1.4156
SCAND1	-1.0118	-0.17425	7.3218
BFAR	-1.4156	1.4219	0.046118
RASL12	-0.3074	-0.28192	0.22104
CEND1	-0.18845	2.2441	2.934
COA4	-0.82195	0.96242	2.8677
RXFP3	0.64807	-0.35772	-1.5483
CDK18	0.31421	0.095052	4.9748
ERGIC2	1.9139	0.9848	3.1669
GMIP	-0.28548	0.18007	7.4066
GMPR2	-1.95	0.89964	1.6142
CD320	0.60538	1.52	0.086087
PCDH12	0.12174	0.25773	0.62279
ECSIT	0.87858	0.76962	0.68154
SLC15A3	-0.42899	-0.27087	2.7172
BPIFA1	-0.9826	1.4649	1.0012
THEG	-0.75348	-1.0845	0.95304
NRN1	-0.63864	-2.1848	-1.2241
ATP5D	1.017	0.9811	1.0199
PCYT1A	-0.38106	1.2101	1.4334
TIMMDC1	-0.75304	-0.60344	1.1242
GCNT4	0.289	1.2244	1.0475
CYP39A1	-0.31775	-0.1195	-0.15119
FKBP11	-0.20491	-1.2001	-2.1436
ZDHHC3	1.4848	0.25992	1.7014
KCNK9	-2.5561	0.51394	0.41424
FAM13B	-0.3327	-0.60455	2.9211
FAM53C	0.6467	-0.4653	1.052
REEP2	0.92531	-1.1553	0.66475
SLC22A17	-0.22107	2.3452	1.2197
SLC25A37	-0.62816	1.1587	2.9596
FAM198B	-0.66968	-0.68639	-0.02147
NME8	-0.30641	-0.093051	-1.6888
KRCC1	-1.18	0.39222	2.1072
PLAC8	-1.5416	1.4241	-0.69513
PHF21A	1.3416	1.5702	3.5852
MRPL35	-0.21659	0.38675	1.0856
RSRC1	0.23521	-0.27202	0.88469
PDC	-0.26001	-0.21549	0.8495
MEX3C	1.127	-1.2326	2.8057
AMZ2	0.24332	-0.2705	2.5405
WAC	1.5537	0.39743	1.5995
SPG21	0.29419	0.65862	0.4498
AHSP	-1.1107	-0.16954	-1.0539
ARL6IP4	1.1412	3.2073	2.0904
PDCD1	-0.022277	1.2987	0.45878
TNFRSF12A	-1.229	0.68157	1.9393
SPTBN5	-0.18979	1.7036	0.28624
ZNF771	-1.7811	0.63497	2.2386
PRR16	1.4506	1.2632	0.31322
NGRN	1.8762	1.3575	0.46041
THEM6	0.57567	-0.43374	1.4332
MS4A4A	-0.12794	-1.3163	3.2606
DACT1	0.69033	0.2259	2.0707
PDCD2	-0.35572	0.37284	0.87852
CRNKL1	2.0021	0.35984	-1.4547
ZBTB7A	-0.532	0.89158	4.4729
FZR1	-0.189	-0.45892	0.99735
TAOK3	1.2729	0.57511	0.40133
KLRF1	0.15606	1.0831	0.96726
KRT76	-2.1197	-0.49532	1.4319
ZNF117	-0.68922	-1.3729	0.86432
PDE1A	-1.849	0.30206	1.2766
HOOK1	-0.94126	0.05019	0.92526
CDC40	-2.2433	0.50871	1.431
CHST15	0.27355	-0.31479	0.50049
ZMYND10	0.59114	2.2878	0.20481
PLA1A	-0.41198	0.31666	1.4592
UBR5	-0.96323	2.4101	0.72853
POP5	1.2956	1.3926	3.275
TEX264	1.0832	0.40337	-0.57286
PDE1C	-0.35298	-0.15589	0.83535
POMP	-0.46016	-0.91142	3.7163
TMA7	0.66789	0.11732	0.04203
MRPS17	1.5651	0.45645	-0.69414
ATRAID	0.16856	0.30593	4.1328
SNX7	-0.67773	0.45685	-0.092214
UCHL5	-0.8227	-1.6834	0.57223
ANGPT4	-0.80009	-1.1138	-2.1135
CRLF3	1.625	0.81865	0.4158
PDE2A	0.70273	0.57431	1.5889
CSAD	-0.020136	1.6877	1.5286
ATP6V1D	-0.84468	0.11749	2.3025
WNT16	1.919	-1.3156	0.89492
ZNF589	1.2261	2.0643	0.47932
EIF3L	1.2525	2.2287	0.5694
NIP7	1.0916	-1.1119	0.84987
RWDD1	0.45415	-0.071856	3.2332
PDE3A	1.1251	0.28443	3.2827
AIG1	-2.1872	-0.95399	0.3906
TRPV2	-0.14574	0.88527	-0.40357
COMMD10	0.37354	-1.0144	0.95358
WDR83OS	-0.54142	2.2396	1.2522
TRAPPC4	1.4238	-1.2329	1.164
ATP5E	-0.43292	0.24893	1.2794
PDE3B	0.26525	0.94272	3.1012
PPME1	-2.0718	0.32064	0.67096
NOL7	-1.2726	0.46865	0.63797
HEMK1	1.4161	-0.0073239	1.2794
PDE4A	0.44828	-0.59863	1.3328
BIN2	0.443	-0.23876	1.2492
ACTL6B	1.9622	2.5477	4.3257
PDE4B	-0.39459	-1.378	1.7653
AMOTL2	-0.61685	1.6062	1.6237
PRKAG2	0.99613	0.70823	2.7296
POLK	3.002	1.0017	0.82893
ZNF107	-0.69867	-0.17423	1.8011
DDX41	-0.80161	-1.0553	0.96225
SNX9	-0.0060616	0.21661	-0.37604
PDE4C	0.1698	-0.73507	4.5233
SUCO	-0.39038	1.3523	-0.29953
ANAPC5	0.066383	-1.5885	1.0617
ANAPC7	0.64553	-0.6049	1.1267
SCARA3	-0.17677	0.097222	3.3125
FAM8A1	0.55309	0.78024	0.94445
PDE4D	-0.74048	1.3635	2.5035
HPCAL4	-0.070115	-0.065476	0.51503
YTHDF2	-0.28246	0.12188	1.9501
RNF138	0.28689	0.71763	-1.44
IP6K2	1.7522	1.6669	1.85
PCYOX1	-0.065902	1.0196	-0.361
PDE6A	-1.7787	1.5848	1.7356
PRRX2	-0.92374	0.90542	3.2536
LCMT1	0.48619	-0.77644	2.1231
GULP1	1.208	0.82528	1.3558
REV1	-1.2555	0.35599	1.4615
RHCG	-1.1383	-1.0905	1.6507
PDE6C	-0.70222	-0.28349	3.1594
SFMBT1	-0.19685	1.7755	1.4193
GPR89B	2.5097	-0.53365	1.0952
UBE2J1	-0.81038	2.3417	0.037694
EVL	0.0306	-0.057444	0.42773
PDE6D	-0.41225	-0.45604	2.0062
NAT8B	-0.72039	1.0517	0.13913
DCDC2	0.49037	-0.038767	2.4072
LIMA1	-0.58302	0.14387	1.3524
CABP2	-0.32251	-0.3869	3.564
ISYNA1	-0.37918	0.66447	2.3313
HSD17B7	0.35812	1.2495	-0.048219
ANKFY1	2.6623	0.87296	3.825
PDE6G	5.1384	1.1193	6.1094
PDE6H	0.032453	0.2637	-1.0781
C9orf114	0.09913	2.4276	0.98327
NOP16	1.1031	-0.15002	-1.033
RTCB	-0.52632	0.042613	0.36309
HACD3	0.33057	1.3753	2.376
CTDSPL2	-0.79486	0.60392	0.30111
NELFCD	-0.54764	-0.35352	1.4305
TRIAP1	0.84167	1.3188	3.7685
ATP5F1	-0.091911	-0.70911	-0.29371
PDE7A	-0.33436	0.18517	0.85705
C11orf73	3.3419	-0.18009	2.4945
CWC15	0.71114	-1.2387	0.50571
TRMT112	-0.55174	1.4423	0.15041
UFC1	-0.80902	-0.054805	1.2917
RTFDC1	-1.2438	-0.7257	0.26835
PDE8A	0.67918	-0.17364	0.5311
CHMP5	-2.2405	0.087693	-1.3148
GTSE1	1.8035	1.8128	4.0855
ETV7	0.57447	3.8725	1.3892
DTL	1.4238	-0.57438	1.7303
NCKIPSD	1.3983	1.3411	1.6799
PDE9A	-0.83478	-0.1416	3.3351
LARS	-1.7314	-0.064407	1.4411
TMEM14C	-1.6899	-1.373	0.60949
CXXC5	-0.83166	1.1412	5.4466
TMEM138	0.20672	0.88742	0.16005
OSER1	0.9686	-0.041083	1.4006
GSKIP	-1.7961	-0.82108	-1.8733
JKAMP	0.50628	1.7185	0.69084
ANAPC11	1.6191	0.48484	2.5349
PDE1B	1.0832	1.31	2.2641
ZC3HC1	0.49927	-0.40404	1.5711
C9orf156	-1.1314	3.1067	0.32268
PHF7	1.0031	0.16067	0.22887
VTA1	0.45974	0.44187	0.93971
PPHLN1	-1.2412	2.2683	2.9726
MTFP1	0.34319	1.0155	0.34789
ZCCHC17	2.3266	0.62474	-2.2818
SCLY	-1.045	0.89818	0.97776
VPS54	0.75575	0.11806	2.3535
ZNF581	0.65888	0.14584	1.7245
SIRT7	1.0205	0.35393	1.2012
SIRT6	1.6129	-1.1544	1.8046
PDGFB	4.1974	1.1088	1.559
CINP	0.52831	-0.2573	1.6417
RAB14	2.2681	0.72531	2.3413
ACKR4	-1.5507	0.58659	4.7096
PEX5L	-1.3031	0.75084	-0.90563
LGSN	-0.54532	-1.2901	1.0513
NT5DC3	-0.77477	-0.086078	-0.10486
PDGFRA	-0.55778	2.0029	6.0693
RAB6B	1.1268	1.3306	1.4579
IL23A	0.61685	1.4751	3.884
MBIP	0.1259	-0.50589	0.22678
HDAC7	-0.29069	2.4423	-0.94133
TDP2	0.017777	0.39572	1.884
UFM1	-0.51785	1.3809	0.73649
PDGFRL	0.61883	2.92	1.1889
FAM49B	0.011428	2.2252	2.8605
GDE1	-0.80686	-0.49838	-1.3241
LARP7	1.046	0.9774	-0.50014
ESF1	-1.317	1.0525	0.29541
PDE6B	0.081171	-0.62672	3.6698
AZIN1	0.9414	1.3076	2.8465
PCF11	-0.54084	0.21817	0.23977
MED15	-0.5875	-1.0062	-0.021735
PIAS4	-0.33862	0.36956	4.3445
PDGFRB	0.084933	1.1128	0.21448
TRIM33	1.0876	-0.6307	1.3594
SRRT	0.85929	-0.18545	4.2188
NBAS	-1.3716	-0.45621	-0.63828
CUTA	0.80591	-1.711	4.0246
LSR	2.1167	-0.68284	0.64168
ATP5G1	0.81168	-1.0393	1.5885
LIPT1	-2.0331	-0.10445	2.3736
NOP58	-1.2056	1.0773	1.221
METTL13	-1.5591	0.26771	2.4222
PIGT	-0.2759	0.12627	-0.3858
TRMT6	-1.0796	-0.48365	-0.206
ATP6V1H	0.4199	0.85018	-1.2162
GET4	-1.3049	0.59118	1.7166
PDHA2	-0.80609	1.0769	0.6206
DPH5	1.4445	0.80364	0.85827
ERGIC3	1.3668	-0.54356	7.3786
HMP19	-0.34427	0.28401	-1.1907
UBE2D4	0.23331	0.83655	0.92787
PDHB	0.32281	2.0384	6.5726
KLF13	-0.23921	0.25661	0.49706
CCZ1	-0.54478	-0.1943	2.0588
DYNC2LI1	0.77161	-1.5442	-0.19991
SLC25A39	1.1771	0.65988	0.77016
PDK1	-0.41838	-0.11519	1.7071
LUC7L2	-0.33283	-0.065514	3.553
OTUD6B	-1.1309	-0.6532	2.9921
DHRS7	-0.040261	4.1663	-0.32934
C14orf166	-0.054205	0.94324	1.0826
SF3B6	-1.1729	1.3195	0.015721
PDK2	-0.94776	0.73237	0.60381
MRPL48	-0.76967	0.65338	3.1085
TMBIM4	-0.68421	1.029	0.77118
PPIL1	1.1059	-0.30843	0.21309
YPEL5	-0.43591	-0.58112	0.23498
FAM96B	1.2771	-0.38162	1.857
MRPS23	-1.0485	-0.017406	1.4555
MRPS33	1.1802	0.36002	0.62168
PTRH2	1.0314	0.29888	2.2235
CHMP3	-0.47541	0.37559	0.39972
CDK5RAP1	0.47661	-0.1417	0.59242
RASD1	0.2233	-0.18868	0.40525
STYXL1	1.6191	1.3165	2.6752
GINS2	-1.4131	1.3924	2.1537
PDK4	-0.86488	-0.50901	2.9472
MPC1	-0.59009	0.98416	0.57806
FKBP7	-0.72912	-1.0005	4.405
ZFR	-1.0453	0.53224	1.442
ASB1	-2.9114	1.8231	6.2933
ASB4	-2.1068	-0.765	1.2888
NUB1	-0.9618	-1.572	3.1109
HSPB11	-1.1999	-0.16036	-0.70826
SARAF	1.1671	1.2243	-0.47063
ENPP1	-0.11061	-0.34573	1.9757
TPPP3	-0.75225	-0.19823	4.9781
ASB2	-0.41139	0.60427	-0.31655
MPP6	-2.006	1.5959	-0.040488
ENPP2	0.53413	0.064454	1.2874
SUFU	-0.22599	1.3205	3.8939
OAZ3	1.0736	-0.86224	2.9343
ENPP3	1.0732	2.3246	2.3619
LSM7	-1.2598	-0.44783	1.5633
LSM8	-0.44644	0.011508	-0.60441
CPSF3	-0.58789	0.2701	1.5953
TRAPPC2L	-0.26731	2.1599	0.025272
HECA	-2.0979	-1.9425	1.3691
VPS29	0.345	0.27683	0.034564
ATP5G2	-0.52635	-1.1803	1.3048
PDPK1	1.3143	-0.43822	0.96977
CYB5R2	-1.7901	-1.3905	-0.3587
NLK	2.9611	0.45357	3.7081
PADI3	-0.30509	0.442	0.98876
ACSL5	2.4774	-0.73811	2.8819
GPRC5B	-0.46056	0.029064	0.18071
EMCN	-0.28479	1.776	3.4561
CYB5R1	-1.5118	0.81099	-0.18818
ZNF44	-0.5554	-0.23864	-0.63046
SELT	0.47281	1.2888	2.0193
RAB23	1.5382	1.1619	1.5786
CAB39	2.0688	-0.0079564	2.6794
SLC26A4	-2.2445	-0.8673	2.411
UIMC1	-1.2625	-0.025571	0.33493
FBXO40	-3.1428	0.73119	-0.004954
DNAJB11	-1.3722	0.22172	0.50591
CMPK1	0.014426	0.1854	1.0959
POLR3K	-1.7377	0.37479	2.5472
WBP11	-0.56497	-0.25256	-1.568
PDYN	1.1909	1.0086	1.2269
UPB1	-0.69452	1.0867	0.30442
MSRB1	0.29751	0.57849	-0.27745
RAPGEF6	2.1483	0.90374	2.8208
GHRL	-0.20497	0.25216	1.5977
PDZK1	-1.8126	-0.90595	1.6339
WWOX	-1.3709	-0.025963	2.3255
ARID4B	1.9332	0.043892	1.4693
CD244	1.2312	0.68068	0.55804
LUC7L3	1.2046	-0.043799	1.0033
PECAM1	0.32831	-1.1706	1.3699
RTEL1	0.29202	2.1663	2.5822
HIGD1B	1.3783	1.7161	2.7137
ERAP1	0.5603	0.76988	1.4209
TMEM8B	-1.7174	0.37906	0.86475
CDK12	2.0783	1.3455	5.829
C9orf78	-0.90034	0.87129	0.43709
SERPINF1	0.37626	-1.6064	4.2786
SYT17	2.2479	2.5278	0.6662
ATP8A2	-3.0357	0.029493	0.74889
RAB8B	0.65967	0.15974	7.0899
INPP5K	0.31725	3.9613	4.0172
GNG13	-0.05682	0.32313	-1.5268
TM7SF3	-0.060538	0.74754	3.5505
RSF1	-0.67622	-0.4703	-0.45093
ZAK	0.13456	0.81778	1.0875
MYOZ2	1.9919	-0.54036	4.6979
PEG3	-0.89295	0.45685	-0.76962
KDM3B	0.89452	-0.93307	1.2439
PENK	1.1536	1.3586	3.1307
ATP5G3	0.67574	-0.30985	0.19071
ASIC5	1.6272	3.3189	1.6374
SIX4	-0.62923	3.4367	2.3166
COQ3	-1.0768	1.221	2.3059
CALML5	0.082551	1.9483	-0.49392
TUBA8	-1.0288	1.3045	0.30039
PHAX	-0.21822	2.5512	0.9016
GALNT7	-0.54868	1.1085	1.0212
CECR1	0.44807	-1.0928	-0.4206
PEPD	2.0627	-0.63431	1.5189
PER1	-0.62708	-0.77189	2.7064
GATB	0.5689	0.83748	1.5458
PEX1	2.229	0.58822	0.41224
PEX6	0.66767	-0.053567	0.3362
PEX7	0.31821	-0.10735	2.0619
PEX10	0.13988	0.10843	3.0498
PEX12	0.076594	0.5872	-0.062726
PEX13	0.91366	-0.4494	0.59074
PEX14	0.5041	-0.69408	5.1153
PF4	-1.413	0.89309	1.3656
PF4V1	-0.62197	0.58793	1.47
PFAS	0.3642	-0.95512	2.6254
ACP1	0.72899	0.092153	7.1182
PFDN1	0.74107	-0.65182	0.75562
PFDN2	-0.70382	0.26645	0.51654
PFDN4	0.027939	0.127	-1.1033
PFDN5	1.0689	0.090837	0.16005
ATP8B1	-0.73751	0.59712	-0.78662
PFKFB2	0.26561	-0.64119	2.4763
PFKFB3	-0.58164	0.087514	0.64676
ATP5I	0.064608	-1.1359	3.3721
PFKFB4	0.74531	1.5679	3.5837
PFKL	-0.76873	1.8211	-0.61545
VIT	-0.65707	-0.70127	0.41977
PFKM	0.1072	2.2538	4.2719
PFKP	-1.343	0.60054	1.4231
PFN1	-0.77698	0.17019	2.5399
PFN2	-0.58518	1.2551	1.6807
CDK14	-0.65275	1.3775	4.1214
ATP5J	0.97274	2.7831	-0.56066
PGA5	-1.2056	0.72856	1.8937
PGAM1	-0.98225	0.6203	2.1271
PGAM2	-0.3146	0.082414	-0.16947
PGC	0.063239	0.80452	0.36272
PGD	-0.14059	1.2993	4.1846
PGF	0.77432	2.6422	7.1101
PGGT1B	-0.12948	-0.30121	-0.43369
ATP6V1A	-0.15282	0.16472	-0.54104
PGK2	-0.86672	0.76835	0.72238
PGM1	-0.57537	-1.2135	-0.52166
PGM3	1.1298	2.1349	1.9728
PGM5	0.11791	0.88248	-0.28287
PGR	0.43933	2.1278	0.42598
ABCB1	2.252	-0.06763	1.2602
ABCB4	1.9157	-0.96605	-1.1675
PHB	-1.0646	2.9327	5.2169
ATP6V1B1	0.081501	0.38595	5.3095
SLC25A3	-1.925	-0.95886	0.52395
PHF1	0.71042	-1.745	4.0344
PHF2	0.031777	1.313	0.90961
PHKB	-0.0026855	1.1481	0.61787
ATP6V1B2	0.30695	-0.52587	-1.1657
PHKG1	0.10713	0.60907	-0.35541
PHKG2	-0.62038	1.0247	0.049708
PHYH	-0.22432	0.096364	0.060573
SERPINA1	2.1707	0.081023	0.095904
PI3	-0.64596	0.033703	2.1254
SERPINA4	2.3565	-0.036136	-0.63903
SERPINB5	-1.4209	0.36371	1.2003
SERPINB6	-1.6785	-0.97234	0.71284
ATP6V0C	0.50282	-0.91238	-0.22154
SERPINE2	0.50181	0.68795	0.39143
SERPINB8	-0.025729	-1.1856	0.34615
SERPINB9	-2.0554	-1.9915	-1.5857
SERPINB10	1.1058	-0.64165	0.1662
SERPINI1	1.1715	0.68074	0.064054
SERPINB13	0.056536	0.36111	-0.089045
SERPINI2	-0.35885	0.36737	-1.2212
PIGC	-0.68565	0.31603	-0.49408
ATP6V1C1	0.29532	0.0040555	1.5398
PIGF	-0.045919	0.53012	2.8848
PIGH	1.3497	-1.0752	0.58436
PIGR	-0.29138	-0.5156	-0.80487
PIK3C2A	-0.12018	1.6443	1.6279
PIK3C2B	0.20501	-0.41631	4.4598
PIK3C2G	0.31991	1.1477	-0.042819
PIK3C3	0.2812	-2.0256	1.6491
ATP6V1E1	-0.7347	-0.26144	1.3735
PIK3CA	-0.093785	1.2983	4.3104
PIK3CB	-1.2742	-0.8667	0.2186
PIM1	0.25745	2.0771	0.25678
PIK3CD	-1.3241	0.75115	0.090747
PIK3CG	0.63744	-0.16165	1.6719
PIK3R1	0.40407	1.7614	0.3478
PIK3R2	-0.22504	-1.1611	4.2671
PI4KA	-0.74171	0.76076	-0.6759
PI4KB	-0.74725	0.12743	3.9947
ACP2	0.41823	3.9306	3.4326
PIN1	-0.83972	-0.77307	0.66143
PIP	1.3939	-0.54164	0.40574
PIP4K2A	1.2394	-2.2144	1.4072
PITPNA	0.93392	3.3968	3.8181
PITX1	0.18191	-0.61479	0.87917
PITX2	0.31658	0.78961	0.47514
PITX3	0.031783	0.23599	5.3507
PKD1	1.83	0.62469	2.5581
PKD2	-0.18627	-0.29369	2.3783
PKLR	1.1841	1.9635	2.4363
PKHD1	0.7656	7.0574	4.268
PKM	-0.551	-0.21117	0.46722
PKNOX1	1.205	1.8498	1.1529
PKP1	-0.98008	1.3058	-2.4646
PKP2	-0.7737	-1.0459	-0.39326
PLA2G1B	-1.1725	0.14883	0.17617
PLA2G2A	1.9483	-0.91239	-0.81881
PLA2G4A	0.16631	-0.98583	1.4651
PLA2G5	0.61532	-1.1571	1.1491
PLAG1	0.9946	1.4111	6.1094
PLAGL1	-1.3316	2.5846	1.8776
PLAGL2	-0.093573	-0.78786	1.029
PLAT	0.58539	-0.099842	-0.89282
PLAU	-0.39916	-0.099174	0.87591
PLAUR	-0.98518	1.314	0.3313
ATP6V0B	-1.2381	1.6012	3.1768
PLCB2	-0.0057022	-0.80073	-1.1573
PLCB3	0.03415	2.4236	0.55461
PLCB4	-1.1587	0.15182	-0.49558
PLCD1	0.12712	-1.3067	3.3553
BCL11A	1.3404	-0.10755	2.5552
BTBD1	-1.0507	-1.336	0.99275
PLCL1	1.3806	-0.98401	0.99267
SPA17	-0.30259	1.7065	1.3388
IL17D	-0.60977	-1.7313	4.5499
NUDT9	1.4132	0.58055	2.4234
TM6SF2	-0.9059	0.5713	7.5809
TM6SF1	-0.94592	-1.3225	0.58204
UBASH3A	-0.34712	-1.0549	1.9559
ZFYVE1	1.6439	2.1788	2.9639
PLCG1	0.11212	1.8587	3.3198
LRP1B	-1.1947	-0.24699	2.6122
PANK1	0.96873	-0.47303	-0.13121
SHC3	1.0101	1.5529	2.5255
PLCG2	3.639	-0.35905	0.19587
PLD1	1.3313	0.85255	2.2181
NUP54	0.71765	3.0849	2.3442
TPCN1	-0.32435	-0.61398	-0.081286
PLD2	0.073424	-1.4239	1.1873
PLEC	2.6312	0.63798	-0.29524
ATP6V1G2	7.5896	1.1564	1.0977
PLG	-1.024	0.80853	1.0128
CLIC5	1.069	3.8957	3.2674
STX18	0.58226	0.65514	1.7544
PLEK	1.3587	-0.25982	0.80814
PLGLB1	-1.6288	-0.86953	0.43555
SERPINF2	0.54238	-1.271	4.379
PLIN1	-1.8669	-0.41665	2.1353
PLK1	1.2947	0.048049	1.0712
FXYD1	-1.0267	-0.63054	-1.1538
FXYD3	-0.51283	-0.51281	-0.299
ATP6V0A1	-1.217	2.4281	0.66563
PLN	-0.94419	0.90529	0.76606
PLOD1	2.8634	-0.65526	-0.41356
PLOD2	0.60581	2.1503	1.5747
PLRG1	0.73035	1.6283	0.93918
PLS1	-0.978	0.54394	-1.2485
PLSCR1	0.17806	0.78331	1.8702
PLTP	3.465	0.5639	2.7673
PLXNA1	0.10115	2.5888	1.9154
MBD3	-0.82845	-0.18433	-0.17192
ADAM22	-0.3688	-0.21985	1.5423
PLXNA2	-1.4424	-0.055498	2.0068
BCO1	0.57167	-0.79469	3.2426
PRKAG3	-1.1617	0.57088	2.885
PTOV1	0.019781	0.66695	0.94521
S1PR5	0.74581	-0.36414	0.30028
PLXNB1	0.4635	0.366	0.32248
PMAIP1	0.5864	1.2766	0.087022
PMCH	2.7969	-1.0375	4.6101
PNOC	0.033146	0.021744	1.8334
PML	-0.46342	0.93271	1.7956
PMM1	0.054679	-0.20682	3.3261
PMM2	-0.98274	-0.30485	1.7335
PMP2	-0.79521	1.0183	1.2895
PMP22	-0.27435	0.6928	0.024856
PMS1	-0.81816	0.59182	3.3237
RIPPLY3	0.42105	0.23468	2.5568
FXYD7	-1.4587	-0.39356	-1.9454
FXYD6	-2.449	0.015811	4.8548
FXYD5	-1.9105	-0.24001	-2.357
FXYD4	1.5256	-0.65789	0.59855
P2RY13	0.58509	0.81013	0.36701
GPR84	2.8579	-0.70479	3.6451
IL20RA	-0.16042	0.21924	0.6094
IL20RB	3.0984	0.034998	1.0781
FGFRL1	-0.22024	2.5796	0.088744
GPR87	0.69087	0.74346	0.10459
C11orf24	3.4642	-0.26095	-0.61115
TRIM34	0.64901	0.50272	1.9898
CDHR5	0.94741	0.11612	2.6348
CLDN22	1.4824	1.5392	0.78867
ATP5O	-0.30698	-0.27035	0.31451
MYO3A	-1.5911	0.39595	-0.81584
DUOX1	0.3976	1.387	1.3048
RAB4B	0.98452	1.6114	1.6647
RAB24	0.42866	1.1538	2.146
PELO	0.85973	3.4229	0.49294
SLCO1C1	0.022672	-0.93748	0.75147
EXOSC9	0.76534	0.080999	1.1925
PPIL3	4.3687	-0.17035	2.0066
EXOSC10	-0.4356	0.76607	3.7824
CNTN5	-1.3094	0.46996	0.018933
CSNK1G1	0.4132	2.1226	-0.53001
A4GALT	-0.74287	-0.08376	0.63331
PMS2	-1.8548	-0.41846	0.79891
PRRX1	0.32907	2.5959	3.1387
CPSF2	0.070849	0.99664	5.8661
ACP5	-0.20199	-0.12294	0.40167
ATP7B	1.7781	-0.70345	1.0487
BRWD1	1.325	0.32981	2.205
SLC37A1	0.72103	0.92117	2.733
RBM11	1.9243	0.43311	0.21429
PCBP3	0.32982	0.41496	6.1094
C21orf58	-0.5402	0.2994	0.19598
YBEY	-0.54755	0.2808	0.13381
PNLIP	-1.2737	1.8481	-0.52982
SMIM11	0.61329	0.57412	0.49145
MIS18A	-1.3964	-2.1464	0.88498
PNLIPRP1	-1.5711	1.3982	-0.1908
PNLIPRP2	-1.4094	1.2214	-0.0074661
TSPEAR	-1.6112	-0.52554	0.73613
PNMT	1.1863	0.89314	4.4202
SETD4	-0.76418	0.81224	-0.79788
FAM3B	-0.37441	0.23921	0.63509
RIPK4	-0.72976	1.1603	0.28273
CLIC6	-1.495	-0.37576	-0.11172
GSAP	1.2001	-1.1609	-0.64207
TLR9	1.0577	1.6991	1.0154
POLE3	1.3873	-0.18569	1.5737
CHRAC1	-0.36974	1.553	0.29683
PNN	-0.068577	0.14451	0.075267
GPR88	0.10482	6.1254	2.4965
UBL3	0.18819	2.3722	-0.80179
SEPT5	0.61316	-1.0113	0.019552
SEPT4	-0.86669	0.83702	5.5232
LURAP1	0.45508	1.6564	2.1561
MRPL39	-0.64738	2.27	-0.68391
C21orf91	1.5486	1.9725	0.21876
C8orf58	1.6972	-0.095422	6.098
DCUN1D1	0.11803	1.1432	1.7414
NANS	-0.024679	1.308	0.3677
PODXL	0.58923	0.01137	-0.75466
CYCS	1.2596	1.469	0.64286
ERRFI1	3.3913	0.073204	-0.26766
KCNK10	-0.64293	-0.43095	2.5084
TREM2	0.5498	0.31785	0.19977
TREM1	-0.23186	1.1433	0.26574
SNTG1	-1.0125	2.1461	2.5649
SNTG2	0.029288	2.5489	6.9953
POLB	0.84432	0.25362	0.005248
POLD1	-0.086106	-1.8983	-1.2289
POLD2	0.53354	1.0095	1.6608
POLE	0.64232	0.79294	1.5359
POLE2	-0.32419	0.069071	-0.34177
C1QTNF9B-AS1	1.627	0.86844	-0.2238
POLG	2.835	-0.35921	1.3562
POLH	-0.014132	1.3987	-1.226
POLR2A	0.739	0.15416	6.4858
POLR2B	4.0336	0.30517	0.12454
POLR2C	-1.4549	0.41781	-2.0792
GPR85	0.0048779	-0.47671	3.9594
POLR2D	0.12891	1.1921	3.1057
GNG2	0.56058	1.191	-1.0625
GDAP1	1.0234	-0.31587	0.57169
POLR2E	3.7154	-0.87899	-0.82181
DPM3	2.8516	0.83727	4.1482
SOX18	-1.2225	1.6336	4.8333
UNC93A	0.27747	-0.0070428	-0.54058
POLR2F	1.5288	2.4917	0.69183
POLR2G	-0.15724	0.9845	2.249
CYTL1	0.43406	-1.2713	-0.61646
WNT4	-1.9162	-2.3926	2.8921
HAO1	-2.4378	-0.72148	1.0682
POLR2H	1.3141	1.3035	3.1202
POLR2I	-0.38276	1.0602	0.2797
TERF2IP	-0.462	1.5045	0.9047
POLR2J	0.33829	0.86416	1.3586
POLR2K	0.69297	-1.454	1.5249
SLC38A2	0.83619	-0.16742	1.4769
POLR2L	1.785	1.2459	1.9079
SIAE	-0.54763	1.3446	0.37424
POLRMT	0.074613	0.10837	2.9951
TAS2R5	-0.0011686	0.58771	2.358
POMC	-0.11201	0.60185	2.315
DNAJC10	-1.0483	1.6151	4.8473
YIPF1	-0.27042	0.014794	-0.40384
GAR1	2.0973	0.24505	0.808
SSH1	-2.0404	0.7819	1.8869
SH3TC1	-0.47223	-0.64349	0.68676
SEMA5B	-1.1016	-1.2199	2.1533
GFOD1	-1.2111	-1.0515	2.2623
RBM27	-1.6557	-0.37458	1.6387
PON1	0.2808	0.14957	1.0436
KCTD5	-0.1385	-0.31193	0.46562
ANLN	-0.80859	-0.58762	-0.13437
PON2	-0.2584	-0.17648	0.18848
RIN2	-0.61006	-0.13357	1.0376
ATAD2B	-0.31521	0.38938	2.249
FBXO42	0.54807	0.50255	2.3005
MOV10L1	-0.7105	0.39916	0.74345
PRR13	-1.3143	-0.46656	0.40897
PON3	0.53657	0.55754	0.3325
MRPS21	-0.32044	1.2424	4.8607
FBXW5	2.0573	-1.3387	0.14883
CCSER2	-0.64998	-0.21979	6.9101
FAM134B	-1.496	0.87609	4.5314
XRN1	-0.25532	0.62878	-0.70664
ETAA1	0.92894	-0.36974	0.26292
ANKIB1	1.329	0.80744	1.3348
MIOS	-0.47836	0.30373	-0.035373
ZFAND6	-0.65596	2.0697	2.1008
POR	0.73335	1.4275	1.6784
MIEF1	-2.9002	-0.72581	1.879
TOLLIP	-0.47025	-1.5153	2.1729
KRT20	1.164	1.1224	1.7613
NLE1	1.2234	-1.1754	-0.036767
RNF216	-1.454	-0.67062	-1.1348
PLEKHA5	0.37533	0.27134	-0.40699
FAM64A	0.089422	-1.7682	3.0867
CHPF2	-0.51726	1.0317	1.4325
TRMT13	-0.37877	1.2804	1.6282
DGCR8	-0.040455	-0.71708	-0.24106
POU1F1	1.0595	0.76693	0.32231
UGT2B28	2.0549	1.1199	0.10095
FAM105A	0.7177	-1.3322	0.4271
NEURL1B	-1.0847	-0.75011	0.44976
C11orf71	-0.039865	0.34285	0.81797
TMX3	-0.25109	0.30671	2.7417
PRMT7	-1.3968	-0.92272	6.1137
HEATR5B	-1.5749	1.1194	2.048
SMOX	-1.7625	-0.33992	2.245
TMCO1	1.7025	7.2146	5.0646
ATR	-0.67791	1.5848	-0.67115
POU2AF1	0.37972	0.49586	1.7909
RBM47	1.0255	-1.7981	1.6086
ZDHHC13	-1.1876	-0.48079	1.597
CPVL	-1.1775	2.8182	1.1255
DHX29	1.575	-1.373	1.0075
ADAMTSL4	-0.13612	1.7419	6.5469
RHOF	0.5573	-1.1928	3.481
POU2F1	0.43079	1.1072	1.3735
PCDH18	-0.81005	-0.13618	3.1111
HMGCLL1	-1.4547	-1.183	1.6851
EXOSC4	-0.69919	1.1572	1.231
DDX4	-0.91267	-0.12333	-0.92215
MTRF1L	-1.4514	-0.23092	1.7619
PUS7	4.4402	1.0314	2.8852
APBB1IP	0.50771	1.0108	0.2001
POU2F2	0.084186	0.051214	2.617
CCDC93	-0.37453	-0.82896	0.04639
ANKRD16	0.51155	-1.1655	1.0282
ASNSD1	0.59822	1.1358	2.6876
POU3F1	-0.48209	0.19671	3.6948
MIER2	0.21198	-1.0091	1.7399
USP53	1.4164	-0.17846	5.2084
MRPL50	-1.554	0.41956	1.4034
CCHCR1	6.0466	1.9633	2.1307
EXOC6	-0.64846	1.7133	1.7811
FAM35A	1.6817	2.4662	0.46301
ROBO4	-2.1228	-0.82935	0.88325
POU3F2	-0.65657	0.055248	2.8095
FAM193B	0.13271	-1.2928	1.4352
DDIT4	-0.46358	0.2961	0.86519
RC3H2	1.2958	0.75166	0.26231
TOMM7	-1.0834	1.8844	-1.1672
CRCT1	-0.83337	-0.59492	3.026
MTMR12	-1.3054	-0.57415	-0.93203
RNF186	-0.65124	0.31957	-0.35009
SDK2	1.9594	1.1815	3.7454
POU3F3	0.030258	0.37525	-0.15215
NECAB2	-0.49344	0.21978	1.4771
MAGEL2	-1.2351	-1.644	0.68755
WDR5B	0.81217	1.8104	2.033
DDX49	-0.37515	2.7083	1.4171
ING3	-0.87118	-0.49642	-1.6587
SGTB	-0.94551	-0.099395	0.76628
SPATA6	-1.141	-1.0251	0.17014
EPB41L4B	-1.1219	-0.73084	1.9828
DLL4	1.4155	1.9525	3.0831
POU4F1	0.95914	-0.07861	2.2825
UGT1A10	-0.69093	-1.0508	-0.14536
UGT1A8	-0.51547	-1.0037	-0.17233
UGT1A7	-0.88319	-0.9038	-0.31146
UGT1A6	-0.81569	-0.81382	-0.3326
UGT1A5	-0.88898	-0.61143	-0.35967
POU4F2	-0.34727	1.0658	1.7259
EGLN1	-1.1012	1.3106	0.45484
GNB1L	-0.2406	5.8419	0.86287
LZTFL1	1.6285	1.0056	3.6726
EQTN	-0.93009	0.43152	1.2751
MXRA8	-0.21629	2.3926	1.9882
POU4F3	-2.3243	0.23221	2.5952
L1TD1	1.255	0.37423	1.364
POU5F1	6.673	2.1609	2.3417
UGT1A9	-0.81314	-0.79345	-0.27461
NDFIP2	-1.9384	0.38904	-0.46823
DDX56	0.59252	-0.62732	0.49806
INO80	1.0224	1.6204	4.0739
CCNJ	-0.60658	2.6933	0.85739
POU5F1B	-0.037973	-1.1668	-1.3807
FBXL19	1.4899	0.42119	1.1519
VSIG10	1.5186	-0.043575	1.2269
ARL15	-0.45132	-0.31661	3.6139
PAF1	-0.33211	0.31704	1.5488
PARP14	-1.2927	-1.7443	1.3818
HES2	1.7514	1.0546	1.0846
MAP10	0.8873	-0.39856	-1.5031
FAM63B	1.584	0.34645	4.2536
POU6F1	-0.17119	0.13389	1.2324
PPA1	-0.28989	-0.062927	0.2368
PPARA	3.675	1.8514	5.3613
UGT1A4	-0.83851	-0.51219	-0.37234
UGT1A1	-0.44126	-0.043606	-0.5153
UGT1A3	-0.81814	-0.62037	-0.63147
TBC1D13	-0.036653	2.2158	0.98365
WDR74	0.45223	0.20399	3.5225
TMEM106B	0.48452	0.22656	1.5538
RSBN1	0.31793	0.19004	1.7941
PPARD	0.010028	1.8621	3.6624
LRRN3	-0.8245	0.29598	1.6682
CRLS1	0.43529	0.078882	-0.20625
GTPBP2	0.33145	0.95638	-0.96118
CROT	0.67817	-0.67594	1.112
PPARG	2.7832	-0.16109	2.1888
ZNHIT6	-1.0713	2.2347	1.6261
P4HTM	2.7368	2.3007	3.1643
MANSC1	1.9108	-2.1599	-0.38812
MED1	1.8902	1.0596	5.8548
KIF1A	-2.4918	0.87416	2.9686
PPEF2	0.03781	0.57244	2.6462
RRN3	-2.5132	-0.55811	2.7936
PDP1	-1.0572	0.00043682	0.078987
GPN2	0.97531	1.0126	1.908
MARCH5	-0.96371	0.7245	2.3035
PPAT	0.82223	-0.2518	0.14228
CNGB3	0.01358	0.47667	5.8128
RBFOX1	-0.44871	0.040739	10.091
SLC6A20	1.0033	1.0891	1.4162
OTUD4	0.79282	-2.6439	3.2915
PPBP	-1.3976	0.82617	1.4415
TMED9	0.45805	-0.39898	1.4242
SLC35F2	-0.75518	-1.2343	-0.38235
RAB39A	-1.0545	0.7005	3.561
MPHOSPH8	1.5053	-2.0905	0.18192
FEV	1.3378	1.9686	0.6432
XAF1	0.023937	-1.4442	0.75042
LEPROT	-1.2738	0.72255	-1.4216
LY6K	0.62901	-1.2445	2.4172
EPDR1	-0.88248	0.30061	-2.0312
FBLIM1	-0.19033	0.70722	1.7652
FNDC8	1.144	-1.7381	0.20032
ZNF853	0.14036	-0.16661	1.5886
NUTM2F	0.79263	0.27929	2.1721
IL17RD	0.68751	0.16857	1.5465
FAM20A	-1.7495	1.1482	-0.13525
KLHDC4	0.33277	0.40284	4.3034
CTSA	3.0826	0.42265	2.8263
PCSK4	1.0971	-0.74617	1.2238
GRAMD1C	0.2158	0.45464	0.82446
ROPN1	1.3262	-1.0024	0.24126
ZRANB1	0.54879	-0.011364	1.8716
TRIM44	-2.0292	0.94961	3.3476
BTG4	0.62848	-0.81879	0.88915
HYDIN	1.4377	1.4387	0.62809
DIRAS2	1.0226	-0.99804	-1.57
PPP1R12C	0.26233	-0.76347	0.43392
CFAP46	0.35525	-0.50316	3.401
RNF111	-0.32372	1.6827	1.4704
PPIA	-1.4512	-0.40225	2.155
NSMCE4A	1.9043	-0.72438	0.82647
ALKBH4	0.12669	0.97689	1.5512
C17orf59	-0.77724	-1.2412	2.1305
DNAJB12	-1.1174	-0.59493	0.96462
PPIB	0.0020792	2.0493	-1.1372
TET2	-0.68455	1.9388	-1.0822
KCTD9	-0.67257	-0.28523	0.61252
TRPM4	0.1982	-0.35349	0.98872
BNC2	-0.078778	0.56221	1.9372
MED18	-0.33959	0.44815	0.42507
DCHS2	-0.59143	1.946	1.9648
MBTD1	0.64354	1.0016	0.012157
PPIC	-1.0321	-0.27144	0.33682
KLHL24	0.67674	2.2079	1.2422
HAUS6	-0.55941	-1.1161	0.47637
TRIT1	0.25893	-1.0609	4.4107
CNNM2	2.6218	0.1707	2.3957
AHI1	-0.97123	1.3265	0.38085
ZNF586	1.1668	-0.069936	1.0897
DYM	1.3536	0.16112	2.2204
SAMD9	1.1916	-1.5151	1.0701
PPID	-0.71906	0.50979	2.248
GIPC2	-0.091483	-2.0565	1.3907
ZNF562	-1.1022	-0.25816	-0.89437
AFTPH	-0.65088	2.1275	-0.77984
KLHL28	-0.9677	2.1052	-0.071146
QPCTL	1.6875	1.8142	0.49754
GATAD2A	-0.21267	0.48535	6.1094
ZNF280D	0.4422	6.229	1.15
ZCCHC10	1.3168	0.99859	3.975
NDE1	0.13501	0.62784	1.6771
TRPM7	2.1619	0.28693	4.9248
SWT1	-0.4968	-0.75515	1.0784
CDHR2	0.7483	-0.1594	1.0086
GIN1	-0.39849	1.2637	5.9516
NXPE4	0.016239	-0.056661	1.5213
BCAS3	1.3307	5.2358	8.0818
ASPN	1.1867	1.7512	0.42516
BEST2	-0.46852	2.4293	0.93633
VPS13C	0.45241	2.5857	-0.32027
GDAP2	-1.5555	0.52019	1.0156
BSPRY	0.77779	-0.57302	4.1452
WBP1L	1.453	-0.10158	2.2291
LRRC49	2.0179	0.95795	-1.2645
APTX	1.4164	-1.25	0.96583
BIVM	0.63423	-0.27882	1.7039
MFSD6	-1.2943	-0.48557	0.5471
SYTL2	1.154	0.92622	6.5361
ESRP1	-2.9364	-0.84338	1.4449
SIDT1	1.0312	-0.79414	1.3814
ARHGEF38	-2.1228	1.3198	-0.8433
DEF8	-0.41196	0.77484	2.5945
FBXL12	-1.108	-0.25288	0.59378
ANKRD49	0.11172	-0.84876	0.35652
PAQR5	-0.086011	1.0721	0.38583
WDR55	-0.86387	-0.26441	3.5298
FAM83E	1.1581	0.91215	0.61718
FAM46C	1.2035	-0.77867	1.0443
GON4L	0.054688	2.0399	1.3053
PGPEP1	-0.2193	1.0102	0.17902
ELP6	0.34014	0.20717	3.4513
SLX1A	-1.4366	0.13415	1.5736
CKMT1A	1.5297	2.1511	1.3959
MS4A12	0.97895	0.29255	0.77872
SNRK	-0.765	0.066168	-1.0454
CC2D1A	0.21465	0.94671	1.2458
DNAJC25	0.74882	0.32588	0.49462
GPATCH4	0.90589	1.5361	0.42954
PPP1R14D	1.4137	-0.5442	3.2054
TMEM214	-0.43864	0.26048	2.0054
TMEM104	0.84161	1.5437	1.4719
EPS8L1	0.42166	-1.0884	0.29073
QRICH1	2.6887	2.4354	3.029
PIGG	-0.22032	0.1994	4.3258
PALMD	1.4895	0.86758	2.4896
FNBP1L	-2.4831	2.9511	3.3158
CNTLN	-0.17581	1.4293	0.77057
DCAF16	2.3427	-0.95643	0.69935
ZCCHC2	0.78127	0.26319	2.7184
DPP8	-0.045661	1.1533	2.5526
ST7L	0.48205	3.5445	4.3842
TEX10	-1.038	2.6405	1.9069
ANKHD1	0.65843	-0.16071	2.7857
CWC25	-0.056368	1.4349	0.83294
RETSAT	-0.25549	0.92938	1.7619
LPPR1	-0.47436	0.1383	1.5588
UHRF1BP1	1.0914	0.71116	1.4647
NSUN2	0.73144	-1.0612	0.47566
ALKBH5	-0.46726	-0.01864	3.5278
INO80D	2.862	2.7313	1.0766
NCAPG2	-0.69394	0.62602	2.6582
MTMR10	1.6432	1.3999	1.9689
RNF43	-1.1216	1.4424	5.568
PQLC2	-1.2573	0.50932	0.43923
CASZ1	-0.56933	-1.2015	3.9652
ELOVL2	-1.2961	1.0665	-0.29899
PXK	0.71651	2.2721	6.49
AUH	-1.0631	-0.15855	-0.88975
LAX1	-0.76052	1.1812	0.3819
CDKAL1	-1.0833	0.52543	7.0224
TTC19	-0.46836	1.0659	0.55618
MKS1	-2.5148	0.42772	2.4421
WHSC1L1	-0.62883	1.0771	1.1251
CYP2W1	-0.63543	1.6447	2.0562
FAM208B	-0.0039847	-1.2252	0.77849
SPDL1	1.065	-0.12477	1.2694
SEMA4C	0.94699	0.32585	0.38253
RPP25	3.5706	-0.14663	0.32157
FOCAD	-1.5707	0.18396	4.7037
YTHDF1	-0.15535	0.84049	1.4984
TMEM260	3.2577	0.41968	1.6192
CMTM6	-2.2512	-0.57979	-0.36379
DNAAF5	-0.75279	0.76229	1.9147
DUS2	0.58398	-1.2728	6.1471
CHTF8	2.4297	-0.60999	0.70115
RASIP1	3.2002	-0.52612	0.4302
LIME1	-0.013581	0.20738	0.63546
ZSCAN32	0.88553	-0.60527	0.73631
UBE2R2	-0.27275	1.2274	3.9431
CHCHD3	-0.60555	-0.43585	1.4609
IMPAD1	-1.8618	-0.69402	-0.40732
TMEM161A	-1.5716	0.83086	2.2304
PPL	1.571	0.89738	1.4344
HAUS4	1.6959	0.59698	-0.39522
TRMT10C	0.37593	1.3797	0.050648
EXD3	-0.14537	-0.62681	-0.67948
RHBDL2	2.0363	-0.54641	1.3921
KANSL2	-0.082489	-0.016806	3.3377
DUSP23	-0.65987	0.86754	0.28625
ADPRHL2	1.4417	4.8886	-0.26859
SOHLH2	2.8225	-0.47194	-1.1361
SARS2	-1.366	-0.37971	2.4026
COMMD4	4.0853	0.77488	0.55181
PPM1A	2.0223	5.1323	4.4313
OCIAD1	-0.60408	3.0076	0.77855
RNF125	-0.80294	1.5058	-0.32824
FAM206A	-0.64268	1.5625	4.3189
DNAJC28	-0.97242	0.11803	1.4702
SLC41A3	0.70454	-0.50471	1.7807
LPCAT2	-1.1891	0.27718	1.1246
MRPL16	-0.023236	0.66157	1.1588
SDHAF2	-0.90455	1.1116	0.51462
PPM1B	0.80612	-1.2695	3.4036
COMMD8	-1.3956	0.093899	1.3762
TRNAU1AP	-0.22485	-0.45765	0.80558
C1orf27	-0.48315	-0.004335	0.32682
C1orf109	1.7505	-0.18796	0.014612
PARP16	0.61622	0.13655	-0.13912
TXNL4B	0.39436	-0.040445	2.9322
TMEM160	-0.17434	-0.26902	0.13286
ODAM	-1.1133	1.0763	0.51431
PPM1G	0.24361	-0.49376	3.6476
SSH3	1.9307	-1.3704	-0.52099
TIPIN	0.33169	-1.0968	1.621
UCKL1	0.72116	-1.0306	4.3509
C1orf56	-0.81153	1.5574	1.8326
PIGX	1.8612	-0.91035	0.51884
TMEM70	0.51272	-0.85164	-0.18314
C4orf27	-0.80444	1.0518	1.6368
TTC12	-1.5246	-0.88547	2.6517
BANP	0.41805	-0.66883	0.32587
TMEM132A	-0.44329	-1.2713	2.5747
CPSF3L	0.025848	2.2642	3.5155
THG1L	1.1663	0.1454	1.3006
C20orf27	0.40797	0.39295	1.757
SLC25A38	1.9905	-0.42816	-0.058243
SLC35F6	1.0188	-1.2511	2.695
HRASLS2	-0.51843	-0.69715	0.44458
PPOX	-0.73981	-0.080428	1.2906
C2orf42	0.50779	0.55199	-0.039215
NMRK1	-0.07265	-0.062155	0.046237
CLN6	0.73727	1.4889	0.093531
PINX1	2.3473	0.49265	6.7096
HCFC1R1	-1.2583	0.68759	1.9566
ULK4	-1.8813	0.92558	5.0411
C1orf123	0.21345	-0.62951	1.907
ACSM5	1.4008	0.98988	0.0089832
ZNF770	2.3437	0.3665	6.7514
PPP1CA	2.1741	-0.71831	2.0215
C1orf159	1.037	-0.16945	1.7748
ZSCAN2	-0.23596	-1.3484	0.17482
GID8	-0.22262	-1.4866	0.18505
OXSM	-1.6344	0.41985	-0.65602
MARC2	0.14166	0.82993	3.1815
TESC	-0.15577	1.3127	2.493
AURKAIP1	-0.31655	2.6071	1.9185
ACPP	0.18111	-0.43989	1.4675
AUP1	-0.013811	-0.43404	1.7156
PPP1CB	1.1614	0.85243	-0.19683
TTC22	-0.39033	-0.87767	1.4588
TMCO3	-0.68057	-0.21897	-0.15527
PAK1IP1	-1.9968	-1.4148	-0.88749
LAMTOR1	1.2109	0.047313	0.75038
RMND1	-0.093331	1.2066	0.45826
TRMT61B	0.7883	0.20211	0.29105
FAM118A	0.12591	2.291	2.587
HERC6	-0.48992	1.3992	0.0619
C19orf24	0.010229	1.5744	1.9414
PPP1CC	0.54233	-0.2706	0.24796
PARPBP	2.7053	-0.6436	4.5347
PIH1D1	0.066339	0.668	2.4031
PPP2R3C	-0.41096	0.44332	2.0199
CCDC109B	7.1559	-0.3193	1.5164
STX17	-0.17403	1.8082	3.6276
PRPF39	-0.017923	2.2774	0.26582
MARCH1	0.59639	0.23751	1.7821
C14orf119	1.0183	-2.2719	2.0823
PPP1R1A	1.1675	1.1841	2.2839
TTC38	2.4042	1.8992	4.265
PID1	0.2075	-0.17198	1.1126
PHIP	2.2601	1.5991	3.5992
BANK1	0.1929	-0.53061	0.18512
FLJ20712	0.96899	0.39829	0.38447
HEATR3	0.082938	-0.45552	1.9984
C17orf80	1.1761	0.59589	2.9712
FBXO34	0.87747	-1.3845	0.69371
USP47	1.7599	0.19692	-0.58953
SLC35A5	0.35263	0.20581	1.529
FKBP14	-0.063978	-0.63066	0.42787
MOCOS	0.90479	-0.79317	2.8795
NOL8	1.4364	2.4711	0.34849
CCDC40	-0.56145	-0.33394	2.2359
PTCD3	0.41112	0.039577	0.91698
CDCA4	-1.085	-0.29575	-0.2541
TRMT12	-0.60354	0.91005	0.13969
PPP1R2	0.34536	-0.52909	1.5905
EPN3	-2.3984	-0.59548	1.8772
PLEKHB2	0.17148	0.8487	-1.2236
VPS37C	-1.153	-0.34368	1.2104
C19orf60	0.38199	-0.42703	2.1796
NRDE2	0.015641	1.0802	-0.44636
MRPL20	-0.21544	2.7486	1.4009
ATG16L1	0.46009	-0.16566	0.4123
ZWILCH	0.14975	-0.22207	1.6673
AIM1L	0.75165	0.86304	-0.014011
PPP1R3A	0.18148	0.055798	0.092019
SUSD4	-0.68199	-0.22497	1.2515
WIPI1	-1.7108	0.09507	3.0607
ZCWPW1	5.7355	-0.009529	3.14
CCDC157	1.3358	0.91919	-0.71571
SPATA6L	-1.8918	0.34038	1.229
SLC52A1	-0.5853	-0.0011451	1.92
PDPR	-0.95503	0.97575	1.403
ENOX1	0.24039	-0.029221	3.1847
TMEM248	0.2566	-0.16896	1.0107
PPP1R3C	-1.104	0.6449	4.1353
DET1	1.8793	-1.1158	4.5203
C9orf40	0.31671	1.2145	1.7167
RNF31	0.76143	-1.1683	1.6877
OXR1	-0.9182	-1.0123	3.6582
UACA	-0.19819	3.4912	-1.3278
TMEM45A	1.6713	3.1975	4.2968
FEZF2	-2.3928	-1.0442	-0.02913
TAPBPL	0.92862	-0.37217	0.63487
IFT57	-0.76206	0.32355	2.1182
ARGLU1	-0.55912	1.5573	2.0248
KIF26B	-2.6571	-0.11409	-2.3545
SOBP	2.2632	1.6401	1.5429
CCDC186	-0.40513	-0.66481	-0.078164
SLC38A4	-0.029553	0.78122	1.3904
PPP1R3D	-0.17808	0.41702	-2.6771
MED9	0.077654	0.17075	0.38497
TMEM51	0.69594	0.29292	-0.1576
WDYHV1	1.2502	4.7167	-0.73186
GPATCH1	-0.079421	0.40392	2.4949
SAMD4B	-0.27041	-0.74606	1.6201
EBLN2	0.70742	-1.3506	5.4218
AVP	-0.6811	0.10691	1.0239
PPP1R7	0.52711	0.58665	1.8089
WDR70	-0.053565	0.3787	1.7762
ATP5SL	0.95865	-0.69182	3.1605
ATG2B	-1.7657	0.50172	-0.66062
RALGPS2	-0.8826	-0.42388	1.7965
GPATCH2	0.32664	-0.76755	-0.70253
SLFN12	0.59831	0.10778	1.1044
ANO1	-1.0985	-0.54668	0.85737
BSDC1	0.46467	-2.0656	-0.68692
AGGF1	0.35844	1.4658	1.0327
PPP1R8	0.21386	0.78883	1.7789
MAGOHB	0.14778	0.84456	0.15255
PLEKHJ1	1.0682	-1.0546	1.6097
WDR60	-0.03413	0.94363	5.9928
XKR8	-1.2432	-0.73515	-0.12098
ARHGAP17	-3.2091	-0.26806	1.254
TMEM39B	0.61969	-0.71588	0.22576
SLC6A15	-0.31506	1.0665	3.5713
CRTAC1	0.54872	2.0576	-0.25517
PRPF38B	0.042546	-0.97396	0.6321
FANCL	1.0002	-0.050759	4.149
AKIRIN2	-1.0159	0.041459	-0.16016
PIWIL2	-1.0105	0.10967	0.90154
CEP192	1.173	-1.2155	0.66105
HEATR1	0.47008	1.0215	1.4285
TRIM68	-1.5836	0.30226	-0.93223
ANO10	0.6303	0.35668	-1.32
ARMC4	1.717	0.75052	3.4361
RBM28	-0.38729	-0.87096	0.42396
LARP1B	1.3481	2.8587	0.17639
SRBD1	-0.64017	2.4684	0.54458
WRAP53	2.1466	0.58443	4.9681
FIGN	0.84445	0.35713	1.1575
ANKZF1	-0.35449	-1.2275	0.86472
PPP1R10	2.4759	1.7994	0.83249
ELP3	-0.63744	-0.033881	0.24792
HAUS2	0.12842	0.55146	1.208
CDCA8	1.8505	-0.96778	0.7821
LRRC8D	-0.7224	-0.019688	2.0271
THAP1	-1.9057	0.37751	0.86017
ZDHHC4	-0.017229	-0.18894	1.3616
RBM23	1.5404	1.2229	-0.79679
UBR7	1.0435	-1.4759	0.58277
MTPAP	-1.8267	0.4895	1.6477
PPP2CA	0.45742	0.64642	0.42009
C19orf73	1.1474	0.49873	0.43756
TMEM38B	-0.52195	-1.0214	-0.29179
DALRD3	2.6898	2.1623	2.7429
SDAD1	-0.12001	0.79272	1.4771
MSTO1	0.97106	2.5035	2.9192
ARMC1	0.333	0.83973	0.94864
DARS2	-0.035374	-0.0085423	1.4172
RFWD3	-0.37718	0.54833	-0.090776
PPP2CB	0.34274	1.6406	1.409
ARHGEF10L	-0.75616	-0.18652	1.1511
TMEM33	-0.19564	-0.34565	-0.68825
PNPO	-1.8043	0.43823	2.6247
SHQ1	-1.2807	-0.25322	1.2701
CEP55	-2.0855	-0.25443	-0.37511
CENPQ	-0.95894	2.2094	1.0494
MSL2	4.2502	-0.13051	1.0916
MRPS18A	0.33999	0.68523	-0.096779
PRMT6	1.9206	0.033383	2.6011
TBCCD1	-1.5066	0.81196	1.098
DNAAF2	-0.21564	0.4849	-0.1067
MRPS10	-0.33836	0.14919	-0.58621
INTS10	0.03841	-0.17359	0.42639
KLHL11	-0.1678	1.7344	3.1556
SEC61A2	0.63818	-0.31922	0.95101
RMDN3	-0.029597	-0.57348	3.4024
RNMTL1	-1.1274	-0.057715	-1.0032
FAIM	-2.2331	-0.46605	1.3184
PPP2R1A	1.3018	0.061713	0.47603
LINS	0.64676	0.6688	0.73634
SMG8	-0.39323	0.17866	1.3331
RNF220	0.36814	-0.043917	0.21395
RIF1	0.09236	0.2401	-0.24507
DZANK1	1.1277	-0.38604	3.6769
SLC25A36	0.10393	1.1826	1.0556
VPS13D	-1.0013	0.40517	-0.54587
RIC8B	1.7814	5.0064	2.5429
PPP2R1B	0.62041	-0.69732	1.6963
NADSYN1	0.22837	-0.15187	1.3422
DNAJC17	0.92812	-0.1532	3.4288
PBRM1	-1.0099	3.2213	2.0705
EVA1B	0.27725	2.1661	0.7947
C14orf105	-1.6544	-0.67575	1.0917
KIAA1551	-1.2854	-0.80728	1.7621
RPRD1A	-1.6381	-0.78149	3.3165
APPL2	-0.37024	1.4874	2.603
FAM86C1	-0.19411	0.0096801	1.1076
AVPR1A	-0.79989	0.58106	1.2225
PPP2R2A	0.73257	-0.8243	1.2198
PLEKHG6	-0.57743	-0.76434	-1.6792
MAP1S	-0.53553	-0.21002	0.37199
LGI2	1.2372	0.035918	0.67387
GOLPH3L	0.45868	0.20558	4.059
ZNF532	-2.0392	-1.2153	0.057133
SBNO1	2.1596	2.0999	1.3471
ARL8B	2.1405	1.8227	0.038942
DCUN1D2	-0.62379	-0.1222	-0.11795
SETD5	-1.3374	1.832	1.2625
PPP2R2B	-0.65848	0.46948	4.6613
ATAD3A	-0.02956	1.444	1.7647
DPPA4	-0.4063	-0.61926	0.31356
BBS7	1.1386	0.011673	1.5111
RCBTB1	-2.5456	2.0018	6.1094
P3H2	-0.88164	1.8761	0.79292
FANCI	3.0037	0.0579	1.3165
C11orf57	-1.7052	-0.16775	3.029
EXD2	2.6276	-0.40819	3.7662
TMEM57	-0.48628	-1.0922	2.355
PPP2R2C	-0.49099	-0.64029	0.56888
KLHDC8A	1.0742	2.3543	5.8443
LRRC20	0.051239	0.70384	-0.41024
TRIM62	0.0066516	0.010611	0.90566
ETNK2	0.2602	-0.99375	1.7476
RAVER2	0.17151	0.82431	-0.60213
NAT10	0.65874	1.2788	1.2553
LRRC1	-0.66305	0.99242	2.674
PNMAL1	0.07445	-0.055572	0.071416
PANK4	0.38647	-1.5627	3.5194
PPP2R3A	2.931	0.019656	-0.34501
USP40	0.38305	-1.3506	-0.017713
CCDC87	1.4218	1.2701	2.1287
MOB1A	1.95	-1.3811	0.73476
SMU1	1.2525	-1.2116	1.8831
UBA6	-0.71661	1.163	3.3247
VRTN	0.91461	2.2081	3.8495
SLC38A7	-0.727	0.87733	1.2949
OGFOD1	1.096	0.25676	0.022543
PPP2R4	0.54508	0.067268	0.84343
STEAP3	0.15184	2.7713	0.011764
KIRREL	0.88018	0.011607	6.1094
SLC47A1	-1.0912	0.78419	3.7205
UQCC1	-0.3883	-1.1426	3.1205
CCDC25	-0.70462	-1.3496	3.7504
NEIL3	-0.34702	-1.0578	0.10737
TMEM206	2.2886	0.41431	1.8404
YY1AP1	0.52704	2.4627	2.5935
PPP2R5A	2.1635	0.64635	2.4865
ELP2	-0.53756	-1.4179	2.2047
PCMTD2	1.842	-0.29803	0.95182
ASXL2	-2.0503	-0.40852	3.8178
TYW1	-1.4385	-1.1065	-0.0094855
TMEM39A	-0.49632	-0.18476	1.232
WDR41	-0.31911	-0.63635	0.95612
ADI1	-0.097243	0.84089	1.0715
MRGBP	1.1715	-1.1418	2.0476
THNSL2	0.26052	0.26242	0.76991
CASC1	-0.24	-0.69464	-1.3107
PPP2R5B	-0.02078	0.5306	2.6956
TMEM143	-1.7588	-0.58605	-1.2847
C7orf43	2.5237	-0.57187	5.5667
TMEM19	0.013866	-0.099651	-0.092776
PRR34	-0.41669	0.79234	0.31358
ECHDC2	0.20533	-0.4219	2.7605
PSPC1	1.6424	-2.7651	-0.17139
PPP2R5C	1.539	0.45405	0.12463
NUDT15	1.0926	-0.17267	-0.35575
IMP3	2.8683	1.2882	1.9203
TMEM100	-1.9241	0.66033	-0.45235
PHF10	1.1607	-0.44821	1.8715
VPS53	0.98745	-0.95852	-1.031
PGM2	0.3438	0.0407	-1.0273
FGGY	0.34015	0.079668	3.3032
QRSL1	-0.34363	-0.66053	1.7775
ZNF654	2.1919	0.25825	2.8835
PPP2R5D	0.89949	0.17602	0.52976
CWF19L1	0.084663	-0.20827	2.113
TMEM140	0.24125	1.6191	1.6963
LRRC36	-0.87695	-0.29098	4.4772
MCOLN3	1.2095	0.16835	0.6668
UBE2W	1.2809	-0.4397	2.0401
C4orf19	-0.063281	-0.0058297	-0.90658
TMEM40	1.076	0.21973	2.6728
RHOT1	-0.18864	0.112	2.8574
ATXN7L3B	-0.88685	-0.63238	-0.010095
ACOXL	1.3224	1.3944	1.5445
DNAJC25-GNG10	0.73514	0.34042	0.19829
PPP2R5E	-0.067427	0.73605	3.9479
BRF2	0.020416	0.010895	0.3672
BOLA2	-0.92042	0.038645	-0.90837
PPP6R3	0.021344	1.4924	0.47771
UEVLD	1.28	-0.55197	2.1378
FBXW7	-0.76536	-0.044535	0.52454
KLHL26	0.53137	-0.018687	1.3397
TBC1D19	-0.91604	-0.0082155	-0.045326
CCDC91	1.8933	2.2237	5.1915
RNF121	0.9848	-0.33467	0.39319
BRIX1	-1.4656	-2.3706	0.52872
AVPR1B	-0.54957	0.96676	0.53826
PPP3CA	-1.5937	0.52011	0.48068
PI4K2B	-1.0964	0.17205	2.3174
OLAH	-0.5972	0.62184	-0.837
GIMAP4	0.24543	0.28376	0.96458
SPTLC3	-0.69143	0.28784	0.28363
DDX19A	-0.70027	-0.080871	3.497
PPP4C	0.21107	0.028879	-0.15218
ZNF444	0.24574	0.15514	1.7716
PEF1	0.34445	1.7754	0.98485
RFK	-0.48188	1.002	0.44489
CPPED1	1.3948	1.5125	1.4527
TMEM144	0.39102	1.2796	1.1662
SLC29A3	-0.10266	-0.70498	-1.0273
PRR5-ARHGAP8	-0.35284	3.2717	1.6859
RSAD1	-1.299	0.14388	2.254
AP5S1	1.0967	1.6677	0.90719
TMA16	-1.2906	1.3553	-0.32509
PPP3CB	0.22983	-0.50586	2.3806
MIS18BP1	0.49602	-0.71579	-0.69688
TMEM74B	-0.037266	1.6357	2.1843
C5orf22	-0.35187	-0.88559	-0.43995
LARP6	1.9434	1.6763	-1.219
ABCF3	-0.085966	-1.5217	1.2432
UFSP2	-0.92443	1.171	1.3299
AGPAT5	-0.46913	-0.93282	-0.47958
LIN7C	-0.65624	-1.7178	3.0808
RNLS	0.82281	2.1607	8.2702
MNS1	0.050692	0.34869	1.6864
PPP3CC	0.076334	-1.3391	0.23325
BLOC1S4	0.97822	-0.5621	-0.33545
ACER3	1.1759	1.0692	-1.6848
DRAM1	1.7306	0.67312	-0.027694
SYNJ2BP	-1.8428	0.89023	0.89526
SLC39A9	-1.1264	-1.7512	0.95846
NIPSNAP3B	-1.9639	0.44031	1.4994
FBXL8	0.24212	-0.1143	4.2713
C19orf66	-2.735	0.10297	0.95383
WDR33	0.77146	0.43175	3.5825
PPP3R1	0.1449	0.043433	1.662
GIMAP5	0.098387	-0.5537	-0.648
LSG1	-0.77076	-0.63333	0.042379
STRBP	0.45805	1.0312	-0.68637
SLC35C1	-0.80408	0.66994	2.0761
ZGRF1	1.365	1.2286	-0.54196
TCP11L1	0.10354	0.68944	0.2497
ABHD10	0.28326	0.79188	1.5436
CHDH	0.56792	0.36343	7.1792
PPP3R2	-0.80254	-0.17201	-0.028736
VNN3	-0.00048137	0.35165	-0.72414
STK32B	-1.3412	-1.3144	1.7163
COPRS	0.5837	0.10572	2.3433
LAPTM4B	-0.57055	1.987	1.2118
HJURP	-0.39122	-0.15639	0.35656
SLC22A15	-0.32559	-0.12462	1.7608
TBC1D2	1.3591	0.8054	0.79495
STYK1	-0.31105	0.40744	1.7904
PPP5C	-1.1247	-0.83054	0.088082
PI4K2A	1.2647	-1.4214	4.8952
TMEM63B	0.81777	1.4622	4.1071
HEMGN	-0.85939	2.7309	0.52046
IMPACT	-0.18653	-0.38251	0.96082
TMEM176A	0.71642	0.56856	3.3373
LGR4	-0.56643	-0.75331	2.846
PIDD1	1.309	1.6684	2.8246
PPP6C	-2.2987	-1.3469	5.9434
TMCO6	-0.3429	0.51357	3.9305
LRRC59	-1.161	2.0079	1.9155
PPT1	1.1108	-0.30974	4.7273
MCM10	1.3318	-0.70717	-1.34
PPY	-0.66982	2.6768	1.7816
PRB1	-0.9249	0.49702	-0.1983
C17orf85	1.2139	1.1531	0.43221
ZNF331	-0.70479	-2.0526	-0.55595
LOC554223	1.409	3.335	2.936
SIRPG	1.0858	0.94044	0.97879
ASPDH	-0.69712	0.26672	-0.76871
GPALPP1	-0.10201	1.3701	1.1958
FBXO48	1.6954	1.8403	-0.12703
HIST2H4B	1.2636	2.0853	3.139
YOD1	0.16328	-0.50855	2.089
AP1AR	0.17392	1.3406	1.8118
STRADB	0.92497	0.96357	-0.11389
PRB3	-0.348	-0.44404	-0.34656
PRB4	-0.92784	0.66085	0.02749
CAMK2N1	-0.67974	-1.5453	0.40223
CSGALNACT2	-0.42245	0.76723	1.0162
PRCC	1.8418	1.479	2.9853
DNAJA4	1.5928	-1.0066	-0.30517
PRCP	0.55653	0.040064	-0.76838
NDUFAF7	-0.46554	1.1743	3.7467
PARL	-0.37794	0.98651	1.527
PRELP	-1.6688	-1.9735	0.55341
PREP	1.6347	-0.82434	1.0544
ETNK1	0.6841	-0.62479	6.1094
CHST12	-0.44002	0.91557	3.5034
HES6	0.038418	-0.43192	3.3236
TRPV6	0.076092	0.9339	-0.16954
TNFRSF19	0.29926	-0.31733	1.5102
NOP10	0.776	-0.86402	3.2431
H2AFY2	0.98658	0.39896	-0.099053
GPRC5D	0.6038	-0.82707	1.5014
SLC35E3	1.1089	0.42883	0.48677
BATF3	1.7728	-0.59497	1.1472
PRF1	-0.24574	1.753	1.1479
DDX43	0.7695	0.5661	1.1784
SMPD3	1.5531	-1.1905	5.0944
ASIC4	1.3525	1.0104	3.0434
SRGN	0.65044	-0.97181	1.2926
ELAC1	0.33582	-0.44462	1.4245
TRIM36	-0.73292	0.67996	0.76895
DHTKD1	-0.64182	-0.73942	0.87434
FEM1A	0.23634	1.8698	0.049467
TMEM55A	-2.2274	-1.3582	2.9985
PRG2	-0.60239	0.26253	2.4253
SVOP	-0.15424	1.8992	0.79796
ELMOD1	0.47976	1.7032	-1.8651
SLC30A10	0.38983	1.1371	3.3746
MAML3	1.3395	0.040107	0.39834
CDCA7L	-0.96456	0.74045	2.2594
PRH1	0.68229	0.83547	-0.03833
IL17RB	0.8375	0.11564	5.0437
RBM38	0.87048	-0.3976	-0.21084
PRH2	0.592	2.0492	0.12283
ZNF823	0.023928	-0.89658	-1.4759
SOX6	-0.34837	-0.59774	4.085
KLK15	-2.0104	0.8682	-0.71223
ENOSF1	1.0346	0.36443	1.7952
CDC42BPG	-0.79886	0.37841	2.0508
ZNF821	0.95455	0.38143	4.1346
DNAH3	0.19676	-1.3827	1.4912
GALNT10	0.01608	-0.065339	-0.54303
PRIM1	0.93737	0.41907	1.2274
CNOT11	0.16215	0.82181	3.5358
FOXRED1	-1.5613	-2.0908	2.2501
CDV3	0.56123	1.5394	1.2174
STAB2	1.7586	0.44176	0.34093
NAGK	-0.36563	1.2039	0.93042
SUPT20H	-0.70586	-1.3324	2.7972
KIF27	0.83191	0.80087	1.0539
CHRNA9	-0.25522	-1.0732	-0.23573
UBE2Q1	1.7976	-0.52269	2.0896
MIOX	0.40019	0.54345	0.68714
MED29	-0.59878	1.234	1.3215
BMP2K	-0.24253	0.97302	1.5307
VEZT	-0.12001	0.97018	-0.10577
ZCCHC8	-0.59192	0.85237	2.615
RNPC3	-0.34343	0.90724	-1.4723
ITLN1	-0.54688	0.77431	0.81348
DDX60	-1.877	-1.0357	0.81232
CDKN2AIP	0.21723	-1.9295	-0.10401
FAM46A	0.94342	0.41916	4.1767
LRRC16A	1.1701	0.42536	3.7518
KIF21A	0.29807	-1.2442	0.38956
PPP1R9A	-0.44484	-0.75796	2.4641
ANKRD10	-0.0089635	-0.53482	3.1001
CCDC132	0.914	-0.76052	0.50205
OTUB1	0.4314	1.639	-0.045816
FERMT1	0.028189	0.46656	1.3745
KIF16B	1.3342	0.079861	-0.82488
PRR5	0.086532	2.6405	2.5259
ASAP3	-1.3016	0.8447	-0.1726
TASP1	-0.94031	0.60511	0.56719
DOCK10	-0.29462	0.09354	-0.47832
PRKAA1	-0.9713	0.99506	2.7298
STAP2	-0.3654	0.13066	0.78398
TRMT1	0.1061	0.61481	4.0838
TTC27	-1.55	-0.0027373	1.4652
THUMPD1	0.47623	-0.0094129	1.8707
POMGNT1	0.54567	1.5489	2.3103
ZDHHC7	-2.0252	0.47416	0.94933
AMBRA1	1.7838	1.1128	0.92614
SMPD4	0.93632	-0.93415	0.24095
ZNF407	0.75567	1.9617	-1.1498
PNRC2	1.1888	0.68233	0.58726
PRKAA2	-1.1717	-0.43655	-0.40134
SLC39A4	0.99795	-0.55212	1.2219
LRRC40	-1.5538	0.94576	0.39267
G2E3	1.5665	-0.38063	-1.4453
TBC1D22B	0.23139	0.41706	0.066658
DEPDC1	2.7693	1.1519	0.33856
CHD7	-1.3342	-1.1751	6.6103
SYBU	-1.7693	-0.51432	0.45055
PRKAB1	1.7226	-1.7914	0.68466
FLVCR2	0.84753	2.0411	1.7029
BTBD2	-1.0569	0.48094	0.59372
OSGEP	-1.8272	0.28538	0.79002
LYAR	-0.055993	-0.31924	1.704
RAB20	-0.69116	0.7223	-0.24584
PRKAB2	-0.41761	-2.0284	-0.25184
PIGV	0.070013	1.0498	2.3313
NHP2	1.4086	0.11576	1.9553
SLC48A1	0.377	2.9977	-1.2063
BCAS4	0.27276	0.43786	2.5059
TMEM127	0.085566	0.68556	1.3679
NLRP2	1.1892	0.11391	-0.63372
INTS8	1.0035	-0.48356	2.7917
ZNF692	0.60865	-0.43545	-0.34764
RNF126	0.66654	0.60646	2.5881
ZNF416	-0.78908	-0.93164	0.1245
PRKACA	0.89425	-1.4192	2.8567
PRPF40A	-0.54352	1.278	2.9505
DDX27	0.66847	1.1456	-0.36339
HIF1AN	0.55531	2.1619	-0.50002
ZNF446	0.67849	1.5879	4.1141
CDC37L1	-1.5179	0.28394	-0.25118
URGCP	0.57412	1.317	1.1603
NPLOC4	6.1448	1.0221	8.4948
DENND4C	-0.047546	-0.67012	0.93727
GPATCH2L	-0.090903	0.53777	0.26458
MFN1	-0.47523	-0.23058	0.092973
PRKACB	-1.2298	-0.76092	1.425
PEX26	0.49767	1.4714	-0.38966
SMEK1	0.843	3.0504	4.4701
SLC30A6	1.0142	0.44966	1.6858
IWS1	-1.3675	-1.2233	0.13159
LIMS2	0.62237	-0.69338	2.2221
PRKACG	-0.81155	0.85123	6.3336
RUFY2	-0.56242	0.58342	2.5832
SCYL2	0.11116	0.10439	-0.66073
KANSL3	1.2111	1.3626	0.41383
RABL6	1.3505	0.54481	-0.65253
MREG	-0.5792	0.59127	-1.3417
TRMU	1.7144	0.94316	3.4419
YEATS2	-0.38146	2.099	1.4906
PKIA	-0.48911	1.3004	1.8289
PACS1	0.098357	1.0711	1.7695
FRMD4A	-0.68307	1.4708	1.3716
LUC7L	-0.192	0.22207	2.6863
KDM4D	0.76513	-1.3175	0.10016
NSUN5	1.4381	1.5624	2.661
RBM22	-0.063349	-0.0040993	1.3489
VAC14	-0.99635	0.32204	0.72567
RADIL	0.47831	-0.47064	0.91438
IARS2	-2.7136	-1.3034	3.0344
PKIB	0.3582	2.8854	0.82197
MAP7D1	1.4195	4.0028	0.17095
ARHGEF40	-0.1201	2.705	0.74017
CCDC94	0.17491	-0.78372	-0.39236
POLR3B	0.72693	0.79839	2.493
CCDC88A	-0.55708	0.45682	1.0124
IPO9	1.8785	-0.084462	-0.47205
NDC1	1.1017	-0.45956	2.2571
NECAP2	-2.4228	0.19386	1.6625
KBTBD4	-0.88503	1.4579	4.8796
PRKAG1	-0.55926	-1.357	1.4833
FAR2	0.82647	1.6519	2.2073
ZNF334	0.016534	-0.63973	-0.56466
TENM3	-0.70091	-0.45887	2.2853
DOK4	-1.4383	0.25875	-1.9864
LMBR1L	0.19934	0.3674	1.3261
WDR11	-0.053034	2.0275	-0.62083
POLR3E	-0.48672	-1.2248	-0.95831
FAM178A	0.61558	0.71868	7.2792
TSR1	2.4107	2.8783	1.7031
IQCC	0.35818	-0.37435	0.30143
CEP72	-2.8278	-0.22731	1.6003
ASF1B	0.1864	-1.5516	3.2349
ASUN	-0.087388	0.32668	3.0965
BTBD7	0.16833	-0.40997	-0.49851
N4BP2	-1.1186	-0.61166	1.0329
ATF7IP	1.8396	1.5904	2.5693
PRKAR1A	-1.3742	0.93991	0.62563
FAM222B	0.26776	0.89454	0.65757
C1orf112	0.049619	0.49379	0.50567
HHAT	1.5695	-0.46476	2.915
ZFP64	0.49864	0.98203	1.4943
DNAJC11	0.27599	-0.6021	1.0522
VPS35	-1.4678	-1.5363	0.21353
ARFGAP1	-1.234	1.7233	1.5876
CARKD	-0.11198	1.6972	0.64873
ENAH	1.6682	0.08594	-1.9065
EDEM2	1.8003	0.9836	1.6934
PARVA	-0.2474	2.1838	0.7442
CHFR	0.56278	-1.028	2.8463
COA1	-0.45432	1.1177	1.3679
AP5M1	0.38563	2.0689	2.0012
NUP133	-2.5942	0.72458	1.1822
CNDP2	0.3575	0.32978	5.7702
CCAR1	1.1242	-0.78994	0.24359
PRKAR1B	-1.5233	0.24322	1.503
AGK	-1.1431	0.028719	0.15305
TMEM184C	-1.6948	0.22102	-0.36306
SEPT11	1.9347	-0.78507	2.5974
OGDHL	1.3911	1.0601	0.33532
TMEM30A	-1.3178	-1.5934	-0.063072
CDK5RAP2	-0.090217	0.71079	0.998
INTS9	0.64997	0.88126	1.6146
UGGT2	1.6124	0.30067	2.4676
RCOR3	-1.2923	-0.68693	-0.12865
WDR12	-1.8639	-0.37864	1.8551
PRKAR2A	2.6163	2.5346	1.1392
DHX32	0.2846	0.52241	2.0752
TTC17	-2.7543	0.59384	6.3268
ZNF701	0.39607	-0.72271	0.5159
EXOC1	0.27689	0.97536	-0.88756
IFT122	-1.6161	1.6675	3.7521
C1orf106	0.34953	0.31194	6.8181
H2AFJ	-0.41929	-0.41715	-1.5537
NGLY1	-1.3592	0.80258	-0.41523
ZNF83	0.46383	0.13811	-0.25562
PRKAR2B	0.92045	-0.93588	2.1213
EXOC2	-0.74252	3.6897	1.719
PRR11	-0.27612	0.1007	1.4042
TBC1D23	4.3024	0.32754	3.9942
TDP1	0.70953	-1.2035	0.02907
SAYSD1	-0.23013	1.2448	-0.74009
MBD5	-0.86496	-0.17833	4.3543
ZNF839	0.758	-0.47801	1.5451
CFAP44	0.70294	-0.39942	1.5725
PRKCA	-1.0013	2.0623	0.83461
ERMARD	1.3775	-0.26617	2.177
RIOK2	0.20302	0.04724	1.1343
CMTR2	0.83937	0.22954	1.2218
MCTP2	-1.783	-0.67672	2.3483
FGD6	0.67274	0.75189	-0.71064
ZNF415	0.36097	-0.49094	-1.7576
LMBRD1	0.56886	-0.37632	1.0206
DEPDC1B	0.68139	1.2285	2.7888
PRKCB	1.8257	0.87325	1.801
CSGALNACT1	-1.3084	-0.045624	-0.82638
LRIF1	-0.34595	0.048948	0.85675
FAM63A	-0.5686	1.4292	4.3132
DDX28	0.56328	-1.2044	6.4983
PCID2	0.098871	-0.12419	0.75081
METTL2B	0.30537	2.221	0.13155
CACNA2D3	1.3865	-0.29638	-0.52132
AXL	3.3054	-0.40962	1.6683
PRKCD	0.021633	1.2899	2.4415
SCN3B	-0.47975	1.4814	2.3435
IL26	-0.8917	-1.0373	-1.395
DCP1A	1.1612	0.65246	2.9078
ADAP2	-0.38543	1.9826	-0.31889
LRP2BP	-0.40868	0.36956	0.98496
HR	2.2651	2.2482	1.9642
ST6GALNAC1	-0.1209	1.3242	2.0362
TRERF1	1.7345	0.3428	-0.6613
PRKCE	-0.042703	3.0938	1.2197
ADCY10	-1.2063	0.6746	0.76971
SPATA7	1.3839	-0.35995	2.7656
UTP6	0.98778	-0.045656	1.821
BDP1	-0.48852	-0.79999	1.1571
TSNAXIP1	-0.32463	-0.48623	6.9655
DOK5	-0.61415	-0.01415	1.9336
KDM3A	-0.87683	-0.24059	0.90601
RNF130	0.59559	-1.0092	1.8732
PRKCG	-0.42955	-0.22627	-0.57583
ALLC	0.35911	0.08169	0.91867
VPS11	0.68126	-0.11246	2.8454
PAG1	1.3635	0.12181	1.221
PECR	-1.0694	1.2214	-0.90666
DCAF6	-1.268	0.69147	1.9129
VIMP	-0.95852	0.0191	0.85768
PRKCH	-2.4696	2.1814	3.2422
GLT8D1	-0.83705	2.8493	2.2286
EMC3	0.042871	0.27625	-0.34256
CAND1	0.30008	0.25288	1.9685
UBAP2	-0.1611	1.7414	3.8707
CENPJ	-1.1127	-1.5169	1.1267
EAPP	1.4748	0.20087	-0.033285
CENPN	0.53138	-0.66165	2.0175
PRKCI	-2.3308	0.41471	0.46625
EAF2	-1.3688	1.3191	1.2855
ARHGAP15	0.97276	0.27085	4.5366
PPP2R2D	0.31795	0.71377	4.218
BRK1	0.42828	1.1128	-1.1661
ITFG2	0.17228	0.057533	-0.4497
CISD1	-0.56166	2.4436	1.4175
PLGRKT	1.2415	1.4803	-0.13745
PKN1	-1.0391	2.6384	0.1271
USE1	0.10693	0.4454	2.2256
PSENEN	-1.6057	0.095876	5.3903
TEX2	2.1681	-0.2091	1.5823
ZC3H15	0.72595	0.86102	3.3539
ACOT13	0.38948	0.19066	2.3762
KIZ	-0.43105	-0.87483	3.0425
TMEM165	-0.33702	0.5864	1.5064
PKN2	1.6047	-0.93368	2.6342
ACTR10	-1.1604	-0.72641	2.0027
DBNDD2	-2.0055	0.10424	-0.53991
ECHDC1	-1.0325	-0.26564	-0.13226
TMEM126B	-0.38564	1.003	3.4383
SLC22A11	-1.0631	-0.87026	-0.40272
PRKD1	-0.40088	-2.0687	2.2583
ASH1L	0.55148	3.0957	3.5553
CBWD1	0.3532	0.17596	1.7825
PBK	-0.58854	-1.599	1.4883
GSDMB	3.1488	-1.2196	6.0734
PRKCQ	1.5853	-1.18	-1.2402
WSB2	1.3745	0.22499	1.2426
LMO3	-0.3893	0.09974	2.2506
ZKSCAN7	1.3992	1.0684	2.1007
GOLGA6B	-0.2417	0.54599	-0.24188
PRKCSH	-0.25369	-0.45569	-0.33308
GPRC5C	0.19785	0.94207	1.9023
LENEP	0.85111	0.24538	2.7359
MYNN	-0.1104	-0.45772	0.48984
ZNF395	-0.19521	0.054472	1.3049
MESP1	-2.2041	1.0314	0.79196
UNC45A	2.19	-0.79982	1.7553
PRKCZ	0.37645	0.82001	2.0619
ZNF302	-0.33233	0.94211	-0.21101
THSD1	1.4064	-0.20106	1.1505
ACSS2	0.52487	-0.39089	0.32442
KMT2E	3.5473	0.86655	2.0468
RNF114	-1.1618	-1.0671	1.7903
CMAS	0.35522	-0.91506	2.448
C19orf80	-0.43111	0.95303	0.57223
BIN3	1.5474	0.049629	6.3411
PRKDC	0.35607	1.1312	3.6857
APOBR	0.23581	1.7239	3.7364
ERBB2IP	0.93896	0.25775	1.0126
LANCL2	0.68277	1.4153	-1.9036
CTTNBP2NL	-0.17625	1.9343	2.2586
PRKG1	-2.4661	1.6299	2.6665
RCC2	0.073046	-1.5036	0.81301
FAM212B	-0.22896	-0.60999	4.7678
DMAP1	0.97013	1.732	1.6142
PRKG2	0.37312	1.2166	5.6143
MYO5C	-0.27477	-0.50989	2.6773
APOM	2.9503	3.1818	3.6631
MAPK1	-0.71528	0.11965	2.0322
MAPK3	0.082334	0.28822	1.2493
ZMAT5	-1.3123	1.5512	4.0984
LIN37	-1.6959	0.11215	5.4316
KLHL9	-0.99116	1.0001	1.0191
SULF2	0.85995	0.10838	-0.98766
MAPK4	0.98509	0.41639	1.3505
SEPT3	1.557	0.80904	3.2923
AJAP1	0.67909	0.51803	1.6813
NDUFA12	0.60992	-1.0437	-1.3072
NSFL1C	1.2306	-0.60644	0.82452
C20orf24	-0.75326	-1.2051	2.0512
MAPK6	-1.0539	1.2355	1.7775
GNG12	2.5404	0.57886	1.4753
BAIAP2L1	1.0218	-0.47933	0.13914
SLC25A40	0.30786	0.42802	0.19847
BCAP29	-0.65814	-0.0042275	3.3823
SLC50A1	2.7967	0.86388	4.1482
KLHL7	-2.7992	0.33423	1.0949
MAPK7	-1.2978	1.434	0.048414
MAPK8	3.1247	0.15034	6.9166
ACRV1	-1.2997	-1.3497	3.3573
MAPK11	-1.3653	-0.22965	2.8742
MYDGF	0.2474	0.90889	1.5499
SMG9	-1.1514	-1.3706	1.7449
MAPK9	0.37091	-1.8315	-0.64621
MAPK10	1.4363	1.3214	2.5814
MAPK13	-0.017765	3.1182	1.0989
BARX1	-1.6617	1.5898	-1.1556
PDGFC	-1.1323	0.28243	1.78
MAP2K1	0.37038	-1.1596	1.0431
MAP2K2	-0.65537	0.63294	3.1684
ALG1	0.52139	-0.34873	0.0074837
MAP2K3	0.58358	0.48044	1.1022
UBFD1	1.6276	-2.0455	1.5709
TMEM234	0.27802	-0.50615	0.29569
MAP2K5	0.94026	1.3541	2.129
MAP2K6	0.54352	2.063	1.5558
MAP2K7	0.043348	-1.8702	1.0165
PCDHGC5	1.109	-0.23069	6.41
PCDHGC4	1.0681	-0.13832	6.3595
PCDHGB7	0.73406	-0.13281	5.7472
EIF2AK2	-0.90505	1.9112	2.627
PCDHGB6	0.80746	0.0038003	5.5446
PCDHGB5	0.79453	-0.012142	5.599
PCDHGB3	0.73344	0.098827	5.2208
PCDHGB2	0.73732	0.062161	5.5238
PCDHGB1	0.74821	0.12263	5.4085
PCDHGA11	0.71991	-0.048841	5.8149
PCDHGA10	0.7671	-0.15429	5.6811
PCDHGA9	0.78723	-0.010977	5.5711
PCDHGA7	0.75425	0.015921	5.2785
PCDHGA6	0.73344	0.082889	5.2208
DNAJC3	0.29176	0.30893	2.1372
PCDHGA5	0.73878	0.09675	5.5778
PCDHGA4	0.7486	0.14387	5.4534
PCDHGA3	0.85337	0.13534	5.422
PCDHGA2	0.84956	0.23672	5.4041
PCDHGA1	0.86321	0.3816	5.3416
PRKRIR	-1.5503	2.0345	0.77483
PCDHB15	-0.10467	0.51799	3.6318
PCDHB14	-0.22631	-0.054506	3.2545
PCDHB13	-0.13075	-0.20993	3.0329
PCDHB12	-0.064392	-0.098334	3.0717
PCDHB11	0.071563	-0.22131	3.0686
PCDHB10	0.054154	-0.25436	3.0827
PCDHB9	0.13659	-0.26998	3.0122
PCDHB8	0.23919	-0.25843	3.0055
PCDHB7	0.34082	-0.39097	3.0214
PCDHB6	0.39037	-0.439	3.0304
PCDHB4	0.6579	-1.087	2.1964
PCDHB3	0.67842	-0.9666	1.8939
PCDHB2	0.64872	-0.88749	1.8511
PCDHAC2	-0.33997	-0.71816	5.3897
PCDHAC1	-0.77111	-0.87767	5.8758
PCDHA13	-1.0131	-0.90926	5.9506
PCDHA12	-1.0074	-0.90327	5.9506
PCDHA11	-0.96286	-0.93689	5.9057
PCDHA10	-1.0438	-0.899	5.8272
PCDHA8	-1.1828	-0.74998	5.6909
PCDHA7	-1.1064	-0.70111	5.8624
PCDHA6	-1.147	-0.75209	5.8277
PCDHA5	-1.0497	-0.65894	5.6627
PCDHA4	-1.0661	-0.70488	5.4987
PCDHA3	-1.1255	-0.62699	5.6029
PCDHA2	-1.0928	-0.53716	5.5526
PCDHA1	-0.967	-0.49468	5.4232
TEX15	-0.3166	1.6593	0.6911
TEX14	-0.95978	0.58319	3.3446
TEX12	-1.6927	0.2647	1.2893
NDNL2	-0.83264	-0.075823	-0.6549
RNF17	-1.4593	-1.4838	-0.39574
STK31	-1.0192	0.69858	2.8321
TDRD1	-0.53505	-0.81812	0.057537
GSDMC	-0.63098	0.69588	0.5875
PRL	-0.77705	0.55921	4.5188
DNAH7	-0.70915	0.25662	0.66331
ANKH	-2.0499	3.2508	-0.29468
PRLR	0.16404	-0.24775	0.78745
MTFR1L	0.38105	1.9475	3.161
PRM1	-1.4161	-0.058171	1.6443
PRM2	-1.5202	0.011453	1.5176
LMOD3	-0.058289	-0.1102	1.1231
FAM214A	0.24975	0.97795	0.44209
PRNP	0.5757	1.1317	2.608
PSPN	-0.19917	-0.48067	-0.78779
PROC	-1.468	-0.95438	0.96412
SUSD2	-1.0777	1.7667	1.279
ZNF253	0.84021	-0.18054	1.2251
KIAA1217	0.0078883	1.2671	1.5534
BTNL2	1.718	2.0007	2.059
C21orf62	-1.3028	0.4256	-0.2313
MRAP	0.21023	-0.97952	0.40818
PRODH	-0.72118	0.038494	-1.9733
YLPM1	1.5095	2.3283	5.4582
CRTAM	-1.7871	-0.80196	1.2005
RNF20	-0.7425	-0.98215	-1.0124
TMX4	-0.44216	0.28129	-0.63877
SERTAD4	0.017387	0.57028	4.3234
MEPCE	5.6387	0.11915	3.278
CTNNBL1	-0.35646	0.066222	-0.88799
PROP1	-0.89594	0.78936	-0.9382
C8orf44	-0.71917	0.21578	1.3185
GPCPD1	-0.17832	-0.48611	-0.39631
LRRC8A	0.89478	1.7286	0.54897
CPXM1	-0.15735	-0.22327	0.94878
CCBL2	1.663	0.66068	1.8016
IRGC	-1.2094	-1.0162	1.7784
PROS1	-0.9657	0.63877	1.4957
WDR45B	-1.2847	0.95451	1.16
GKN1	0.25513	0.60114	-0.66358
PARD3	2.0395	0.29862	1.8803
PROX1	-1.7304	-1.7016	3.8328
AZGP1	3.6036	0.20446	6.076
PRPH	-1.6305	-0.48213	-0.25024
IL36G	-0.40358	-2.3004	0.92947
SLC7A10	0.29001	0.61083	2.1106
TRPV5	-0.73001	1.0617	-0.86971
ANKRD7	-0.32124	-0.29873	-0.25379
METTL3	1.3334	0.28336	0.19649
PRMT8	1.7483	-1.4142	-0.16722
PPAN	-1.5976	0.20073	0.69359
CABP5	-0.55594	-2.8769	6.8338
PRPSAP1	-0.80765	-0.16242	1.5932
PRPSAP2	0.30744	0.47596	0.15818
PRRG2	1.9664	-1.3259	-0.10312
LGMN	-0.32781	1.3337	0.5717
LTB4R2	-1.0974	0.55597	0.91741
PRSS1	0.46477	0.080802	2.3051
PRSS3	0.078291	1.4804	4.2273
RPRM	0.22404	-0.45488	-0.33697
CCL28	-0.65341	0.63682	0.68879
EIF4ENIF1	2.0766	1.2104	1.3925
KCNQ5	-0.30018	1.4416	8.0914
MASP1	1.5099	-0.98788	-0.22913
RELN	-1.1635	3.9529	2.8261
KLK7	0.67052	-0.51033	-1.2788
TMPRSS15	-1.9539	-0.89251	0.21731
PRSS8	0.57457	-0.031489	1.0583
DNAJC12	-1.1115	-0.98675	3.8505
KLK6	0.32416	-0.87183	-1.4687
HTRA1	8.2779	0.83449	6.9679
MMP26	1.2997	0.58457	-0.78949
KLK10	1.159	-0.43001	-1.2368
PRTN3	1.86	1.9707	1.2448
AZU1	1.0476	2.0284	1.921
PSAP	-1.1726	2.1095	1.5043
CYP26B1	0.57251	-0.34214	2.2182
ERO1LB	0.50632	-0.40601	-0.27975
SLC2A9	1.2328	0.77354	2.2142
DIABLO	-0.94934	0.50483	0.89625
PSD	0.075377	0.85059	4.654
INPP5E	-0.46379	0.86245	1.1406
ASAH2	-0.9245	0.50446	0.62283
PSEN1	2.0439	2.1489	3.9978
PSEN2	-1.8619	-0.5818	5.9918
BCCIP	0.41088	0.38974	2.0317
EIF5A2	-0.15801	0.11997	1.7316
TMPRSS4	0.21173	0.63209	0.076292
CLDND1	0.41991	-0.29017	2.8235
C10orf2	0.088055	0.47165	5.614
POLE4	0.31832	1.888	-0.46728
OR2S2	-0.18929	1.1825	0.59866
TRIM39	1.4748	2.406	2.7369
KCNK13	0.12889	-0.25267	0.96062
KCNK12	-0.062257	-1.8672	-0.20535
PANX2	-0.73693	-0.2383	2.031
MUC13	-1.1241	2.4798	-1.3945
SUCNR1	-0.63605	1.02	0.65543
AKIP1	-0.70814	0.74613	-0.42431
C11orf16	-0.79725	0.51786	-0.29249
TMEM9B	-0.90697	0.23408	-0.14783
NRIP3	-0.95849	0.62314	-0.068459
ASCL3	-0.6545	0.33147	-0.16277
SAR1A	0.76653	0.010867	-0.20437
C21orf59	-0.37021	0.37857	-0.92683
PSG1	-1.0011	-0.3333	-0.28415
B2M	-0.47458	0.24706	1.6425
PSG2	-2.4618	0.28626	1.5424
JPH1	1.1755	-0.37784	-0.1426
PSG3	-0.2007	1.1691	1.1424
PSG4	-0.14682	0.023597	-0.8968
RETN	-0.39313	2.1753	-1.3793
PSG5	-0.15499	-0.010082	-0.80595
SLC2A4RG	-0.055794	0.1609	0.75222
PSG6	-1.5382	-0.62169	-0.56905
BARHL1	-0.93118	1.5331	2.5447
PSG7	-1.8284	-0.79418	-0.18508
FMN2	-0.71467	1.026	-1.0244
PSG9	-1.3267	1.0876	0.41696
PSG11	-1.7204	0.20766	1.991
PSKH1	-0.27711	-1.5038	7.1408
PSMA1	0.92755	1.2824	2.825
ZC3HAV1	-0.27219	0.75661	-0.72525
PSMA2	-0.589	-0.68346	4.5115
IFNK	1.5625	0.6429	0.11168
SLAMF8	-0.26514	-0.63539	0.44402
GPR137	-0.422	1.9967	0.87469
PSMA3	-1.0319	-0.47458	1.0608
SPHK2	2.9126	-0.18905	0.73818
PSMA4	0.33067	1.9433	5.659
EMC7	0.013728	-0.13223	0.42042
RAD18	-0.31883	0.43694	1.069
CELF4	-0.88659	0.72206	4.8515
PSMA5	-0.94464	-1.8048	4.0393
PSMA6	-0.30604	0.92015	1.1029
PSMA7	-0.76524	-0.28622	1.8395
CDC42SE1	-0.74878	1.6295	1.2124
FSTL5	-0.95688	-0.74038	1.7343
UGGT1	-0.98395	-0.67411	1.1358
KCMF1	-0.46575	0.47177	0.18317
TM9SF3	1.3403	-0.67751	-0.077094
PSMB1	-0.59252	0.087208	0.9511
MDM1	-1.1552	1.0749	-0.55754
LGALS14	-0.17799	0.4089	1.4271
C8orf4	0.81682	1.7315	3.4827
UBQLN4	-0.087599	1.6611	1.8739
AGPAT3	-0.38018	0.97734	0.7341
AGPAT4	-2.2594	-0.082571	0.91909
DPYSL5	0.69822	-0.37029	2.1988
WRNIP1	-1.1127	1.3583	1.4054
BDH2	1.0992	0.3384	2.9273
ANKS1B	-1.2933	-1.1851	3.1523
PSMB2	-1.2735	0.083714	-0.033582
TMEM167B	2.0136	0.78992	-0.24544
NDUFA4L2	-0.55526	0.27943	2.5953
PNO1	-0.12334	0.055157	1.4923
PAPOLB	0.67165	-1.0337	1.4136
SH3GLB2	1.7945	0.72962	0.45119
C15orf39	0.34805	1.2386	-0.9729
THAP10	1.9126	0.7987	-1.9083
SPIRE1	-1.0423	0.1614	-1.2009
PSMB3	-1.232	2.2283	0.9787
STARD7	-0.55613	0.43499	1.0671
MAP3K7CL	-0.74606	0.27639	0.78998
IFT46	0.41851	-1.0679	4.4847
C1GALT1	0.74049	-0.29531	4.6038
OTOR	0.76448	1.067	0.68169
EXOSC5	1.4089	-1.0627	3.3016
SMARCAD1	-0.8592	-1.4498	1.9694
MEIS3	0.89038	0.17763	0.49964
C2orf83	-0.82139	0.3898	2.0091
DHX33	0.34839	1.4981	-0.34857
PSMB4	0.43134	0.91487	1.7692
SEMA3G	1.4945	0.098825	0.18809
MCCC1	1.1096	0.0071841	2.9828
NMUR2	-0.84385	-0.68699	2.178
PAK6	0.089045	-1.4496	-1.2717
LXN	-1.3798	0.025394	0.69686
NCLN	0.59997	1.4313	0.89411
GPR108	7.951	-0.53597	0.7578
SPPL2B	-0.82943	-0.58345	1.7688
FEM1C	-0.83617	0.85995	0.64587
PSMB5	1.4067	-0.14211	1.8983
DUS3L	2.9757	0.46086	0.52398
CA10	-0.40196	-0.91508	-0.40194
SMCO4	-0.18908	1.0278	-0.74676
CCDC177	0.34204	-0.67181	1.3057
PMEPA1	0.70831	-1.0864	0.097425
ARNTL2	0.26713	0.63272	4.3356
PSMB6	0.31666	-1.8935	0.42944
DUSP22	-0.75611	0.38491	0.23949
HMCES	-1.4458	-1.5579	-0.44599
CMC2	0.97049	-0.51242	1.7878
ENY2	0.46338	0.84373	0.53575
OLFML3	0.30517	1.1697	-0.016676
MRPS22	0.26049	-0.13024	0.31909
C11orf30	-1.1212	-0.17705	2.616
MFF	2.3895	3.5679	1.3075
SDR39U1	0.26858	-0.89894	1.0595
XAB2	0.98044	1.9672	0.59884
PSMB7	-0.69141	-1.3466	-0.058932
SMYD2	1.0527	-1.2128	2.575
C5orf15	-0.85319	1.6231	1.3836
PRTFDC1	2.0219	1.0092	2.8908
NT5M	-0.57391	0.51332	1.2423
NIT2	3.7755	1.0879	5.1656
MEPE	-1.5266	-0.26993	1.2206
LHX9	6.9312	-0.67028	0.90301
OTUD7B	0.038675	1.8264	4.0885
PSMB8	3.2103	1.5476	2.8792
SHD	-0.39565	-0.11798	0.10016
RGMA	1.6532	0.96142	1.7266
WDR93	-2.8303	0.44538	1.2683
PARP6	-0.83396	-0.30733	0.60101
C14orf132	-1.911	-0.66724	1.5229
PYY	-0.25432	2.3141	2.3773
ATXN7L3	0.9445	-1.9245	0.89393
CEACAM19	3.3817	3.161	1.2197
FAM20C	0.37778	-0.35175	0.015902
STOX2	2.3103	1.4427	3.0476
PRDM8	-0.33344	-0.63844	2.6644
PRDM9	0.066291	0.76768	-1.199
PSMB9	2.6072	2.1583	2.4393
PRDM10	-0.94572	0.10667	0.86175
PRDM11	0.48564	2.6857	2.8344
POGLUT1	-0.59567	-0.20679	0.58083
PSMG2	-0.66788	0.21564	-1.2553
ADPRM	-0.60181	0.24449	1.0325
DTWD1	-2.3938	-1.2567	-0.049327
BBX	-0.83428	0.63151	1.4003
PSMB10	-0.50987	-1.471	6.7277
CDC42SE2	1.5351	0.91941	3.9073
KIF15	0.87151	0.40254	2.9626
TOMM22	1.2631	4.0048	1.7637
CHPT1	0.86321	0.89676	-0.26005
TULP4	0.75133	-0.48143	-1.0374
SLC12A9	0.90112	0.97698	4.2505
ADCK3	0.038022	1.3338	6.284
CTNNBIP1	0.075073	0.31204	1.2236
ADAMTS9	4.4228	2.0054	1.9043
BAAT	-1.1775	-0.011452	0.69329
PSMC1	0.17111	0.92641	-0.22257
SDHAF3	-0.77566	-1.3765	0.95027
YAE1D1	-0.6276	-1.4963	-1.0218
CCDC47	0.40747	1.2198	3.607
ACKR3	0.45307	1.1944	-0.88986
PSMC2	-1.258	-1.1003	0.69738
CABP4	1.0391	0.070153	4.1288
AKR1B10	-1.3567	-1.1325	-1.416
COQ9	-1.6381	0.38125	-2.1225
CCNL1	-0.46746	1.8792	0.29809
CIAPIN1	-1.9041	0.31626	-2.2643
PSMC3	0.75965	2.9364	6.1094
C16orf62	-0.53812	0.037485	-0.99495
PDXP	0.24959	1.9348	-0.0067811
SLC17A7	0.063068	0.58085	2.7106
RSRP1	0.74803	1.1657	-0.33177
ANKMY2	-2.0003	-0.12489	-0.64132
RARS2	-1.2517	-0.60019	0.036458
PSMC4	0.8556	1.0034	0.92324
TWSG1	-0.90796	0.36924	-1.7727
PLSCR2	1.1383	-0.20937	0.52145
PLSCR3	-0.20349	-2.4619	2.1262
PSMC5	0.44729	0.96636	3.5642
UTP3	0.65771	0.092631	0.99782
CHRNA10	-0.5892	-0.32531	1.7659
TBX20	1.0063	0.93075	1.728
PSMC6	0.63402	2.6746	3.1669
PCBP4	0.50408	0.33587	-0.18069
DDX24	-1.0182	0.2945	-0.65337
PSMD1	-0.50309	0.64312	0.65831
PSMD2	2.1099	1.7083	4.6626
CASC5	1.2054	-0.66958	4.3204
SLC17A6	-0.044276	0.52539	0.43777
AGTRAP	1.8331	0.42241	-1.6912
PLSCR4	-1.0997	1.185	0.90864
ENTPD7	1.0459	0.27739	-0.17078
PSMD3	1.7294	-0.47845	3.5553
CASS4	-1.5103	-2.0871	-0.39463
PCNP	0.44513	1.3819	-0.068379
CPA6	0.54479	0.31172	-0.36521
PITHD1	0.88836	0.041594	0.71702
RPGRIP1	0.8808	2.1293	4.7909
PARP11	-1.8494	0.33203	1.7285
AVEN	-0.37891	-0.18795	-0.69815
BACH1	-1.1355	0.46179	-0.11447
PSMD4	-0.53301	0.17619	3.8268
ANO2	-0.81682	-0.079809	-0.82907
C12orf4	0.81876	-0.53906	0.71534
TIGAR	2.0243	0.47073	0.76883
PNPLA2	1.5406	1.7083	2.3819
CYSLTR2	-0.018827	2.9149	-0.23471
NAT14	-0.10831	-0.17142	0.43672
PDSS2	2.4203	1.78	1.3787
REXO4	0.49656	0.5163	0.9832
PSMD5	0.41426	0.16283	0.31157
HRASLS	-0.0056909	-0.39383	1.3829
RAB25	-0.29982	0.32472	1.7963
TRPC7	1.7847	-0.0070894	1.3676
PGLYRP4	0.0226	-0.43321	1.6115
ZNF695	0.79029	0.9209	0.43271
INTS12	-0.6734	1.0306	-0.47883
CAMK1D	0.15863	2.2126	3.8423
EPPIN	2.0778	-1.4083	0.41513
GOPC	1.6103	0.37977	2.0062
LPAR5	-0.49041	1.5772	0.010868
NUP107	1.1568	0.31123	0.42926
CD248	1.1895	2.6952	2.6751
PLXDC1	-0.11662	-1.8073	-0.16999
CD177	-0.70199	0.99054	1.2705
RHBG	2.9555	0.34292	1.2867
LYRM4	-1.8245	0.3404	-0.40803
MRPL47	0.75599	0.039264	1.7469
PSMD7	-0.23127	0.73718	0.93963
ATP13A1	-0.60699	0.6126	6.1094
CHMP1B	0.93152	0.98194	1.5489
MAN1C1	-1.0724	0.62603	3.1025
APMAP	-0.061899	-0.53586	1.4784
RGL3	-0.38546	0.064037	-0.95874
PSMD8	1.4506	1.0536	0.1918
RNPEPL1	0.42993	-0.27796	-1.1641
RTN4	-1.0277	2.1194	1.5925
ADCK1	-2.1781	-0.57563	1.1805
PAK7	-1.1793	-1.2059	0.026743
TMEM159	0.20264	-0.6718	-0.3367
SCYL3	0.16875	-0.047405	0.48485
RALGAPB	0.35303	-0.12618	1.3629
LYRM1	0.74819	-1.1201	2.2742
PSMD9	0.49034	1.2108	3.9204
SMIM8	-2.0355	0.33653	0.48618
LYZL6	-0.60199	-1.382	0.16736
SLURP1	0.80365	-0.29718	1.3132
SLC44A2	-0.7837	-0.54031	0.61664
SMURF1	1.3649	-0.5777	-0.14193
TMEM63C	1.3153	-0.12738	2.6637
PHTF2	1.0903	1.7108	0.16702
JPH2	-0.97183	-0.31877	1.6448
TRIM54	-0.12322	0.52069	3.1529
PELI2	-0.42311	0.5492	-0.25517
PELI1	1.1446	1.7818	1.5846
GJC2	0.19191	-0.030521	0.15886
SALL4	-0.14815	0.66688	-0.73865
ASPHD2	-0.98843	-0.6455	1.5256
ZNFX1	0.79379	1.0427	-0.35466
PSMD11	-0.93212	1.8173	1.1207
DOLPP1	0.98329	-0.13164	0.54457
CAMK1G	-2.1129	1.0336	1.5477
CORO1B	1.4	-0.20405	3.6659
VARS2	3.1103	2.0745	2.7472
ZMIZ1	0.91518	-0.48357	2.2364
KIAA1191	0.82145	0.30572	-1.0949
PSMD12	-0.49031	0.52885	0.86862
ACTR3B	1.421	-0.64484	0.381
SLC39A10	0.026507	-0.38152	-0.072449
ANKRD50	-0.063145	0.58738	-1.4621
FAM219B	3.5275	0.19919	-0.073289
NIPAL3	0.71644	0.5911	0.80468
RALGAPA2	1.5335	-1.7532	0.13452
ADAMTSL3	-1.3136	0.83642	0.44945
KIAA1147	-1.2823	-0.11365	1.0121
PSMD13	-1.9229	0.069787	0.88493
SEPN1	0.3721	1.7861	3.1324
VN1R1	-1.7863	0.61804	0.94089
MCOLN1	0.86254	0.30729	0.87447
ATP10A	-0.25787	-0.42666	2.0376
ATP8B2	-0.35736	0.79496	1.6311
BAD	-0.24223	2.079	0.67594
PSME1	0.85167	-1.3086	1.7124
ATP10D	-2.0018	0.6088	1.5342
ZNF248	0.44492	-0.19954	-1.5157
PSME2	0.89314	-1.4786	1.7099
SLC45A4	0.75868	0.077732	3.8284
ADGRG6	-1.7635	-1.2205	0.89911
SPRYD7	-0.98307	1.7833	3.8732
CEMIP	0.47977	1.8874	1.5527
THAP11	-0.19129	-0.83576	7.0096
VANGL2	-1.1658	1.9435	-0.055748
TTC7A	0.052645	1.6064	-0.62591
ARFGEF3	-1.7503	0.61938	1.5179
ERGIC1	-0.71934	0.5493	3.0401
SMEK2	-0.13969	2.8229	3.7362
NHSL1	-1.0259	-0.15976	0.59965
LYRM2	0.63794	-0.27754	1.6175
SMAGP	0.38173	-0.98737	0.89273
PSPH	0.73212	0.68599	-1.0135
SNX14	-0.45747	-0.045052	1.5628
PTAFR	1.4982	-0.2308	0.71621
PTBP1	-1.4863	1.9219	3.8444
TAS2R38	-0.4841	0.53846	2.3138
PTCH1	0.3641	1.8188	1.8374
PTEN	-0.30826	0.41394	0.41908
SLC4A10	-0.36048	-0.30134	2.1301
PTGDR	-1.4699	0.79363	-0.20668
BAG1	-2.1784	0.34471	-0.89639
PTGER1	-1.3912	2.5342	-0.19489
PTGER2	-0.53605	-0.82198	2.1947
CSRP2BP	-1.1512	0.19564	0.57448
PBXIP1	0.21964	1.8055	1.9015
PTGER3	-0.92398	1.2453	-0.13815
CBX8	-0.58946	-0.76797	-0.78308
RCN3	0.58839	-1.2535	1.0006
ZNF286A	-0.64081	0.0019861	-1.0623
ZNF287	1.1091	-0.37546	0.37308
SENP7	0.31133	1.1175	0.65526
JPH3	-0.23998	1.7517	4.2479
PTGER4	-0.39341	0.567	2.7843
ZNF304	-0.18897	0.26607	3.4678
TTYH1	-0.15738	-0.82677	-0.98106
GJD2	0.45481	1.8686	6.1094
PTGFR	0.19725	-0.799	0.70923
PTGFRN	-0.3719	-0.18068	2.5371
MRS2	1.7186	1.8509	2.6813
RHOJ	-1.6682	0.84347	1.7035
PTGIR	0.70642	0.78133	0.65244
CLK4	-0.21157	-0.38947	1.2119
PTGIS	-0.10976	1.3618	-0.5675
CLLU1OS	0.81009	0.72037	0.12549
S100A14	0.11366	-0.64137	1.423
CLLU1	0.79057	0.77228	0.04313
RAB22A	1.5319	-0.044774	0.46374
CYP20A1	-1.8542	0.50231	2.2825
SPC25	1.5816	0.6891	1.2575
ABHD6	0.69622	2.1921	6.0677
NMRAL1	1.2209	1.1104	3.0252
LRTM1	-0.6852	-0.47156	-1.2106
MIF4GD	0.088991	0.43103	2.1103
PTH	0.52044	0.077722	2.6444
SCYL1	0.65049	4.2627	6.3802
AS3MT	2.7879	-0.19404	2.0237
RHBDD2	-1.029	3.092	-1.626
C3orf14	-0.24522	-0.24922	-0.58527
WDR18	3.911	-1.3644	0.62186
SLC24A3	0.087049	1.4533	1.3775
PTGS1	0.48411	-0.022457	-0.31843
PTGS2	0.13562	0.71644	0.3249
PTHLH	0.12704	2.901	0.25751
PRR9	1.0474	1.3734	0.79464
NDRG3	-1.6891	-0.39975	3.0325
NDRG2	-0.43393	1.7392	-0.25912
BIRC6	-0.087258	0.22262	1.8537
PLEKHG5	1.0384	1.3819	1.9925
PTH1R	0.66781	-0.055016	3.9055
TENM2	1.5211	-0.80308	2.1768
GALNT16	1.0498	-0.10728	2.17
DSCAML1	-0.74278	2.5874	7.361
UGT2A2	-1.0656	-0.19445	-1.7667
REXO1	0.15374	0.72716	0.45023
KIAA1143	0.98515	0.029847	3.2577
TMCC3	-1.0469	0.69357	-0.70828
GATAD2B	1.222	0.24884	3.2403
PTH2R	-0.80007	-0.52433	1.5939
PPM1H	-0.041373	-0.083628	4.9275
ISY1	0.94181	-0.29551	0.43425
KIAA1161	-0.1176	1.6374	1.0287
AMIGO1	-1.3486	-0.12811	2.3648
STRIP2	0.47897	0.55761	1.8314
TBC1D24	1.7041	-1.2266	-0.51206
SCAF4	-1.0512	-1.5218	0.23686
HHATL	-2.3692	1.1606	1.5117
SLC12A5	4.2608	0.70406	-0.93558
PNMAL2	0.99032	-0.52987	0.386
PTK2	-1.5057	0.94669	-0.35256
LRRC47	0.11608	-1.3953	2.0998
ERMN	1.9466	-1.1446	1.1617
CNOT6	-0.39885	-0.43674	0.74953
ZNF512B	-0.28583	-0.6017	4.8713
ZNF490	-0.28455	0.93986	2.1807
PLEKHH1	3.6202	-0.42769	1.2393
GRAMD1B	0.2362	0.61718	5.7016
USP31	0.096658	2.0913	-0.96874
PRR12	1.9467	-1.0692	0.26425
PLEKHG1	0.15695	0.66594	0.44737
KIAA1211	0.86616	-1.3725	0.78263
RNF150	2.7422	-0.35107	3.1556
NLN	-1.3665	-0.30315	2.0594
ESYT2	0.02057	0.82658	2.6333
ODF2L	0.57564	-0.30674	0.61365
AHRR	2.1699	-0.6849	1.0224
ARID1B	-1.1253	0.18562	2.0324
HEG1	-0.84778	0.80241	0.30506
NWD2	1.0117	0.36369	-0.1819
MKL2	-1.0632	-0.88494	0.75455
LRFN2	-1.4418	0.2781	3.8808
KIDINS220	0.37294	0.013232	1.7629
ADGRB1	-0.081219	0.85806	0.99892
KIAA1257	0.83131	-1.4452	0.75692
MTA3	0.049557	0.64206	2.158
AARS2	1.8377	0.3505	0.62358
MAVS	0.49496	1.3582	0.72786
ZNF608	0.47506	-0.28353	2.6335
INTS2	1.1456	0.8166	1.1234
MTUS1	0.71628	2.5354	2.3928
XPO5	-0.069516	1.8649	-0.94291
COG6	2.8935	0.265	1.4164
GPR158	-0.096291	1.9688	1.125
CASKIN2	0.81062	-1.6853	1.1274
ARHGAP31	0.39744	1.202	1.1114
SERINC1	0.17999	3.3098	1.23
STARD9	-0.37614	-0.12976	1.5083
HECW2	-2.0596	0.74335	3.4585
RPTOR	1.6578	-0.29455	1.5971
SRGAP1	-2.001	1.7923	0.66156
NYNRIN	0.063933	0.72586	0.4341
CASKIN1	2.9686	0.39443	1.8447
KCTD16	0.434	0.063474	4.6881
PTK6	-0.54103	0.4507	1.5224
CGN	0.34915	1.0319	1.8734
HACE1	-1.2258	-0.49299	1.5208
NUFIP2	1.9721	1.1464	3.0989
TBC1D14	0.55675	1.4235	-0.28348
MIB1	0.35203	-0.15092	1.8592
KIAA1324	1.8556	0.18893	-0.11122
KIAA1328	-0.12431	2.1179	-0.1358
SORCS2	1.5716	3.2994	0.26464
ALPK3	0.036841	-0.34371	0.39756
WDR35	-0.0092298	-1.2517	1.4518
PTK7	-1.435	0.59342	1.1879
PTCHD2	0.33444	1.7112	0.72121
ZNF398	1.7389	-1.117	0.36576
KLHL42	-0.00033147	-0.15615	0.38699
TXNDC16	0.10579	-0.16467	3.4106
CC2D2A	0.029634	-0.19052	0.29151
PDP2	1.4475	1.1584	0.85972
ZNF624	-0.077889	0.4138	-0.20254
IGSF9	-0.39155	0.70302	-0.010946
TAOK1	0.11071	-0.3289	0.72094
NCEH1	-0.32876	-1.0688	-0.45553
MICAL3	-1.041	3.3455	1.1791
LRRC7	0.33467	0.48084	1.8708
NLGN2	0.04126	-2.1734	5.7415
SEMA6A	-1.8261	0.55741	-0.46055
USP35	1.6464	0.55063	2.4166
STAMBPL1	-0.67424	0.017633	0.96706
TWF1	-0.87	0.58474	0.82447
IFT80	2.5027	0.29306	-0.54783
ARRDC3	-0.32855	-2.4766	0.37186
CEP126	-0.76551	1.5218	0.50238
KLHL8	3.0146	0.39984	2.9553
KLHL14	1.1771	-0.54488	0.41157
ZNF319	0.47412	2.3283	-0.87712
SIPA1L2	-0.57826	1.3089	0.85648
ARHGAP20	-0.60394	-0.39856	0.18481
PTMA	0.11112	-0.77461	1.567
TRMT5	-0.61961	2.4678	1.2501
CARNS1	1.9342	-0.51224	2.78
DOCK6	-0.95412	1.5277	-0.23777
ZNF471	0.10854	-0.78936	1.1549
MARCH4	-2.4443	0.089834	0.40226
PCDH10	-0.58083	-0.75953	0.89562
KIF17	1.2723	-0.098254	2.2933
KIAA1407	-0.94499	0.78763	-0.012227
UNC79	-0.47037	0.25502	-1.4858
FAM135A	-0.87852	-1.433	1.1454
PREX1	0.8634	1.2754	0.23721
KCNT1	-0.35746	1.074	0.58703
TMEM181	0.25183	3.6695	-0.094283
ARHGAP21	4.924	0.72959	4.6178
CRAMP1L	0.27983	1.4541	1.8159
SYT13	-0.80162	1.7618	2.1407
CFAP97	-0.80724	-0.098771	0.58581
RIC1	-1.0948	1.349	-0.67141
WDFY1	0.32256	-1.3159	-0.22997
MKL1	1.0917	1.9685	4.9822
ZNF687	-0.53989	0.12232	3.6699
EBF4	-0.15299	-1.2237	0.75333
HOMEZ	-0.61391	1.63	2.0443
BEGAIN	-1.5976	-0.17843	5.0391
BAHCC1	3.1388	-1.2399	5.605
WDR48	-0.65448	0.051757	-0.61499
ADGRB2	-0.56683	1.0127	0.18424
FNIP2	-0.30099	-0.30006	4.6776
USP36	0.72929	0.76844	2.3865
KIAA1456	-0.47143	-0.5104	0.1791
PITPNM2	1.8525	3.909	2.9675
SLAIN2	-0.025588	1.5318	2.1298
KIAA1462	-1.0995	-0.88261	7.707
DIP2B	-0.38491	-0.69651	1.1123
RANBP10	-0.56085	-0.68938	6.9661
ISLR2	-1.5802	1.1468	2.8764
KIAA1467	-1.5504	-0.025708	1.6609
KIAA1468	2.0705	1.789	1.2925
ZNF492	0.273	0.23526	1.484
TSHZ3	1.4762	-1.169	4.1708
VPS18	1.9354	1.5206	-0.2522
SHROOM3	3.0039	-1.0291	3.3405
STIM2	-1.6899	0.11411	-1.8279
ZBTB2	1.8045	0.88031	3.2758
LRFN1	-0.43237	0.023962	1.5467
ZFAT	-0.64656	1.1861	0.60559
NYAP2	-1.6028	0.027197	1.6677
KLHL1	-0.91706	-0.83468	1.5241
DPP10	0.25362	-2.7728	-0.7315
PTMS	0.64586	0.55508	1.4209
SH3RF1	-0.81323	-0.96052	3.0793
LRRN1	0.28044	-0.15093	1.2162
EP400	0.8734	2.4139	0.025626
ARHGAP23	1.1074	1.4141	3.142
CCDC146	0.77597	1.074	-1.251
PTN	-1.4315	1.5707	-0.73102
COL20A1	-0.73946	2.304	1.3846
ZSWIM5	-1.5666	0.70173	0.32208
MYH7B	1.9232	0.65994	1.8463
POGK	0.13628	1.0788	-0.042394
USP28	1.3152	0.12883	1.1252
DHX37	2.3657	-0.29528	-0.94419
KIAA1522	2.2331	1.1643	0.31375
PHF12	1.1092	0.068878	1.5248
KIAA1524	-1.0405	1.1131	-0.30696
UVSSA	-1.7754	1.2098	2.1366
GRAMD1A	0.12384	1.0986	-0.98586
HCN3	1.2676	1.7465	2.4182
CALCOCO1	-0.7119	-0.24819	1.1552
ZBTB4	0.63188	-1.2682	6.3581
PHRF1	1.3083	0.23826	1.9104
CAMSAP3	1.5843	1.6782	1.0624
USP29	-3.235	-0.26797	1.4667
PLEKHA4	1.7281	1.7055	0.22377
RDH14	-2.0364	-0.86731	0.90517
FBRSL1	0.43163	0.77389	2.1314
EPB41L5	1.3291	0.63028	1.8788
KIAA1549	-1.808	0.55645	0.3807
BEND3	-1.7522	-0.48105	-0.50236
RNF213	-0.2711	0.58163	1.4361
ZFP14	1.6476	-0.4998	1.4887
GPAM	0.41378	-1.9793	1.7208
ALS2	-1.8931	0.031579	-0.43476
QSOX1	1.8862	0.30193	2.7538
CHD8	-0.14001	0.017861	-1.0838
ZDBF2	3.3778	1.1739	0.66662
ZBTB26	0.80562	1.0618	0.23635
CACHD1	0.39284	0.27406	-0.80017
VAT1L	0.65461	-0.10403	3.1568
ZSWIM6	1.4958	1.3329	4.0486
LRRC4C	-0.15039	-0.48128	6.0104
TNRC6C	2.0268	-0.28281	2.6301
KIAA1586	0.066362	1.3908	2.1062
ZNF317	2.1252	-1.4654	-1.9409
USP37	-0.12062	0.63953	3.3339
DDX55	-0.52538	-0.47891	2.5083
FANCM	0.25132	1.1516	-0.44084
KIAA1598	0.80745	1.9364	0.45216
CPNE5	2.7548	-0.58926	-0.62075
ADGRB3	-2.3524	2.9221	3.5772
PTPN1	0.61572	0.92503	2.931
FAM160B1	-1.187	-0.79589	0.55451
NCKAP5L	-0.090774	0.1947	0.86906
CWC22	0.52268	-1.0671	1.5629
GBA2	-0.97941	2.0723	-0.090844
WDFY4	-0.69318	-1.0348	0.30114
DENND1A	0.10367	2.2491	1.6551
TLDC1	0.89404	0.36595	0.22448
MIER1	1.5759	-0.44108	0.44967
SLC7A14	0.38974	0.19689	0.2739
PTPN2	-0.98757	-0.2321	0.92034
KIAA1614	-0.83551	1.0867	2.2959
ZNF529	0.56623	-0.77057	0.47361
SFMBT2	0.41874	0.35933	-1.1536
SEMA4G	0.25567	0.41693	5.8592
PRX	0.42729	0.085979	2.9034
PCDHB16	0.23042	-0.36088	3.0047
PPP4R4	-0.1073	0.77549	1.9387
ANO8	2.4619	2.2481	1.599
GPR107	0.30756	-0.20688	-0.46255
METTL14	-0.50852	0.9134	0.22476
IGDCC4	0.035012	0.75913	1.3511
EPG5	-0.11637	-0.30585	2.8058
NCOA5	1.3733	2.2917	-1.3789
WDR19	0.65419	-0.96679	-0.1106
ANKRD36B	0.98325	0.19345	2.3792
SPTBN4	1.6729	0.94482	3.1199
ZFYVE28	-0.4297	0.28475	0.81644
GBA3	1.0335	-0.45624	1.1622
PTPN3	-1.2196	0.35981	0.24591
PTPN4	-0.24837	2.0934	0.78266
SCUBE2	-1.589	0.89449	0.63662
TRIB3	0.65735	-0.82587	-0.023576
ANKRA2	0.055011	-0.31719	-0.22452
PTPN7	1.2469	0.98288	0.14269
RBAK	-0.88914	-0.68444	0.32301
MARK4	4.3135	1.4079	1.3238
SUGP1	-0.91267	0.42549	6.1094
BRINP2	1.9376	-1.7643	-0.10466
GATAD1	2.5722	0.59512	0.7093
RAB40C	0.12139	-0.5289	3.9983
BAK1	2.9914	0.48294	2.7173
PTPN9	3.1186	0.97295	1.2763
HES4	1.2767	0.063157	4.296
POLD4	2.1909	-0.98953	0.92632
CCAR2	1.6305	0.05301	6.1496
PTPN11	2.5121	0.54657	3.5241
HAMP	2.6858	-0.17212	0.43339
G6PC2	1.5714	1.0727	1.0813
LSM2	6.1094	1.0741	4.418
PTPN12	0.4887	1.7051	1.7284
CCNB1IP1	0.52871	-1.0016	0.10881
CCDC181	-0.33089	1.7399	1.0621
GRHL3	0.97188	0.36584	0.75979
SLAMF7	2.3899	0.27076	0.031647
HMHB1	0.64945	-0.12649	3.1749
C6orf47	2.9925	2.7909	3.7002
CATSPERG	1.337	0.98308	0.64964
ZP4	-1.3572	0.38184	1.8935
PTPN13	1.2097	0.76547	4.3314
KRTAP5-8	0.94151	-0.90303	-0.78151
CYP4F11	0.97472	0.4852	0.7742
SLC4A5	0.00043242	-0.34166	2.7036
PTPN14	0.41671	-0.55355	1.4673
PTPRA	-1.5322	-0.073802	-0.30181
ZNF410	-0.97384	-0.92412	3.3393
CADM3	-0.61616	2.2632	1.0871
SLC46A2	1.0231	0.2885	-0.53976
PTPRB	-0.56685	-0.34604	0.66366
PTPRC	2.7198	1.017	1.7124
PTPRD	-1.7707	0.67829	3.1963
NKX3-2	0.22468	0.88101	-0.72862
PTPRCAP	1.5791	-0.41675	3.6612
PTPRE	-0.56121	-0.44108	2.7478
PTPRF	-1.0473	-0.47404	4.4466
PTPRG	-0.089753	0.24927	2.2588
PTPRH	2.2575	0.15161	1.49
PTPRJ	0.19046	0.69886	4.4963
PTPRK	-0.53765	-0.55004	2.069
PTPRM	-1.16	1.0536	4.398
PTPRN	-0.88929	-1.8925	0.39086
PTPRN2	-0.34831	1.8681	2.5797
ACTA1	-2.8401	0.70607	-0.44042
BARD1	-0.30617	-0.53223	1.4865
PTPRO	-0.79927	0.33212	-0.86343
PTPRR	-2.401	1.2633	4.5029
PTPRS	0.46864	-0.38368	4.5632
PTPRZ1	0.61584	-1.4982	1.6233
PTS	-1.3799	-0.63408	1.7492
PTX3	0.64444	-0.30792	1.1173
BAX	-0.86188	1.3769	1.3114
RAD1	-1.4142	-2.1274	0.30363
PURA	0.35927	-1.7647	1.2363
PURB	-0.78616	-0.55976	1.3985
PTBP2	-1.3873	0.15911	2.0736
NGB	0.97774	0.20257	1.9803
NEUROD4	0.33185	0.61624	3.4833
PVALB	-0.70835	1.4352	0.81897
NFE4	-1.2456	-1.4411	1.0933
PVR	2.968	0.525	1.5639
PVRL1	0.6832	-0.9845	1.8759
WFDC1	-0.52839	0.6641	0.48465
PVRL2	5.5057	3.3218	4.3749
CTDSP1	0.52362	1.7337	3.564
CXCL16	-0.29554	-0.035194	1.0915
BBS1	2.1626	1.8102	2.3139
PWP2	-0.26125	0.8552	-0.60061
PEX19	-1.2776	0.28412	0.25188
ABCD3	1.5658	-0.70745	0.86481
ABCD4	0.88846	0.4851	5.8088
PXMP2	0.93727	0.49442	1.4695
PEX2	0.46511	0.18735	0.59624
PXN	0.26076	1.0224	2.03
BBS2	1.1871	-0.045097	0.44264
PYCR1	0.59705	1.1865	0.8691
ALDH18A1	0.68397	2.7401	1.0573
PCYT2	1.5619	0.18337	2.3602
PYGB	-0.072388	0.30906	3.019
PYGL	1.9069	-0.32876	3.6601
PYGM	-1.3739	0.22664	0.29638
SQRDL	-1.7046	0.64984	-0.12818
PLEKHB1	-0.73978	0.5636	2.5792
MS4A7	0.86751	-0.12177	0.24298
TP53INP2	1.0608	-1.0704	1.3736
SRPRB	1.1618	0.60784	2.1008
ENOPH1	0.48156	-0.030127	-0.042845
RHOU	2.2034	-1.4515	2.2249
NLRC4	0.58999	0.18867	1.6358
TRAPPC1	0.70742	1.4285	3.0491
ZBED5	-0.35057	-2.3943	0.99305
CREBZF	-0.16461	0.68296	3.7554
PCTP	-0.17247	0.81213	1.1118
ABHD17C	2.4668	-0.31339	3.2397
RPRD1B	2.0809	1.5	0.3693
ZNF71	-0.18197	-1.6685	-0.13685
ZNF77	-0.75798	-0.085766	-1.5464
INIP	1.71	0.20745	-1.5149
JAM2	0.46448	3.2147	0.12874
OVOL2	0.16193	3.2837	2.3622
LY6G5B	3.2799	2.1452	3.404
PRUNE	-0.73578	1.6168	3.8101
MYL7	0.74415	0.91859	1.8355
ZNF462	1.0937	-0.40796	6.1094
BBS4	-0.59993	0.23179	-0.2926
ZNF250	1.557	-0.78518	3.4639
PROL1	-0.45263	-0.68715	-0.37654
ARHGAP22	1.6845	0.16666	7.3202
OSTC	-0.80189	1.5104	1.4822
SCAF1	1.33	-1.2993	0.74577
KMT2C	0.58956	2.6011	0.56489
CACTIN	1.0132	0.046383	-0.54505
PRODH2	-0.97213	-1.0369	4.6689
DNASE2B	-0.64142	0.38088	-0.090074
DLGAP3	0.77637	0.41683	0.33316
EPS15L1	0.52772	0.10581	0.31858
SELK	1.444	0.47736	2.2997
FAM60A	-2.7141	0.16144	1.0562
RBM25	2.1732	2.2229	3.4138
DMRT3	0.24117	0.44324	0.080922
WIZ	-0.83158	0.21671	0.68176
ABRACL	-1.122	0.23278	1.4832
RRAGD	-0.015176	2.2634	0.14246
MYOZ1	0.12877	-0.10354	1.8783
LY6G6D	6.1094	0.45496	3.335
PRM3	-1.6873	0.29317	1.4302
SNX6	1.0419	0.060488	-0.5372
MPP4	0.11459	1.4098	-1.0418
QARS	2.6462	2.4311	3.8211
BCAT1	-0.68684	-0.43212	1.5494
QDPR	-1.0402	0.37146	1.4497
RAB1A	-0.28925	0.83747	0.20223
RAB2A	-0.36802	-1.0258	4.9373
RGL2	1.4979	-1.6047	5.5113
RAB3A	-0.228	-0.92669	4.7309
RAB3B	-2.447	-1.3397	3.3833
RAB3IL1	0.60444	-0.10346	2.1686
RAB4A	-0.87844	-2.3671	-0.037057
RAB5A	-0.096569	1.4548	3.0282
RAB5B	0.81199	0.15351	7.223
BCAT2	0.27746	2.2128	0.22884
RAB6A	-0.62269	0.3188	2.9097
MAP4K2	-1.7571	-0.066953	0.91273
RAB13	0.81046	-0.073882	2.8769
RAB27A	-0.98028	-1.444	1.4115
RAB27B	-0.2478	0.10946	1.7424
RABGGTA	-2.0404	0.72157	1.6177
RABGGTB	-0.37786	-0.36919	0.92088
RABIF	-0.42987	1.3543	0.034822
RAB5C	-0.67589	0.77776	1.2075
RAC1	2.3136	0.21714	1.176
RAC2	-3.0851	0.25278	0.99984
RAC3	1.4987	1.0446	4.0241
RAD9A	2.1202	-0.63065	1.823
RAD17	0.65908	-0.41823	0.87484
RAD21	0.60302	-0.64259	0.20557
RAD23A	0.30693	1.7821	3.0072
RAD23B	-0.82467	1.0118	1.2163
RAD51	0.21838	-0.83566	3.5625
RAD51C	-1.1253	0.52352	3.0342
RAD51B	5.7971	1.8542	3.2463
MOK	0.66453	-0.6869	0.38593
RAD51D	1.7864	-1.7343	0.45595
RAD52	3.1093	0.66555	-0.013444
RAF1	1.1434	-0.51522	2.1527
RAG1	0.99672	-0.48573	0.38972
RAG2	1.1126	-0.15698	0.36185
RALA	-0.61445	-1.9363	-0.99124
IL22RA1	1.7461	0.65301	0.44892
TMEM8A	-0.46163	3.0954	6.6478
RALB	2.809	0.93607	2.0509
ACTA2	-0.48811	-0.18501	0.60553
BCHE	-0.41142	0.68505	2.4713
RALGDS	-0.128	1.1126	0.5313
RAN	-0.098792	-0.51934	-0.09731
RANBP1	-0.33266	-1.003	0.08141
RANBP2	-0.026134	-0.14262	1.3245
RANGAP1	0.021103	1.8716	6.8962
RAP1A	0.57656	-0.058273	4.102
IL21	-1.7235	-0.56984	1.1105
RAP1B	1.03	0.29832	-0.11089
CARD18	-0.90946	0.11948	-0.18962
ENPP5	-0.84734	0.46046	1.5051
RAP1GAP	0.35494	1.2658	1.0646
RAP1GDS1	-0.18526	0.23056	0.093599
RAP2A	1.142	0.37238	-0.70225
RAP2B	0.51512	0.095727	2.3256
RAPSN	0.41394	2.8503	6.1094
RARA	0.15348	-0.25779	0.22605
RARB	1.5451	2.2527	2.0414
RARG	1.8273	1.2493	2.0654
RARS	0.34526	-0.39522	-1.6935
RARRES1	-0.45419	1.1237	0.79225
RARRES2	-1.3002	-1.0569	0.46386
RARRES3	-0.90921	-0.5463	0.5574
RASA1	-1.3563	-1.4764	0.50835
RASA2	1.4953	-0.085736	7.5514
RASGRF1	-0.97933	-1.3124	7.3028
RASGRF2	-1.34	-0.15247	2.2498
RB1	-0.60076	2.0241	0.50776
ARID4A	-1.4915	-0.23492	0.62854
HIVEP3	-1.0381	2.01	6.9223
KDM5A	-0.24839	-1.5049	3.1069
EVA1C	-1.7625	0.89564	1.1509
MESDC1	0.85174	2.1548	2.0771
NTN4	-1.1114	1.7226	5.9809
RBBP4	2.2315	0.74365	-0.61267
CACNG8	-0.12888	-0.14924	0.097163
CACNG7	0.24522	-0.3716	-1.3944
CACNG6	-0.31895	-0.55749	-0.49862
UBL5	-1.0155	-0.44885	0.73123
RBBP5	-1.3814	1.2153	2.232
BCKDHA	1.3532	-0.65343	3.2778
RBBP6	1.8829	0.57364	2.1627
SIGIRR	-0.1104	2.4788	0.26356
RBBP8	0.78525	0.43494	1.8665
RBL1	0.27881	-0.83573	1.3201
PRDM12	0.88732	1.1952	0.52434
PRDM13	1.2051	0.72581	5.4757
PLEKHA1	7.611	-0.21977	7.1388
PLEKHA2	-0.40925	1.9749	1.7873
RBL2	-0.43864	-1.2209	3.2753
HRH4	-0.64391	0.53427	1.0157
TRPV4	1.1018	1.7897	0.50371
SCPEP1	-0.18634	0.48959	-0.69806
SENP2	-0.64865	1.3322	0.4145
ALOXE3	1.1934	-0.80103	3.6278
GNB4	0.19988	0.15389	-0.28952
ZNF350	-0.81099	0.81725	1.1233
KLHL12	-1.472	1.5954	-0.35431
RXFP1	-0.20129	0.4617	1.4063
PBOV1	-0.75568	0.86028	2.0579
LGR6	-1.3864	2.6349	0.52344
RBM4	1.842	1.399	1.9691
RBMS1	-0.031348	0.93824	1.6304
RBMS2	0.67397	0.90564	3.075
BCKDHB	-1.1195	2.4036	0.46557
RBP1	1.1888	0.39814	3.2767
RBP2	0.53428	-0.2639	0.058028
CPLX3	3.6328	-0.23382	-0.43149
NPS	2.2899	-0.55452	1.6353
RBP3	1.5586	-0.68811	3.6795
CCND1	-0.82245	3.336	0.033157
RBP4	-0.16897	0.38811	1.3991
RCN1	-0.43802	0.85277	0.83147
RCN2	0.6701	1.4828	3.0027
RCVRN	0.58271	2.217	1.7453
RDH5	2.0242	-0.090805	7.5089
BCL2	-0.61658	0.94263	5.1127
PRPH2	0.23913	-0.42324	1.7335
RDX	1.6309	1.5288	1.303
RECQL	0.54377	0.75625	-0.54066
REL	0.52498	-1.499	-0.078516
REG1A	-1.6096	0.21749	1.2522
REG1B	-0.91017	-0.37688	1.2322
BCL2A1	-1.869	0.29844	0.93968
RELA	1.2166	0.87861	4.2131
RELB	1.7468	-0.88726	2.4482
REN	0.19296	-0.91662	1.869
UPF1	-0.15424	1.6254	1.7325
DPF2	0.5277	1.2117	3.532
REST	2.6789	1.351	0.36723
RET	1.0585	-0.65335	0.71557
BCL2L1	0.2515	2.1211	2.6406
REV3L	0.52894	-0.90435	1.9611
RFC1	-0.21806	-0.83931	0.71613
RFC2	1.0328	-0.65643	-0.39448
RFC3	1.101	0.91295	-0.24172
RFC4	0.35899	-0.37071	1.8078
RFC5	-0.041331	0.90319	1.1964
RFNG	1.138	0.97318	5.2033
TRIM27	1.343	1.1536	5.976
RFPL1	-1.0296	0.95524	3.7858
RFX1	-0.4918	0.44805	1.0313
BCL2L2	-0.04657	1.3096	2.6756
RFX2	-0.52145	0.052619	1.8501
RFX3	0.235	0.99134	1.2917
RFX4	0.85425	4.4631	2.8101
RFX5	-0.74818	0.31274	3.9283
RFXAP	-0.031268	-1.2354	-1.281
RGR	-0.49867	0.9549	6.1094
RGS1	-0.75339	-0.20874	0.69993
RGS2	0.95478	-0.24366	-0.45516
RGS3	2.7612	-0.77042	4.021
RGS4	-1.4718	0.041229	-0.49476
ACTB	1.537	1.5446	-0.7223
RGS7	-0.2804	-0.034112	-0.28112
RGS10	0.015573	0.342	2.1515
RGS12	-1.6657	0.92577	-0.19671
RGS13	-1.6021	0.2338	0.12237
RGS16	0.019468	0.41157	0.49294
RHAG	0.78015	2.422	1.0212
RHCE	-0.95166	-0.21947	2.2555
RHD	-1.3877	1.1499	1.7078
RHEB	0.76393	1.4892	2.0251
RHO	-1.8205	2.0733	3.7182
RLN1	0.22986	0.093842	-1.3334
RIT2	-0.34763	-0.71784	-0.70643
RING1	2.2789	0.019796	2.3827
RIT1	0.57532	2.5135	0.84715
RLBP1	4.7202	0.42508	1.3298
RLF	1.644	-0.70117	2.8268
RLN2	-0.078292	-0.72898	-1.7061
BCL3	3.3292	2.7289	0.070074
AFAP1	1.0959	8.6301	1.8521
GPBP1L1	-2.0783	1.2152	2.1482
C12orf10	0.85396	-0.03461	0.24322
RNASE1	-1.2673	-0.97694	0.78248
RNASE2	0.62872	-0.43735	-0.13561
RNASE3	1.5672	-0.33323	0.44005
AVPI1	0.83443	-1.2539	4.9663
RNASE4	-0.37649	0.68073	0.27932
TSKS	1.9637	-0.74581	0.29515
SLC25A19	0.18632	0.4539	2.0167
RNASE6	-1.2682	-0.26355	1.0487
BCL6	0.63009	1.7137	4.0958
RNASEL	0.087992	1.5413	1.857
EXOC4	-1.0997	-0.44807	1.8495
TGIF2	-1.5924	-0.25269	2.6757
CDH26	1.6101	0.4959	-1.0866
RNF2	-0.27227	-0.47684	-0.54831
BRD2	3.4862	1.7306	2.907
BACH2	-1.2226	1.85	3.0044
RNF4	-1.058	1.4215	0.32001
RNF5	7.6063	4.3659	4.0919
ELOVL5	0.37758	1.1122	0.22236
SLC5A7	-0.8092	0.42573	0.14381
HAPLN2	0.26412	1.5192	0.72564
SAV1	0.77455	1.0902	5.0961
TRMT11	0.81876	-1.9585	0.10907
MRPS35	-0.6717	-0.12937	0.57907
APOBEC3G	-0.4024	0.55083	0.75514
RNF6	-0.25027	1.6084	-0.35877
PPCDC	3.1172	-0.49332	1.0036
NIF3L1	4.3937	-0.0058316	2.5481
CCDC90B	-0.3681	0.86206	3.3185
FASTKD5	-0.36106	0.41286	2.5953
CCDC81	3.2747	-0.46502	3.2761
HPSE2	0.40111	0.38377	-0.76035
AASDHPPT	1.2037	0.47305	1.5824
BCL7A	0.12921	0.73123	2.158
RNH1	1.263	0.56559	0.25191
AGBL5	-0.27149	0.37362	2.8669
RNPEP	0.71884	-0.4113	1.1502
LDAH	0.059473	1.5858	1.2867
ELAC2	0.35231	1.534	-1.7628
ALX4	-1.3621	1.6499	2.1462
GUF1	0.042853	-0.9792	1.6151
SPCS3	-2.1406	0.042534	-0.080784
NAA35	-0.80037	0.80931	-0.26129
RINT1	2.2904	-0.054338	3.218
ABCE1	0.20324	-1.9129	3.694
SCOC	1.1328	0.31482	2.043
KCNK15	-1.3479	-0.13122	-0.25523
DHX35	0.32265	0.6091	1.2701
RIC8A	-2.1015	-0.80755	0.92986
CYB5RL	-0.93495	1.6573	1.6027
MIIP	1.8417	0.49401	-0.11981
ATG101	0.11169	-0.57139	-0.31796
PROK2	-0.46028	-1.4396	1.0223
PAPPA2	0.023599	0.052082	3.3262
CELF6	-0.24726	-0.5163	0.89971
EEFSEC	-0.62862	-0.51693	1.7847
CELF5	1.9568	0.012561	1.303
FKBP10	-0.64051	1.4833	2.8069
SMAP1	-0.13456	-0.40962	0.87987
TRAPPC11	-0.91228	0.3774	0.55046
ZFAND3	-1.1358	0.82185	1.7298
C14orf93	1.7132	0.1347	0.69488
BCL9	1.0265	1.2466	0.98242
TNFRSF17	0.63329	1.2344	1.5556
ROBO1	-0.13104	0.63321	1.0259
ROBO2	-0.484	-0.75315	1.9801
ROCK1	0.9308	-0.17393	0.80819
ROM1	-1.3807	1.6846	2.2195
RORA	0.75525	1.1082	3.5523
RORB	-0.74504	0.29114	6.6646
RORC	1.2844	-1.8599	2.8361
ROS1	-0.58226	0.0371	0.32617
HCN2	-0.059387	-0.45488	2.8385
RP9	0.80364	0.8679	-0.1942
RP1	-0.3796	-1.8954	1.4802
OPN1SW	0.17408	-0.37192	0.29543
RPA1	0.0032024	-1.6139	1.852
RPA2	-0.3637	0.50867	1.146
RPA3	-0.9041	0.14893	0.94564
RPE	-0.19667	-0.12543	0.97108
RPE65	2.1774	2.736	0.48212
RPL3	1.4412	-0.077643	1.3446
RPL3L	0.25687	1.2408	0.15618
RPL4	0.48384	-1.069	0.3994
RPL5	-1.6106	-1.4536	0.094675
RPL6	2.9434	0.73417	3.3226
RPL7	1.8957	1.5077	4.9935
BCR	-2.6544	0.22261	-0.66312
RPL7A	0.36027	0.2276	1.7221
RPL8	1.6081	-0.36796	3.1161
DEFB135	0.43833	0.54739	3.0429
DEFB136	0.76952	0.59971	3.0527
DEFB134	0.25424	0.16334	2.4803
CTXN3	1.0005	-0.13504	2.4416
HIGD1C	0.54745	0.21055	3.0672
RPL9	0.676	-0.57058	0.30558
RPL11	0.93457	-0.071838	-0.05214
RPL12	-0.24404	1.9605	0.077291
RPL13	-2.5379	-0.52559	0.61185
RPL15	-1.4284	-0.9282	1.4797
RPL17	2.3147	1.1879	3.727
RPL18	1.8645	-0.067778	0.72711
RPL18A	1.3628	0.24974	1.3655
RPL19	1.5901	0.62642	4.8624
RPL21	-1.7245	-1.3143	2.6852
RPL22	-2.6799	0.093364	-0.19238
RPL23A	1.1498	0.034864	1.4576
MRPL23	-0.42304	0.575	0.91796
RPL24	0.26333	1.0385	1.7092
RPL26	1.3709	0.88183	2.174
RPL27	-1.1767	0.63798	2.6975
RPL30	0.09472	-0.21996	-0.68522
RPL27A	-0.14266	-0.49355	2.1148
RPL28	0.29091	0.61659	0.63829
RPL29	1.5394	-0.26839	3.7269
RPL31	-0.5102	2.1482	0.73329
RPL32	1.5619	2.1934	0.27643
RPL34	0.36032	1.7084	1.4358
RPL35A	-0.27963	2.1686	-1.5611
RPL36AL	-0.19945	0.5801	0.04643
RPL37	-2.3611	0.90357	2.3458
RPL37A	0.18359	0.30139	-0.63632
RPL38	-1.0976	-0.59504	0.21253
BCS1L	0.70586	0.94106	2.8724
RPL41	-0.72078	1.6005	4.1138
RPLP0	-0.086028	1.7648	0.0031601
RPLP1	-0.096522	1.468	-0.63281
RPLP2	1.4225	1.7441	2.7168
MRPL12	2.3364	-0.055084	7.5865
MRPS12	-1.5579	-0.34349	2.2532
RPN1	-0.59769	-0.6392	0.17632
RPN2	-0.22674	-0.59558	1.6967
RPS2	0.28923	1.2437	0.47267
RPS3	0.14347	1.471	0.10797
RPS3A	0.20215	1.8214	0.69638
SERINC4	1.7714	2.1533	2.1879
FAM229B	0.34994	-0.17168	0.79304
ZNF704	0.22461	-0.021361	2.1577
RPS5	0.73912	1.257	3.6054
MBOAT4	0.6408	0.56511	0.25682
RPS6	0.62913	0.32428	0.77837
RPS6KA1	3.5188	0.51466	0.81931
RPS6KA2	0.31657	-0.47544	1.2692
RPS6KB1	1.8482	-0.23321	3.3243
RPS6KB2	1.6753	-0.37567	3.4083
RPS7	0.38571	0.22988	0.66168
RPS8	-1.2387	0.3989	-0.22087
RPS9	-1.6662	-0.67158	-0.18956
RPS10	1.738	-0.26097	2.3155
RPS11	0.14294	0.021045	1.0775
RPS12	-0.76082	-0.68702	-0.42559
RPS13	0.28392	1.43	1.4617
RPS14	-0.26691	1.0219	0.44346
RPS15	1.5443	0.73657	1.7214
RPS15A	1.2059	-1.1316	5.1551
RPS16	-1.0161	2.3262	0.4459
BDH1	-0.46836	0.99344	-0.50724
RPS18	2.1791	-1.4192	5.2915
RPS19	-1.9554	0.29265	0.39072
RPS20	1.9419	1.4732	4.6162
RPS21	-0.059102	1.5503	2.114
RPS23	-0.44571	1.5191	0.35772
RPS24	0.49396	0.39787	1.4117
BDKRB1	-1.8939	2.0798	-0.15144
RPS25	1.3788	-1.6667	0.78942
RPS26	-0.49402	0.017484	6.2107
RPS27	0.6951	0.12596	2.7335
RPS27A	-0.99648	0.3017	0.04808
RPS28	0.40221	1.4389	0.27975
RPS29	-0.0023306	1.0035	0.46948
RRAD	1.4947	-0.3348	1.2447
RRAS	1.396	-0.99578	0.4065
RRBP1	-0.31245	-1.1146	-0.047987
RREB1	0.19299	-0.3411	4.6002
BDKRB2	0.40171	2.0304	0.99817
RRM1	-0.0035283	-0.15163	1.6403
RRM2	-1.6024	0.35006	1.1882
RTKN	-0.32574	-0.20012	1.7277
RSC1A1	1.474	-1.0401	3.0666
CLIP1	-1.1288	0.7531	1.9967
RSU1	0.07663	0.10501	-1.3992
RTN1	1.4665	2.4514	2.1759
RTN2	1.7312	0.58317	-0.63312
RXRA	-0.23014	0.31111	-0.0033504
RXRB	2.4229	0.065609	1.0092
RXRG	1.2061	0.68854	1.0415
RYK	-0.59066	0.62222	1.5705
RYR1	0.67013	-0.01462	-0.01118
RYR2	-1.7418	-1.0531	2.8103
RYR3	-0.3817	0.98651	-0.93908
BDNF	1.2574	-0.052028	3.2676
S100A1	0.32148	-0.69004	1.3965
SORT1	-1.0841	-1.1742	3.579
S100A2	0.77987	0.95374	0.94636
S100A3	0.66904	1.2384	0.69132
S100A4	0.65159	1.2655	0.55345
S100A5	0.57074	1.2586	0.63092
S100A6	0.4983	1.3419	0.68942
S100A7	1.1188	-0.39825	1.8625
S100A8	0.11309	0.37785	1.05
S100A9	-0.30861	-0.255	1.7109
S100A10	-0.20987	-0.6323	2.6643
S100A11	-1.6642	-0.32919	1.4785
S100A12	-1.8634	-0.016278	1.3653
S100A13	0.1886	-0.86334	1.389
S100B	0.029135	0.79914	1.5699
S100P	-0.38566	-1.0953	1.5931
SAA1	0.6852	1.1879	0.16871
SAA2	0.95977	0.34103	0.42978
CFB	6.1094	1.6317	2.0007
SAA4	0.71923	0.088973	0.30878
VPS52	2.1321	-0.85721	5.0872
SAFB	-0.56713	-0.59706	0.51821
SAG	-0.11501	-0.43358	1.2744
ACSM3	0.47562	-0.42415	1.7745
SALL2	2.109	0.55817	-0.21856
SALL1	-0.28224	1.7658	0.7123
MAPK12	-1.205	-0.33449	2.8581
SARS	0.16041	-0.82645	0.68099
TSPAN31	-1.1909	-0.57251	2.404
SLC22A23	0.386	-1.5339	3.9182
CELA2A	0.98378	0.032072	1.383
SATB1	-1.7698	0.0079742	1.286
SBF1	-0.57295	0.76861	1.4005
MSMO1	-0.67614	0.22138	1.1041
SC5D	0.93229	0.52028	1.7645
BFSP1	-0.36751	0.59198	1.2261
ATXN1	0.33535	0.38487	4.1656
ATXN2	2.9915	0.60246	0.6942
ATXN7	0.031171	0.749	3.8444
SERPINB3	0.09874	0.95348	0.25386
SERPINB4	0.46216	0.9285	-0.049855
SCD	-0.5868	1.4763	4.1952
BGLAP	0.71134	0.63026	0.69812
CLEC11A	0.17253	0.019929	0.13855
SCN1A	-1.2384	1.414	-0.063963
SCN1B	0.25236	1.2716	-1.803
SCN2A	-1.412	-1.0458	4.4767
SCN2B	-1.947	-0.57065	1.4202
SCN3A	-1.1106	-1.3703	3.1916
SCN4A	-0.89556	-0.1182	3.4173
SCN4B	-0.4954	-0.5081	0.67606
SCN5A	0.9815	-0.15309	1.9873
SCN7A	-0.64539	0.57244	-0.86039
SCN8A	0.2196	-0.23339	-0.094653
SCN9A	-0.73093	-0.91759	0.062053
SCN10A	2.2917	-0.56934	-0.36127
SCNN1A	0.95731	-0.068476	-1.357
SCNN1B	-1.1866	0.11113	0.47785
SCNN1D	0.17552	2.491	3.7987
CEACAM1	-1.2036	1.5244	-1.3275
SCNN1G	-1.3506	1.6807	-1.6244
SCO1	-0.7996	-0.55973	1.0376
SCP2	-0.36383	-0.96488	1.7863
SCT	0.84817	0.061614	2.3844
SCTR	-1.5197	3.7507	1.2562
SRL	-2.3225	0.029139	-0.014919
CCL1	0.34869	0.26094	0.54733
CCL2	-1.2572	0.906	-0.23296
CCL3	-1.6748	0.51714	-0.58877
BHMT	-0.98874	0.056296	2.2497
CCL4	-1.5144	0.59618	-0.72673
CCL5	-1.0088	-1.501	0.11527
CCL7	-1.0636	0.94307	-0.41312
CCL8	-1.1314	0.99675	-1.1046
CCL11	-1.262	1.3226	-0.49244
CCL13	0.29434	0.4198	0.48026
CCL14	-0.95016	-1.0271	0.02508
CCL15	-0.67388	-0.38609	0.0019561
BICD1	0.50792	0.94213	-0.35469
CCL16	-1.0631	-1.1021	-0.24347
CCL17	-2.5031	0.5101	-2.3029
CCL18	-0.34054	0.37593	-0.69719
CCL19	-0.85967	0.23348	0.18386
CCL20	-2.3638	1.2277	-0.3307
CCL21	0.10529	0.38834	-0.031319
CCL22	-2.9151	0.96326	-2.491
CCL23	-0.63878	-0.19569	-1.7999
CCL24	-1.7224	3.3724	-1.2432
BID	-0.98612	1.2301	1.2308
CCL25	0.49659	-0.16129	0.070714
CXCL6	-1.1053	0.24227	2.0175
CXCL11	-1.3513	0.55457	-0.18869
CXCL5	-1.7144	0.76206	1.4303
XCL1	-1.3752	0.49024	1.0244
CX3CL1	-2.5839	0.5365	-2.7555
BIK	-3.5457	1.2738	0.91424
SDC1	-0.83624	0.06809	2.2089
SRR	2.7569	3.0091	1.6241
BCAN	0.36021	0.3428	1.885
SDC2	0.050829	0.77649	2.4823
SDC4	-2.0095	-1.555	1.2644
SDCBP	1.0293	0.32141	1.5251
CXCL12	0.76427	-0.36531	-0.12224
ABHD4	-0.83588	0.405	0.54776
MRPL17	0.096131	1.3752	2.3408
PKNOX2	-0.73714	2.2435	0.49091
FAM204A	0.50273	-1.2478	1.0272
SDF2	1.2892	-0.74282	1.6616
SDHA	0.73433	-0.98931	2.7852
RNF123	0.75869	0.22847	4.7999
THADA	2.305	0.73829	3.0071
UBE2O	-0.085374	-1.6104	2.0593
VIPAS39	1.3712	0.58374	1.6077
PIEZO2	0.050614	-0.27794	2.1355
HEATR6	0.82679	0.78011	0.39402
SH2D4A	-0.77822	0.67009	1.0155
NSUN3	-0.15971	0.080914	1.7485
PRDM1	-0.33843	-0.25313	0.47873
SDHB	-0.34539	0.49442	1.646
FAM111A	-1.5127	0.12131	-0.46742
MANBAL	0.30372	-0.81398	1.2469
GPATCH3	1.0443	1.0156	1.9217
NAPB	0.036718	0.52528	2.3479
SDHC	1.0455	-0.56576	-0.24858
SLC17A9	0.55434	-1.0687	1.3119
BLOC1S5	-0.53731	-0.042495	2.1262
ELMO2	0.17244	0.13999	-3.095
GALNT11	-0.41837	2.2879	-0.091
SDHD	-1.4605	0.072485	2.9398
ZBED8	2.1555	-0.26039	-2.6405
CHTF18	-0.087507	0.30416	-1.8721
TNN	-1.3028	1.6457	1.8025
CIDEC	1.5641	0.5974	-1.9194
ZNF335	4.9065	0.55748	-0.069809
ANKEF1	0.20491	1.1022	0.945
CHP2	0.50947	1.0113	3.1952
XPNPEP3	-0.90446	2.1592	3.1622
MRPS14	-2.0292	-0.17965	0.9748
MCUR1	1.5731	-0.56079	-0.026383
ZNF667	-0.88405	0.44399	0.19259
PCIF1	3.7328	0.68499	0.50198
FAM217B	0.019818	0.45494	-2.4384
GPSM3	7.6359	3.9325	3.8142
NECAB3	0.50704	0.90943	0.53768
FKBPL	6.1094	3.475	4.501
DMRTC2	-1.3894	-0.10661	0.57751
DMRTB1	-0.91067	1.4423	2.0495
DMRTA2	1.0478	0.27545	0.18493
DMRTA1	1.4523	0.089636	2.658
SEC13	-0.057618	-0.01362	2.1868
CLSPN	1.1412	3.1174	-0.24222
SEC14L1	-1.736	1.0724	-1.5673
TP53AIP1	2.0585	0.27869	6.7703
KIF13A	-0.41872	0.3166	2.0922
NEUROG2	1.3087	0.30781	-0.063824
NEUROD6	-1.7701	1.246	-1.248
PRDM16	-0.28961	3.3959	2.2083
PRDM15	-0.76438	1.4837	0.8569
PRDM14	-0.34507	-2.1454	2.6857
FIGNL1	1.2072	0.10232	0.51378
SECTM1	-0.35853	0.065206	2.0834
ANO3	0.016678	-0.16815	0.056775
BLK	-0.014489	0.54575	5.0656
SEL1L	-0.017064	0.63007	1.5148
MYO1G	-1.1235	0.07153	-0.012297
SELE	-1.2299	1.7681	0.49235
SELL	-1.3262	1.8471	0.33828
SELP	-0.81083	-0.43346	-0.9271
SELPLG	-1.3232	0.49868	1.9783
SEMA3F	0.83676	3.2185	1.6676
SEMG1	-0.63283	-0.16403	2.2116
RBM26	-1.7635	0.55546	3.2199
PRSS22	0.83129	0.6134	0.12111
OXCT2	0.1961	-0.027825	1.7526
PERP	0.17104	1.0661	-0.80855
MMP27	-0.38094	0.59024	-0.045824
NPAS3	0.62236	0.17994	1.0757
SEMG2	-0.46591	-0.19642	2.0779
CDH23	-0.81207	1.5894	1.3549
C19orf33	1.2836	0.66786	1.0558
LHPP	1.1899	1.9325	0.13283
SLC28A3	-1.0635	-0.30941	0.2051
RBKS	1.6225	-0.39119	1.0654
PBLD	-0.39329	0.053471	2.1295
GOLPH3	0.39978	0.22019	-1.0696
CLSTN2	-0.61766	2.6262	2.296
MCCC2	-2.7829	-1.2487	1.1514
SNX16	1.4606	-0.85785	-1.4323
GAL3ST2	-0.17398	3.1735	1.2861
POPDC2	-0.29334	0.95525	-0.50708
SAMSN1	0.077658	-0.896	2.5852
SMOC1	3.2921	1.472	4.7181
SMOC2	0.11321	1.4316	1.1137
GFRA4	-0.12596	-1.2622	1.2772
EPB41L4A	2.276	-1.3487	3.8667
PARVG	1.8286	-0.33521	-0.36476
BLM	-0.50661	-0.31888	0.29232
ELSPBP1	-0.65135	-2.0457	6.8255
LRRC4	-2.6349	0.71759	3.1153
CENPK	-1.7978	-0.23157	1.579
NPFFR1	-0.048575	0.97441	0.039228
RTP4	0.73635	0.012909	-0.56749
MAGEF1	0.96856	-0.13789	0.022475
NPVF	1.0821	-1.1147	1.1799
MOAP1	1.1738	-1.489	0.24096
TMBIM1	-0.070092	-0.29732	3.9082
C10orf54	-0.2514	2.4918	1.19
SLC39A8	2.2688	0.20385	4.643
DUS1L	0.752	1.6545	6.6554
RRAGC	2.6343	-0.34955	1.3067
FN3K	-0.82353	-0.44931	1.7996
ADGRL4	1.8041	0.9549	1.7904
NOD2	-1.4241	0.15601	1.0068
TINAGL1	-0.57076	1.2072	1.4864
LIN7B	1.3335	0.88753	0.30278
XYLT1	0.20578	1.3718	1.5198
XYLT2	-0.64873	1.8051	1.1306
IFIH1	-0.7609	-0.5467	0.53394
ABCG4	-0.54667	-0.88122	1.1764
ACOT1	0.55046	0.2663	3.9548
ACOT6	0.32894	1.0302	2.3752
SEPP1	1.3756	0.55119	1.159
RBSN	0.50755	-0.17402	1.3786
PDF	1.2441	-0.94319	0.91468
KIF9	0.51383	0.17522	3.9745
C17orf75	-1.026	2.0604	0.90743
SEPW1	-0.1259	1.2225	1.9458
NCAPG	2.3	-1.3018	0.92486
MAP2K4	0.37373	-0.052507	-0.76011
TMEM91	2.1779	-0.75175	3.2394
HEPN1	-0.070938	-0.27741	1.6156
ERAP2	0.88665	-0.71945	0.58255
NECAB1	-0.82571	0.33692	1.573
CARD9	0.91749	0.25899	0.93235
OSGEPL1	-0.51561	0.87002	2.8521
DPEP2	-0.28821	-1.7365	7.4159
P3H1	-0.99332	1.0117	1.9705
SET	-0.13064	0.61792	1.7476
DPEP3	-0.47847	-1.9856	7.1609
EDDM3B	-0.66866	0.11465	1.0394
SETMAR	0.41545	0.69455	4.1771
BLMH	-0.13957	1.3476	2.0666
IRF2BPL	-2.8349	0.1892	3.3762
POPDC3	-1.2792	0.68008	0.074059
SFPQ	0.41553	1.2617	1.2709
MMS19	-0.32732	1.0502	1.9327
LHX5	-0.82532	0.066745	2.7204
DNAJC1	-1.363	1.3535	1.0904
TFB2M	-0.42173	0.73938	0.056698
SEMA4A	-1.6312	-0.76922	1.9078
SFRP1	0.31435	-0.39593	0.33574
STRA6	1.0773	1.5019	0.88919
ROBO3	-1.6552	-1.125	0.59456
TOR3A	-0.46864	0.12026	1.7391
MLST8	2.8323	0.45243	1.1771
HERPUD2	-1.3654	1.5139	1.6677
ATL2	0.42801	-0.41295	1.6523
FAM110C	-0.78359	0.42845	4.5401
SFRP2	-0.53239	0.50881	-0.8899
MS4A6A	-1.3317	-1.0388	2.8299
MS4A5	1.391	-0.99074	0.39797
PDLIM2	1.7996	-0.34364	6.0387
SFRP4	-1.1326	0.57894	-1.5443
ABCG5	1.114	-1.8422	0.10022
ABCG8	0.90649	-1.2177	1.9664
MROH6	0.85935	1.6616	2.4368
SFRP5	0.68729	-0.98375	1.8053
MIR205HG	0.46979	-1.035	0.65481
C18orf42	-0.97814	-1.0427	1.219
SRSF1	-1.075	1.0452	1.8522
TRIM49C	2.3636	-1.2612	-0.65726
UBTFL1	-1.2271	-0.32118	2.1081
RAD21L1	-0.051065	-0.6043	2.0734
SCX	0.38449	0.50116	1.0891
SRSF2	1.7659	1.7633	3.9085
NPIPA3	-2.0431	0.97499	-0.04144
NPIPA2	-1.2341	0.78571	0.35109
SRSF3	1.5009	4.8538	1.6191
PAPD5	1.5865	0.41	3.1025
ARHGEF28	1.745	-0.78741	0.85419
RAB17	-0.68905	-1.4478	1.5579
CPSF4L	1.1577	0.65909	3.0153
RHBDF1	-2.1697	0.08756	2.5668
ZSCAN31	1.9904	-0.77255	7.3214
SRSF4	2.1395	-0.19574	4.8785
FAM196A	0.88883	-1.4464	2.1143
FAM163B	2.1307	1.4463	1.9521
TMEM232	0.5592	0.075336	-0.95329
CXCR5	0.8255	0.53184	5.8623
SRSF5	0.076318	0.49594	-0.30976
SMIM5	-1.6206	-0.0044606	0.83729
C11orf97	0.41449	-0.69826	-0.16363
SRSF6	-1.4118	0.087777	0.27933
SMIM15	0.46161	2.045	0.79588
FAM25A	1.0445	1.6511	0.57525
NOC3L	2.1695	1.0608	0.29073
FBRS	0.23894	0.49248	1.8736
SRSF7	0.082558	0.38717	1.2914
RNF25	0.79985	0.92854	2.8976
SOX17	-0.86713	1.6048	1.4149
GRXCR2	-0.72298	-1.0692	-0.65673
TMEM72	1.4234	-0.45158	5.6744
NSD1	1.2615	0.57478	1.6315
MAP1LC3B2	-1.0904	-0.26078	0.6232
RFWD2	-0.57913	-0.40783	2.3382
LMBR1	-2.0569	-0.031307	1.2959
XPO4	-0.41845	-1.5627	4.3982
SFSWAP	0.091576	0.66998	0.88449
KIAA0754	-0.58365	0.39221	2.1969
NFKBIZ	0.72594	0.60807	1.1546
ARHGAP9	-0.34361	1.0605	2.2324
C15orf62	0.67792	-0.21486	3.5998
LOC643355	0.82378	0.21423	-0.37545
LINC00452	0.73918	1.35	0.26136
BTBD18	0.56076	1.9334	0.9195
TMEM253	0.20442	2.2867	0.34287
SPINK9	-0.45237	-1.5837	-1.3267
TRA2B	0.72341	0.31691	0.47674
LIPK	-0.34146	0.50718	-0.50789
LIPN	-1.3188	0.56645	-1.2694
HS1BP3	0.42982	-0.58693	3.9595
AZI2	0.84797	1.6588	2.4095
HIF3A	-0.026333	0.5427	-0.66326
NXN	-0.43385	0.31578	-0.21447
ZNF862	-0.68902	-1.9804	1.7197
SLC35G6	0.69119	-1.2514	6.3892
CCER2	-1.0071	-0.15832	2.1511
CCDC168	-0.14171	2.3171	-0.51497
MS4A4E	-0.42191	-1.2249	2.7493
GOLGA8N	-1.3606	-0.48072	-0.29383
GOLGA6L4	-0.2679	-0.49275	1.0437
SIL1	-0.88493	0.11005	1.283
IKZF4	-0.25182	-0.0021752	6.4895
IKZF5	3.1981	-1.2149	4.294
CHST8	-0.89825	0.54745	2.3154
LOC643802	1.3137	-0.73333	2.6051
KRTAP24-1	-0.58134	0.41515	-0.90461
KRTAP27-1	-0.22671	0.35317	-0.42222
PGA3	-2.7658	0.29219	1.2977
ZFP62	0.13501	0.23939	1.8915
PGA4	-2.4746	1.2334	2.0537
TMPPE	0.33779	-0.067345	3.658
CTAGE9	-0.1444	2.4004	1.3883
MMP25	-1.1197	-1.087	1.9556
CBLN3	0.12213	-0.41906	0.97748
GREM2	-0.26385	2.0117	0.20699
SFTPB	0.10289	1.1873	2.1184
RNF222	0.99582	0.93856	2.0419
PRR21	-0.55278	-1.5416	-2.0521
ZMAT3	-0.13216	0.37777	5.994
GMCL1	-1.4722	1.6476	0.39133
TMEM88B	1.0383	2.3024	1.2942
ZNF106	0.43165	0.95039	0.93916
MPP5	-0.86874	0.41691	2.2821
C1orf233	-2.4199	1.0698	2.919
HHIP	0.33133	-0.57318	2.8323
BLVRA	0.047443	0.91843	1.5131
SFTPC	1.4175	2.2264	1.7586
AKTIP	-0.72032	-0.45688	3.3764
CDH24	1.2042	0.08434	2.5114
C18orf63	0.44417	-0.13254	0.22151
CDH22	-0.58099	-0.61051	-0.44264
RGS18	0.097849	-1.0804	0.62054
WBSCR17	-0.51396	0.049776	-0.12794
SDHAF1	0.42804	0.20812	0.11026
SFTPD	0.52533	0.70109	-1.1356
KLHL25	-0.70638	-0.4129	1.3106
ARL14EPL	0.70012	1.3234	0.12894
ARAP3	0.92767	0.035088	6.0815
GZF1	-0.28672	0.44137	2.2203
PIRT	-0.20584	-1.794	-0.46652
WIPF3	-0.56081	-0.083695	-0.068521
DRGX	-0.11359	0.049322	2.4677
C5orf28	-0.34589	-0.43345	0.64402
TMEM168	0.71645	-0.059633	1.713
SYCE3	0.77888	-0.027829	0.53381
MTMR14	-1.2082	-1.281	1.7975
SGCA	-0.98239	0.9761	0.5401
SUSD1	3.8065	0.6227	1.5411
DCLRE1C	0.58086	1.2476	0.3369
ATG3	0.7265	0.55637	1.3602
INF2	-1.2481	-0.85955	0.87837
POLR1E	0.85883	0.59287	0.86679
SUDS3	0.14476	-0.15081	-0.041074
TTC31	-0.56435	-0.23593	2.259
LOC644277	1.3151	-0.66176	1.9855
NARFL	1.9421	-0.58689	-0.20093
ZDHHC6	2.3333	-1.3762	2.554
SGCB	0.28635	0.65657	0.14906
PCNXL4	0.37405	3.5791	1.1435
ACTR6	-0.033273	-0.50939	-0.23466
MRPS25	0.17999	-0.31114	0.80076
NOM1	-1.7768	0.012115	1.2547
SGCD	-0.02074	-0.17503	0.61773
DEFB131	-0.10666	-0.66129	1.1311
DNAI2	-0.92646	1.109	-0.21353
SGCG	-1.1689	-0.57502	-0.063715
NKX2-4	0.22304	0.085684	1.6269
SGK1	-0.64482	-1.1998	1.2515
CLDN25	1.6876	0.05482	0.84067
SCG5	0.034317	-0.27385	1.1511
CSMD1	-0.9125	1.083	4.2001
SGSH	-0.00033609	0.73193	-0.64118
C15orf56	0.17711	-1.6473	-1.5941
FAM83G	-0.69259	2.4319	0.83803
PHGR1	0.52321	0.95333	0.6486
MEIG1	-0.23113	1.4728	-0.28372
SGTA	0.31596	0.19223	1.3091
RASSF10	-0.69906	0.89503	1.2738
ALG1L2	0.11794	0.48423	0.005344
TPSB2	-1.6329	-0.42736	0.4459
SMIM23	-0.056961	0.50432	-0.3904
BLVRB	0.25076	0.22774	2.7209
SH3BGR	2.3338	-1.3483	1.5016
EVPLL	0.7489	0.21798	1.6002
CPEB1	-0.0031215	1.6861	2.9126
CLRN2	-0.40271	0.077907	1.6301
CCNI2	-1.362	-0.67867	2.398
LOC645177	0.51074	0.46588	0.87947
TEKT3	0.15615	-1.4026	-0.53733
LINGO3	-0.76701	-0.50866	1.9467
SH3BP2	-0.73329	-1.3741	-1.4045
ITSN1	-1.0242	0.13374	1.775
PRAMEF26	-0.71787	-1.0133	-0.33606
TMEM200C	-0.60397	0.73424	1.3546
PRAMEF20	-1.9644	0.94896	1.2893
TMEM191C	-0.095694	-0.28401	1.738
ARRDC5	-1.8037	0.42078	0.78526
SH3GL1	0.56718	-0.72126	-0.066459
SH3GL2	1.5266	-0.17891	-0.64527
SH3GL3	-1.2367	0.86674	0.21134
MT1HL1	-1.6164	-0.18025	-0.67311
ALDH8A1	-0.62034	0.56781	2.4228
NDST4	0.13661	0.4669	0.0044694
CLEC7A	-0.73164	-0.24608	0.77641
CCDC154	-0.016339	-0.15523	3.0968
GPR135	0.73267	1.8858	0.96392
SEBOX	4.5357	-0.13414	2.5807
TXNRD3NB	-0.45291	0.71308	1.7754
TMEM14E	0.21817	-0.0073115	2.0221
S100A7L2	0.73408	0.26841	1.6881
SPATA31C2	1.423	0.50944	0.80971
MOSPD3	2.2312	2.6293	4.139
GIGYF1	2.4144	1.6461	4.3528
BNC1	-1.0475	-0.91287	0.13703
PLA2G2F	0.98729	-1.6593	1.5401
SLC35G4	-0.061493	1.5587	-1.1217
VPS16	-1.2644	0.053717	-0.50866
CBY3	-1.5934	0.087338	1.746
SHB	-0.96792	2.5103	2.5963
C16orf90	-1.2653	1.6889	1.4734
SHBG	0.70686	1.8233	7.0445
LACTBL1	0.73198	0.50032	4.3634
SHC1	0.14894	1.1331	2.5828
EBF2	-1.0911	-0.62297	2.347
SPINK8	2.0547	1.7431	-0.05325
HIAT1	-0.10084	1.265	0.86592
ARIH2OS	2.771	2.6004	2.0223
C19orf67	1.1064	-1.28	1.9305
FABP9	-1.1979	1.3133	1.4619
FABP12	-0.28458	1.4406	0.6897
C3orf84	2.3283	2.1467	1.5382
CSRNP1	-0.1467	0.04877	-0.45186
LOC646588	-1.359	-0.41731	-0.60781
C4orf51	-3.7882	1.3691	1.1947
URAD	0.18589	-0.90132	0.35094
LYPD8	0.92492	-0.64879	-0.6182
SBK2	-1.0781	0.15904	0.79334
SYNDIG1L	0.21414	4.1101	3.8614
LOC646670	0.27374	-0.34865	-0.065963
LOC646730	1.299	-0.77563	1.5215
TRIM64C	-0.090671	0.5542	3.2277
ZAR1L	-1.8249	-0.2109	1.1362
FBXW4	0.22597	1.2789	4.5144
SETSIP	0.063533	0.30756	1.1308
ANAPC1	0.96015	0.95056	2.3324
FAM227A	1.3845	3.986	1.6939
RNF225	0.80085	1.2857	3.6237
GORASP1	-0.64699	-0.088587	-1.1994
SH2D7	1.6999	0.48824	0.35557
SHH	0.95036	-0.66858	0.91028
ZNF806	0.46349	0.9842	1.3521
CTAGE1	0.21108	0.12157	-1.8225
PRSS56	3.1461	0.046654	6.1094
HRCT1	-1.9587	1.0461	0.44737
TMPRSS3	-1.6786	-1.5396	0.21225
SHMT1	1.3233	-0.012083	1.7301
C6orf132	-2.388	0.88699	1.3375
GOLGA6L10	-0.83115	0.331	-0.13072
COPS7B	-0.49541	-0.38333	2.1097
C7orf73	-2.2486	-1.0215	0.90614
NUCKS1	1.1372	1.0096	1.5911
HS3ST6	0.35501	0.3093	-0.59434
PDIA2	-2.2289	1.9055	4.0924
SERPINE3	0.42966	-0.051652	4.2421
UNKL	0.1871	-0.029481	4.969
SHMT2	-0.79591	0.12725	2.4162
ASCL5	0.063662	-0.42309	0.6983
RD3L	0.467	0.41534	2.4499
GMNC	-0.52406	-0.33346	2.6677
TEX22	0.2357	0.1981	0.75271
SHOX2	-0.44331	0.38511	1.0677
SMAP2	-1.7705	-0.66634	1.6751
METTL17	0.034529	-0.87908	-0.99873
ACBD3	0.26434	-0.70224	1.3388
MFSD1	0.38727	2.178	1.315
LPPR2	-0.85876	0.36093	-0.17798
SMURF2	1.0279	-1.537	1.7215
CCDC136	0.39779	-0.22458	-0.70237
SMYD3	1.155	1.1929	1.3314
C16orf58	-1.3416	-0.11762	-1.4247
ATPAF1	-0.55059	0.31786	0.33185
MARC1	0.43672	1.2046	2.332
ANHX	-0.86443	-0.55086	3.3686
TNS3	0.45303	1.5758	1.7993
SI	0.93471	-0.63185	0.98475
FAM160B2	2.3255	1.923	1.5299
PARP12	3.9457	-1.3772	0.95752
GAREM	2.1156	0.13814	-1.155
ZNF574	-0.37598	0.7418	2.5282
CREB3L2	0.35712	0.028442	3.0932
S100PBP	1.2771	1.6343	0.16139
IPPK	0.80744	1.8513	0.61419
MEAF6	-0.65025	5.5472	0.9666
SIAH1	0.9342	1.1402	0.29145
CCDC14	0.26416	0.11109	0.66335
C6orf106	0.91827	0.071769	2.2255
ENGASE	-0.13315	-0.60277	1.4219
PCED1A	-1.1274	0.342	-0.29546
C11orf1	1.106	-0.78915	0.83176
RMND5B	1.4958	0.11052	1.9996
FNDC3B	0.16404	4.7155	7.8293
MTHFSD	0.74448	1.6821	1.2215
SIAH2	1.1899	-0.4343	1.0508
MICAL1	2.3903	-0.64801	1.2626
CERK	-0.07041	1.0202	1.1323
AEN	-1.3948	-0.75848	4.481
RBM15	1.6427	-0.57078	1.5294
CRTC3	1.8799	1.5052	2.318
GINS3	-0.9327	-0.94694	-2.8349
TBC1D15	-1.5121	-0.58414	0.6025
EPS8L2	-0.48383	0.55284	1.881
LMF1	-0.52127	0.35352	2.3822
EXO5	0.024932	-1.6609	2.6095
IFT22	-1.5517	0.30061	0.64012
CEP85	1.302	0.3893	1.1291
DDX31	0.17747	1.1706	2.4785
RMND5A	-2.5257	-1.0422	-1.19
DEPTOR	1.9795	0.97487	1.0245
IQCH	2.4046	0.3216	2.5555
BMI1	-1.2285	0.13692	1.0089
ST6GAL1	-1.6177	1.1517	1.6095
EFCAB6	0.62961	1.0683	1.9861
ARV1	0.74945	1.0099	0.32307
NMNAT1	-0.071481	1.0843	1.1515
LOC648044	-0.5426	2.39	1.4524
P2RY12	0.18262	1.7973	1.1123
IL25	-0.97034	2.0623	0.75904
CYP3A43	2.1152	0.78929	1.819
ST3GAL1	-1.2064	-0.82365	-1.0028
ST3GAL2	-0.77741	-0.40654	3.7166
ELOVL1	1.273	-0.18616	3.628
KLC2	0.65619	2.3368	2.6093
FNDC4	1.4501	-0.70242	2.7388
FBXL17	-1.8374	-1.3077	1.0934
ST3GAL4	-2.2815	0.30578	4.1272
GNPNAT1	0.3859	1.6834	2.8317
ISL2	0.58237	2.6689	1.5374
MARCH7	-0.79284	1.6603	2.0364
SPATA20	-2.46	0.76107	1.989
YTHDC2	1.4594	1.137	1.2784
SLC13A3	-0.033644	0.39178	-0.15119
ETNPPL	0.81146	0.20397	1.2985
TUT1	-0.89645	1.6309	1.6901
AIDA	0.098198	2.6698	-0.91587
USP46	-0.79273	1.9515	0.34679
FAM129B	-0.4995	1.1662	1.9817
VWA1	1.2697	2.0016	1.0968
PLEKHG2	-0.70286	1.993	0.65902
DCLRE1B	1.0246	0.70347	0.72931
NABP1	-0.3846	0.96304	2.4075
METTL4	-1.8721	-0.39213	0.46493
RFX7	0.86521	-0.75928	1.7263
CDCP1	2.0582	0.69899	0.71949
ST3GAL3	-0.20423	1.0628	4.6304
PPP1R3G	-2.2766	0.65486	-0.81173
PCDH20	0.01936	-0.49152	0.37181
ST8SIA1	1.9383	-1.4658	6.8596
PAPOLG	1.6381	-1.4647	1.654
C12orf43	3.1223	1.1168	2.9726
BMP1	-0.10097	1.5008	1.5662
PMEL	1.0599	-0.015512	7.7422
LPIN3	0.81361	1.6261	2.3016
RANBP17	0.99584	1.764	1.3869
AGXT2	-1.106	-0.34325	0.79499
STIL	0.037849	1.4088	1.1662
BCL11B	-0.94755	0.14159	3.0535
SIM1	-0.36767	1.9245	3.2989
CASD1	-1.392	1.1384	0.71637
LRRC19	0.67225	1.125	0.39416
SLC30A5	0.40459	-0.085587	0.49757
CCDC71	2.407	2.1877	1.3717
RASAL3	-1.0797	0.38581	0.42297
TTC23	-0.70388	-0.64049	-0.045297
MRPL14	0.95213	1.1621	4.1142
SIM2	-0.6236	-0.4302	-0.81461
SIPA1	0.86963	1.0351	4.3975
NT5DC2	-0.30536	2.9424	2.4406
CENPH	1.2338	-0.12068	0.46146
MRPS26	-1.3142	0.17064	-0.52152
SIX1	2.0155	6.4056	5.0987
MRPS24	1.0144	1.567	1.5087
SIX3	-0.51036	0.88734	7.7451
MRPS15	0.010524	-0.019409	2.1626
MRPS11	0.80008	-0.62528	3.9731
MRPS9	0.49908	0.60887	-1.1949
MRPS6	-0.33136	-0.17745	1.585
MRPS5	0.63967	1.0991	2.5113
SKI	0.2805	0.0082944	1.5147
MRPL40	-0.29744	-2.1151	-0.58664
MRPL38	0.74391	-1.4254	0.5519
MRPL36	-0.42844	-0.73109	0.55717
SKIL	-1.8436	2.3037	-0.94142
MRPL34	2.1253	1.2197	3.8219
MRPL32	-0.61245	-0.58596	4.5308
SKIV2L	7.2784	1.4662	1.9399
BMP2	-1.7061	1.3646	6.5392
SKP1	-0.011624	1.0871	0.83003
MRPL11	1.7081	2.417	2.6418
MRPL9	0.97013	-0.8797	2.9778
MRPL1	-0.17888	-0.57259	0.42407
NDRG4	-0.92527	-1.7425	-0.31396
SLC26A6	1.057	0.94802	1.9183
SLC26A10	-1.5652	0.023313	3.284
PINK1	-0.030398	0.8585	-0.98658
SKP2	0.61824	1.0808	1.1772
SLA	0.056639	0.28333	-0.3819
SLAMF1	0.078844	-0.082424	0.10861
SLC1A1	-1.2222	0.24641	1.425
REEP1	0.36632	-0.019215	1.2412
GPBP1	1.2114	-0.14927	0.98021
ACD	-0.77241	-1.0904	7.2681
RAPH1	-1.1445	0.8074	1.3366
SLC1A2	-0.62031	0.13394	2.1161
CDK15	-1.2107	-1.4264	-0.63899
TMEM237	1.7777	1.2152	-1.0052
NBEAL1	-2.5367	0.0445	2.0364
SLC1A3	-0.89325	-0.38448	1.1088
RTN4R	0.62075	-0.43399	-0.23273
SLC4A3	0.493	1.3873	0.50001
MRPL44	0.92684	0.83065	0.24154
VPS33A	-0.81015	0.69554	0.53613
NOL6	-2.0993	-1.2432	1.5287
TMEM135	-0.35632	1.4641	-0.53136
SLC1A4	-1.2372	0.51571	1.9155
JMJD4	-0.58341	2.1861	1.8603
KRI1	-1.2057	-0.71822	0.015422
BMP3	-0.61311	2.5297	7.7451
SLC1A5	2.457	1.1235	-0.55961
MARCKSL1	0.44597	-0.1556	-1.5791
SLC1A6	1.2564	-1.4118	1.6704
UPF3A	-0.82928	-0.44849	0.93667
RSRC2	-0.71611	0.56925	3.1897
SLC1A7	1.0266	-0.085258	2.0681
PRAMEF1	-0.94441	0.81831	0.43966
PRAMEF2	0.0088729	0.78172	-0.30114
INTS3	1.7416	-0.020949	2.2715
SOWAHC	0.68617	-0.52012	1.2289
WNK1	1.9735	0.89329	-0.60293
SLC2A1	-0.89689	0.71107	1.0242
SLC2A2	-0.67651	1.3411	2.2651
SLC2A4	0.23185	-0.66072	3.9931
ANKRD33B	-1.9562	-0.73075	1.0183
SLC2A5	0.38983	-0.64905	1.3347
SLC3A1	0.01217	-0.77871	4.472
BMP4	0.74131	3.0216	6.1094
SLC3A2	0.77644	1.2569	3.5467
SLC4A1	-0.57106	0.067493	0.90913
PCDH15	-2.8863	-0.33236	0.81041
SLC4A2	0.15555	-0.84234	1.885
NADK	-0.68541	-0.61095	0.80654
SLC5A1	1.2676	1.357	0.89415
SLC5A2	-1.0981	0.036098	-1.3648
ZFP69B	-1.0633	-1.6448	1.9468
SPATS2	-1.8762	0.22253	1.0194
ZSWIM4	1.1415	0.46721	0.60117
SMTN	0.15649	2.8319	0.11683
C5orf42	-1.5493	-0.38936	2.7511
ZNF649	-0.25333	-0.12174	0.15
MPPE1	1.8989	-0.30318	0.92381
SLC5A3	-0.33136	-0.17745	1.585
COA7	-0.35258	-1.1527	3.7196
PYCRL	0.90458	2.0786	0.35337
UBE2Z	1.068	-0.84984	1.7385
C8orf33	-0.63418	-0.024132	0.51489
WNK4	-1.9057	0.58662	-0.55266
WNK2	0.3375	0.51739	1.2731
SLC5A4	0.7775	-0.15471	-0.70573
SLC5A5	1.4706	0.26549	1.8778
SLC6A1	0.64596	0.41682	3.3995
GATSL3	1.2933	1.1462	-0.04697
SKOR2	-0.2366	0.37718	1.7144
BMP5	-0.38701	0.30972	2.2937
SLC6A2	-0.21626	-0.46669	0.28189
GOLGA8J	-2.0026	1.3885	-0.58624
ZDHHC11B	-3.5804	-0.3399	0.97622
SLC6A3	-0.77964	2.4884	2.7425
ZBTB8A	0.99667	0.013951	0.13205
FAM228A	0.14524	-0.81162	0.64708
ANXA8	1.833	0.21887	2.6474
NBPF6	-1.6108	0.23342	-0.15282
TRIM43B	-0.13051	-0.060501	1.8516
SLC6A4	0.55015	2.7884	2.0472
FAM230A	-0.12674	1.1703	-0.70334
KRTAP4-11	-1.6094	-0.25753	1.2157
PRB2	-0.42263	-0.52833	-0.5551
POTEI	-0.47007	-0.34187	0.090469
SLC6A6	-1.1065	-1.5026	0.18046
ASAH2B	0.35107	0.58654	0.23106
KIAA0895L	0.30298	-0.14203	3.7397
SLC6A7	0.32637	1.2471	-0.083609
SPAG11A	0.022562	-0.12936	-0.79606
AQP12B	-1.6231	0.80542	0.66525
RGPD3	1.6823	-0.20439	0.88893
LGALS7B	0.76188	0.28343	2.2187
SFTPA1	0.85971	1.5664	-0.040344
GPR89A	-1.3274	-0.35451	-0.54421
TMEM236	-0.83997	-0.44286	0.60135
PHLDB3	-1.689	1.4333	-0.085307
SLC6A9	-1.9689	1.4287	5.8282
HIST2H3D	1.1072	1.5853	2.7425
GOLGA6C	3.0609	0.11516	-0.33404
GOLGA6D	4.2044	0.62964	0.30688
MBD3L4	-0.11483	-0.045156	-0.92516
MBD3L3	-0.44686	-0.26625	-2.1424
TMEM183B	-0.24969	1.6486	1.8034
GSTT2B	1.2049	-0.17485	-1.6002
GOLGA8M	-4.588	1.813	0.42221
MZT2A	-0.65199	0.88637	0.80433
SLC6A11	0.62048	1.7179	0.97805
ZG16	-2.1079	-0.39924	1.3979
ACTR3C	-1.1911	-1.3471	0.49103
SLC6A12	0.92904	-0.43351	2.7518
BMP6	2.0694	-1.3908	1.5926
SLC6A13	0.08344	-0.69184	3.6168
SLC7A1	0.075009	0.36794	0.66317
SLC7A2	1.1137	1.3021	2.5628
OCM	-1.0204	-0.28962	1.0384
ZNF732	-0.89217	-0.035781	-0.2944
SLC8A2	1.5276	0.23854	1.7622
NME1-NME2	0.68723	1.578	0.071276
LRTM2	-0.26216	-0.016119	0.057371
FER1L6	0.29272	-0.54312	0.11549
BOLA2B	-1.4241	0.12571	1.7797
SLC7A4	0.48159	0.059534	1.1524
IQCJ	0.02595	1.1296	-0.14733
SLC8A1	0.82722	1.1592	4.4585
SLC8A3	2.4541	-0.10695	3.091
PCP4L1	0.83079	-0.83436	-0.71337
SLC9A1	1.9234	-0.13539	0.39123
SLC9A2	0.92316	0.43788	0.64731
BMP7	-0.25996	-0.75168	1.9683
SLC9A3	0.26279	-0.064236	0.14084
SLC9A5	-0.73835	0.3208	3.57
SLC10A1	-0.03086	0.86096	-0.075006
SLC10A2	-1.7344	0.30183	0.25166
SLC11A1	0.1272	1.8411	3.0008
SLC12A1	1.204	0.11845	0.97527
SLC12A2	-1.642	1.7756	1.4917
SLC12A3	5.2581	-0.089813	0.71992
BMP8B	-0.011441	-0.32779	2.0508
SLC12A4	-0.62604	-1.7332	6.7909
SLC13A1	1.1443	0.087579	1.4424
SLC14A1	-0.84853	1.5441	1.0563
SLC15A1	0.93034	1.0796	4.1243
SLC15A2	-0.55705	1.2764	1.1961
SLC16A1	1.113	0.56679	6.6663
SLC17A1	3.4322	0.7303	5.6377
SLC34A1	0.6536	-2.598	1.0801
BMPR1A	0.33535	3.0349	2.8932
SLC18A1	0.37496	-1.2065	-2.0175
SLC18A2	0.58877	1.3835	2.045
SLC18A3	-1.7143	0.26431	1.5393
SLC19A1	1.4043	0.84687	2.9257
SLC20A1	-0.58098	2.1412	0.71962
SLC20A2	0.093014	0.53529	3.049
SLC25A1	-2.3412	-2.1973	-0.63122
SLCO2A1	1.6399	2.1326	0.26129
SLCO1A2	-1.4372	1.9792	1.0577
BMPR1B	-0.091451	0.50415	0.85044
SLC22A1	0.33134	0.52337	0.85627
SLC22A3	0.056899	0.069288	1.3981
SLC22A2	0.55164	0.65522	0.30204
SLC22A4	1.0569	2.4348	0.69185
SLC22A5	1.0659	2.2849	0.63706
SLIT1	2.3192	-0.9272	1.6222
SLIT3	2.5376	-0.38556	3.5183
SLN	0.7908	-0.0062214	1.1203
BMPR2	-0.66083	0.36384	0.14418
SLPI	-0.43673	-0.069568	1.7238
SNAI2	-1.0928	0.80167	2.6815
SMARCA2	-0.60781	-0.93839	0.62809
HLTF	0.34177	1.0392	1.0728
SMARCA4	-0.33896	-0.11847	1.3603
STK33	0.85799	-0.37021	2.4269
PLEKHA3	-1.1682	-0.97817	4.5792
PHACTR4	-0.60066	-0.42455	0.45623
SMARCB1	1.4911	-0.23281	2.0063
BRD9	-0.2325	-0.043995	2.0294
CAPRIN2	0.52341	-0.67588	1.06
ZSCAN18	-0.89666	0.99066	-0.26799
GRAMD3	-0.30622	-1.0354	0.16449
AACS	-1.1918	-0.38171	-1.359
ZBTB10	-1.1069	0.51028	1.258
KCTD14	0.27966	-0.41312	-0.8128
ZNF747	-0.33149	-1.354	2.3697
DLK2	1.3963	1.6782	0.30815
SMARCC1	-1.0175	0.5708	-0.93574
FAM173A	2.2197	-0.80697	0.5337
DDRGK1	-0.9369	1.0105	4.7687
MRPS34	-0.53427	1.8484	0.3262
RASL11B	-0.72315	-0.14577	1.6199
C11orf95	0.10063	-0.246	2.0101
LRRC61	-1.1277	-0.99746	0.52781
TMEM108	-1.1605	-0.14599	1.8308
CYP4F12	0.44418	-0.70476	0.63584
LYNX1	1.6739	-0.19745	0.25237
CHID1	1.0538	0.71466	3.609
TRAK2	0.17832	1.064	0.65445
SMARCC2	-0.37695	0.095565	3.454
SMARCD1	-0.34188	-0.76386	1.3601
SMARCD2	0.39918	0.93502	3.5064
SLC2A11	0.69569	-0.83999	0.32881
MTMR9	-1.5803	0.97129	4.2752
BOLL	1.4724	-0.44112	-1.1486
SMARCD3	-0.56184	0.61312	1.3535
SMARCE1	1.4886	0.24809	0.58423
SMO	0.34246	-0.4112	3.0756
SMPD1	0.043808	-0.3437	0.33886
POLR3D	-1.4689	-0.56974	0.79959
SMPD2	2.3053	-0.48196	1.174
SUMO3	-2.098	1.8724	-0.59769
SUMO2	-0.30821	-0.49934	1.1598
SIGLEC1	-0.12934	-0.65073	0.16498
SNAI1	-0.61524	-0.87906	2.2977
SNAP25	-1.359	0.70176	-0.92239
SNAPC1	-1.3611	0.63155	-0.43156
SNAPC2	0.023574	-1.8423	0.86191
SNAPC3	1.4862	-0.5193	-0.93713
BNIP1	0.96981	1.8406	0.50118
SNCB	1.5361	-0.80784	2.2796
SNAPC4	0.36126	0.61863	0.85997
SNCA	-0.97946	-0.39987	-0.20263
SNCG	0.48832	1.1726	1.7271
FSCN1	-0.83259	-0.28321	-0.57828
SNRNP70	1.2691	0.46543	-0.24732
SNRPA	0.65618	1.1166	1.1149
SNRPA1	-0.94541	-0.45991	1.1164
SNRPB	-1.3728	1.5977	-0.25409
SNRPB2	0.64249	0.8063	0.16049
BNIP2	2.6387	2.8695	4.6727
SNRPC	0.47448	0.6258	1.9521
SNRPD1	-0.040198	0.16964	2.3744
SNRPD2	1.4364	1.5575	0.18472
SNRPD3	0.14346	1.4673	1.7377
SNRPE	-0.29948	1.3563	0.44579
SNRPF	0.43593	0.26984	6.9111
SNRPG	-0.1343	1.2132	0.15411
SNRPN	-0.28496	-0.23547	-1.373
BNIP3	0.51006	0.82767	4.277
SNTA1	0.52365	0.11339	0.71654
SNTB1	-2.6549	0.34988	5.5193
SNX1	-0.37406	2.0104	-1.3946
SNX2	-0.91003	1.1095	0.75024
SNTB2	1.8926	-0.78658	0.66911
SOAT1	-1.1108	-0.038305	0.10036
SOD1	-0.72188	-1.396	-0.29504
SOD2	-0.41691	-0.051201	-1.0344
SOD3	-0.2438	0.7319	0.37039
BNIP3L	0.81243	-0.56829	1.2092
CAPN15	-0.51966	1.1892	3.9243
SON	0.04468	0.5769	1.7615
SORD	0.064861	1.0171	-0.75588
SORL1	1.4518	-0.089484	-0.59251
SOS1	0.41263	1.0523	0.42674
SOS2	-0.58777	0.2711	-0.033992
SOX1	-1.2854	0.7536	-0.061144
SOX2	0.41297	-1.2046	1.1316
SOX4	-0.80536	0.16306	2.0214
BOK	-0.12397	-0.51726	-0.37356
SOX5	-1.4093	0.36588	7.5754
SOX9	-0.29922	0.098111	1.8473
SOX10	1.189	2.5993	0.68771
SOX11	0.63298	2.6037	1.2695
SOX15	1.4804	1.9934	6.3863
SOX12	-0.23536	-0.97842	-1.2282
SP1	-1.3424	-0.17974	0.37118
SP2	-2.8854	0.35356	3.6337
DST	2.8041	0.33293	1.9783
SP3	-0.71855	-1.5232	1.8387
SP4	-1.0704	-1.0431	2.8342
SP100	-0.36127	0.92111	2.3633
SPAG1	0.86154	-1.5701	2.0248
UAP1	0.30993	-0.046406	-0.2783
SPAG4	0.73679	-1.6712	7.3846
SPAM1	-0.87977	-0.75109	1.0989
SPARC	-0.33853	0.22869	-0.039235
FOXL2	-0.48098	-0.66793	-0.80272
SPAST	0.86063	0.52827	1.8401
SPG7	-2.8312	0.17195	0.5713
SPI1	1.0682	3.1794	7.3308
SPIB	-0.30902	-2.4203	-0.86982
BPGM	-0.58054	0.18566	0.10452
SPINK1	0.55377	-0.21067	0.80083
SPINK2	3.4866	-1.2663	-0.77439
SPINT1	1.5506	-0.57029	1.8619
SPN	-2.0449	-0.22486	2.8212
SPP2	-0.13933	-0.61596	0.81559
SPOCK1	0.54595	-0.44896	2.2299
SPP1	0.051632	-0.3585	2.3319
SPR	0.85402	0.54767	0.89579
SPRR1A	-0.90603	0.28357	0.081448
SPRR1B	-0.79808	0.22981	0.40706
BPHL	-0.74246	-0.54456	-0.57929
SPRR2A	-0.70311	0.56741	0.53891
SPRR2B	-0.77128	1.0732	0.48182
SPRR2D	-0.70525	0.45819	0.43296
SPRR2E	-0.92805	1.2177	0.0048269
SPRR2F	-0.68623	1.11	-0.51119
SPRR2G	0.031015	0.49129	-1.2286
SPRR3	-1.0097	0.35401	0.31334
SPTA1	0.11752	-0.95894	1.5645
SPTAN1	0.38182	-0.36509	1.3336
BPI	2.5873	1.4057	-1.9359
SPTB	-0.31851	0.16191	0.7517
SPTBN1	0.071867	1.1469	2.7533
SPTBN2	1.6818	1.5192	2.0478
SQLE	0.049211	-1.2642	0.91409
SRC	-0.46669	-2.0568	0.56735
SRD5A1	0.55009	-0.074522	0.51984
SRD5A2	1.0981	0.58063	1.3539
SRI	-1.2399	0.50034	-1.2348
AKR1D1	-0.83788	0.51832	-0.45945
BRCA1	-0.43822	-0.16491	2.3273
SREBF1	-1.1109	0.5118	1.571
SREBF2	0.59547	1.2325	1.6357
SRF	-1.4954	1.5406	0.92094
SRM	-0.26978	0.91911	3.7851
SRMS	-1.2093	0.94442	2.2379
SRP9	0.10312	0.98244	-1.6319
SRP14	0.96141	1.4783	2.7308
SRP19	0.014794	2.2667	1.1924
SRP54	1.2773	0.25565	1.8574
BRAF	0.1255	0.69321	0.62523
SRP68	-0.38537	0.3073	1.1817
SRP72	0.98342	-0.45672	0.26297
SRPK1	1.2018	1.6048	0.7263
SRPK2	5.3191	2.1662	1.1447
SRPR	-1.5885	-1.6479	2.045
TRIM21	-1.9099	-0.47236	1.2049
TROVE2	-1.4208	-1.126	0.60734
SSB	0.027135	0.60301	0.78465
SSBP1	-0.19061	0.82742	2.251
SSFA2	0.14547	0.35246	0.94927
SSR1	-0.89796	-0.16161	2.4473
SSR2	0.24316	2.1532	0.90769
SSR3	0.16953	1.4743	2.4422
SSRP1	-1.279	0.26002	2.1582
BRCA2	-1.8882	0.91697	1.2063
SST	0.99697	0.57992	2.639
SSTR1	-0.0118	0.83389	-1.2909
SSTR2	-0.0023836	-1.0179	2.7611
SSTR3	-3.0618	0.31104	1.3749
SSTR4	-1.334	0.80809	0.92902
SSTR5	-0.19244	0.70829	-0.80881
BRDT	-1.7427	1.3115	1.0365
SS18	1.6899	0.40718	0.33829
ST5	-1.4038	1.47	0.36424
ST13	-1.2785	2.0707	4.5531
ST14	0.76799	0.86475	0.3279
STAC	-0.72753	1.2621	1.5703
ZFP36L1	1.5743	-1.2727	1.6422
STAR	-1.8964	0.50268	1.6715
STAT1	-1.1062	-1.2728	3.9264
STAT2	0.77853	1.4643	4.087
STAT3	-1.4598	1.3466	0.11446
STAT4	-2.0443	-0.91001	1.3909
STAT5A	-1.1853	1.1054	0.28642
STAT5B	-0.44734	1.5047	0.086771
STAT6	1.2123	1.3108	6.2804
STATH	-1.4936	1.0805	0.4659
ZFP36L2	1.8485	0.80121	2.4218
STAU1	0.052919	0.043062	-0.1083
STC1	1.3423	-2.3653	0.19702
HSPA13	1.1082	0.36256	-0.76657
SULT1E1	-0.78962	-0.73374	-0.80729
ELOVL4	-1.0426	0.33185	0.23972
STIM1	-0.056598	0.34763	1.3507
NEK4	-1.1957	2.8572	2.1103
STK3	1.8026	-0.11047	2.7186
STK4	-1.3359	-0.8612	1.2877
AURKA	-1.6802	-1.1696	-0.50501
STK10	-0.41016	-1.643	2.4462
STK11	2.6243	0.78489	0.19032
AURKC	0.44642	0.63801	-0.054106
SULT1A2	0.18892	1.3749	3.2576
STRN	-1.4794	0.5073	1.1692
STX1A	-0.022556	1.3641	1.8115
STX3	-0.025806	0.38282	1.1756
STX4	0.60105	0.80661	1.516
STX5	0.27913	0.58205	3.4818
STXBP1	1.2579	-0.73508	3.1231
STXBP2	1.1306	1.7875	-0.050289
STXBP3	0.51213	0.011389	1.0556
STYX	0.069702	2.192	3.0601
SULT1A1	0.32808	1.2973	3.1927
SULT1A3	-1.4401	0.33713	1.4982
SULT1C2	-0.53956	-1.3747	-0.011577
BSG	-2.052	-0.91236	2.4818
SULT2B1	0.77068	0.89846	0.93943
SUOX	0.49599	0.027401	7.3465
SULT2A1	0.034393	-0.96233	2.9241
SUPT4H1	-1.0659	1.5802	4.9994
SUPT5H	-0.958	2.3218	0.16269
BST1	-0.29037	0.62385	1.7127
SUPT6H	1.4771	-0.29849	1.5618
SUPV3L1	-1.6047	-0.92228	1.9365
ABCC8	-0.41792	0.88951	1.3746
SURF1	0.45289	0.21342	1.64
SURF2	0.55126	0.17674	1.5226
SURF4	0.71569	0.25628	1.2118
MED22	0.29501	0.17633	2.3648
SURF6	0.11446	0.17486	2.5434
BST2	2.31	1.1457	1.6538
SVIL	-0.49097	0.49142	2.0942
VAMP1	-1.1031	-0.14679	0.81344
VAMP2	-0.84944	-1.8396	2.5856
XCL2	-1.4915	0.47466	1.137
SYCP1	1.1287	-0.21026	0.67608
BTC	-0.13718	-0.88782	0.46461
SYK	0.46682	1.7809	-0.52966
SYN2	3.0156	0.28194	0.7764
SYPL1	0.52465	-1.9168	0.907
SYT1	-1.4258	2.1937	2.1194
BTD	0.39171	-0.48316	3.7061
SYT4	2.2945	-0.74019	-1.1281
SYT5	2.7701	0.33786	1.7543
T	0.88789	0.16921	3.9124
TAC1	-0.27146	-0.72795	1.1892
TACR2	-0.37767	0.71972	-0.34563
TAC3	0.51412	2.2929	2.8581
TACC1	-0.35006	-0.2148	1.3416
ADAM17	-0.99987	0.23949	2.1979
TACR1	0.074877	1.184	0.80256
KLF9	1.4073	-0.7117	1.1425
TACR3	0.22085	-0.031235	0.30212
TADA2A	1.1888	0.88517	2.3271
TAF2	2.702	-1.1551	0.73083
TAF4	-2.6826	2.9426	0.35896
TAF4B	2.6119	-0.39123	1.3192
TAGLN	3.2068	1.4986	3.3937
TAF5	0.83408	2.5509	2.6345
TAF6	1.9144	-1.2016	5.3383
TAF7	0.87162	1.275	2.7455
KLF5	0.17982	3.5935	-0.03123
TAF9	0.87577	-0.12612	1.0404
TAF10	-0.52202	0.87293	-0.4039
TAF11	1.5007	0.77597	0.86864
TAF12	0.042107	0.24481	0.66301
TAF13	1.6184	0.60834	-0.10344
MAP3K7	-1.2652	-0.30823	-2.9815
TAL1	-1.056	2.3648	2.6223
TAL2	0.15702	-0.40983	-0.066154
TALDO1	-0.65236	1.4248	2.7844
BTF3	0.29094	-0.38426	0.61686
TAP1	3.0648	1.9858	2.7636
TAP2	3.3135	1.2076	2.8241
TAPBP	1.7669	-1.6963	5.5458
TARBP1	-1.3125	-1.0237	1.0181
TARBP2	-0.011732	-0.92315	-0.18494
TARS	-0.79654	0.2156	1.0478
TAT	-0.71392	-0.93075	3.832
TBX1	0.2853	0.44664	0.48394
CNTN2	-0.77071	0.52897	2.4651
TBCA	1.2417	-0.70042	3.1417
TBCC	-0.95282	0.020908	1.3831
TBCD	-1.2974	-0.26814	1.9056
TBCE	0.93442	-0.042982	1.935
TBP	-0.37009	0.066497	0.87775
TBX2	-1.4228	0.11734	7.956
TBX5	-0.66384	-1.1146	0.23283
TBX6	0.226	0.058377	0.0022987
TBX15	-1.6413	-1.0077	0.95133
TBXA2R	1.1038	0.28695	-0.33175
TBXAS1	2.2333	-2.0239	2.2536
TCEA1	0.46802	2.8315	0.56304
TCEA2	-0.98466	1.6765	4.486
TCEA3	-1.1856	0.95477	2.2359
MSMP	-1.116	1.6325	-0.1604
TCEB1	0.53327	-1.3397	0.15928
TCEB2	-1.6022	0.76483	0.92082
PPAN-P2RY11	-1.4504	0.054909	0.5448
TCEB3	1.3634	0.19744	0.80643
TCF4	1.2891	2.6568	6.0956
TBX3	1.1275	-1.4859	2.2501
HNF1A	3.0607	1.199	3.6905
HNF1B	0.47145	-0.2828	0.99169
TCF3	0.63773	-0.97873	0.34864
TCF7	-0.1405	1.3731	0.41413
TCF7L2	0.91758	3.1115	6.1094
ZEB1	0.90724	1.0414	-0.01678
GCFC2	-0.37896	0.18157	1.8193
TCF12	-0.0023543	6.2706	1.5124
TCF15	2.1642	-1.3526	-0.29084
BTG1	-0.38532	-0.15897	2.5422
ZNF354A	-1.4984	-0.058025	0.4236
TCF19	6.2389	2.0494	2.3555
TCF20	0.10296	1.577	4.1856
TCF21	0.63149	-1.1336	0.38644
VPS72	-0.4431	1.3088	3.7599
MLX	0.4511	2.0394	1.339
TCN1	-0.38182	0.81432	1.4712
TCN2	0.14879	1.1241	-0.42252
TCOF1	1.078	1.4219	1.8664
TCP1	-0.58964	0.15901	-0.53202
TCP10	1.6437	0.066535	-0.33349
TCP11	-0.24856	1.6951	3.2333
TRA	-2.7099	0.49384	1.0077
TRB	0.68408	-0.84052	1.5616
BTN1A1	1.7127	0.40323	7.2854
TRD	-2.1045	-0.1922	-0.43973
TRG	0.6234	0.36933	0.44918
TECTB	0.66495	-1.1493	2.6598
TCTA	1.7875	0.45464	5.7042
BUB1	0.89621	-1.0105	1.0157
TCTE3	1.2247	-0.13981	2.1247
PPP1R11	0.50654	2.2408	1.4337
DYNLT1	-0.25973	2.1984	0.033348
TDG	0.09418	0.57548	1.3304
TDGF1	-0.044151	1.2273	0.81415
TDO2	1.4212	2.7583	1.5274
ACTC1	-0.20649	1.307	5.5838
PRDX2	-1.1646	1.82	0.15417
TEAD1	-0.026876	3.1652	3.9265
TEAD4	0.067318	0.31568	-0.91767
TEAD3	0.23699	2.4979	3.0583
TEC	0.57856	-0.41198	0.54939
TECTA	1.8482	-1.6622	2.1855
TEF	0.33524	1.2713	7.2927
TMBIM6	-0.95943	-0.38741	2.348
BUB1B	-0.25242	-0.6846	0.068819
TEK	-0.44806	1.0586	-0.65084
TEP1	0.039003	-0.22377	1.0498
TERF1	-0.78988	-0.64005	-0.17697
TERF2	0.43324	-1.5382	0.81191
TERT	-0.31227	2.0969	-0.56859
TESK1	1.8799	1.4709	1.1252
TF	1.9767	1.0641	1.0254
TFAM	-0.069706	5.646	3.6833
TFAP2A	-0.86361	-0.4825	2.3002
TFAP2B	2.5482	3.9949	7.5258
TFAP2C	-2.8813	0.3773	-0.16529
TFAP4	-0.57264	1.0783	0.99926
TFCP2	-0.57806	0.35442	2.1714
NR2F1	-1.3565	0.60447	1.3518
NR2F2	-0.25975	0.62872	1.7528
TFDP1	-2.0134	0.58125	0.82633
TFDP2	0.19379	2.1856	-0.47937
TFF1	-2.1267	-1.4758	0.21921
TFF2	-1.7421	-1.4671	-0.41703
TFF3	-1.0486	-1.7863	0.9959
TFPI	0.23785	2.5091	4.1141
TFR2	2.0287	2.5943	4.1925
TFRC	1.5881	1.1894	1.3754
TG	0.090432	1.5516	3.6052
TGFA	-0.081691	0.49963	-1.2347
TGFB1	2.5813	-0.12527	2.2166
TGFB1I1	-0.97791	-0.21207	-1.3915
TGFB2	-0.16777	0.034407	2.8764
TGFB3	0.076663	3.2115	-0.14637
LEFTY2	-1.2346	1.3132	0.65463
TGFBI	0.36971	-0.29575	2.2644
TGFBR1	6.3187	-1.2506	6.1094
TGM4	0.73718	0.66108	2.2049
TGFBR2	0.33668	0.72839	2.3195
TGFBR3	0.88569	0.55381	1.8171
BYSL	-0.043589	1.1317	2.2428
TGIF1	-0.6165	-1.1778	-0.41739
TGM1	-2.2507	0.72388	1.7682
TGM2	0.94319	0.65158	1.9223
TGM3	0.58111	-1.8763	1.1757
TH	-1.9969	-0.074109	0.82567
THBD	-1.9731	0.66056	0.73083
THBS1	-1.3608	1.3818	-0.15163
THBS2	0.56105	1.8337	1.1819
THBS3	3.1722	0.66465	3.4533
TSPO	-2.8359	0.94161	1.4377
THBS4	0.24991	0.82196	6.4569
TCHH	0.2934	-0.059764	2.2391
THOP1	0.89777	-0.077116	1.4376
THPO	1.2317	1.1866	2.2759
THRA	1.0192	-0.90699	2.5427
THRB	-3.7927	2.9097	7.7732
THRSP	0.9631	-0.77657	0.48565
THY1	0.25809	0.81465	0.52861
KLF10	0.37276	-0.39479	1.9775
TIA1	0.2315	0.89514	-0.41874
TIAL1	-0.1084	-2.1536	2.4114
TIAM1	-0.46903	-0.40075	3.2148
TIE1	1.627	0.28133	3.6556
TIMP2	2.6078	0.97866	1.4679
TIMP3	2.1053	3.9419	2.0839
TIMP4	3.0034	0.23718	0.45376
C1QBP	0.094467	0.42787	-0.84335
NKX2-1	1.0145	-1.1077	-0.49012
TJP1	0.70061	-1.1023	0.39529
TK1	-0.055346	-0.038587	0.42393
TK2	2.3127	1.4884	0.17529
TKT	0.38773	1.5093	2.3754
ICAM5	0.61373	1.3092	2.7056
TLE1	-1.0016	-2.1292	0.9612
TLE2	0.61652	-1.6547	0.7197
TLE3	-0.92325	2.3075	4.432
TLE4	-0.72546	-0.19807	1.5829
TLL1	-0.35019	1.96	2.3097
TLL2	1.1797	-0.7104	-0.44497
TLN1	-0.26819	1.9414	0.29047
SEC62	-1.4746	-0.065315	1.0129
TLR1	0.10578	3.0244	0.64218
TLR2	0.45504	0.1865	-1.1409
TLR3	-1.742	1.1058	-0.10791
TLR4	-0.87876	-0.27919	1.7131
ACTG1	4.0994	-1.8587	7.2587
SERPING1	0.68794	1.3546	2.5923
TLR5	-0.44356	0.81251	-0.29406
NR2E1	0.46237	0.69017	0.34255
TSPAN8	0.81629	1.1181	2.7576
TM4SF4	1.4693	1.0828	0.8952
TSPAN4	1.6931	1.2988	1.8644
GPR137B	0.34553	0.26386	-0.18449
TM7SF2	-0.68546	1.0359	-0.16174
TRAPPC10	-0.07281	0.5614	-0.32658
TMF1	0.69841	-0.32502	1.0473
TMOD1	-1.4674	-0.25756	3.4996
TMPO	-1.0326	0.051022	0.38827
TMPRSS2	-0.96653	-1.7193	-0.74273
C1QA	0.66999	0.1603	-0.74187
CLDN5	-1.0278	-0.93861	0.0080571
CLEC3B	2.5728	-0.50123	0.96476
TNF	7.6776	2.3352	1.9478
TNNC2	0.99844	-0.58231	2.1148
TNFAIP1	4.0382	-0.34839	2.1623
TNFAIP2	-0.99747	0.26244	0.98777
TNFAIP3	-1.7382	1.2218	-0.19025
C1QB	0.037537	0.23737	-1.4076
TNFAIP6	-0.96658	1.3154	-0.80467
TNFRSF1A	-0.12597	-0.1186	-1.8861
TNFRSF1B	-0.93004	-0.51594	-0.87784
TNNC1	1.5343	0.043933	0.20077
TNNI1	-0.22855	-0.1129	-0.82228
TNNI2	0.97006	-0.24759	2.7811
TNNI3	2.6748	0.51243	2.1209
TNNT1	2.6656	0.36958	1.8458
TNNT2	-0.25148	0.28499	-1.2902
C1QC	0.52056	-0.36253	-1.0249
TNNT3	0.0087255	-0.1681	1.3478
TNP1	-0.012806	-0.68281	2.2808
TNP2	-1.6515	0.4056	1.3214
TNR	-0.20699	0.99334	0.25892
TNS1	0.065342	1.8217	2.6444
TNXB	6.7195	2.581	3.7058
TOP1	0.50793	1.7383	3.1879
TOP2A	-0.060453	-0.052011	0.18798
TOP2B	1.6742	2.2347	0.81871
TOP3A	1.3895	-0.37199	1.9598
TP53	1.7614	1.1164	5.9199
TP53BP1	1.8322	1.1958	2.09
TP53BP2	-1.6256	0.20418	-1.7104
TP73	0.0025052	-0.70083	0.48654
TPBG	-2.3523	0.29348	0.24113
TPD52	1.1407	1.3021	0.0075363
TPD52L1	-0.032444	-0.16224	0.46584
TPD52L2	1.2462	-0.936	3.4341
TPH1	0.15821	-0.12174	1.4605
TPI1	0.8309	1.4271	3.4937
TPM1	-0.099835	0.40963	4.3616
TPM2	1.0607	1.4199	-0.18452
C2	7.3732	2.425	3.3431
TPM3	-1.7838	-0.93314	2.6271
TPM4	0.67931	-1.0663	1.0512
TPMT	0.67209	-0.49261	0.95806
TPO	-0.5026	0.18024	0.99074
TPP2	0.058717	0.11192	1.789
TPR	-0.44042	0.36381	0.26321
TPSAB1	-0.60372	-0.54364	0.75763
TPT1	0.12981	-1.3039	2.8505
C3	8.555	0.34263	1.0859
CRISP2	0.43725	1.6084	1.7697
NR2C1	0.77045	0.078504	-1.5704
NR2C2	0.18532	0.0064097	1.0814
HSP90B1	-0.30193	1.3575	1.6848
TRAF1	0.035508	-0.041677	4.2286
TRAF2	1.9801	-1.8129	0.056328
TRAF3	0.24666	-0.65774	2.7298
TRAF5	-1.0479	-0.72346	-0.10956
TRAF6	0.56706	0.015079	0.36329
ACTG2	-0.088226	2.0233	1.8378
C4A	6.1094	1.3703	2.376
TRH	1.0337	-0.53811	0.46813
TRHR	-0.64134	-0.98094	0.92084
CCT3	2.0216	1.1326	-0.20992
TRIO	-0.64913	1.1585	0.8519
TRIP6	0.94517	0.25179	4.4513
C4B	6.1094	1.9924	3.1562
C4BPA	1.6698	-0.25142	6.33
TRPC1	-0.2546	-0.042866	-1.2502
TRPC3	1.5915	-0.2944	0.88251
TRPC4	0.91339	0.58369	2.0149
TRPC6	1.6607	0.12043	2.3299
TRPM2	-1.7668	-0.2869	-1.21
TRPS1	-1.3697	-0.10058	1.9743
HIST2H2AA4	1.2718	1.6323	2.8462
INS-IGF2	-0.88999	-0.23979	0.24692
TSN	1.1682	0.67676	1.4497
TSC1	1.8664	0.22525	0.11119
TSC2	1.1555	0.62789	2.1947
C4BPB	1.6445	0.16706	4.706
TSG101	1.2297	-0.57314	1.477
TSHB	1.2278	0.020792	0.52961
TSHR	1.5244	1.6146	-0.14704
TSNAX	0.47841	1.2682	-1.4177
TSPYL1	1.3509	1.4762	3.9263
CAPN5	1.296	-1.02	-0.18239
TSSC1	-0.11283	0.617	0.65964
PHLDA2	-0.71522	-0.47454	-0.89955
TST	1.0102	0.81542	-0.35046
TSTA3	0.94942	1.9254	0.081087
TTC1	-2.4774	0.087968	0.059219
DNAJC7	-1.9466	2.6332	2.2117
TTC3	-1.3147	0.11847	1.7185
TTC4	-0.89287	-1.7378	-1.2806
C5	0.62121	0.22136	3.7244
TTF1	-1.6349	0.065368	0.38288
TTK	-1.1734	1.0595	-0.52139
TTN	0.16759	0.15386	3.2988
TTPA	0.35655	-2.2134	3.2174
TUB	-0.26336	-0.6387	0.50437
TTR	-1.3322	0.63007	0.74013
C1orf195	0.73604	0.65539	-0.22904
TUBA4A	-0.63926	-1.17	0.83403
TUBA3C	0.21432	-1.3277	0.098073
RGPD8	0.24855	-1.0141	0.86851
BHLHA9	0.66839	-0.30211	0.18888
MUC5B	-0.96848	-1.7502	0.64325
TLCD2	1.474	0.020136	1.8049
GXYLT2	-0.48577	-0.96673	2.94
MROH1	-0.52233	0.99374	0.80532
C5AR1	1.8229	-0.098607	2.806
TUBB2A	-0.2385	-0.82992	-0.94713
LOC728026	0.76316	0.62873	1.4746
ZBTB8B	-0.60046	-0.16197	-0.42905
NUTM2A	1.9333	1.5852	-0.30682
RSPH10B2	0.50759	0.023666	-0.08796
FAM155A	0.26676	-1.7064	2.6205
KRTAP4-8	-1.1114	-0.10386	0.96307
KRTAP1-4	0.91803	-0.22074	2.5816
FAM157A	-0.9822	1.8859	0.60145
CLEC19A	-0.99279	1.0902	1.2738
KRTAP2-2	0.66815	-0.30171	1.6538
D2HGDH	-1.1006	2.886	1.0606
KRTAP19-8	0.21782	1.4151	-1.6749
TUBG1	0.4716	1.9221	1.381
KRTAP9-1	0.4188	0.99556	0.36367
GTF2H2C	1.8377	0.57617	0.64713
DEFA1B	0.095821	0.12727	-0.17688
OVOL3	-0.41142	1.1045	0.27996
POTEF	1.1216	-0.13157	-0.012309
USP17L26	-0.73862	-0.27273	0.32883
USP17L5	-0.91878	-0.4507	0.10212
LOC728392	2.1868	1.5183	0.58089
USP17L27	-0.98168	-0.011817	0.076454
TUFM	0.9891	1.1128	2.6976
USP17L28	-1.0306	0.16988	0.11462
USP17L29	-1.1058	0.22365	0.099975
USP17L30	-1.2013	0.24672	0.020026
METTL24	-0.88379	-0.75996	1.8172
LOC728485	1.0013	0.68431	2.2101
DNLZ	0.95524	0.29964	0.96373
GOLGA8H	1.5547	0.28459	0.94943
C12orf73	-0.26567	0.51925	1.4865
MS4A18	0.74211	-0.90055	0.77615
CCDC169	2.2758	-0.48413	-0.44876
DCDC2C	-0.51652	-1.0362	0.37504
TUFT1	0.47713	0.29472	3.0726
CCDC30	-1.3779	0.59738	-0.12959
DHRS4L1	0.1249	1.6262	0.73716
MEIKIN	1.8576	0.81889	2.0855
CDK11A	-0.39711	-0.10138	-0.16422
SLC35E2B	-0.35575	0.36297	-0.65349
EIF3CL	0.53906	1.1669	1.6821
TULP1	0.56259	2.0646	2.9678
NPIPB8	0.017137	0.78948	2.4093
NPIPB6	-1.5425	0.26793	2.7233
LOC728763	0.60504	1.6525	3.0703
ANKDD1B	3.3107	1.6086	0.095615
TULP2	1.938	1.6694	-0.053857
C1GALT1C1L	1.2129	1.2779	2.0616
C12orf71	-0.063163	1.0254	1.7878
NPIPB11	-0.63193	-0.40798	-0.62502
TULP3	0.4879	0.23179	-0.35575
ZNF736	-0.78456	-0.033543	1.6989
TCEB3CL	0.18872	0.77238	1.0572
C6	0.93908	1.544	2.8205
HIRA	0.21153	-1.7005	-0.57089
RPEL1	0.39997	1.4459	2.6967
SLC15A5	-0.63969	-0.077744	1.6724
C1orf234	1.075	-1.184	0.98859
FAM198A	-1.603	0.91475	1.9598
AGAP5	0.06386	0.89355	3.272
TWIST1	-0.024903	1.8592	-0.22793
LOC729159	0.44136	0.75519	-1.2366
TNFSF4	-0.31588	-0.46183	-0.064421
FLJ45513	-1.0453	-0.73183	2.2703
CCR2	-0.98969	0.64544	1.0406
PRR20B	0.58363	0.25887	1.8335
SFTPA2	0.53043	1.6571	0.12168
PRR20C	0.48685	0.40849	1.9283
PRR20D	0.40416	0.48614	1.7105
PRR20E	0.448	0.2211	1.7192
NUTM2B	0.11324	0.78377	-0.13955
ZNF286B	0.25622	0.41515	-0.74902
TNFRSF4	0.68141	0.95477	2.2096
OC90	-1.2931	-0.62786	-0.66163
PLIN4	0.84628	0.78393	-0.81998
TRIM49D2	1.7897	1.6475	0.015869
TXK	-0.22013	-0.67169	0.42938
LMO7DN	0.86521	2.2095	-0.089647
CCDC61	1.9534	0.050065	0.11488
LOC729458	-0.59647	0.39686	-0.26629
RAD51AP2	0.20347	1.6397	0.29941
TXN	0.12535	-0.64144	-1.2844
TMEM242	-1.5795	0.89259	-1.8648
FAM72A	-0.31475	0.47869	-0.37678
RGPD6	0.85109	-1.5063	-0.34654
FAM231A	-1.3811	1.2108	-1.5334
SPDYE6	0.11925	1.0344	0.5866
TXNRD1	-0.31496	0.2271	1.5354
PRR23A	0.42588	0.062413	0.78756
ZNF812	-1.1062	-0.075228	-0.79454
CCDC175	0.76705	2.022	0.71974
TYK2	-0.22679	-0.4093	1.9621
ZNF878	-1.3977	-0.7955	1.3015
PRSS44	-1.7411	0.36609	0.51191
CEACAM18	-1.0322	-1.0142	-0.77693
TYMS	0.74567	-0.11885	1.5553
LOC729800	2.5927	0.87116	3.5058
FAM160A1	0.59794	0.099326	0.79637
UMAD1	-1.7634	-0.68962	1.4502
TYR	1.2707	2.7503	1.3991
ISPD	0.44619	2.1457	1.4057
SHISA7	0.56699	0.09474	-0.16466
MORN2	-0.98948	0.12344	0.84958
RFPL4AL1	-2.4614	0.73479	2.1302
MEF2BNB	-1.7861	0.13294	1.7141
SHISA9	-0.41264	2.8796	0.88513
C7	-0.49171	1.1829	2.9197
SEC14L6	-0.75915	-0.13341	0.98878
ZNF814	1.2428	-0.71725	4.243
ZNF726	-1.0541	0.024173	0.12179
C16orf52	0.57892	-0.79375	-0.47611
TYRO3	0.586	-0.78841	1.1916
FAM166B	2.0266	0.835	0.8494
TMEM229A	-0.38596	-0.038187	1.3325
LOC730159	-0.058556	0.59672	-0.68629
LOC730183	-0.51071	0.50518	1.3513
IRG1	0.4911	-0.38635	-0.58252
ZNF735	-0.26141	1.431	0.99791
TYROBP	-1.1081	0.8145	1.9647
TYRP1	-0.48938	0.11249	2.9987
KRTAP2-3	0.60477	-0.25219	1.3442
C8A	-0.57671	0.17702	-0.97421
UBA52	0.053943	-0.13106	2.2947
RFX8	0.66607	-0.0044019	2.0721
UBB	1.5784	0.9993	-0.22696
UBC	2.2909	0.29777	-0.7224
LOC731631	-1.3334	0.59873	-0.14069
UBA7	1.1243	-0.035254	4.0649
C8B	0.74546	-0.50954	-2.2729
UBE2B	-0.05331	-0.30275	-0.37466
UBE2D1	-0.53259	5.142	1.5783
UBE2D2	-1.1241	1.7637	2.5594
LOC732265	-2.1707	0.9334	2.8057
UBE2D3	1.5573	0.96521	2.0882
UBE2E1	-1.6731	0.29799	3.2726
UBE2E2	-0.81217	1.7674	0.2365
UBE2G1	2.0703	0.7016	4.6094
UBE2G2	-1.5841	1.5707	-0.38659
UBE2H	0.15826	0.18523	0.24804
UBE2I	1.0705	-0.35849	7.4984
C8G	2.009	-0.9335	0.20988
UBE2L3	0.13548	0.51038	-0.80547
UBE2N	1.1799	-1.3029	0.29468
UBE2V1	-1.0197	0.17128	0.86953
UBE2V2	1.6331	1.6564	1.9328
UBE3A	1.1243	0.69015	0.56391
OSGIN2	-0.47014	-0.070846	1.7457
SUMO1	-0.84711	2.1796	1.8289
UBP1	2.3508	1.0408	2.249
UBTF	0.5511	-1.9444	0.9307
UCHL1	-0.29719	-0.29283	-1.8867
UCHL3	1.572	2.9087	-0.17347
UPK1B	0.72853	0.24585	2.3679
UCN	-0.47178	-0.17733	2.6042
C9	1.2244	3.8359	1.6611
UCP1	1.6789	-0.11309	1.9159
UCP2	-1.0817	0.47036	2.3594
UCP3	-1.2528	-0.030721	1.4463
UFD1L	-0.98963	-1.0383	-0.66159
SCGB1A1	-2.032	0.50686	-0.67295
UGCG	0.83778	-0.79701	-1.3152
UGDH	1.3168	-0.5639	-0.17411
UGP2	0.64427	0.71355	2.2857
UGT2B4	-1.0025	-0.65204	-1.16
UGT2B7	2.6379	-0.43093	-0.18968
UGT2B10	0.75452	0.49705	0.48247
UGT2B15	-0.72462	0.3555	0.35148
UGT2B17	1.0111	1.511	-1.0082
UGT8	0.5286	-0.16045	2.2476
UMOD	-0.61787	-0.50397	0.43816
UCK2	-0.89789	5.2582	2.1229
UMPS	-1.7554	1.911	-0.85395
COL14A1	0.85216	0.70968	-0.40286
UNG	-0.16768	1.9498	0.68859
USP4	1.5433	1.1853	3.3964
NR1H2	-0.042209	-1.2299	-0.99339
UPP1	1.0153	2.0998	0.33123
UPK2	0.54691	-0.38634	2.535
VPS51	-0.36624	1.4334	-0.20969
UPK3A	-0.36396	1.3783	1.9849
UQCRB	-2.531	1.2378	0.39228
UQCRC1	0.67532	1.311	2.4193
UQCRC2	0.77401	-0.34054	-0.073875
UQCRFS1	1.0605	0.39807	-0.036389
UQCRH	-0.17322	2.1912	2.1104
UROD	-1.9621	0.88143	-0.2125
UROS	0.39127	0.11418	2.0293
USF1	0.13322	-0.68786	-0.38639
USF2	2.3506	-0.18973	0.53819
USP1	0.29353	-0.28322	2.5258
USH2A	-1.062	-0.38508	3.9093
MRPL49	-0.46409	1.0206	-0.16482
CLRN1	-1.1544	1.2086	-0.017521
UTRN	0.9301	-0.21573	2.6974
UVRAG	1.0923	1.5775	-0.23291
VARS	6.1094	1.318	4.4687
VASP	0.85349	0.7513	-0.072429
VAV1	2.9887	-1.4325	1.5297
ZNHIT2	-0.68066	0.97525	-0.13622
VAV2	2.5018	2.6584	2.2215
VCAM1	1.8666	6.1402	0.20019
VCL	-0.93047	-0.25625	1.9758
VCP	0.98071	0.30465	2.3588
VDAC1	-0.4678	0.825	2.2211
VDAC2	0.025321	0.069488	0.62046
VDAC3	0.23687	0.8198	-0.53927
VDR	-0.41891	0.062927	1.1339
VEGFA	1.3334	0.71483	0.35162
VEGFB	0.278	2.5552	0.32663
VEGFC	-0.28161	1.0277	0.17015
VGF	1.8722	0.58377	1.6686
VHL	0.89808	1.4322	-1.1842
VIL1	0.66219	1.0172	4.6635
EZR	0.11661	0.55118	4.7703
VIM	0.085778	-0.532	1.0186
VIP	0.20826	0.26605	2.0834
VIPR1	2.028	-0.93547	1.9178
VIPR2	0.015273	-0.8954	7.4933
VLDLR	0.36196	1.7219	3.0534
BEST1	1.3987	1.1166	-0.45396
MPPED2	0.37395	0.26356	6.5583
VPREB1	-0.31108	-0.78311	-0.95245
TRPV1	-0.079174	0.46898	0.45744
VRK1	0.076113	-0.28948	1.8241
VRK2	0.89542	-1.1333	4.197
VSNL1	0.085537	2.7322	0.13766
VTN	4.5869	-0.095193	2.6668
MYRF	2.5246	-0.58793	6.779
VWF	1.4898	-0.82594	-2.2386
WARS	-1.0517	0.023271	1.517
ZAN	1.8454	2.1385	4.3644
WIPF1	-1.2594	1.7232	0.98387
EIF4H	0.87551	-0.27916	0.96988
TMEM258	2.7531	-0.42415	4.8074
CLIP2	0.30684	-0.96982	1.3786
LAT2	0.66536	-0.37559	0.38889
CORO2A	1.1019	1.0978	0.30553
WEE1	0.22418	0.66714	1.1427
WFS1	-2.2443	-0.6318	1.2513
WHSC1	0.39146	0.1433	-0.12491
NELFA	0.050995	0.72811	0.11336
DAGLA	1.8663	-0.078195	7.3931
WNT1	-0.73378	-1.7014	0.47213
WNT2	1.2735	2.096	1.8458
WNT3	0.24381	5.1348	6.6863
WNT5A	0.2253	2.5364	0.99439
WNT6	-0.18766	0.98788	3.3223
WNT7A	1.3775	1.5678	1.9412
WNT7B	-1.0095	0.89275	3.9691
WNT8A	-0.87506	-0.50518	3.5625
WNT8B	0.53123	2.0	-0.30198
WNT10B	-0.53354	-1.4752	0.081913
WNT11	1.0231	-0.11981	0.14608
WNT2B	0.39927	3.587	4.0377
WNT9A	-0.61476	0.43163	0.47501
WNT9B	-0.47973	3.9555	2.8233
WRB	3.1255	-0.74404	1.8481
WRN	-1.6031	1.9951	2.0451
WT1	-1.3318	0.76752	1.1277
XBP1	-0.044945	-0.78022	3.0783
XDH	-0.47201	1.7204	0.77533
XPA	-0.63391	-0.46873	-0.77848
XPC	-0.8579	0.20049	2.1592
METTL12	-0.90746	1.4246	2.3275
XPNPEP1	-0.50178	2.2006	3.6975
XPO1	0.48223	0.33036	1.8861
XRCC1	-1.9053	1.8934	-0.0077387
XRCC2	1.7913	-1.9898	-0.39122
XRCC3	1.3977	1.0496	3.8654
XRCC4	-0.57883	-0.23203	1.9296
FMNL1	-1.6153	1.5213	2.7199
XRCC5	-1.9004	-0.37296	-0.63875
CEMP1	0.75251	-0.84463	-0.66648
YES1	0.57422	1.257	1.3447
YY1	1.9513	-0.25326	1.0768
YWHAB	1.051	0.54309	0.099333
LDLRAD4	0.6818	0.47155	1.8444
YWHAE	0.090073	-0.9248	2.9326
YWHAG	-0.36561	1.3228	0.75493
YWHAH	2.2074	0.90493	1.9387
YWHAZ	-0.31511	1.6528	0.89733
ZAP70	1.7029	0.80585	3.1821
SF1	-1.3072	0.19191	0.47939
ZFP36	-0.64774	1.8154	0.82722
ZFP37	0.70656	-0.48007	-0.83111
PTTG1IP	-0.056366	0.96353	0.24036
ZBTB14	-0.89827	1.2064	1.4569
ZFPL1	-0.33965	1.5173	-0.08925
ZIC1	-0.11136	-0.55847	1.5838
ZIC2	-0.5329	-0.0014904	6.9184
ZNF2	-0.18307	0.60672	2.372
C21orf2	-1.8966	0.62374	-1.0034
ZNF3	2.7952	-1.5967	5.3221
ZNF7	1.7067	-0.23073	3.6475
ZNF8	-0.43505	0.64301	1.4964
CNBP	0.65238	-0.2025	0.52635
ZNF10	-0.73323	-0.85604	3.2737
ZNF12	-0.24997	0.75966	0.4598
ZNF14	-0.7773	1.3023	6.2046
ZNF708	0.9511	-0.48749	1.0062
ZNF16	-0.20046	-0.16465	1.3962
ZNF17	-0.90082	-1.2276	1.8835
ZNF18	0.6563	0.36029	0.052283
ZNF19	-0.12881	-2.0545	3.6693
ZNF20	-0.91052	-0.57025	-1.6175
TMEM50B	-0.99854	0.13146	1.8312
ZNF22	0.26399	0.99522	0.93524
ZNF23	0.23319	-1.2016	3.8611
ZNF24	-1.3522	0.67644	1.4541
ZNF28	0.3187	0.17971	1.3182
ZSCAN20	0.017722	0.8127	-0.0091788
MPPED1	0.79741	-0.83728	1.3753
ZNF32	-1.8843	-0.089416	0.91641
ZNF33A	0.41842	-0.42709	-0.90513
ZNF33B	-0.16643	0.59949	-0.87415
ZNF35	0.83293	0.2818	2.2956
ZKSCAN1	3.4074	-0.76847	6.797
ZNF37A	0.19294	0.065495	-0.13463
ZSCAN21	3.1576	-1.3984	6.2959
CA1	0.2476	0.52332	0.75406
MZF1	-0.5012	2.0956	3.4361
ZNF43	-0.08736	0.81077	-0.065146
ZNF45	0.080757	-1.8657	0.10823
ZBTB25	0.41922	1.1351	3.1272
CA2	-0.61782	0.88273	-0.60905
CA3	-0.48974	1.3403	-1.7255
CA4	-0.23186	2.184	1.7844
ZNF69	1.1934	-1.6432	1.2631
ZNF70	0.47463	-0.85084	0.95544
ZNF74	-0.61182	1.1261	0.19423
ZNF75A	-0.30704	-1.1279	-0.083969
ZNF76	1.0975	0.74187	4.0949
CA5A	-1.4532	-0.066134	1.4806
ZNF79	-0.54519	1.8711	0.069704
ZNF80	-0.37183	1.6009	-0.22322
ZNF221	-0.12447	-0.4512	-0.6722
ZNF85	-0.17988	1.7282	0.94769
ZNF90	1.2363	0.51066	0.43479
ZNF91	-0.8703	0.88371	-0.68783
CA6	1.0372	0.37014	1.0878
ZNF99	0.35268	-0.043585	1.3374
CA7	1.0209	2.3687	0.28982
CA8	-0.91213	0.10367	4.0015
ZNF222	0.22407	0.34528	1.0683
ZNF121	-0.27994	-0.77399	-1.2908
LUZP6	-0.12071	-0.11592	0.26495
ZNF124	0.38628	0.79788	2.1234
CA9	0.98551	1.3314	-0.39264
MKRN3	-1.1915	-0.41445	1.3133
PRCD	-1.2455	1.275	0.91533
RELL1	0.26931	-1.0558	-0.47409
PSAPL1	1.1046	1.963	0.043533
ZNF131	0.0093716	1.7986	4.0305
ZNF132	1.219	1.066	3.7384
ZNF133	0.15968	1.1394	1.0055
ZNF134	-0.56749	-0.27783	-0.72847
ZNF135	0.1584	-0.22474	1.3374
ZNF136	-1.5655	-0.42136	-1.1355
ZNF138	-0.65889	-0.46789	1.4458
ZNF140	-0.53543	-0.70547	4.1873
CA11	3.7797	-1.7302	-0.050349
ZNF141	-0.75164	0.71828	1.3416
ZNF142	0.51044	0.88876	3.1416
ZNF143	-2.4919	1.5625	2.9581
PCGF2	-1.6043	2.4259	1.6319
ZBTB16	-0.49887	2.3669	0.8464
ZNF146	2.1626	-0.45258	0.23964
TRIM25	-2.4999	-0.71635	-0.035298
ZNF148	0.52934	-0.9629	0.10543
ZBTB17	-0.79269	-0.47471	3.8766
CA12	-0.29665	-0.031269	7.3345
ZNF154	-1.5914	-0.19872	0.45324
ZNF155	-0.10432	-0.038279	-0.31495
VEZF1	-0.5683	1.0507	1.8809
ZNF165	0.77751	-0.14024	6.1094
TRIM26	1.0073	2.9389	2.2172
ZNF174	1.064	-0.443	1.0906
ZNF175	1.4097	-0.15579	-0.091295
CACNA1A	-0.080059	0.55053	1.4058
ZNF177	-1.129	1.0803	0.75795
RNF112	-0.53733	1.3899	1.1481
ZNF180	0.084572	-1.2251	-1.0075
ZNF184	0.95385	-0.72448	3.8398
CACNA1B	-1.713	-1.124	-0.69691
ZSCAN26	1.2381	-0.87033	7.7173
ZNF189	-1.1774	0.49899	1.9614
ZKSCAN8	0.82602	-0.13947	7.1248
ZSCAN9	1.0521	-0.66254	7.6231
ZNF195	-0.41394	-0.83187	0.85222
CACNA1C	1.1366	-0.54959	0.44465
ZMYM2	0.61531	-0.18073	1.3043
ZNF200	0.73915	0.03388	0.075368
ZNF202	0.41398	1.7412	0.66661
ZNF205	-0.65163	-1.9224	-0.72084
ZNF207	-0.85944	1.9622	1.1422
ZNF208	0.21316	2.678	0.70924
CACNA1D	-0.42799	0.17817	6.8107
ZNF213	-0.50635	-0.60121	-0.59749
ZNF214	1.9264	0.64955	3.4369
ZNF215	1.4033	-0.27774	1.7651
ZFAND5	-0.17032	0.23329	4.3163
ZNF217	0.70604	-0.049635	0.70921
ZNF223	0.64067	0.15362	2.1258
ZNF224	0.060223	-0.015999	0.84991
ZNF225	-0.06649	-0.073016	0.21805
ZNF226	0.71719	-0.65536	-0.78938
CACNA1E	-1.4403	-0.28787	2.863
ZNF227	1.0242	1.0849	-0.3595
ZNF112	-0.23814	0.80102	-1.6681
ZNF229	-0.020119	-1.3526	-0.0053508
ZNF230	-0.12079	0.35848	0.054405
ZNF232	0.3311	-0.96828	-0.42219
ZNF236	0.1956	1.2723	1.7979
SLC30A1	-1.2493	0.71959	-0.24201
SLC30A2	0.31498	-0.77104	2.3722
SLC30A3	-0.018586	0.53394	4.3205
SLC30A4	1.6859	0.55094	0.29884
ZP2	0.11323	1.064	0.35938
ZP3	-0.23828	0.99688	0.96769
MAP3K12	-0.45194	-1.2842	-0.3691
CACNA1S	-0.030548	0.05714	3.0296
ZYX	-0.43979	-0.97891	2.3993
LUZP1	1.3102	-0.19865	1.8751
PRDM2	-1.0612	1.3115	2.0404
DDR1	3.5099	1.819	2.4515
DNALI1	-0.44698	6.2562	0.95315
PTP4A1	0.7482	-1.2311	0.76808
LRP8	-0.72754	0.92199	1.0359
LAPTM5	-1.8312	1.3591	1.1156
TVP23A	-1.0944	0.1731	-0.11471
BSND	-0.942	-0.98463	0.41592
CACNA2D1	-1.3041	-1.1493	2.5636
CSDE1	0.75787	-1.9522	1.082
EVI5	-0.72693	-1.2792	-0.83541
DAP3	0.152	2.4483	1.7535
CACNB1	1.1139	0.096758	2.8194
NPHS2	-0.56769	-2.0879	1.271
CACNB2	-1.0456	-0.37526	2.151
BTG2	-2.7077	0.033991	1.4731
PXDN	1.2778	0.14915	4.2875
CACNB3	-0.23632	-0.73769	2.1494
ALMS1	-0.47465	0.21636	0.23547
MOGS	-0.42369	-0.091626	2.3675
RNF103	-0.80163	0.31233	-0.013969
TUBA1A	-0.023301	0.53772	0.4743
PAX8	1.1121	1.6794	-1.2019
CACNB4	1.0423	1.8164	1.1588
IL1R2	2.2936	0.16053	1.2052
MALL	0.24173	0.080056	1.4221
CXCR4	2.3322	0.40182	1.9071
FZD5	-0.37632	-0.2308	0.98624
SCG2	-0.56338	0.39077	-0.84029
CACNG1	-0.53227	1.726	0.63754
BRPF1	-0.3532	0.64228	0.67401
IFRD2	0.56779	2.1424	0.35115
MAPKAPK3	1.4329	0.21749	1.221
SEMA3B	0.84918	2.4342	0.81612
SLMAP	1.5126	0.40501	0.49518
MANF	0.82513	0.32219	2.0117
USP7	3.0788	1.6831	1.8243
RAB7A	0.084774	-0.17077	-0.3969
SLC25A20	2.592	2.6057	1.964
KCNAB1	1.2478	0.27719	1.0327
SLBP	-2.6618	0.72807	0.91501
DUSP26	-1.1104	1.476	0.43615
CRELD1	0.28635	-0.15514	-0.051528
MRPL57	0.66941	-0.36969	-0.6427
COLEC11	0.89246	0.42049	0.81844
OTUB2	-0.86762	0.01765	-0.36237
PCYOX1L	-1.3492	-0.1424	2.5387
YIPF2	0.12759	0.38399	2.0031
PRR14	0.10326	0.34497	1.9666
C17orf53	1.5468	-0.44605	0.85518
C7orf49	0.27991	1.5915	1.9041
GDAP1L1	1.9471	0.61711	0.37546
LRFN4	0.0010719	0.2655	1.4439
CAD	0.13241	0.49319	4.1994
AUNIP	0.13749	1.8397	3.3785
VKORC1	0.45513	0.32501	1.5276
C19orf43	-0.49921	2.627	0.93072
MIS12	1.5784	1.8537	0.27752
CUEDC2	-0.456	1.872	5.5206
SCNM1	-0.37565	1.5975	3.9997
METRN	2.1985	-0.92714	0.66672
DBNDD1	-2.224	0.8849	1.8275
SLX1B	-0.43401	0.14227	-0.88697
DDX50	-1.6607	0.044571	0.068935
CAMKV	1.2759	0.63133	4.5452
DDA1	2.1375	1.4948	2.7071
GGCT	1.5466	-1.3259	3.7667
GID4	-0.036714	0.17367	2.2244
CENPM	1.3823	0.45244	1.956
C7orf25	-0.32386	-0.46857	4.5108
TMEM106C	-0.55604	0.006207	1.4902
NUP37	2.6659	-0.47008	4.3865
SMIM2	0.12667	1.7971	0.38011
C20orf195	-1.3342	1.279	3.0484
AHNAK	-1.8541	0.22559	1.1562
ZNF655	0.86649	-0.63324	-0.74771
SPATA5L1	1.2269	1.3306	0.74905
ST8SIA4	-0.91737	-0.57538	0.56103
PDCL3	-1.8971	-0.39481	1.9808
ERI3	1.1264	1.6083	2.0417
C7orf26	0.16898	-0.40235	1.5201
NABP2	-0.072364	1.172	4.0994
KXD1	0.13332	0.019401	2.2276
PVRIG	3.1756	0.17839	4.9643
ZFYVE21	1.4168	0.86625	3.4574
DDX54	-0.36652	0.90813	-0.047575
TMEM38A	-0.36997	-0.42417	1.1907
TSEN34	-1.1702	-0.60538	-0.2458
KCTD15	0.65624	0.85248	4.2021
SECISBP2	0.77724	-0.018561	0.84833
REEP5	0.43124	2.1494	1.6856
NOC4L	0.71192	1.9625	0.45054
ALG8	1.7233	-0.43834	1.2782
TRPM8	-0.020675	-0.09934	0.44239
PRRG4	0.42456	0.87196	1.4249
ASPSCR1	1.2598	1.3448	2.4777
TMEM223	-0.15452	1.0225	3.3713
ATG9A	0.54252	-1.6641	0.91986
METTL16	0.14672	0.81607	0.9253
FTO	0.89815	2.0125	2.0017
KDELC1	0.34906	0.38523	1.6126
ELOVL6	0.66744	-0.13534	0.12163
FASTKD3	-1.3397	-2.1244	1.831
TMEM109	-0.23132	-1.5061	2.3459
C2orf49	-0.16312	-0.53078	0.40383
DSCC1	2.5671	-0.63716	0.89114
DCTPP1	-1.5432	0.15382	2.029
C1orf50	-0.77399	1.1274	1.8673
CCDC86	1.1592	-0.38197	2.2302
LBHD1	-0.86627	1.3948	2.3152
MLPH	0.20894	0.62678	4.3158
WDR77	0.3838	-0.60388	-0.45293
SLC25A23	-0.7655	-0.39712	1.4339
SMIM7	-0.55333	0.23385	1.4378
ALG12	1.1354	-0.59004	0.68429
ZNF426	-0.10842	-0.84907	-0.60116
TMUB2	1.1131	-1.7324	0.90707
TRAPPC6A	2.2031	-0.90099	0.6981
METTL22	-1.4348	-0.54498	1.9475
CARD14	-0.4297	0.8535	0.85321
CHAC1	1.089	2.1371	3.4805
C9orf16	-0.73379	0.56827	0.019183
UQCC3	-0.91295	1.4468	2.14
C11orf49	1.2606	4.2593	2.4162
TRIM48	1.8446	-1.2542	2.4567
C1orf116	0.19261	-0.48345	1.5019
TAF1D	0.30907	1.0279	-0.18051
RNF26	0.43835	1.4815	5.5075
MAPKAP1	1.4132	-0.48048	2.2857
DEK	0.018826	0.87737	0.27428
DHX58	-0.91006	0.8177	1.6814
NDUFAF5	-1.8736	1.2332	0.4457
TMEM185B	2.5106	0.63875	2.0721
FAM134A	1.2645	-1.6785	1.6827
DERL1	-0.42431	0.46409	-1.1991
CCDC28B	0.42946	-0.31666	0.39827
PHF23	0.48037	-0.12259	4.2971
MBOAT7	0.51595	-0.81942	-0.19363
PPDPF	-0.43315	-0.34632	0.81335
CHCHD7	0.78757	1.6199	7.5593
FKRP	2.7957	1.2798	-0.25525
MMP28	-1.0134	-1.0148	-0.507
ZSCAN5A	1.5563	0.066782	2.9448
ALDH5A1	1.6495	-0.32889	1.1749
FA2H	0.65175	1.886	-0.016804
GDPD3	0.23693	0.031365	0.75079
DHRS11	-0.66428	0.469	0.14918
TNIP2	0.16867	1.7491	0.11443
PLEKHF1	0.93132	1.1783	-0.2693
MFSD11	1.8042	1.3343	3.9228
GNPTAB	1.8208	0.29586	-1.111
NOL12	1.4899	3.918	0.35682
PRRC2A	6.9281	3.8665	4.37
TMEM243	-0.05295	-1.1642	0.85133
LENG1	0.45865	-0.059514	-1.2801
LILRA6	0.81749	-0.91059	0.14839
C1orf35	0.18905	0.51841	0.74998
BAG6	4.06	3.3947	4.0227
PRR15L	-1.2423	0.31508	2.754
RBM42	-1.2671	-0.90276	3.9901
CENPO	-0.74209	0.2314	0.28911
C19orf57	0.42546	0.83467	1.069
CRELD2	1.0994	-0.57748	0.75806
ZNF343	-0.95925	0.6008	-0.0059355
FBXL15	-0.14993	1.233	4.9402
ZNF576	-1.407	2.0746	0.28825
THTPA	0.20556	0.25712	1.1469
GPANK1	3.2272	2.4615	3.5835
EFHD2	0.34769	-0.21617	1.5402
TTPAL	-0.29129	-1.0478	1.1539
FSD1	-1.035	0.1267	0.28441
TMEM43	-0.14811	-0.012182	2.174
DDX39B	6.9952	1.3947	1.2607
IRX6	1.5284	0.020451	0.62458
IRX3	0.55983	0.89358	2.8776
IRX1	0.31087	1.4946	-0.19585
ABHD16A	4.5823	0.75878	3.1438
SLC39A7	2.2455	0.046783	1.4512
THOC6	-1.2384	0.615	2.0591
HSD17B8	2.3288	0.053857	1.5047
ZNF557	-0.51018	0.58284	-1.5943
MMEL1	0.1475	-0.039081	2.438
DCAF10	-0.96795	1.3608	2.0736
OR13A1	-0.25495	-1.4552	0.47717
OR5H6	-0.76346	0.14683	1.6854
CALB1	-0.72144	-0.070753	1.7174
OR5H2	-0.79756	-0.51031	1.6521
OR4K5	-1.0559	-0.4006	-0.67619
OR2H2	-0.0050818	0.63139	1.4873
OR51G1	-1.307	-0.35545	-0.1042
OR51B4	-0.017366	0.24628	0.44357
OR51B2	0.29721	-0.095366	-0.010739
NELFE	6.1094	1.463	1.7854
RSG1	0.30847	0.80007	2.5203
ZXDC	0.43934	2.2998	3.3449
BHLHE41	1.2139	-0.41545	1.6905
FCRL2	1.2833	0.7282	0.6833
B3GNT4	-0.91088	0.43355	0.99736
BCL2L14	-0.61492	-0.77413	0.99116
CALB2	0.016916	-0.61959	2.3142
LST1	7.5392	3.2987	2.3856
NOX5	0.38345	0.5423	0.091356
PLA2G7	1.1346	1.5424	0.17697
GLB1L	-0.55117	-1.29	0.67786
KREMEN2	-1.2517	0.92563	1.6804
ZBED2	0.12614	1.0744	1.8174
LRFN3	0.31775	0.56114	1.7931
C17orf62	1.391	0.47539	1.3906
TFEB	-0.48703	-0.079302	0.34299
HAUS3	0.29773	-0.10885	1.6601
LRRC2	-0.43458	0.75735	1.1227
FYCO1	1.4443	0.69905	3.1369
BIRC7	-0.45053	0.87356	1.6192
WDR25	-1.7984	-0.43384	3.2837
PAGR1	-0.68918	1.7807	0.012756
ULBP3	-1.3516	0.21632	-0.20664
OR52N1	-0.35666	0.60142	1.4653
OR2A4	-0.31781	2.5047	-0.15039
OR4K1	-1.1266	-0.025946	-0.38262
FAM65A	0.44208	-0.69519	4.4203
C2orf47	1.2071	1.2436	0.89579
EPM2A	1.3749	-0.63765	1.2473
NKAIN1	2.201	-0.42771	-0.21542
GCC1	-2.0283	0.53541	4.2
ATP13A3	0.36584	3.4537	0.14229
TTC13	0.21268	0.14817	0.17831
EPS8L3	1.2637	-1.8086	-0.36308
ABHD8	2.0589	1.1517	4.0548
CDC73	-0.2821	-1.0701	0.22514
SLC52A2	2.227	-1.0257	0.47047
SPAG16	0.86926	-0.23457	2.2523
TMEM231	0.51927	1.2555	0.77696
CORO7	0.76693	1.2016	3.4076
CHPF	1.3492	0.71791	2.0185
CARS2	0.77055	0.84381	1.1152
MRPL24	2.2607	0.95826	1.0249
C10orf76	-1.0803	0.36426	3.5135
MUL1	-1.0178	-2.3665	0.043114
SAP130	0.49662	0.75547	1.2933
RNF219	0.83012	1.6342	2.0284
CEP97	0.57622	0.78259	1.6567
CALCA	1.3251	2.0856	-0.88526
TCTN1	0.57788	-0.27516	0.077821
ADIPOR2	0.49694	-1.2046	-0.933
CERS4	-0.55779	2.2379	4.0747
PGBD5	0.8629	1.3838	0.87002
FAM118B	-1.9801	-1.3061	1.6268
RIC3	-1.81	0.26985	-0.48916
VCPKMT	-0.27999	0.2722	-0.16541
ACSS3	-1.2568	0.99628	1.3668
NAA16	0.29033	0.95896	2.2059
TANGO6	3.2835	-1.4321	1.852
CCNJL	-0.94806	1.0744	-0.50948
HMBOX1	0.50666	0.75411	1.7983
RNASEH2B	-0.67185	-0.5897	0.68088
SNRNP25	-1.922	0.31003	2.5418
GALNT14	0.026305	0.47748	-0.42347
ARMT1	-0.52187	0.43348	-0.18203
NDNF	0.47316	1.1368	0.81286
TNFAIP8L2	-0.73746	1.8245	3.9095
OGFRL1	2.0844	-0.25205	3.5565
SH3TC2	-0.29951	2.9035	1.3709
OCEL1	0.53963	0.32986	2.3813
C1orf54	-0.73295	1.3002	5.265
EFTUD1	0.68436	-0.43956	3.0058
FAM184A	0.64115	0.085954	2.973
FAT4	-1.2684	0.3384	0.11843
SCRN3	0.24879	1.0836	-0.15331
CCDC121	0.30276	-0.85054	1.9348
ARMC7	1.1958	-0.43656	2.9631
TMEM53	-0.22492	-0.89676	-0.35604
C22orf46	0.14972	0.45222	2.7174
ROGDI	0.58722	1.5878	0.94987
ARSJ	1.9851	2.6652	1.1677
CHMP6	1.2526	-0.6021	-0.45992
SRD5A3	-0.47641	0.1115	1.5355
EFCAB1	-0.42193	0.026184	3.3021
PANK3	-0.57033	0.28747	0.0046931
AKIRIN1	-0.48835	-1.7612	2.7685
MCPH1	0.31607	1.9186	2.6707
AIMP2	-1.9326	-0.38893	0.72666
USB1	0.13972	2.9019	-1.1573
RHBDF2	-0.9894	-0.13288	1.7001
TMEM204	0.56182	0.10219	2.1562
HECTD3	-1.8745	0.8926	-0.2378
BEND5	1.0945	0.71846	1.7073
RPAP3	0.52093	1.9221	-0.69796
ARHGAP10	0.677	0.85898	0.42041
DYNC2H1	-1.3096	-0.29478	2.9602
PPP1R3B	1.3637	-0.96044	2.2851
NEIL1	3.99	0.79396	0.65256
HSPBAP1	-0.90592	-1.3145	1.4103
ICE2	0.23343	-0.62477	3.6935
DHX40	0.39367	1.0487	1.505
PLEKHF2	-0.15866	-0.025406	-0.13027
PARP8	-0.089633	1.5287	1.8154
C3orf52	-0.065372	0.94518	-0.98654
ZCCHC6	-1.3114	0.57451	0.21374
NLRX1	0.0029885	-0.057823	1.3592
FN3KRP	-0.70992	-0.75743	1.6474
ZNF329	-1.6512	0.99624	-1.0032
VEPH1	-0.12379	1.1943	0.51406
FASTKD1	0.1003	-0.12308	-1.3591
OGFOD2	1.1111	3.1068	2.0166
SMC6	-0.32427	1.9967	0.58821
VTCN1	1.3998	-0.27327	-0.30912
C22orf29	0.24287	6.7637	0.77332
CENPU	-1.6768	0.7201	0.25389
ZDHHC14	0.48237	-0.10404	2.4241
MSANTD2	-0.63481	0.37133	0.39617
SAP30L	0.82578	-1.1747	1.2009
STEAP4	0.17712	0.92013	-1.2515
GAL3ST4	2.7561	-0.38103	5.5486
QTRTD1	-1.3838	0.87177	-0.26915
ZNF322	1.5562	0.045398	6.0509
YRDC	0.16595	1.8713	1.7651
MANEA	0.20148	0.36001	2.1095
GALNT12	-0.072234	-0.45415	1.9144
ZC2HC1C	1.3767	2.2312	1.7303
C14orf169	-0.92824	1.7301	3.5403
ZMAT4	-1.092	-1.386	6.5754
ZYG11B	-0.61463	-1.3559	4.4518
CALCB	-0.27604	3.4885	0.73865
OGFOD3	0.027476	0.95238	1.9172
C11orf80	0.16312	0.36223	1.6938
LRRK1	3.4765	-0.15827	1.3856
PRKRIP1	-0.80765	1.161	1.2657
NOL9	0.27074	0.30977	1.8397
COLGALT1	-0.32053	1.4633	0.54519
IPO4	-1.0248	0.052402	0.0066364
GTDC1	0.2755	0.77455	3.3406
IGFLR1	-1.6113	-0.0086279	5.4571
CCDC51	0.51603	0.2203	-0.099217
NPEPL1	-1.0521	0.13449	-0.96923
PPCS	-0.42512	0.48461	-0.041029
TBL1XR1	0.83815	-0.88459	2.4068
AAGAB	2.4655	0.031086	3.3779
VPS37B	0.2441	0.47905	0.7188
ANKRD55	-0.058005	-1.3958	-1.7636
SUV39H2	1.1353	0.55429	1.7105
ZNF768	-0.43023	-1.0472	2.6614
THAP9	-0.38426	0.50889	0.090468
WDR59	1.3675	-0.83615	0.25328
LIN28A	2.1534	0.088165	1.6023
PALB2	2.3416	-1.528	1.1642
SH3D21	0.23288	2.1152	0.75324
NSUN7	-0.15175	0.53639	-0.20294
NARS2	2.46	2.1575	1.8252
E2F8	-2.3502	-0.82326	-0.91659
KCTD17	1.166	0.066759	1.4721
TBC1D17	0.84841	1.0476	1.0297
TEFM	0.052924	1.2859	-0.39033
BBS10	-0.24496	0.9044	-0.85586
TTLL7	-0.63023	0.31944	0.95324
ZBBX	0.54624	-1.8783	1.0572
CCDC7	1.1881	0.62541	0.89215
ZNF419	-1.6564	1.1283	0.92219
CLIP4	3.0299	-1.044	0.45756
ECHDC3	-0.50216	-1.5857	1.3089
ADGB	-1.5054	0.85373	-0.52587
LMAN1L	3.7707	-0.24232	-0.6077
MAFK	0.52331	1.3834	0.18909
ZNF385D	0.44547	1.8313	4.3538
SLC25A22	0.19581	2.0685	2.9258
ZFAND1	-0.10573	0.20296	-1.9542
SNIP1	-0.54842	6.5531	1.0276
ASB13	-0.40482	-0.8785	1.5282
ZNF750	-1.221	-0.067437	1.3655
DHRS12	1.6656	0.52986	3.1979
ZNF668	0.5179	0.60091	1.6362
FZD3	-0.71647	-0.71298	0.54851
GEMIN7	1.5696	-0.57767	1.5792
C1orf115	-0.00095471	0.42597	2.1386
ISOC2	0.1929	0.29491	0.036319
ELMO3	0.23184	-0.066145	3.8445
KATNBL1	0.28747	1.2528	4.2073
TXNDC15	-0.92049	0.8881	0.7993
MCTP1	-0.52357	1.4827	0.45909
GRTP1	0.076132	-0.38284	-0.85701
ZFHX4	-1.5554	-0.35872	2.8235
ACBD4	-0.38688	1.9061	0.25364
MICALL2	-0.16112	-1.0012	0.47635
MTERF1	0.84608	1.648	0.64735
CCDC82	1.0062	-0.30576	3.446
IQCA1	-0.90097	0.30364	2.238
LRRC31	0.070131	-0.11721	1.0437
SUGCT	0.33854	-1.6226	1.7161
MYH14	0.54292	-1.3443	0.43068
RERGL	1.1561	1.6495	-1.1703
KLHL36	1.11	0.51185	0.8868
ZNF665	-1.4162	-0.86972	0.69861
CLMN	1.108	0.83547	-0.68513
SHFM1	1.6035	0.53971	1.6742
FBXO31	-1.0104	1.7395	3.8859
GSDMD	0.81428	1.6182	2.6487
C12orf49	0.17503	-0.56605	1.1266
ALG9	1.1438	-0.86791	1.3658
ZNF408	2.2671	3.633	-0.045309
ARMC5	-0.62348	0.19394	-1.3582
UGT2A3	0.54907	-0.083827	0.19702
TFPI2	-2.6495	-1.9685	-0.77436
CARF	-1.7724	-0.25263	1.8526
SHCBP1	-1.0334	-1.4618	0.92421
HHIPL2	-0.57793	0.27599	2.387
HPS6	-1.5699	0.49428	3.6116
VASH2	0.60029	0.36584	0.67433
GSTCD	-0.51911	0.9689	-0.32302
TTC21B	-0.036686	0.14755	1.2329
PTCD2	0.92079	0.41733	3.0123
SLTM	-1.5966	0.30641	3.8821
MMRN2	0.46651	1.6446	2.0261
AGMAT	1.5952	0.27907	2.6274
NIPAL2	-1.0733	0.25586	-1.5665
TLE6	0.64715	-1.7675	-0.057209
MOB3B	0.59439	1.1744	0.98169
ZNF552	1.4967	-0.52007	2.683
WDR78	0.58371	0.32381	-1.1147
ST7	-0.056316	0.99006	0.71809
CATSPERB	0.13356	3.4993	3.035
ARHGAP28	0.5167	0.41063	1.2206
CAMKMT	-1.3001	-1.3838	5.0211
EFCC1	1.1599	-1.3629	1.3838
CLMP	-0.91776	-0.20735	3.7934
METTL8	-0.89554	0.03508	2.1996
NAA40	0.23565	2.0948	0.07459
ZMYM1	0.24986	0.86657	2.6827
KDM8	1.1762	-0.47103	-0.23802
QSER1	-0.40141	0.18737	1.8237
GEMIN6	-0.071747	0.52116	0.4553
PEAK1	-0.85559	0.23578	2.4874
PIP4K2C	-1.6012	0.48294	3.4967
TMC5	-0.7923	-0.57178	-0.037511
CCDC102B	-1.8735	2.1461	3.388
ARHGEF5	0.32725	2.6264	-0.76483
NHEJ1	0.78817	-1.5939	2.7454
AGBL2	-0.64171	0.55754	5.3282
ZBTB3	-0.079608	0.88801	1.6253
FAM124B	2.4834	-1.26	0.084896
ZDHHC11	-0.16182	-0.37084	1.5078
RNF122	-0.58104	1.6569	0.56258
CFAP69	-0.55693	0.76859	0.0083858
TMEM180	-1.0958	2.4243	3.806
CSPP1	-0.93138	0.79935	-0.20362
PDZD3	0.28228	0.67606	1.3796
FAM57A	0.1236	-0.31299	-0.56304
EPHX3	0.42212	1.3775	0.21549
TM4SF20	2.5602	2.7084	2.1933
SNX22	-0.037689	1.9843	-1.2287
NEK11	-0.7929	0.58165	2.3072
TUBAL3	-0.33383	1.1686	0.48523
ZNF669	0.51669	0.77007	2.3159
RBFA	1.1669	-0.98355	0.81742
C11orf63	-1.0985	-0.086678	1.4765
TREML2	-0.52312	0.91633	-0.81018
BORA	-0.020324	2.9828	1.5818
TCTN2	0.31241	-0.37914	0.74458
CPSF7	-0.41411	1.0289	0.43007
BAALC	-1.5902	-1.2349	3.0705
RPAP2	-1.1466	-0.73368	0.6558
CBLL1	-0.68417	-0.98168	-0.37936
NUDT18	2.3685	1.9222	1.8432
RABEP2	0.85878	0.77917	2.5059
THSD4	0.80212	1.0034	5.2134
UBA5	-1.8217	0.69952	4.6977
DCAKD	-1.4872	0.69145	-0.14926
CCDC134	0.42059	1.3469	3.2623
ZNF212	0.18485	-0.20847	1.0478
ZC3H14	1.3517	-0.21581	2.1397
PODNL1	0.11426	0.91218	1.4187
MAP9	1.2454	-0.1757	-0.72217
HDAC11	0.95713	-1.6199	1.1162
CAAP1	0.79628	1.1687	0.80001
PLBD1	0.52154	-0.0331	1.6633
LPCAT1	-0.25762	2.2175	2.6737
RIN3	2.9352	0.91299	4.3543
ZNF671	-0.79391	0.12345	0.88255
MCMBP	0.80978	-0.2552	0.53379
GGNBP2	-0.45389	0.84684	0.19862
ZNF672	0.56126	-0.49453	-0.78869
ATP8B4	1.3963	0.60498	0.70019
THNSL1	1.6527	-0.68652	0.32534
RPP21	1.1126	2.378	2.5738
ZNF613	-0.8053	0.61185	1.2205
PRR5L	-0.079994	-0.22918	1.2151
CALCR	-1.0721	-0.50712	1.0974
CYBRD1	-0.19846	1.0013	0.23156
NUP85	-0.46816	-0.75331	2.1785
NAA60	-0.36435	1.2847	1.5552
TMC7	-1.043	0.62865	1.7079
MORN1	-1.2243	0.30553	1.5055
BTNL8	1.1736	0.083762	1.0021
TUSC3	-0.51284	3.049	0.67949
PYROXD1	-0.075432	0.81445	-0.28078
ACTR5	0.7432	0.0038344	-0.8845
ATAD5	0.81713	0.89384	-0.079098
SETD6	-0.41162	-1.1348	1.1018
C2orf54	-1.052	0.71093	3.476
MRM1	-0.58772	0.3274	-0.019439
ADM2	0.31457	0.58518	0.58675
SPEF2	2.6414	-0.86019	-0.11202
FAM110D	0.093266	-0.11404	1.4229
MAP6D1	-0.50549	1.2851	1.6806
UBXN8	-0.096151	1.1219	1.1662
DOK3	-0.91354	-1.1523	1.8501
TNIP3	-0.73651	2.345	-0.8158
KIAA0319L	-0.79619	-0.25239	-0.28603
SYNPO2L	0.063561	-0.0045905	2.5956
ADCK4	0.69742	0.69983	1.8161
CNTD2	0.28279	-1.8419	0.74713
CNTNAP3	0.42299	-1.0297	2.0502
SLC35E1	0.40469	0.9496	1.6681
KAT6A	-0.45788	-1.0481	1.9266
ZNF696	-0.58051	1.1194	0.57504
L2HGDH	-0.9869	-0.24624	-0.30369
C10orf95	-1.0018	2.3137	4.6883
DHDDS	3.3949	-0.56497	1.4259
LPPR3	-0.74136	1.9526	3.6342
PLEKHS1	-0.36955	4.3641	1.2969
SYNDIG1	-1.7993	-0.076579	0.077028
NOL10	-1.6433	1.1284	1.2057
PDZD7	-0.69876	0.84595	6.5017
ERMP1	-0.00016866	1.1877	-0.25868
PAQR6	0.91541	0.65933	0.60361
DENND1C	-1.0796	-0.92294	1.4792
CEP76	-0.52196	0.39983	-1.7422
JADE1	-0.41136	0.20867	3.8931
DENND2D	0.9251	1.5325	0.9373
DNAJC22	-1.6442	0.03279	-0.15505
SCD5	0.83462	0.1072	0.1391
WDR76	1.9597	2.2001	2.2043
ATAT1	2.2213	1.2318	1.1602
WLS	0.21773	1.3065	0.058617
ZNF442	-1.0279	0.84437	-0.5862
CPED1	0.15353	0.56267	-0.6875
GRHL2	0.39271	-0.0059444	-1.1017
DSN1	-1.4414	-0.080721	3.425
FRMD1	1.9003	0.37925	-0.14976
DNAJB14	-1.064	4.1483	1.7987
SVEP1	0.28297	2.1859	-0.33067
TTC26	0.20822	1.2591	1.6023
PLEKHH3	-0.23002	1.8396	1.6172
OBFC1	0.89474	-1.1969	3.2957
ELOVL7	1.5274	1.0773	0.8078
ANKRD53	0.12801	-0.98758	4.7063
CALD1	-1.4061	3.1323	1.9858
PSCA	1.7133	-0.75766	2.0925
GREB1L	0.5291	0.91936	1.8878
PCNXL2	-0.30343	-0.77914	-1.8459
ESRP2	-0.080205	-1.563	6.3804
DOCK5	-1.2048	1.9654	3.7713
TRAPPC13	-1.8266	-0.09795	0.99849
C10orf88	3.6893	-2.3324	4.3953
TMEM156	0.4295	0.49808	-0.72587
GLRA3	-2.3298	-1.3088	1.3817
RMI1	1.033	1.1919	1.594
FAM192A	0.1186	-0.76745	-0.093491
PHC3	-2.2208	0.4877	1.9153
FAM188A	0.42058	1.6007	0.17257
WWC2	0.84298	1.1069	0.39318
C14orf159	-0.4908	-0.37451	1.376
NAA25	2.3975	-0.35484	1.7723
UBTD1	0.028075	0.16419	1.5856
FOXRED2	-0.46004	0.18031	0.95979
TMEM62	-0.41728	-0.58268	1.5662
NRSN2	-0.41461	-1.1522	-0.10739
SLC8B1	-0.10785	-0.80734	0.12211
PANK2	-1.3157	-1.0864	0.80791
FBXL18	1.0175	1.9491	0.11131
SEMA6D	-1.1321	0.13213	4.4458
ZNF556	0.39898	0.216	-0.66337
CSRNP3	0.9258	-0.72233	4.1643
TRPM3	4.0076	0.75365	2.4276
GPR157	1.1265	-0.56838	1.0776
PGAP1	2.1622	-0.063795	-0.82628
LRRTM4	0.46113	-0.75671	1.1305
ATF7IP2	-0.65031	-0.25146	0.64536
DCAF17	-0.85149	-0.11255	0.22604
ADAMTS20	-0.50423	1.7046	0.35611
CCDC15	0.44309	-0.5376	0.51839
ZNF606	1.0059	-0.31956	3.164
MZT2B	0.96462	-1.0991	0.15092
C7orf69	-2.0014	2.062	2.076
CALM1	-0.28229	-0.3615	-0.32742
ZFP2	-1.7611	1.0087	7.0175
ZNF614	-1.2634	0.077689	-0.1409
C3orf36	1.5812	1.6895	-0.14976
BICC1	0.59714	8.5864	8.2815
BAIAP2L2	5.6229	1.7206	3.8736
ARL14	-0.40859	0.64776	-0.35118
PIF1	3.1449	-0.095165	0.21707
MAP3K19	-0.1554	2.8028	-0.18152
VCPIP1	-1.0409	-0.13397	1.0735
CCDC33	1.4259	0.46698	0.24908
CCDC176	-1.1709	-1.3512	4.4399
TRIM46	3.3416	0.092442	4.082
CCDC170	0.18694	0.22306	1.3729
NR4A3	-0.20013	2.0421	-0.2854
LRRC8E	-0.026131	-1.8077	1.1271
MROH9	-0.63812	1.3428	1.6878
RPF1	-1.2984	0.77958	0.65497
ZNF703	0.034531	-0.69107	0.043003
PTGES2	-0.993	-0.40936	-0.19669
SIKE1	0.81861	-1.691	0.87051
FRAS1	0.72289	-1.1436	4.4052
THOC7	-0.36128	1.3771	3.2959
UXS1	1.4039	-1.723	1.3813
PQLC1	0.72164	0.24749	1.5773
ZC3H12A	-0.88009	4.8149	0.57611
ASRGL1	-1.1207	0.8681	-1.301
CENPT	-0.16648	-0.82425	7.0446
EDC3	1.2598	-0.13544	-0.069366
NAA15	-0.5222	-0.21854	0.066384
CWH43	-1.7831	0.78668	0.12101
ATHL1	-1.9411	1.311	-0.2683
PRR36	0.44309	-0.87787	0.68295
C4orf29	0.92056	3.2006	0.040861
MOGAT2	2.3026	0.087642	-0.21812
CTC1	-0.8611	-1.1766	2.7345
IFT74	0.69102	0.91972	0.17082
DBF4B	1.6123	1.0102	3.1484
SPSB1	1.17	-1.2737	2.2305
MYCT1	0.7174	1.2169	0.89733
C16orf59	1.956	-1.0878	-0.79141
MYO19	-0.44692	1.0415	-0.21213
KIAA0226L	-1.2148	0.88463	-1.5473
CEP290	0.38513	-0.13471	1.3303
TTI2	-0.40193	0.89931	-0.16636
BRD3	1.5336	0.49479	1.6261
TMEM134	0.82731	0.19725	4.3624
TMEM254	-1.4103	1.7837	-0.76742
RNF34	0.63032	0.24546	1.7876
MUS81	-1.0401	3.8874	3.2742
FUZ	-0.21837	0.78904	0.47785
HKDC1	-1.071	0.51456	1.2784
FBXO11	0.11049	-0.87105	1.9632
CHD9	3.8703	-0.10731	0.13546
FHOD3	2.1159	0.63921	2.1425
OPA3	0.59591	1.4628	1.0804
SPG11	-1.8467	-0.42622	-0.35902
PROSER1	-0.0045005	0.84599	0.84867
NUP214	0.41667	-0.36326	0.47415
ARMC9	1.1229	0.83787	2.8487
CCDC92	-0.064515	0.26027	5.0071
TM2D3	1.427	-0.32278	0.18192
ALPK1	-0.046986	0.51095	-0.93459
CFAP43	0.4683	-0.21328	3.3512
NAA50	0.012416	-0.84835	-0.49879
COQ10B	0.32309	0.68688	-0.41415
LHX3	-1.9129	1.3364	4.2958
ACSF2	-1.5681	0.88249	2.8073
TARS2	-0.0014352	1.2225	5.6432
RAB11FIP1	-0.85614	0.25066	1.9133
NUBPL	-1.1306	-0.62752	0.93952
PAAF1	-1.2044	1.1142	2.8089
ORAI2	-0.10354	1.0625	1.45
RUFY1	-0.61282	-0.6022	1.6069
WDR26	-0.39874	-0.60416	0.17362
C17orf70	5.2608	-0.82545	7.1121
PIGZ	0.34848	0.12042	0.7245
ELL3	1.5323	2.1875	2.117
PREX2	1.0047	1.189	0.95999
CEP63	3.1237	-1.3428	3.534
SLC35F5	-0.19332	-0.48898	1.8075
FAM214B	0.22499	-0.83815	1.7644
C16orf70	-0.025386	-0.097839	3.4557
TRIM45	0.087909	-0.019011	0.60781
ZNF430	0.47997	-0.42514	0.92134
EDEM3	-0.18046	-0.035849	-0.51002
STAM	0.040981	-0.6519	0.19564
HSD3B7	1.1616	0.80595	1.0418
ITPKC	0.52687	0.97005	1.135
GRPEL1	0.2998	2.0446	0.10711
SCUBE1	-1.2299	1.471	1.6322
CDK5RAP3	-0.85634	0.14726	2.8412
MLLT10	-1.2038	1.8446	0.58838
CUBN	0.73319	0.45361	1.125
MTERF2	0.79936	2.7972	0.61606
CCDC6	1.0053	0.58075	1.597
PLEKHO2	3.232	-0.61531	0.5044
EFHD1	0.54167	-0.63734	6.7351
C2orf44	-0.73268	0.82019	1.4809
TRABD	-0.51424	-0.14765	2.4341
MED28	1.9777	-0.39071	0.8715
FLAD1	0.79196	0.26384	2.5078
SPHKAP	-0.11683	-0.61079	2.2558
NCOA4	-0.11524	0.49189	0.79553
PDGFD	0.34127	0.27771	-0.50559
TET1	-0.66945	-0.55729	2.3965
LRRC27	0.8318	0.40592	3.8542
EPC1	0.80315	-0.58157	2.7233
CPEB4	-1.57	1.1816	-0.30247
ZKSCAN3	2.183	-0.7006	7.0811
GKAP1	1.43	0.60682	1.9752
CXXC4	-0.7972	-0.56778	-1.3379
SP6	-1.1674	-0.0071417	3.5159
CEP70	-1.9631	-0.06788	1.4831
CCDC68	-0.064559	0.69515	3.1736
PUS1	0.72629	1.5422	0.90518
ABTB1	0.93773	-0.77767	6.5684
WNT10A	0.20686	0.92194	3.2218
ULBP2	-0.95227	0.56896	1.3883
ULBP1	-0.96777	-0.18456	1.3113
DNAJC5	1.465	-1.2473	4.0944
ADAM33	-0.363	-0.66084	0.83847
KCNIP4	-1.2192	-0.40282	3.6971
WDR82	1.2685	1.1107	1.1491
PABPC1L	0.13131	-0.018925	0.16569
PNPLA3	1.7143	-0.32519	0.2448
SLC25A16	0.26972	0.84469	2.6645
BPIFB2	0.54269	0.91451	1.9894
TRAF3IP3	0.99234	0.46325	1.4059
SEL1L2	-2.1309	1.8206	0.31243
DCAF11	1.2528	-1.2699	1.8076
ZSCAN16	0.85124	-0.1705	7.4688
REEP4	2.3644	2.3106	1.8611
COASY	0.31231	2.073	1.3403
WDR61	1.8005	-1.0612	-0.42366
TNKS2	-1.1855	0.47772	3.7287
RNF39	0.68407	2.8617	1.8065
SHOC2	2.525	-0.38563	-0.2715
ADAM12	1.1906	1.7376	3.0432
PDCD1LG2	0.43351	-1.3976	-0.25549
CD276	1.0234	2.3481	0.72376
RASSF7	1.4303	0.22799	1.1043
CSRP3	-2.0113	-1.0668	0.80994
CALM2	-0.43881	0.54875	-0.86597
PDHX	-0.19118	-1.7743	-1.1931
FOSL1	-1.1936	4.2586	3.0371
CUL5	-0.081051	0.3273	6.1317
UBXN6	1.6149	-0.53296	-0.73199
SLC19A3	-1.831	0.49861	-0.37788
TSGA10	-1.5886	0.20459	1.4589
AKNA	2.1162	-1.3359	0.17041
PBX4	0.26106	0.39122	6.1094
SLC35G2	1.821	0.93493	0.3098
ACAD10	3.3509	0.94783	0.48351
SRCIN1	0.27349	1.7671	2.0791
KIAA1683	0.62234	-0.3589	4.0072
TTYH3	-0.95203	0.36977	1.6329
ARHGAP39	-0.17918	0.0058173	0.25475
PTP4A2	1.2866	0.48588	-0.3969
THSD7B	-1.0633	0.70704	-0.13923
SLC44A4	6.1094	2.8348	4.1963
VWA7	6.1094	1.2214	4.304
C6orf25	6.1094	0.85877	3.8086
FGF23	1.8773	0.22002	0.6579
LY6G6C	7.5835	0.5699	3.5971
LY6G5C	2.7761	1.6554	3.3678
PRR3	2.7944	2.7132	0.69331
THUMPD2	-0.035261	-0.59724	2.5655
TSEN2	0.41235	-0.86023	1.2482
AARSD1	-2.0888	1.5189	3.0826
TMEM121	-1.0735	1.3216	0.52788
PRR7	-0.87094	-1.8647	4.4358
KHDC1	0.34069	0.57753	2.1857
ITIH5	0.13518	-0.91967	1.0264
UPK3B	-0.73692	0.92473	1.6875
NDFIP1	0.018706	0.12684	0.3243
SPX	1.7895	-0.70434	-1.4013
THAP7	1.5548	-0.97512	1.5816
STARD5	-0.78921	0.66699	0.8893
CPTP	0.041735	2.1311	3.0159
LIMD2	0.40136	1.3368	3.9519
TMEM177	-0.79657	0.88552	0.024629
B9D2	2.043	-0.64772	3.2685
CYB5B	-0.66408	-0.76938	0.66225
ZNF34	1.4991	-0.48741	2.809
USP5	0.27112	1.1853	2.4586
COL18A1	2.3543	1.907	2.9526
INTS5	-1.6347	1.5699	2.4723
MLF2	0.99884	-0.52874	1.7333
CMIP	-1.2175	-1.2206	1.0316
CALM3	1.319	0.62723	0.91835
ASXL3	-0.18829	-0.61535	0.095706
CEP44	2.1272	-0.59972	-1.2864
ZNF436	-0.80351	0.84905	2.7496
SSPN	0.28232	1.639	2.7124
EEPD1	1.2927	-1.9744	4.9364
DDHD1	-1.745	2.5486	2.4632
DUSP16	-0.99404	0.53483	0.97672
ZFP91	-0.86858	1.9633	0.61047
APOL6	0.57167	0.20563	0.74776
APOL5	0.46926	0.79593	0.51691
APOL4	-0.40687	-0.63166	0.55314
APOL3	-0.092468	-0.79298	1.5274
TAS1R2	-0.29422	-1.8605	-0.6362
TAS1R1	-0.0036396	-0.39531	1.8161
KMT2D	-0.23075	-0.31458	1.8694
SH3BP5L	0.88169	-0.53441	1.5421
GRIP2	-0.68241	-0.85764	-1.8882
KDM7A	1.9541	-0.15251	-0.56843
SETD7	-1.0484	-0.2443	1.924
KIAA1715	-1.4458	-0.58003	0.44612
AAAS	0.73468	-0.30682	0.16582
PRRT1	7.675	3.9334	4.1361
EGFL8	7.4501	4.3182	4.1526
FXR1	-0.042916	-0.85881	1.1196
YEATS4	1.5789	0.97442	-1.0512
ILKAP	-0.44358	-1.192	0.76594
NPL	0.75136	-0.0040455	0.85807
HMGA2	0.0029931	2.4297	2.1095
ALX1	-0.0032599	0.44784	2.7878
TMPRSS5	1.0412	-0.88519	1.2063
CDK2AP1	2.2943	2.9211	1.6859
ACTN4	-0.67272	1.2037	0.98826
CALML3	-0.50346	1.0355	-0.89153
IFT88	-1.0434	-2.2804	4.791
GJA9	2.7636	-0.35743	1.4384
TUBB1	-0.51391	0.41434	1.5099
WNT5B	0.42778	-0.21198	-0.66296
ZBP1	0.041339	0.47035	1.1712
SLC2A10	0.1854	0.24095	-1.1066
KCNH6	-0.97381	0.4688	2.98
SLC25A32	1.7087	-0.98875	1.592
COLEC12	-0.0077157	4.0156	2.6078
CLPTM1L	-0.89581	-0.10521	0.12328
OR5AC2	2.0086	0.90013	0.45011
PABPN1	-0.005156	1.5616	2.5251
CALR	-0.45893	1.5253	2.7025
DPF3	1.7578	0.59071	4.8184
GPR68	0.48975	1.6017	1.4446
OR4K15	-1.9764	-0.4818	0.40225
TCL1A	-1.367	0.34037	0.55723
OR8J3	1.4269	0.1698	2.5702
AP3B2	-0.18436	1.5611	2.6384
ANP32A	0.8894	-1.2169	0.8894
ST8SIA2	0.51948	0.10519	-0.76923
OR51G2	-1.491	-0.19306	-0.13064
OR51E2	-2.8658	1.788	-0.77043
CALU	-0.18954	1.333	0.44911
OR4P4	1.0048	-1.5046	0.12133
OR4C15	1.6373	-1.4823	2.3498
NPRL3	-1.0268	0.018263	2.7581
OR4A5	1.8992	-1.3402	3.331
OR4A16	1.6572	-1.8831	2.8323
OR4A15	1.6468	-1.2813	2.8257
OR10W1	-0.15282	1.1763	0.62186
GAN	-0.41095	-0.30719	0.11258
OR2AE1	2.3433	1.1182	2.4247
CAMK4	-0.00099842	1.2172	2.0589
SLC7A5	-2.123	0.21533	2.0743
OR6N2	1.8387	-0.41332	0.96363
OR6K2	0.38273	-0.65834	0.61668
OR2L5	-0.5619	-0.62879	-0.67341
OR2G3	-1.2262	-0.9155	0.88017
OR2G2	-1.2255	-1.359	1.4603
OR2C3	-2.1575	-0.95306	0.030545
TAF15	-0.76352	-1.3789	-0.12004
POLR2M	0.34884	-0.64986	0.77161
PTDSS2	0.99346	0.68118	0.12153
GPR63	-0.76374	1.9749	-0.056287
RSPH6A	2.7704	2.8284	1.8791
SYNC	2.0964	0.35909	-0.39484
CFHR5	6.5863	0.14262	2.7118
CAMK2A	1.2851	1.0381	0.021884
DCSTAMP	1.2322	-0.78268	2.6257
HM13	1.892	1.9096	3.9479
RND2	-0.76303	0.38909	2.5814
MOB2	1.6815	1.0484	0.49757
ITFG1	-0.34429	0.886	0.86653
SGPP1	1.1026	-0.89346	-0.11741
SLC38A1	-0.54282	-0.15356	2.3451
TMX1	-0.23775	-2.0958	3.7026
LRRC3	-1.5146	-1.0676	-0.31707
GDPD5	-0.78593	-0.53797	-1.4182
FBXO38	0.4319	-1.2722	-1.0298
TDRD3	0.24171	-1.898	2.1267
STMN4	0.12102	0.74271	-0.53518
VOPP1	0.062866	0.97915	-2.5178
FAM49A	-0.58717	0.64561	1.3901
WBSCR16	0.27932	0.8644	0.19763
YIPF5	1.1684	-1.7135	4.7705
VWA9	0.43976	1.7249	2.3402
FAM117A	-0.8038	-0.67703	1.4029
TRIM11	0.955	1.3155	0.80946
LMAN2L	2.3153	-0.95949	0.47289
C1orf21	2.2678	0.10361	0.12577
NDEL1	-0.38951	1.071	2.1549
CSRNP2	-0.1494	0.26918	2.5736
TXNDC5	1.9146	0.056489	-0.64554
ACTL8	-2.3893	-1.7952	-0.65544
CLPB	-0.34619	1.3958	-0.318
PDRG1	-0.73414	0.85404	1.9174
ANKRD13C	-0.80071	0.13619	0.18244
APOLD1	0.90418	-0.34151	5.8654
CCDC130	0.63175	0.21796	-0.99798
GFOD2	-1.1393	-0.89891	7.2345
COL21A1	1.0571	0.76485	2.52
PLA2G12A	7.4931	0.21553	2.3073
CAMK2B	-0.47323	-1.3201	0.84399
CDADC1	-0.97237	-0.019783	3.2683
TRIM8	0.87834	0.55684	5.1258
URM1	0.54084	0.4057	-0.068105
LBH	-1.6465	0.61007	2.2853
PVRL4	0.062776	-0.19326	0.27292
FIP1L1	0.15352	1.1228	2.0487
SNX27	1.1036	0.085884	3.1761
COIL	-0.3002	0.11701	-0.64392
FAM83D	-0.16095	0.1149	1.4636
ANP32E	-1.9486	1.6208	5.0169
NIPA2	-0.20998	1.1277	0.34725
TMEM163	-0.30967	0.54509	2.7801
ACSBG2	0.030871	0.53165	0.54382
CAB39L	-0.54178	0.90944	5.2396
ITM2C	-0.81397	0.040244	-0.14919
TSPAN14	-0.29289	0.52088	0.76513
CDT1	1.2068	2.8827	0.14765
KAZALD1	-1.2637	0.48461	6.316
UNC93B1	0.71613	-0.2132	-0.15388
DEFB126	1.4153	-1.1657	-0.50374
DIAPH3	2.3643	0.47472	2.0715
SHCBP1L	1.1641	0.35895	1.013
TRMT1L	-0.7584	-0.79871	0.015399
TSC22D4	5.6037	0.082336	3.6759
TSSK3	0.28799	-0.91973	-1.4865
MAP1LC3B	-0.29943	1.6486	3.5043
AKAP1	-1.1721	0.40571	3.6972
CCNL2	-0.36914	2.716	1.5589
VMP1	1.648	0.098963	3.3508
C6orf62	1.0666	-0.086565	2.784
ISCA1	-1.2587	-0.067729	-0.12489
LOC81691	0.46074	-0.32154	2.0409
AMN	1.4742	-0.30751	2.1037
OR5V1	0.7114	0.49939	5.5955
OR2B2	0.52368	0.40808	6.9187
CAMK2D	1.5683	0.62967	2.4085
SLC14A2	-0.13038	0.84707	7.7446
DOCK8	-0.778	0.76506	2.2908
PPP1R14C	0.47522	-1.3915	0.32409
MADCAM1	-2.352	1.6931	0.48739
SF3A2	0.88301	-1.1399	1.8196
ELL	0.14171	0.66573	2.3881
TRIM7	0.58639	-0.095269	-0.50549
NUAK2	0.45255	1.1785	4.8444
TIGD6	-0.30978	4.6882	2.9383
RNF170	-1.5937	0.50692	1.0006
ADAMTS12	-1.0823	-0.28481	-0.29445
TLR10	0.044792	2.8521	0.56495
ADAMTS10	-1.0496	0.38515	1.9373
SLCO5A1	-0.55944	1.625	1.0617
OR12D3	0.50839	0.63274	5.3399
CAMK2G	-0.96649	-0.10008	2.0144
NETO2	0.48165	1.1863	0.66019
NETO1	-1.8602	0.13305	-0.21195
SPACA1	-0.5844	0.0016726	-0.27564
VANGL1	-0.60599	1.9879	0.012167
TRIM56	-0.2125	0.22313	3.0469
SBF2	1.1938	2.0931	1.4529
RNF146	-1.2544	-0.19631	-0.15913
SPRY4	1.0014	-0.92385	2.8129
ST6GALNAC5	0.15421	-0.29771	-0.43209
KRTAP1-3	0.95151	-0.27641	2.2497
KRTAP1-1	1.0762	-0.51452	2.3104
TMEM14B	-1.3232	-0.48797	1.3148
SFXN3	-0.98096	0.68813	7.6226
ZNF611	0.055838	0.7881	0.078084
MED25	-0.58382	1.0819	0.62005
SHARPIN	-1.0853	0.61961	1.3202
ZNF239	-2.1235	1.2336	0.8413
KRTAP9-9	-0.80023	1.0744	-0.35797
KRTAP4-6	-0.68287	-0.36624	1.5457
KRTAP2-1	0.85497	-0.42394	2.1518
ARPC5L	-1.6597	0.22768	2.7842
ISG20L2	2.1751	0.3923	0.9868
RAB1B	0.93226	2.6123	2.5192
HYI	0.84999	-0.63019	3.0077
FAHD1	-0.66116	0.43971	-0.19428
SYMPK	2.7131	2.3987	1.8786
QTRT1	-0.50832	0.15564	1.0955
SLIRP	-1.1975	0.57326	0.48163
SLC25A28	0.78998	0.22575	-0.31623
CAMLG	-0.72372	1.4653	1.2104
MIA	0.87254	1.3519	1.4191
CLPP	-0.55061	-0.48775	-1.0841
ABHD17A	0.7604	1.914	0.42169
CABLES2	-0.22598	1.8031	2.4054
SEH1L	2.0126	-2.0481	0.85025
DPF1	0.79142	0.45653	1.4699
KIF18A	0.15415	1.4197	3.0358
ZNF93	1.6462	0.21724	0.76774
HDHD3	0.86514	-0.48002	4.1854
MKKS	-1.9421	2.0079	-1.4808
CAMP	1.3674	2.1856	0.87913
GDF5	0.026267	-1.4683	3.221
NCOA3	-0.33486	-0.16286	-0.98435
NRIP1	-0.55115	2.9162	7.3536
CHAF1B	0.16556	-0.86356	2.1661
C21orf33	-0.83216	1.3448	0.64983
CANX	-1.4529	0.47367	1.1509
DGCR6	-0.6224	0.67389	0.32868
LZTR1	1.3421	-0.99143	1.4543
CLTCL1	-1.2342	-2.1687	-0.32438
CAPG	1.4801	-0.72708	2.7413
DGCR14	-1.3621	-1.2077	1.9998
SYN3	5.2684	3.302	5.2652
CAPN1	1.0587	1.2948	2.2804
CAPN2	-1.9848	0.41507	-0.5293
CAPN3	0.57452	0.94284	1.2656
CAPNS1	0.8854	0.89145	0.68884
CAPS	0.10315	1.9461	2.6896
EPX	-2.1003	0.60093	1.8401
ARID1A	0.17602	1.2026	2.5515
CAPZA1	0.54171	3.3528	4.2967
HIST3H3	1.4011	1.8381	0.7199
DYSF	0.60432	2.9638	4.7551
COLQ	0.36581	-1.0206	2.7492
HIST1H4I	0.99327	-0.21356	7.2402
TRRAP	0.79805	-0.2423	0.31895
CAPZA2	1.023	1.1391	0.97904
PICALM	-0.4771	0.52423	3.5568
KLRC4	1.3751	-0.27855	1.3808
SNN	-1.4353	0.61069	1.4578
ACOX2	0.078115	1.9609	3.7882
CAST	1.2677	0.3341	0.83333
ACOX3	0.57099	1.3092	2.5391
AXIN1	-1.6726	2.5531	6.361
AXIN2	0.78061	-0.43064	1.6706
BAP1	0.86131	-0.11228	0.098634
BRAP	3.5534	1.1389	0.0092739
CDC7	-0.68762	0.35232	-1.3652
CDC45	-1.3886	-1.3599	-0.23708
CAPZB	-1.387	-0.017778	0.086326
EOMES	-1.231	1.9503	-0.36586
FZD1	0.17725	0.019694	0.57916
FZD4	0.080966	0.48001	0.92191
FZD6	0.84218	-1.8993	2.109
FZD7	-0.28816	0.21626	1.848
FZD8	2.2512	2.8073	0.18463
FZD9	0.74258	-0.3075	3.6022
GFI1B	1.2475	-0.11039	-0.20566
HIST1H2AI	2.2549	0.8964	6.8569
CARS	0.17829	-1.3036	0.60068
HIST1H2AK	2.2714	0.82634	7.7038
HIST1H2AJ	2.3781	0.98909	7.5004
HIST1H2AL	1.9736	0.84959	7.578
HIST1H2AC	1.9975	1.9176	5.9437
HIST1H2AB	1.6943	1.2998	6.5652
HIST1H2AM	1.041	0.40942	6.1094
HIST2H2AA3	1.0619	1.5828	2.6168
HIST2H2AC	1.1956	2.2713	3.204
HIST1H2BG	0.20947	1.3357	2.7365
PITPNM3	-0.65913	-1.0996	3.0451
CASP1	-1.4542	-0.47201	0.8077
HIST1H2BL	2.2509	0.88334	7.4715
ELOVL3	-0.12167	0.041828	5.3494
HIST1H2BN	2.1325	0.86967	7.1691
FCRL5	0.097852	0.54289	1.0035
FCRL4	0.53831	0.32791	1.1438
HIST1H2BM	2.3873	1.042	7.506
HIST1H2BF	0.058941	1.6743	2.9344
TCF7L1	-0.43167	2.2019	2.6266
HIST1H2BE	0.092374	1.9778	3.4628
ADPGK	-0.057935	0.11775	-0.36648
SH3BGRL3	1.2381	0.57938	0.69768
SF3B5	-0.77973	3.0726	1.9365
INO80B	-0.3893	-0.18659	2.3222
GSG1	-1.086	-0.041704	1.3953
CCDC70	0.59211	0.59153	1.8032
SLC25A31	1.3158	3.0649	0.055595
PUS7L	-1.3381	0.86721	0.18542
PMFBP1	0.66487	-0.20174	2.7021
HIST1H2BH	0.1216	1.6167	2.1313
LRRC48	-0.67684	0.52267	1.4839
ABHD11	-0.90076	1.3377	1.3216
RAB33B	-0.54198	-0.29613	-0.64279
HIST1H2BI	0.11488	1.5001	0.73097
EMC6	-0.42046	1.009	0.87757
CDCA3	-0.0061025	0.8735	2.4448
MXD3	0.3158	0.97936	2.2897
APH1B	0.70546	-0.20715	7.5442
GLT8D2	0.56258	0.52339	0.92141
HIST1H2BC	2.091	1.1681	5.7475
KATNAL2	0.075223	0.036266	1.1751
DOHH	-0.036715	-0.43899	1.2377
ARHGAP24	-0.55457	0.26409	0.90748
DDX59	1.9891	0.42012	4.016
HIST1H2BO	0.73266	0.50045	5.5071
PUS3	-2.1773	-0.86185	2.5611
EPPK1	1.6635	0.80274	0.54676
SCRT1	1.5382	-1.3661	0.3576
PLVAP	2.6858	1.7553	0.8998
HIST2H2BE	1.2025	2.2734	3.204
CASP2	0.27915	-1.5731	0.053722
HIST1H3A	1.6374	1.4298	6.5857
HIST1H3D	0.11197	1.6641	3.0364
HIST1H3C	1.7486	1.2587	6.7114
HIST1H3E	0.24737	1.3832	2.5959
TTC25	-1.283	2.2066	1.7354
CHST9	-0.52479	-1.3982	2.2523
HIST1H3I	1.7971	0.78798	7.4758
NUF2	0.08247	1.8922	-0.23173
FAM110A	-1.1534	0.67791	-1.9357
AIF1L	-0.79003	-0.1196	0.24108
DNAL1	-0.73404	0.50403	2.3516
RTBDN	0.16	1.7762	1.0356
RILP	0.54537	0.88805	0.98438
COG3	-0.091854	-0.58143	2.7191
UCK1	1.3022	0.50935	-1.3078
HIST1H3G	0.16082	1.6464	0.97379
TAAR8	-0.19354	1.5265	0.51089
MFRP	0.30068	1.6552	5.7594
HIST1H3J	1.0549	0.37121	7.8242
HIST1H3H	2.2629	0.98264	7.5716
HIST1H3B	1.6966	1.3021	6.5583
HIST1H4A	1.6555	1.3581	6.5829
TMUB1	0.095342	-0.51645	1.4035
THAP2	-1.3167	-1.1551	-1.7145
AKR1E2	-1.1809	0.40942	-0.63884
RASSF5	-0.65405	0.29011	3.8019
NUDT12	-1.2371	2.0264	1.0055
SOX7	1.5106	-0.12486	6.1094
BCL2L12	0.88224	-1.3946	1.5984
RTP3	-0.99057	-0.90902	1.4251
CASP3	0.14449	1.5483	-0.61454
HIST1H4D	0.097244	1.8317	3.3728
CCM2	-0.71106	0.19342	0.1879
GUCD1	-0.13939	1.3456	0.87224
AMMECR1L	0.48784	1.0133	1.3441
C18orf21	-0.93098	-0.50659	2.7277
HIST1H4F	0.26246	1.3099	2.4236
HIST1H4K	2.2722	0.7635	7.5693
HIST1H4J	2.3663	0.93073	7.3187
C19orf12	-0.38008	0.70879	1.0085
ZMIZ2	-2.0001	-0.20586	1.7818
C11orf68	-1.0366	4.0568	2.8244
TEX101	-0.4408	0.27763	1.4897
HIST1H4C	2.1379	0.72428	5.6966
FAM103A1	-2.0301	-1.2671	1.2272
FAM107B	-0.56148	1.3281	-0.99164
SELO	-0.72054	-0.55953	2.3811
CCDC3	-2.2159	2.6032	0.67965
FAM167A	0.29625	0.6605	4.6018
HIST1H4H	0.0094706	1.3989	0.99669
SLC35G5	-1.2085	0.67567	2.5248
DYNLRB2	0.13199	-0.6759	4.039
DYNLRB1	0.9849	0.79145	3.4565
TEKT1	-1.066	-0.32047	0.90634
HIST1H4B	1.7394	1.2368	6.6279
TLN2	-1.1857	-0.4088	2.754
MS4A8	0.30071	-0.92053	0.95131
PARP9	-0.21905	1.1317	1.4069
SESN2	0.38262	0.21283	1.0863
HIST1H4E	0.093964	1.5988	2.9067
HIST1H4L	1.6225	0.76841	6.1094
HIST1H4G	0.26294	1.4725	2.3177
CRISPLD1	2.4924	1.7127	0.8842
HSDL1	-0.2757	2.5964	0.078156
RPS6KL1	0.77349	2.3869	7.0779
RHNO1	0.27947	0.05011	-0.59461
TRAPPC9	-0.51723	0.70196	0.68138
SLC4A9	0.1693	-0.36123	2.0194
CALN1	-1.7079	-0.26823	4.6578
SH3BGRL2	0.71594	0.78202	-0.026879
CASP4	-0.63898	-1.1967	-0.48989
HIST2H4A	1.1051	1.7979	2.6182
JAM3	-0.18784	1.5316	1.6572
FERMT3	0.81317	2.5136	0.38806
TRPT1	0.56527	2.4025	0.35941
NRIP2	0.17634	0.17497	-0.16327
ESPN	1.7568	1.5842	1.376
CRISPLD2	-0.1872	1.288	2.0851
YPEL3	0.31206	0.23148	-0.013045
HYAL3	0.54247	2.1945	0.54422
FAM57B	0.48989	0.051015	-0.6839
INHBE	-0.24256	0.59272	3.576
RIOK1	-2.1784	0.46841	-0.42805
SLC25A18	0.28255	-0.37119	1.5492
ATG10	-0.51779	2.4804	-0.46557
ITCH	0.97666	1.0939	3.5847
TFAP2D	1.7538	1.6591	6.1094
MARVELD1	0.72872	-0.85862	3.7857
GRWD1	-0.71053	-0.40633	1.163
ZNF484	1.4937	-0.56893	2.1155
L3MBTL2	0.3689	1.6192	7.2702
LONP2	1.1132	1.4007	0.72103
KRTAP4-12	-1.4163	-0.31723	1.3354
TAS1R3	0.0041044	2.4519	2.9208
RBM4B	1.8505	1.3956	1.8959
FRMD8	0.51357	2.1127	4.9315
ARMC10	0.3171	-0.020583	1.8576
MAD1L1	-0.51897	2.9937	7.4166
KCNK16	2.2725	1.6013	-1.3944
CASP5	-1.7318	-1.3983	0.45041
NME5	-0.19354	-1.1092	3.6786
OR1A1	-0.32771	-0.095593	-1.6903
ESYT3	-1.0181	0.046442	2.13
SYT16	-0.98787	-0.71396	0.71699
SETDB2	-0.48596	1.339	6.2872
ROPN1L	1.4374	0.16685	-0.53994
ANGPTL6	-2.3305	0.18557	0.94917
KLF16	0.92065	1.2972	0.72965
FSD1L	1.2056	-0.51246	1.5595
TMTC1	0.63714	-0.56927	-0.35903
ATAD3B	1.4161	0.55396	1.3685
OR1D5	-0.79756	1.1659	0.58849
TAF3	0.31343	0.30606	-0.6576
RSPH3	1.7624	0.72204	-0.70124
TMEM120A	1.5286	1.4152	2.053
OR1E1	-0.091874	-0.49892	-1.136
RAB34	1.214	-0.10185	1.3412
HMCN1	-0.12742	1.9929	3.5784
GPR61	-1.2702	-0.20339	1.1206
TBC1D10A	1.4471	0.94854	-0.47543
BCO2	-2.1205	-0.41362	1.4253
MRO	-1.8016	-0.020349	-2.5249
TM2D2	0.031763	-1.1487	2.1281
USHBP1	0.91634	-0.4553	4.123
CDCA7	-1.9344	1.9823	1.0335
OR1E2	0.15753	-0.62682	-0.53146
MIXL1	0.093467	-1.097	0.40572
TSPAN10	5.4867	1.4417	6.1094
SLC25A2	1.0591	1.2784	2.7473
PRSS27	-0.85993	-0.22079	0.78785
TTLL2	0.96209	0.31565	-1.5251
FGFBP2	-2.4583	0.32799	0.50145
WDR87	-0.37426	0.93348	1.0684
SPATA9	-0.4576	0.77132	-0.47242
SNX25	-1.1676	-0.90538	0.31836
KCTD10	0.092338	2.973	1.6387
SPATA16	-0.12196	1.576	-0.76217
TTC29	-0.48477	0.65332	0.009141
KRTAP1-5	0.74972	-0.18961	2.6564
KRTAP3-1	0.091509	-0.01403	2.8023
KRTAP3-2	-0.23315	-0.013504	2.7447
KRTAP9-2	-0.48391	1.1874	-0.073283
CASP6	7.7471	0.67928	1.7042
OR1G1	-0.21241	-0.29241	1.4035
KRTAP9-3	-0.59106	1.2398	-0.12314
KRTAP9-8	-0.67404	1.1704	-0.11303
KRTAP17-1	-0.11863	0.97334	-0.30798
GSG2	0.14032	-0.49327	0.88168
OR3A3	0.077428	-0.49998	-0.73689
STARD3NL	-1.927	-0.40952	-0.16348
STK40	-0.88509	1.1469	1.3579
SPRTN	-1.5832	1.7471	0.64196
HDAC10	-0.71156	-0.21139	2.582
TMEM133	1.4898	1.3023	-0.58833
RASSF4	0.28292	0.61041	2.1539
C10orf11	0.55757	3.5732	7.8098
EIF2A	0.44444	1.243	2.9335
PIP5K1A	-0.18612	0.098497	3.5481
TATDN1	0.15633	0.63694	0.86779
TM2D1	-0.7338	-1.4873	-1.4048
TSSK1B	1.5999	0.16185	1.4693
IMMP2L	-0.59933	0.91183	3.2085
PIP5K1B	-0.62472	0.62074	3.8491
FCAMR	-0.15318	-0.020787	-0.10747
SLC4A11	-0.42362	0.76157	4.6003
PIP4K2B	-0.57633	2.0964	0.60274
PLA2G6	4.6382	1.5095	4.5261
IFI27L2	-1.735	1.1241	-0.87423
TSSK6	0.053134	0.68445	7.5629
SPNS1	0.45404	0.11788	0.17086
ITFG3	-1.5274	0.9709	3.6374
CCDC8	-1.102	-0.18038	0.24498
NCALD	-1.443	-1.1509	-1.6172
FAM172A	0.93055	-0.13267	3.3548
PLA2G10	-1.4516	1.6464	-0.14292
BRIP1	0.00055298	1.1122	2.9414
CTTNBP2	1.8981	3.508	0.69247
REG4	0.88243	0.55118	0.30739
KREMEN1	-0.12601	1.267	1.4494
CASP7	-0.33169	1.905	1.8314
TMPRSS13	-0.10675	-0.29913	1.7902
B3GNT5	-2.6241	0.42233	1.1714
SLC25A11	-0.50055	0.16676	2.1093
SOX14	0.50221	-0.019304	0.77919
OBSCN	0.72056	-0.30741	-0.27386
EMILIN2	0.95275	0.53359	-0.68256
SPARCL1	0.33511	0.38392	2.3238
SPOP	0.033524	-0.53376	1.1566
KATNAL1	0.67097	-0.060443	5.6742
MND1	-1.6533	-0.7959	1.4509
WDR54	-0.45249	-0.04741	1.6861
ADGRV1	-0.50739	0.89568	2.4289
RBM48	2.1871	0.72545	0.45014
DTNBP1	-0.2979	-1.1902	2.556
KIRREL2	-1.0386	0.10809	2.1112
HDHD2	-0.12958	-0.57134	0.90029
TMEM222	0.78013	0.048163	0.083835
TEX35	-2.407	2.5929	0.70946
FAM160A2	0.52858	0.60273	1.6417
SLC10A7	-0.29927	-0.05887	2.1331
PLEKHN1	0.83462	0.62387	3.8225
TAGLN2	0.034163	0.87783	-0.87922
FAM186B	-1.1785	-0.39974	2.9906
ARMC2	0.88902	0.63246	0.50551
HORMAD1	0.36413	0.10045	3.9012
MYCBPAP	-2.0602	-0.62412	1.9248
QRICH2	-1.9528	0.65405	1.97
FSCB	-0.22444	0.3001	1.1307
TKTL2	-0.5604	1.7788	1.5023
C3orf20	-0.52139	0.9463	-0.93465
KBTBD7	0.30025	1.1715	1.0887
ANKRD27	0.19749	-1.3528	2.7897
ULK1	0.14144	1.1594	1.1104
ENKD1	-0.8037	-0.91323	7.28
NSRP1	0.54224	3.2043	1.0201
ZRANB3	1.3055	0.72934	-1.1517
RAB6C	1.1911	1.3193	0.036353
FBXO30	1.4673	-1.2182	1.4049
CASP8	2.7247	0.098781	2.0782
ARL6	0.37891	0.87506	1.6437
USP44	0.39794	-0.27982	-0.61598
SLC41A2	-1.4786	1.056	-0.51357
C4orf17	1.517	0.45085	1.7265
PCBD2	-0.85237	0.24976	0.63294
PRAM1	0.10934	-0.78171	1.2528
ZIC4	-0.024883	-0.76145	1.6286
PCGF6	0.99044	2.1693	2.9241
QRFPR	-0.086381	-0.031378	2.0714
EEA1	1.2195	1.4644	-0.024255
BCAR3	-1.378	1.7196	3.4577
ZNF394	0.76647	-0.84867	-0.13988
LRRIQ1	-0.0057477	0.12713	2.8303
ATRIP	0.80917	0.7754	1.4565
WDR75	0.96835	1.9981	1.2703
ACAD11	-0.93165	0.75998	4.8097
CEP78	-0.20552	2.2461	3.4576
USP42	-2.2537	0.27568	2.5761
ZNRF3	-0.99446	0.76699	1.3306
TOMM40L	0.7663	-0.97673	0.26113
UTP15	0.19366	-0.12057	-0.51671
SLC7A6OS	-1.4156	-1.1865	6.3287
FAM161A	-1.038	0.25333	2.606
EVA1A	-2.3053	0.1726	1.2311
FAM175A	-0.30711	0.83772	1.3101
SYDE2	-1.14	0.75844	-1.2772
ZNF644	2.0432	-1.1246	0.76908
KAT8	0.2948	0.018172	1.5459
PPP1R1B	1.4571	1.9222	2.2661
RNASEH2C	1.221	1.1984	5.2803
RPF2	-1.2558	-0.68523	3.2615
ARID5B	-2.4033	0.60871	4.882
ANXA9	-0.51111	1.2319	4.6363
KIAA1109	-0.68237	-1.0017	0.26593
ASCC2	-0.86106	1.5943	3.925
NLRC5	4.6172	1.0013	-0.54496
C19orf44	0.70899	0.65171	0.76009
ANTXR1	0.46901	1.6601	-1.3341
STX7	-0.52086	1.5451	0.55202
LOXL4	0.44054	1.5936	1.0727
POLR1B	1.1207	1.2753	2.5016
ELMOD3	-0.016997	0.013807	2.3606
SLA2	-1.2651	-0.9936	2.0029
MFSD7	-0.24524	-1.4513	3.2929
CHD6	0.27743	0.793	1.3888
FAM188B	2.1911	-0.91633	0.51062
ZCCHC7	-0.45242	-0.90915	-0.046428
FAR1	0.58107	0.5549	2.9743
SLITRK6	-0.3926	0.99617	2.3107
BFSP2	0.34069	0.38907	4.4759
METTL25	-0.53526	0.21508	0.69195
FAM96A	-0.68481	2.1541	0.053697
SETD3	-0.64263	0.26651	-0.41848
USP48	0.84828	0.84542	2.6353
POMK	-0.82207	0.28397	1.246
CASP9	0.98586	0.5484	1.3512
TXNDC2	-0.65579	-0.089687	0.10457
MEX3B	0.32407	-0.016179	6.5304
ZNF541	1.9804	-0.72454	2.2134
TMEM117	0.11682	0.21708	-0.34808
ZMYND12	-0.76618	0.56378	-0.21641
TBC1D3F	1.5693	-0.56209	-0.78828
WDR24	1.6142	-0.48047	0.66498
SPATC1L	-0.92714	0.46455	1.9908
IQCG	-0.49661	2.4959	-0.55929
NBPF3	-0.31519	-0.90574	1.2694
ZMYND15	-0.32523	-0.0996	1.0813
C2orf16	0.47884	-0.050304	1.4413
DRC7	0.039087	-0.3001	-0.17967
LRRC8C	1.4903	-2.0753	1.8198
TRAF7	2.8832	0.27763	2.2393
MAF1	-0.83416	0.53047	1.3389
TMEM126A	-0.3987	0.8509	3.0019
RHBDD1	1.3098	0.866	3.7684
ATP13A4	-2.6279	0.29244	0.79076
BBOX1	0.36574	1.1887	0.89057
ZCCHC9	0.41392	-0.4255	2.0758
ZDHHC18	0.65884	0.9152	1.7606
MRI1	0.74763	0.33759	-0.75092
MED10	-0.39715	-1.3035	-0.67492
LDOC1L	0.18072	1.5667	0.59299
FYTTD1	-0.53312	-0.86558	0.36364
PSD2	-0.27305	-0.23404	0.033015
LTBP4	2.2621	-0.62097	2.9403
ANKRD32	1.1918	2.7468	1.1352
SGIP1	1.2999	0.5259	0.93242
GARNL3	0.2404	3.9133	0.79894
CAMKK1	0.34389	0.34206	1.1677
SLC37A3	-0.58835	-1.1858	0.86281
FLYWCH1	0.18879	0.95938	1.2051
SYT3	1.1691	0.15741	1.9631
DCUN1D5	-0.4098	-1.28	4.3522
TCHP	0.25836	1.6572	0.42075
FBXW9	-0.5196	2.3855	1.5179
PSMG3	0.43291	1.2745	1.9377
HSDL2	3.4676	-0.37076	2.9913
HAGHL	2.2646	-0.83988	0.071106
POLR3GL	-0.5764	2.0824	1.5786
ALKBH7	-0.2554	-0.52486	-0.90682
C9orf64	0.93027	1.0846	0.98851
RPAIN	-0.10358	0.16579	-0.59001
CHCHD5	0.98916	1.6922	2.5948
ZNF282	0.98663	-0.7067	0.88463
C9orf89	-0.9149	-0.42098	0.29114
POLDIP3	-1.0632	-0.29394	0.58776
YIPF4	-0.91863	0.39368	1.1563
NOA1	3.365	0.76906	0.079152
COQ5	0.62527	1.2251	3.5325
SLC25A33	-1.2597	-0.34327	-0.20387
NICN1	1.8637	0.47764	5.7913
DNAJC30	0.36477	0.44184	1.8582
PRADC1	0.57189	-0.71086	3.0315
STK24	1.9291	-0.013805	0.64071
BTBD10	0.81962	-0.16001	2.0774
C2orf88	-0.26859	-1.395	2.2909
RNF135	-0.65785	1.9046	0.96918
TMEM79	1.7154	1.0237	-0.23541
NTPCR	1.0973	-0.5773	0.10627
EIF1AD	-0.012	3.6585	3.4529
TMEM175	-1.3372	0.49042	0.24487
ZDHHC16	-0.69625	1.001	2.1646
EFCAB2	0.69904	-0.90453	1.844
ING5	0.23479	2.4439	1.4297
CAPNS2	-1.1727	-0.10066	0.53327
WDR83	-0.60025	2.2068	1.4403
FAM213A	-0.21345	1.7935	-0.84499
UTP23	-0.37106	1.8476	1.5038
GINS4	-0.39789	1.4597	-0.20523
LLPH	-1.1687	0.96763	0.60973
MIEN1	1.8463	0.94378	6.2615
CASP10	3.1148	0.35955	2.396
UQCC2	2.2145	-0.43975	0.24338
DDI2	1.5887	-0.58728	3.1694
TMEM246	-0.91435	-1.6029	-0.51981
CHCHD6	-0.73013	2.91	2.7071
NUDT22	0.46155	2.5222	0.38353
WIBG	1.3691	0.42524	4.7847
PDCD2L	1.7805	-0.2674	1.567
ZNF397	-1.5204	-0.45222	1.0347
NUDT16L1	1.1983	-0.14902	0.89681
NR0B2	1.2393	1.0665	2.1189
C7orf50	-0.31254	1.1602	1.9905
MRPL45	2.1808	-0.16125	-0.1906
BRMS1L	-0.30707	-0.2548	2.1269
VPS25	-1.762	0.7919	0.0063033
TMEM107	-0.7783	-1.6721	2.3698
MON1A	1.3336	1.1587	3.5295
NAA38	-1.1028	1.5188	2.7274
CCDC115	-1.67	-0.47723	0.36667
CCDC77	-0.11232	-0.45636	2.8986
CMSS1	3.3845	0.40883	5.9777
ACBD6	-0.086217	-0.52506	2.1154
THOC3	0.36649	-1.2192	-0.33192
SARNP	2.4442	-0.71344	7.4741
C16orf13	0.32118	-0.7966	3.8706
ZBED3	0.13553	0.56674	1.4909
LZIC	-0.16105	0.66737	1.181
HVCN1	0.57498	-0.28166	0.14267
UTF1	0.51082	-0.3576	2.2369
ZNF414	-0.21071	-0.95502	1.4519
FAM195A	0.46233	-0.61478	3.7969
DYDC2	0.78387	2.4958	-0.17712
PCGF5	-1.0373	0.2175	2.3133
APOPT1	2.2732	1.2261	4.0183
AKT1S1	0.42898	0.99368	1.0718
TMEM101	0.37724	1.0497	1.7057
ELOF1	0.13699	0.27096	0.55867
RECK	0.69273	0.52866	2.3673
GFM2	-1.7309	0.77278	1.5549
COG8	1.1528	-0.92959	0.93464
HPS3	0.77837	0.9452	0.35602
SOAT2	-0.062048	0.79395	1.9883
SDPR	-1.5972	-1.1744	2.2754
ARFGAP2	1.1653	4.0654	2.7051
NIFK	1.4599	0.83819	1.1451
PRAC1	-1.0312	0.44415	0.15038
RASAL1	-0.70808	1.6207	-1.0425
HOOK3	-1.5211	0.63922	1.0406
RAD54L	1.0265	1.6893	1.8014
NSMAF	1.2204	0.12784	1.5349
CASQ1	-1.4761	1.7258	1.3239
NCK2	0.97195	-0.46423	2.8022
C2orf40	1.6036	0.25055	1.8403
CYSTM1	1.1896	-1.4166	1.3106
C15orf48	1.6314	0.83323	0.32285
GNPAT	-0.68906	2.8952	-0.10395
PROK1	-0.23961	-0.90723	1.0031
CARD11	0.33105	-0.19851	1.284
ADGRA1	1.6391	0.60401	0.38353
ZNF528	0.89512	-0.61964	-0.43639
MSANTD4	1.8923	0.90394	3.6391
HHIPL1	-0.3077	1.5126	1.4657
DYRK3	-2.1519	-1.2177	1.3634
RAB11FIP4	2.0716	1.361	1.4149
MAML2	0.37252	0.68757	3.9986
DOT1L	1.4075	-1.3777	1.8881
LZTS2	-0.24953	0.71062	5.8825
BRSK1	0.21557	0.73514	-0.24636
SYVN1	0.020485	1.3028	-0.079574
ABLIM2	-1.0574	6.3886	2.044
ZNF333	-1.0455	-1.0302	0.35758
DYRK2	0.47931	-0.40296	1.0734
ZNF512	0.28617	-0.27361	1.7834
KIAA1804	-1.9147	0.48626	-0.36297
EFCAB7	-1.6564	-1.339	0.020953
L3MBTL3	1.0198	-0.69922	5.3192
PHYHIPL	-0.17103	0.073692	1.631
LCOR	-0.21812	-1.1234	0.95314
DUSP11	-0.41505	1.4759	0.65048
NEURL4	-1.2367	-1.2815	2.1852
SLX4	-1.3604	-0.068804	-0.32187
MEGF11	0.27577	-0.2094	3.208
MEGF10	-0.23107	0.13298	3.8818
FBN3	0.69736	2.3382	5.6518
DOC2B	-0.70097	-0.87121	-0.23991
DOC2A	0.60728	0.037854	-0.53156
DHX16	1.7061	1.0336	2.1603
FAM120B	1.9548	3.3222	0.39392
CASQ2	-0.8429	1.3646	0.19594
SPIRE2	0.17554	0.86802	0.61315
JPH4	-1.0047	0.85331	1.2098
ZNF527	2.1719	1.0596	1.1269
NKX6-2	0.87098	-0.79797	2.8465
CUL4A	-0.041288	-0.18232	0.4
PPAPDC1B	-0.41316	0.96637	1.4205
GHDC	0.40824	1.7519	0.44579
MCM8	-0.10128	-0.59426	-0.39552
DCTN5	2.1695	-0.6951	0.87113
ACTRT3	-0.35755	0.39416	0.85069
CNFN	-0.37306	2.7241	0.74698
ACRBP	-0.46725	1.072	0.04603
CUL3	-0.092394	-1.4546	1.6754
C14orf142	1.1523	-1.4748	0.919
JAGN1	0.99874	0.32672	-1.4827
ZC3H8	0.74029	-1.6329	0.93259
HOPX	1.0962	-0.61575	0.41731
ZNF559	-1.4056	0.98107	0.44379
C15orf41	-0.59605	-1.1136	1.3844
CUL2	1.4986	0.37801	0.16877
SRRM4	-0.49987	0.11461	1.3858
ACSS1	-0.88617	0.79018	2.6531
MCHR2	1.4592	0.011262	-1.9632
CUL1	3.3162	0.98382	2.2587
KBTBD8	-0.60703	1.6029	1.0864
KIAA1841	1.1057	-0.58165	1.1371
MRPL43	0.31181	0.32743	5.7541
PGBD1	1.3607	-0.88013	7.7866
MAK16	-0.23647	0.62233	-0.54688
ATRN	-0.67813	-0.044549	2.3585
PARD6G	0.47546	-0.96995	0.70664
FAXC	-0.13997	0.52722	2.5666
MAP1LC3A	1.1163	-0.0359	3.317
FOXN1	0.23429	-0.40169	2.3309
MT4	1.5361	0.40654	0.54508
SLC12A8	0.05183	2.1175	-0.10404
LYZL1	-1.1038	1.0217	0.45856
COL25A1	1.1648	-0.24809	1.0579
GNPTG	0.72334	-0.24626	6.7388
TTF2	0.050022	-0.70372	1.0422
TPST2	-0.21752	-0.03238	1.9561
CASR	1.2559	0.39466	1.4455
TPST1	0.27628	0.043073	0.92858
PARD6B	0.82433	0.58339	0.97433
ZBTB37	-0.29517	0.42853	1.4545
KRTAP4-4	0.044008	0.36191	0.85916
TUBB6	-1.2629	-0.27588	0.028437
NT5C1A	0.66777	0.21495	0.37583
ZGPAT	0.19677	1.0749	1.3608
KLF11	-0.50618	1.3026	1.8634
ST6GAL2	-1.9966	-0.048517	-0.59498
ZNF594	0.49742	-0.24589	-1.3162
KIRREL3	-1.8076	-0.92364	4.3748
FNDC1	-0.53503	-0.36392	-0.37684
KRBA1	-0.16444	-0.10186	1.5559
ZNF469	1.247	0.33768	1.4859
NTNG2	-1.97	-1.995	2.2975
TNRC18	-0.23137	-0.086115	2.524
TEAD2	-0.14993	-0.63855	2.2981
TTBK1	0.67839	0.82243	1.5369
AFAP1L2	-0.20496	0.85134	-0.4427
KISS1R	3.362	0.04149	-0.54363
IL1F10	-0.78333	-0.40509	0.051113
SUPT3H	0.95401	0.75737	0.15424
USP38	2.0065	3.7196	0.4621
HIATL1	0.39363	1.0092	1.3627
KIF2B	-0.90342	0.050213	1.6823
C22orf23	1.3913	2.1736	0.83475
PLA2G12B	-0.1351	-0.92163	2.9083
LCE3D	-0.30117	-0.6191	2.9638
DGAT2	2.1914	-0.82827	0.53736
EBPL	-0.5069	1.9523	6.4511
SPINK7	-0.75017	-0.42907	-1.2062
SPZ1	-0.57062	-0.27656	2.1485
GLYR1	0.86802	1.5195	0.98118
ADGRE3	1.1196	-0.77736	-0.18983
RNASE7	-0.76355	1.714	-0.47819
CCDC62	-0.22239	0.19285	1.1592
DPY30	0.93869	0.49878	1.4219
GLIS2	0.26633	1.5583	2.3181
MYPN	0.55277	0.57189	2.7218
RETNLB	-2.3077	1.2005	-0.48224
HES7	1.8322	-1.1737	3.353
FAM126A	-0.36483	-0.6782	1.3199
USP32	-0.72118	0.91956	1.7007
SMARCA5	-0.99356	0.074288	0.78863
ZNF347	-0.52986	-0.52153	-0.79253
CARD6	-2.2734	1.1065	2.4307
TRIM55	0.1184	-0.55912	-0.15834
TRIM63	0.54649	-0.59144	2.3675
KDM2B	0.55561	0.9716	1.3843
FKBP6	1.5586	1.39	2.3368
ACCS	0.14594	-0.64761	-0.056609
HINT2	-1.123	0.034824	0.10902
INSM2	0.50827	-0.80359	2.2459
PPP1R9B	-0.25197	0.66459	-0.046569
C9orf24	-0.20734	1.4936	1.134
MS4A14	1.0582	-0.38793	0.2247
SPATA22	0.49324	-0.18472	-0.85766
FAM71F1	0.26093	1.7136	0.86615
CCDC54	0.88627	0.99786	1.049
MCEE	-0.020348	1.9074	2.369
GJA10	-0.77938	-0.45645	0.97199
LOXL3	0.19105	-0.83871	1.6056
ABHD1	-1.068	-0.52664	2.3368
CAPS2	-0.54011	1.555	0.20524
CREB3L3	1.228	-2.1721	2.0948
CAT	0.82194	-1.1802	-0.14511
SORBS2	-1.9769	0.68226	0.16267
MYO18B	0.12728	-0.41627	-0.84278
COX4I2	1.4559	2.0126	2.6388
GTPBP3	2.4569	2.2476	0.71036
GPT2	-1.8417	-1.2432	2.1613
LNX1	-0.66768	2.5322	2.458
MGARP	-0.5297	0.067165	0.46413
HDGFRP2	1.4678	0.1641	-1.0149
PIGO	0.71422	-0.55151	2.2177
PSRC1	-0.83466	-0.67869	1.7339
PLEKHA8	0.18695	-0.39374	0.68575
PRRC2B	2.1989	-0.29734	-0.35352
SPSB2	0.87862	1.5997	3.4937
CBX2	-0.89897	-1.3666	0.15775
FAM167B	-0.18443	-0.91672	0.53655
CNDP1	0.38567	0.36866	5.3993
UNC119B	1.2563	-0.28933	4.1472
USP30	-0.2391	2.2206	1.4814
FUT10	-0.57224	0.26203	0.19109
B3GNT9	0.2913	-0.080311	3.5742
PCGF1	-0.1635	-0.17442	2.5093
CDC42BPA	-0.6946	2.3246	4.1505
ZNF577	-0.19505	0.19088	0.070895
CRACR2A	-0.76076	0.59626	0.6844
TRIM51	1.4678	-0.30484	2.2985
MPV17L2	-0.15832	-0.82185	4.7162
GPR65	0.16859	1.314	-0.71809
ZNF607	-0.51111	-0.10924	2.2748
NAA11	-0.007955	0.16335	2.0935
SUV420H2	0.12034	1.2732	0.50696
HIRIP3	0.65992	0.078852	-0.42735
TUBA1C	-1.3108	-0.22188	0.61661
FAM220A	0.61478	-0.52017	1.9731
PYROXD2	-0.21049	-0.12306	0.67163
C19orf48	-1.6012	0.34161	0.42823
RAE1	0.83564	-0.21562	0.036259
AGPAT9	-0.46762	0.8192	0.74405
MFSD9	0.29488	0.77202	0.32098
NFKBID	-1.0489	0.78894	1.8863
PERM1	0.60982	0.75776	4.0858
BUD13	0.26266	0.10432	4.0908
PLCD4	-0.013424	0.61567	3.1209
PPAPDC3	-1.6817	-0.67795	0.2524
RTN4IP1	0.087832	-0.43705	2.4414
TXNDC17	-0.84757	1.4177	3.029
IL17RC	0.6969	-0.18346	-0.82993
SEMA7A	0.97937	-0.21934	-0.034449
LMNB2	-0.22294	1.0102	0.38974
FCRLA	-0.26125	-0.45649	0.67624
SFT2D3	0.86356	-0.2322	2.0846
CILP	-0.12272	0.67846	0.73934
ADTRP	1.195	0.070282	3.6928
USMG5	0.5827	2.5013	2.4411
ABHD14B	0.67703	-0.19296	2.83
ZNF496	0.99734	0.74423	1.3162
RAX2	-0.70586	0.06771	0.71356
GALR3	2.1969	4.0117	0.022649
HPDL	-0.25821	1.6751	2.342
PHF5A	0.72023	1.4466	5.2675
TRIM52	-0.51041	-0.91389	-1.2495
ZNF503	0.99899	2.6035	1.9597
LRCH3	-1.4528	2.2976	0.38445
KLHL22	-1.2029	0.65131	-0.00062392
MINA	-1.2195	0.52994	2.4689
CCDC142	-0.32863	-0.028023	2.4569
TMEM25	0.28604	-1.2193	5.1527
PTPN5	-1.3989	0.33627	4.6108
HAVCR2	2.0557	-0.51314	0.76672
CBR4	-1.5134	-0.85731	0.58137
GEMIN2	0.16256	0.59925	-0.31005
RSPO3	2.4431	1.1318	1.9987
AGBL4	-0.28389	0.805	1.508
ZC3H10	-0.66316	1.5068	4.8039
ADGRG7	0.36826	2.8448	5.4678
ZNF514	0.17567	0.72312	2.423
PARP10	2.6062	0.66805	0.12125
ORAI1	0.56054	1.5304	1.5022
ZBTB45	0.17261	2.1014	4.0254
MFSD2A	-0.044768	-0.48492	2.4003
RPUSD4	-2.0583	-0.83566	0.41149
AIFM2	0.94939	0.77352	-0.66876
ZDHHC12	0.74773	0.69267	1.7096
C1orf198	-1.6903	0.25916	0.3595
SPPL2A	2.8703	1.257	4.5818
ADO	-1.1527	1.4455	3.0404
ZSCAN10	-0.84727	-1.5166	0.52652
POMGNT2	-0.15756	1.3039	2.5926
FBXO18	0.10883	0.69953	0.72669
LINGO1	-0.88166	-0.4912	2.4236
FAM73B	1.7033	0.46216	0.53985
ATAD1	-0.40427	-0.38554	2.2795
TBRG1	-0.26269	0.79638	-0.84927
PLXDC2	-1.3505	-0.56162	2.4104
TMTC4	-0.87084	-1.1317	6.6311
RGS5	0.42539	0.91936	-0.51166
RNFT2	-0.23425	-0.37073	0.63245
NFATC2IP	0.69378	0.54178	1.329
CEP89	1.2751	-2.0394	2.1218
ARHGEF39	1.0929	1.1762	-0.42391
ZNF341	0.59961	0.20165	1.0478
FAM136A	-0.18312	1.2317	0.18485
C9orf3	1.1254	0.77939	1.7386
MAP4K3	-0.58882	0.63523	0.98314
TMEM87B	1.5067	1.7151	2.7088
ZNF382	0.42527	-0.59834	-0.3969
SLC35B4	-0.015399	0.28033	-0.99912
ATOH8	-0.79603	0.18847	0.13337
ZNF587	1.4935	-0.64911	3.6658
FAM222A	1.2305	-0.25457	0.52812
CIRH1A	2.4223	-0.88928	0.62308
LRP11	-0.38921	1.338	0.14438
PPP1R15B	0.12512	0.10438	1.927
PRSS12	0.20735	1.8553	0.59367
ALG10	0.1183	-1.1581	0.59525
FIZ1	0.26523	-0.11099	1.4696
FAM104A	0.94835	0.095426	2.9816
ZNF566	0.87922	-0.28941	1.3464
DIRC2	-0.73375	-1.7593	1.364
SPRYD3	1.9652	-0.028928	1.9721
TMEM209	-1.0083	-0.43896	1.3679
FIBCD1	-2.3223	2.3188	-0.92842
PPM1D	-0.64067	1.2749	2.5498
MASTL	1.8321	1.2659	1.1608
RAB2B	0.902	-0.50684	-0.30373
C8orf76	-0.64009	3.6234	-0.15426
RITA1	-0.19329	-0.3516	0.11362
MEDAG	-0.76274	-1.474	-0.51089
ZFYVE19	1.2766	-0.4068	3.4373
ZNRF1	0.038502	-0.033306	-0.16725
ATG4C	0.051009	0.39282	1.7626
MUM1	0.039504	1.9211	-0.097966
CORO6	-0.59176	1.953	1.7015
HSH2D	1.7018	-1.0657	1.8811
WDR73	-0.01412	-0.89885	-0.131
MAEL	0.40777	0.34274	-1.0679
ABHD13	-1.8821	-1.8635	0.36011
LTV1	0.07764	-0.06147	0.091362
SERAC1	0.52657	0.56105	-1.6117
TIGD5	0.81561	1.8622	1.0807
PPFIBP2	-0.24777	-0.41083	-0.82772
PRPF38A	0.21038	-1.9529	3.7206
TNS4	-0.694	0.76006	0.037442
CGNL1	-0.19999	-1.4983	0.018998
MICALCL	0.088402	0.32081	0.52619
MPND	0.0020996	-0.30934	0.50296
NUDCD1	-0.20446	0.85781	0.79732
RELT	1.2864	0.76462	5.7238
SYTL1	2.1992	-0.53652	1.3214
UBASH3B	0.068399	-1.1142	-0.043002
PPFIBP1	1.516	-0.73499	3.3568
CCDC183	1.0049	0.55129	-0.21013
FBXL20	1.9764	1.3757	5.9737
AJUBA	1.7247	-0.039738	0.53053
ALKBH6	-0.063183	0.45451	0.58291
IGSF21	0.17398	-1.1068	0.87771
LSM10	-0.87426	0.10295	1.8406
TOX2	-1.6815	-0.91314	1.2517
PPFIA4	-0.40158	-0.27123	4.1648
C1orf94	-0.2096	1.0857	1.8852
ATG4D	-0.79835	-0.75996	-0.12715
MFSD5	1.8071	-0.69286	1.5392
DISP1	0.53139	1.6842	-0.16042
FRMD5	1.1251	1.2349	1.2942
RANBP3	-0.18391	1.2812	2.721
CEP19	2.3385	-0.75258	0.25142
FAM83A	-0.40179	3.9457	-0.35636
ARHGAP19	1.206	0.02401	0.91025
COX14	0.10334	-0.25194	0.33027
PPP1R16A	0.19963	-0.33771	1.6771
PPFIA2	-1.9028	-1.1526	2.6203
RBM17	0.60198	-0.17517	-0.071189
PIGY	0.7238	-0.68254	0.95015
UBL7	1.3803	-0.56733	-0.11071
PPFIA1	-0.58275	-0.4995	2.2595
RERG	-0.69164	-0.72214	-0.31574
PHYKPL	-0.80926	1.1446	1.1917
SLC43A1	-0.30872	2.2151	3.3103
TMEM128	-0.22519	0.77311	1.8714
TMEM141	0.80795	0.18069	0.088288
USP45	0.68433	0.80575	2.4989
C11orf70	-0.40334	3.8908	3.4148
TMEM241	1.7051	2.5486	0.29094
PKP4	-1.4865	2.1944	-0.26509
REPS1	-1.8582	0.34875	2.4601
TMEM60	1.0337	2.1944	0.070039
SMIM3	-0.35832	0.8125	1.1628
PIK3R3	-1.1116	1.6116	2.7653
PEX3	-0.23993	0.65646	0.46366
PARG	-0.33881	0.96269	0.16446
CNTNAP1	-0.35601	1.7429	1.265
ENC1	-0.88524	-0.28683	1.5949
NIPSNAP1	0.20718	0.53192	1.5719
NDST2	-0.65763	0.19967	2.4715
MMP23B	-2.0673	0.2695	0.016673
LIPF	-0.33246	-0.14185	1.182
KCNAB2	0.035571	-0.40845	1.2726
ITGA10	-0.37863	0.90072	1.0598
ITGA8	-0.96101	0.59693	2.3195
IKBKAP	-1.2972	1.1212	3.6104
IFITM1	-1.853	1.9243	-0.69548
HAT1	-0.32215	0.80153	7.4585
GCM1	-1.0504	0.89601	0.68447
GAS7	1.4029	9.5745	1.7231
HIST1H2AH	0.87679	-0.31822	7.6175
HIST1H2BK	0.9956	-0.22751	7.3326
DGKZ	2.3257	1.0949	0.56331
DGKE	-1.4832	-0.28022	0.57812
DGKD	-0.25963	-0.17893	1.0328
DDO	-2.2868	-2.2723	1.146
KRTAP9-4	-0.79734	1.1314	-0.33882
KRTAP4-1	0.42003	0.92917	0.45895
KRTAP4-5	-0.31457	0.18352	1.2343
CYP4F2	-0.36957	-0.461	1.1781
KRTAP4-3	0.17822	0.4412	0.75513
KRTAP4-2	0.38767	0.83129	0.60945
KRTAP3-3	-0.28666	-0.087263	2.6647
KRTAP2-4	0.43893	-0.33146	1.0832
CST7	0.15792	-0.6821	1.1413
ATCAY	0.57484	-1.2998	0.054887
COL27A1	1.1918	0.033554	2.2533
FBF1	0.8343	-0.058137	0.54225
YBX3	-0.80053	0.51042	4.4308
PPIL4	-0.12391	0.7408	0.65316
PAQR8	0.39103	0.55611	0.91861
CPZ	-0.18688	2.0688	1.3263
ABCC11	0.75596	2.1763	0.61135
LGALS12	-1.5769	-0.49682	0.78146
COPS3	0.18407	0.23988	1.1196
CHST1	-0.32552	2.0929	2.9153
CBX4	-0.058681	0.13538	-0.59698
KIAA1644	3.0664	-0.2344	-0.30684
SHANK3	-1.6682	1.3066	2.2375
DGCR6L	0.030062	-0.29881	-0.457
CAMK1	0.12094	1.25	-0.057159
SYDE1	-1.0376	0.56575	1.5478
TRIM5	1.9346	-0.066532	2.2476
ZCCHC3	-0.6177	-2.0968	-1.8223
ALG2	1.0219	-0.07253	3.4049
MYLK2	-0.7278	1.7797	2.2134
STRIP1	-0.46309	1.8185	4.0512
BCAS1	0.1316	0.2241	0.81775
MICALL1	1.2319	2.1467	0.49586
TUBGCP6	-0.85143	-0.48318	2.7797
KIAA1671	0.65841	1.3409	2.8927
BARX2	0.61659	1.6829	1.3916
API5	-1.9701	0.7937	6.292
FAM207A	0.76274	-0.9754	2.0278
RGS8	-1.1549	1.9304	1.4296
AGPS	1.5861	-1.1963	3.247
EAF1	-0.55976	-1.143	0.49832
DNAJC14	2.109	-0.58921	7.6667
NKD1	-0.036654	-0.31521	1.947
NKD2	1.1259	1.2174	1.3653
PPFIA3	0.95538	-0.1531	0.34199
SLC22A16	-0.76021	-2.4348	-0.02406
SLC45A3	0.93987	1.2277	1.3933
RHPN2	-0.0017757	-0.61615	3.1834
ZIC5	-0.80201	0.73302	6.1094
APOL1	0.39118	-0.061518	-0.71949
LMO4	-0.56508	0.7043	1.4317
ZCRB1	-0.96044	2.1188	1.7425
CABS1	0.73976	-1.538	-0.98726
STON2	-0.73362	-0.64332	1.0918
DOCK7	0.52055	0.35027	2.7466
HELZ2	-1.0988	1.6414	3.6675
KNDC1	1.809	0.03994	1.6858
DCLK3	0.5399	0.6329	-0.2456
LRRCC1	1.0211	0.16018	-1.754
CNTNAP4	1.52	0.094299	1.8809
ZFHX2	0.020755	0.43798	1.2489
KIAA1755	0.7436	-0.090628	0.18388
CGGBP1	2.1421	0.23871	2.8034
ITPRIP	0.79562	-1.1124	1.8878
UNK	-1.1772	0.46634	1.3803
CFAP74	-1.0396	-0.13921	0.72642
TSPYL5	0.0033879	0.5174	3.4221
DISP2	0.71375	1.0931	0.90123
TNKS1BP1	-1.4078	0.5176	1.9202
CIPC	-1.7205	0.18	1.9068
DIXDC1	-0.44503	-0.59026	2.7371
CEP295	0.99743	1.5847	-0.84772
AP3B1	-2.1402	-0.26365	2.5999
ZNF518B	0.94015	0.26009	0.61117
TANC1	-0.10075	1.5571	-0.58819
FHDC1	0.16891	1.3759	-0.036248
ZC3H12C	1.8036	1.7242	0.9248
SSH2	-0.49228	2.7508	1.427
EPT1	0.17406	0.29172	0.20154
FCN3	3.2915	-0.48959	2.4436
LBX2	-0.34639	-0.15442	2.5368
GFM1	-1.3289	0.70695	0.953
SCIN	-0.94516	0.60221	1.4119
CCDC65	-0.048338	-0.70439	-1.6272
DNAJC5B	0.15932	-0.67767	0.55892
BLZF1	-0.058379	1.8525	1.0437
TSLP	-2.009	0.47542	0.13541
PSKH2	-0.76447	-0.78086	3.3455
LGR5	-0.056293	-0.83707	0.46915
MAPKAPK5	3.0516	-0.19535	0.20164
SCRT2	1.4259	-1.1942	-0.13698
MBD3L1	-0.22357	0.057848	-0.12848
BHLHE40	0.22872	-0.036586	0.32136
PIAS1	0.80748	1.2085	-0.09923
CDC14B	0.79356	1.1276	0.33198
CDC14A	0.27767	3.7318	2.3566
GALP	1.4641	-0.13878	0.99821
TCAP	1.1795	1.0564	4.1912
CDK10	-0.38774	-0.027566	0.77257
PRPF18	-0.34046	0.46554	-0.41807
DEGS1	-0.33994	0.82087	0.78179
DENR	0.10511	1.02	1.1939
THOC5	0.16102	0.84702	2.0973
KMO	0.033127	-1.4633	1.1367
YARS	1.6599	1.5145	0.32532
PDXK	2.0559	-0.11452	3.6086
MADD	0.84622	3.8472	5.3676
RRP1	0.80287	0.53992	1.9134
MKNK1	0.093101	-0.25988	0.3897
CAV1	1.2021	6.8436	2.192
KHSRP	0.13139	-0.057648	1.1784
PDLIM4	0.56649	2.4304	0.79045
AKR7A2	-1.2061	1.1256	0.49621
PRKRA	-0.19687	-0.1707	4.0912
STK16	-0.52796	-1.2489	0.86148
TMEFF1	0.43956	1.5832	2.515
SCARF1	0.14163	0.8792	0.81918
CAV2	0.86084	6.5253	2.189
LY6D	1.6432	-0.11001	-0.23257
GTPBP10	-0.59307	0.96557	0.95902
CAV3	0.64955	-0.33298	-0.37417
OR6A2	1.2128	1.229	-0.88871
ACTL6A	0.69955	-0.10641	1.7867
RUNX2	-0.021599	0.29585	1.7011
TNFSF11	0.020744	-1.3206	0.67949
RGS20	0.76482	2.4558	-1.3454
NOP14	0.45044	-1.0464	0.09674
FAM193A	1.0348	2.0328	0.62484
SLC25A12	-0.76426	0.63722	6.4393
PLA2G4C	-0.25045	-1.8913	6.9251
RUVBL1	-0.83256	-1.8956	1.3515
RDH16	1.1555	2.0916	3.7331
KLF7	0.23999	-1.1091	0.69272
RUNX1	1.0357	1.7581	1.9936
PPAP2A	0.46821	-1.089	0.59048
PPAP2C	1.1332	-1.8034	2.4115
PPAP2B	0.57074	-0.009263	0.8788
STC2	-2.0236	-2.2545	0.86893
USO1	0.04489	1.136	-0.35762
CADPS	1.2118	-0.50921	2.5523
RUNX1T1	-0.72207	-0.016418	-0.19626
NPFF	0.068722	-0.80117	-0.097601
CDK13	-0.88603	0.54363	1.2468
PDE8B	-0.92445	-0.39505	0.97426
PSMG1	1.8221	2.3778	2.56
RFXANK	-2.3421	-0.047226	1.8142
TP63	-1.4323	-0.44686	1.4659
JRK	1.8751	-0.65623	2.1149
CBFA2T3	-1.1187	1.8535	-0.029874
HSD17B6	1.3335	0.91195	1.6603
SKAP1	-0.84998	1.1821	3.1168
DNAH17	-1.7146	1.047	-0.61557
UNC5C	-0.51161	0.094319	0.86077
RTCA	-1.0282	-0.41403	1.3384
RNASET2	0.55565	0.29113	-0.19029
SSNA1	-0.81524	-0.46463	1.5128
EIF4EBP3	0.5398	-0.5678	3.1121
OASL	2.9719	0.94499	3.0844
AOC3	-2.4293	0.47616	-0.49578
RUNX3	1.9777	-0.21015	2.8065
PCDHGB4	0.85845	0.059108	5.3252
DCHS1	-1.3418	1.5761	1.5427
PTCH2	-1.0578	0.65546	0.11585
AKR1C3	0.2011	-1.247	1.277
KCNK5	0.30708	4.6187	1.3889
CHRD	1.1824	1.3293	1.724
ABCB11	0.63271	0.91936	-0.0067484
NCOA1	0.01121	1.4642	-0.6351
LAMTOR3	-0.89599	4.3337	1.8051
CBFB	-0.2791	-0.03742	3.3817
NUMB	1.0335	1.7368	2.8146
SOCS1	-1.787	0.2954	1.2671
PDE5A	1.7298	-0.22549	5.4781
DYNLL1	0.56373	1.2392	3.7664
TNKS	2.7706	0.11732	4.7557
ALDH4A1	-0.26429	-0.6521	-0.29444
SERPINA6	0.55835	0.7478	1.1058
IRS2	3.1969	-0.26795	-0.1258
EIF3A	1.0114	0.70591	1.7405
EIF3B	0.2773	-0.99072	3.0922
EIF3C	0.77164	-0.15297	1.0517
EIF3D	-0.89605	0.94805	0.31951
EIF3F	0.54832	-0.37192	0.87318
EIF3G	-1.0253	0.30214	0.55716
EIF3H	-0.86004	1.54	1.1389
EIF3I	0.15222	-0.65131	0.3073
EIF3J	-1.2428	0.34307	-0.29915
CBL	0.6728	1.1284	1.3662
SLC4A4	0.047323	2.2957	2.6933
EIF4G3	1.3482	0.14027	3.3949
VAMP8	1.6188	-1.5056	2.0528
VAMP4	0.57345	0.97015	3.1386
STX16	-1.4359	0.67377	-1.1341
STX11	-0.37361	1.5533	0.84542
STX10	-0.67387	-1.1156	2.7795
BECN1	-2.4587	0.92103	-0.4435
CBLB	-1.4995	1.0338	0.19202
JMJD7-PLA2G4B	-0.032428	1.6702	0.51561
PEA15	-0.92323	1.0682	0.98379
SRSF9	0.58742	1.2955	3.8037
MARCO	-0.79191	-0.69533	0.064391
KRT38	-0.85391	-0.28064	-0.14978
KRT37	-0.28977	0.11978	-0.040482
KRT36	-1.6447	-0.79467	-0.24084
CBLN1	0.1433	-0.11939	0.53443
JRKL	1.0134	-0.41871	3.146
HYAL2	0.47455	2.2099	0.58823
GALNT4	-0.52952	-0.085552	2.3032
DGAT1	0.97094	-0.93491	0.6487
CDC23	0.25734	-1.8824	3.1244
S1PR4	-0.25529	1.881	0.76097
ACTN1	2.0929	0.40298	0.51329
DNAH11	-0.8923	-0.79246	5.1422
B4GALT4	0.24268	0.90209	0.77504
B4GALT3	-0.73878	-0.13115	1.3016
B4GALT2	-1.37	1.4111	3.2331
B3GALT4	2.1118	-1.4392	5.2987
B3GALNT1	-0.16169	0.48298	-0.69564
B3GALT2	-0.070679	-1.7288	-0.19622
B3GALT1	1.209	-0.50173	1.325
SERPINH1	1.9767	0.12642	-0.3117
SERPINB7	0.50108	3.2382	0.50701
TNK1	-0.32162	-2.0544	1.9699
ABCC3	0.80253	1.8527	1.547
NOL4	-0.0044253	-0.46419	1.6053
TRADD	0.193	-0.18876	4.49
PNPT1	0.49854	4.4065	4.4517
TNFRSF25	1.5891	1.9953	1.6946
MBTPS1	0.37996	2.2355	-0.082781
EDF1	1.6753	-0.83469	-1.3546
CTSF	1.8113	1.589	2.2583
SNX4	-0.14291	0.26989	1.0191
SNX3	1.5521	-0.52906	0.86493
URI1	-1.1852	2.3659	0.40137
EED	2.7401	0.38078	1.9762
CTNNAL1	-0.38907	1.4637	4.3779
ADAM19	3.3681	0.09691	-1.1002
GBF1	0.08725	0.36892	5.5955
CBR1	-0.63162	0.87857	-0.49198
RNMT	3.0624	1.0403	1.2282
RNGTT	0.88214	0.26614	0.78131
GPAA1	-1.009	1.1694	1.2673
MYH13	-1.2993	0.70632	0.68484
MYOM1	0.89223	0.27561	0.72206
RIPK1	-2.4864	-0.049459	-0.17881
CRADD	2.2534	1.1753	2.2623
HRK	-0.72024	0.82405	2.7421
CBR3	0.12661	0.060529	1.1812
TNFSF14	6.5547	0.73431	1.0817
TNFSF13	1.3872	2.0	7.2533
TNFSF12	1.2652	1.7766	6.6884
TNFSF10	-0.49888	-0.19596	0.80856
TNFSF9	1.4851	-0.8057	-0.23992
ADAM23	2.0043	0.24377	-0.1314
ADAM21	-1.3721	0.64923	0.073044
ADAM20	-1.4698	-0.3051	0.54365
ADAM18	-0.1443	0.29917	0.077019
CBS	1.0808	2.1258	0.85341
ADAM15	1.1638	2.2707	4.3657
ADAM9	-0.41446	-0.91349	2.0193
ADAM7	-0.16466	0.62389	1.5372
CDS2	0.94394	-0.1164	0.40026
PABPC4	0.19985	0.40464	0.64247
CD164	2.3686	-0.54895	0.88815
TNFRSF14	0.046952	-0.6309	2.7892
RAB11A	-1.2038	1.0739	3.2197
RIPK2	-0.29608	-0.90622	1.0289
TNFRSF6B	0.40115	1.763	2.1067
FADD	-2.008	-0.78276	1.5009
SNAP23	0.1762	0.85794	0.83675
NAPG	0.37685	-0.90846	-1.2967
NAPA	1.3791	-0.6583	1.863
GGACT	-1.0453	-0.32514	7.5644
MPDZ	-0.236	2.8384	-1.8261
SIGLEC5	-0.30382	0.53013	0.8892
RIOK3	1.6856	2.2255	-0.24557
TNFRSF18	0.86664	0.69425	2.3232
MATN4	-0.91069	-0.57044	1.7942
RGS11	-1.7025	1.5257	4.2748
RGS9	-0.9163	2.0343	1.3516
DLK1	-0.097308	-0.64709	3.9728
FBP2	-0.26679	1.2039	0.4638
FPGT	-1.9833	1.081	-0.01522
TNFRSF11A	1.2792	1.1674	1.0187
TNFRSF10D	2.3517	0.15375	0.028594
TNFRSF10C	1.5118	1.1499	-0.33767
TNFRSF10B	0.030407	1.8919	0.048086
SCEL	0.92514	0.71776	0.71119
TNFRSF10A	4.1515	0.80774	0.32871
DYRK4	2.6275	1.5931	-0.40095
PEX11B	-0.80761	1.2782	1.2304
ACTN2	0.48598	0.24978	-0.53483
PEX11A	-1.9029	-0.62044	1.7739
SUCLG2	1.4716	0.75476	3.0457
SUCLG1	0.75728	0.36867	-1.3401
SUCLA2	1.9431	-0.68989	-0.71719
CREG1	0.68872	-1.9311	0.34363
TRIM24	-1.7322	0.18414	-2.6442
IL18RAP	-0.78641	0.56395	0.52994
IL1RL2	-0.78109	-1.8582	0.43823
IL18R1	-1.1125	0.0062787	0.32659
CCIN	0.020698	-0.23534	0.219
GALR2	-1.2516	0.53704	1.2679
CCNK	-0.19928	-0.34867	0.23325
DPM1	0.42122	-1.3145	1.8572
CDKL1	-1.0655	-0.16478	-0.39205
BANF1	-0.14578	3.6776	3.4317
DCAF5	2.34	-0.70354	3.0308
FGF18	0.5269	0.6998	2.4205
DPM2	0.11988	0.66775	-0.31984
SAP30	-0.26215	1.1867	0.13806
HESX1	-0.27336	0.82789	1.1271
INPP4B	0.080693	2.1938	-0.11209
FGF17	1.2819	1.1269	1.6247
CES2	1.3593	-0.49523	2.5043
LIN7A	-1.1212	-0.54126	1.0332
IQGAP1	2.5086	2.2016	1.3743
NRP2	1.1692	-1.6053	0.69412
NRP1	-1.7065	0.091249	2.3228
CCBL1	0.1085	2.2058	0.90379
SYNGAP1	0.77742	-1.0977	3.8521
CD84	0.30298	0.71411	-0.16355
GMPS	1.6036	-0.35696	2.4717
TMEM11	0.27079	0.83124	1.8003
SOCS2	0.46698	-0.26039	2.5118
GGH	-0.32709	-1.7645	3.7452
CFLAR	3.7973	0.10951	2.5891
WISP3	0.42176	-1.6694	0.89703
WISP2	-1.3386	-0.98948	-1.1126
WISP1	-0.95163	-1.1081	-1.443
HDAC3	1.8806	-0.077613	5.6393
PROM1	-2.7701	-0.4129	0.38652
HCAR3	0.59452	2.0817	0.66712
KSR1	0.7339	-0.28875	-1.0198
ANKRD13A	0.36258	0.95847	0.25815
ALKBH1	-0.98609	0.66537	0.95905
TSC22D1	0.88674	1.4229	1.4946
CCK	0.33331	1.5254	0.66382
KAT2B	-2.5444	1.5395	-0.098934
CDK5R1	-0.90717	1.5375	0.82836
ASAP2	-1.4842	1.0829	2.169
ALDH1A2	1.0962	-0.57667	1.2767
NR1I2	0.036283	0.64386	-0.5238
FCGBP	1.6219	0.76323	-0.4308
PROZ	0.3327	-0.11831	0.619
STK19	6.1094	1.3845	1.9474
CCKAR	2.226	1.6917	0.96947
LDB1	-1.1933	0.083954	3.5137
PER3	1.1802	2.6099	2.5475
PER2	-0.18353	0.1282	4.7272
SYNJ1	-0.4574	0.53571	-0.72656
ST3GAL5	-0.41823	-0.86373	-0.12162
CCKBR	0.64181	-0.35962	1.3309
IER3	2.6158	2.0873	2.713
SYNJ2	2.2012	0.93136	0.30623
CDC123	1.4845	0.43918	0.41638
ARHGEF7	-0.55467	-0.11624	1.6269
RRP36	1.0939	0.40771	0.92483
VNN2	-0.59047	0.053593	-0.69348
VNN1	-0.16757	0.033507	-0.96084
SPHK1	0.2091	-1.0897	1.5037
SQSTM1	0.0059659	0.95419	0.52856
SGPL1	-0.64057	0.45454	2.1785
FUBP1	-1.6117	-0.99229	0.77753
CDC16	-0.33672	-0.64274	3.0094
ZPR1	1.2954	0.79478	4.0368
NAE1	0.55537	3.028	-0.10256
SLC5A6	0.058562	0.3317	4.0958
DDX18	-0.46009	-1.9443	-1.3923
TAX1BP1	-0.89722	0.09748	2.7512
MCM3AP	-0.4413	0.053095	0.23167
KRIT1	1.0672	1.3243	1.5324
EIF2B4	0.038329	-0.26596	3.6856
EIF2B3	-1.2233	0.79246	0.1478
EIF2B2	1.4034	2.153	3.9153
EIF2B5	0.11783	-0.91503	1.5689
EIF2S2	-1.5761	0.67285	7.339
CPNE3	0.097855	0.47179	1.2997
BUD31	0.58609	-0.7352	-0.68483
MTMR3	-0.68088	1.1579	3.893
MTMR2	2.956	-0.85244	2.2177
PRPF4B	1.4358	-2.3409	1.0533
ACTN3	1.9651	1.5283	2.3017
CCNA2	0.97135	0.20979	1.4666
CCNA1	0.74571	-0.61968	0.71478
CPNE1	0.35929	-1.4174	6.844
AP1G2	-1.2497	0.88856	1.0247
AP1M1	1.2941	0.44901	2.0294
ENDOU	0.54337	2.4947	-0.88734
CCNB1	0.93141	-0.6709	0.36029
SGCE	-0.76775	0.29221	0.84541
CACNA1I	-0.22605	0.035048	2.2132
CACNA1H	-1.1819	-1.0359	0.49686
TRIM4	3.1266	1.4262	3.5263
CACNA1G	-1.2828	2.0091	2.5054
TIMELESS	2.1699	-0.17368	4.682
BCL10	0.61565	1.2788	-2.3677
HERC3	-2.3298	-0.71229	3.6249
CCNC	1.1795	0.87517	3.6804
HERC2	0.59233	1.1684	0.86853
HERC1	0.49696	2.1252	0.83878
SNURF	1.0463	-0.29297	-1.4131
BSN	1.3539	-0.10121	5.2057
FOXH1	0.15843	-0.33751	1.787
PHOX2B	1.4496	-0.26299	-0.42896
MBD4	-1.4158	1.4899	3.7772
MBD2	-0.62246	1.616	2.8648
RAB29	1.2342	1.312	1.6556
SKAP2	1.3077	2.464	-0.27025
WASF1	-1.3453	1.1688	0.81541
BAIAP3	0.97667	-0.192	7.1592
FUBP3	-0.45918	0.1174	-1.8113
CCND2	1.6371	1.9587	0.76806
TOP3B	0.12537	0.19204	0.89837
CDK5R2	1.3663	2.0354	0.52062
KYNU	-0.043109	-0.0012228	-1.0436
AP3D1	0.85186	-0.43418	4.5353
BTRC	1.2757	2.61	3.3636
CCND3	-0.8711	1.4649	1.7119
HIST1H3F	0.17594	1.4793	2.2486
HIST1H2AG	1.0667	-0.21546	6.1536
HIST1H2BJ	1.0803	-0.070505	5.7119
H1FX	-1.7692	-1.383	-0.5574
MGAM	0.77286	0.60597	-1.7466
CHRNA6	-1.3741	-0.84632	-0.25896
P4HA2	0.14991	2.1404	0.62939
USP13	-0.83872	0.41814	-1.1853
C6orf7	-0.62609	0.053057	-0.16003
WASL	1.3763	-0.27184	0.13358
RSPH1	1.1365	-1.085	3.0342
UMODL1	-0.80845	0.12077	0.73987
SERPINB12	-0.20811	0.52594	0.30678
SERPINB11	-1.9373	1.6947	0.21018
WNT3A	-0.073051	-0.15488	-0.056448
HPS4	-1.0909	-1.0255	1.8221
LMLN	0.53898	1.8515	-1.3772
SIGLEC10	-2.6128	-0.034431	-0.21557
GAL3ST3	0.14799	1.5484	1.9115
NAV3	-0.23548	-0.043426	1.7327
NAV1	0.92483	-0.03785	3.9122
NAV2	1.2898	-0.62766	2.2557
CCNE1	1.6035	0.63605	0.59182
KCNK17	1.8608	1.6651	-1.0449
ARHGAP11B	1.2742	0.28616	1.6403
ABCC10	1.8054	1.3892	0.78322
FGD3	0.14519	-0.14784	1.0379
FCHSD1	1.8579	0.14074	5.6069
ATG16L2	-0.34073	-0.78307	1.4668
PLOD3	2.6659	1.5744	0.77581
MVB12B	0.23453	4.8742	5.8814
KLHL6	-0.30447	-0.4213	-0.80178
SIGLEC12	-0.60878	-1.2095	-0.92168
RPS6KA4	-0.96749	0.78331	-0.43076
SEC16B	-0.61861	-2.298	1.1377
PLCZ1	-0.032403	0.43937	-1.8283
STBD1	-0.1827	0.54191	1.8298
TRIM15	0.37488	4.1615	2.1542
AQP10	-0.53899	0.62115	1.2021
SLC25A21	0.98815	0.10576	-0.029273
MAATS1	-0.42139	1.2504	-1.0377
HSPB3	-0.1766	-1.6415	-1.3002
TPD52L3	-0.91456	0.16355	2.6393
LHX4	0.82263	-0.68651	3.7774
SLAMF9	-0.76059	0.4082	0.21509
ZNF628	-0.067367	-0.17996	0.44749
TRPA1	0.33872	-0.47879	0.13346
KBTBD6	0.68266	0.64471	0.10021
WDR34	-0.61931	0.52178	1.028
TMEM116	3.04	-0.59528	0.73167
CCNF	1.9694	-0.57869	-0.28657
SELENBP1	-0.56082	0.60503	3.9129
UBE3B	-0.23543	2.9272	1.7377
ATP6V0E1	0.63779	1.3422	1.8943
C16orf45	1.4103	0.070067	0.89528
PGLYRP1	1.986	-0.00025722	-0.13867
PAPLN	1.9094	1.9908	4.4558
LIMD1	2.0827	0.75298	0.43079
RHOT2	1.1064	-0.18462	-0.02471
GLB1L2	-0.4394	0.82838	0.20813
TNFSF18	-0.84161	0.17051	0.19994
KLC4	-0.068318	-0.11363	1.4055
NOL3	0.19393	-0.088197	3.7157
KALRN	-1.5166	4.4806	-0.089337
RSPRY1	0.16003	-0.279	-0.68129
DPH6	-0.12506	-0.2097	2.0017
CDKL2	0.65426	2.8861	0.99473
NAT1	0.42734	-0.20083	-0.87709
ACVR1	-2.9654	-1.2027	-0.59525
CCNG1	-0.43731	0.10997	-0.46147
MIDN	0.53384	0.78984	1.139
HAP1	-0.86372	-0.045951	0.27843
SYT8	1.0667	-0.31393	2.6662
F2RL3	1.4648	0.79692	-2.5232
UBE3D	0.66094	2.1316	0.75122
FAM181A	-0.13935	0.37603	-0.35577
LACRT	1.0743	0.13713	1.9236
ZNF30	0.366	-0.2664	0.68572
CCNG2	-0.22709	0.6851	1.8499
PHLDB2	0.24803	0.63624	0.20148
VWA5B2	0.39236	-1.3192	2.5858
C9orf69	-1.9627	0.011909	0.71862
TAF1C	-1.7951	2.9689	-1.2251
KCNH7	-1.0695	-0.99242	0.5007
BTBD6	-0.68432	0.2846	-1.5798
TSPAN18	1.0981	2.8785	0.94903
TAF1B	0.41263	0.44495	-0.52343
EFCAB11	1.129	-0.34456	0.73121
TAF1A	-0.82374	1.1986	2.6299
EMILIN3	1.0004	1.5855	1.7922
MPZL1	-0.10219	1.3985	-2.2003
SYS1	-1.8425	-1.0277	0.10046
WFDC8	2.0596	-1.2276	0.39326
CCNH	-1.3888	-1.6656	-0.0049816
MAP3K14	-2.145	1.7506	2.536
SNX21	1.2579	-0.66104	2.9582
ZSWIM1	2.3583	-0.06102	2.9377
SOCS3	-0.17574	0.46731	0.70114
UCN2	0.37389	1.5789	3.8246
CH25H	-2.2991	0.28607	0.38218
KIAA2013	2.8094	-0.23365	-0.51863
ZNF551	-1.931	-1.0987	0.37236
BRSK2	1.8335	-0.0026164	1.4769
UNC5A	-1.3631	0.12792	0.35839
RNF8	0.17176	1.1084	-1.4051
HIP1R	-0.44062	-0.091767	0.84793
OTULIN	0.17875	-0.16005	0.42485
NAT8	-1.2622	-0.12367	0.39514
CEACAM21	-0.71618	0.95437	1.0886
RHBDL1	1.1775	-0.22725	-0.081303
EFCAB12	-1.5382	1.2193	3.8206
BAZ1B	0.27341	-0.298	2.7702
TP53I13	0.071797	0.22829	0.14259
ZNF616	-1.2568	0.56825	0.55926
TM4SF5	0.20643	-1.6068	0.35818
ZNF766	-0.20535	-0.54153	1.3847
CCDC97	2.6207	0.44349	1.447
THAP3	0.34998	-0.32792	1.1284
PKD2L1	-0.88429	0.34919	4.4617
EXOC3L2	3.5851	0.78557	1.6588
ZNF468	-0.31401	-0.17078	1.4169
ZNF160	1.0934	0.13725	-1.986
CCRL2	-0.76845	0.1683	0.60777
FER1L5	2.2066	0.81607	0.85258
CTU1	3.2077	0.7824	0.0095042
C5orf30	-0.4767	0.088042	6.089
FAM110B	-0.63231	0.38709	0.096862
SEMA5A	-2.2207	-0.28873	2.6406
SAMD1	1.0764	-1.4297	2.3681
DCAF15	-0.42396	0.79152	1.3691
TAAR5	-0.19462	-0.52268	0.43206
TICRR	-0.29186	-0.29257	2.299
UBA3	0.58281	-0.21425	1.4707
MED30	0.39403	-0.56516	-2.3218
CCNT1	-0.37787	-0.23687	3.7594
UBE2M	-0.48944	2.1348	3.485
TMEM41A	0.48535	1.0933	0.82861
IFT20	4.3612	-0.52993	2.4377
MCFD2	-0.31718	1.9878	-0.68184
C15orf57	1.6598	-1.3748	4.2002
KNSTRN	1.0469	1.583	1.2847
ATP6V1E2	-0.027174	-0.028823	5.3987
BMF	0.11386	2.0689	1.7098
SPAG9	1.0449	2.8638	1.1403
BTAF1	0.24593	-0.046025	2.3248
ZNF622	-0.961	1.6441	1.3467
RPL14	0.11996	-0.85408	2.5845
ERI1	-0.98239	0.27728	1.7632
DOK2	-0.35309	-0.98195	2.8242
SH2D2A	1.388	1.3989	3.1326
ARTN	-0.11204	1.4475	3.6593
GADD45GIP1	0.47941	1.7408	3.1803
ZNF835	-1.4055	-2.5631	-0.56054
TMEM263	1.3062	2.8838	1.3258
AIP	0.35462	0.29485	3.6177
CCNT2	-0.62988	2.5383	0.15477
PSTPIP2	-0.30548	-1.1942	2.4166
LRRC46	-0.59958	0.47118	2.0573
SCRN2	-0.54851	0.10352	2.162
PSTPIP1	-0.29788	1.6827	2.9279
GPRC5A	0.6011	-0.50748	0.25065
YIF1B	1.2681	0.72363	1.043
MLIP	0.17739	-1.1847	1.5371
SHF	-0.35371	1.9106	1.4504
DUOXA1	0.52419	0.93987	1.2664
STPG1	1.0572	0.4448	0.69349
MAP7	1.8582	-0.08737	2.421
NFS1	0.24618	-0.90325	7.5236
PRC1	2.2791	0.05461	1.8171
MCU	-0.34038	-1.337	3.7245
CCDC74A	-0.29985	0.9401	0.20575
SLC7A7	1.749	0.99658	1.2168
SLC7A6	-1.1031	-1.4639	6.8211
ZNF799	-0.83034	0.68376	-0.61751
SLC13A2	1.3059	-0.63715	2.2345
C19orf52	0.1981	0.37821	2.0004
ZNF625	-1.2189	-0.36364	-1.3795
ZNF700	-0.057115	-1.4175	1.1495
ZNF439	1.5552	-1.2645	0.032119
PAPSS2	0.46205	-0.31379	2.9446
PAPSS1	0.10142	0.6881	1.0487
LYRM7	-1.4743	0.92952	4.8405
STARD13	-0.22808	0.62559	2.0187
PIAS2	0.24588	0.11578	1.1866
N4BP2L1	-1.4304	1.278	1.5953
ZFAND2A	0.34272	0.84967	1.4913
COX19	-0.53729	2.3886	1.8395
MAP3K6	2.9869	-0.58292	1.9734
ZNF486	-0.4264	0.95778	-0.75589
SYT7	-0.99276	1.626	1.0436
LRRC16B	0.84904	1.9101	1.2605
PPP1R3E	-0.34381	1.311	2.4987
LRSAM1	-0.65636	1.8463	0.71425
ANGPTL1	-0.85603	-0.93614	1.4222
CLDN12	-0.96992	2.1312	1.2456
CCDC126	0.80833	1.3141	-0.21171
ASH2L	-2.2788	0.31026	1.5043
SEC11C	-0.23695	0.59802	1.332
CLDN10	-1.2621	0.40264	1.9404
CLDN8	-1.6669	-0.025511	-1.2998
CLDN6	-1.0711	0.75565	1.885
CLDN1	-1.8758	1.7262	2.4629
DIRAS3	1.8421	0.58248	1.9761
PYGO2	0.23083	1.332	1.8321
LDB2	2.9501	-1.534	1.1412
CEP95	1.0051	-1.2896	1.7979
CCT6A	0.44168	0.72226	-0.73398
CLDN9	-1.0577	0.82512	1.9322
ANGEL2	0.82329	0.94088	1.0019
TMEM55B	-2.0793	0.254	0.96596
PRMT9	-0.78618	0.67303	0.19344
ZNF479	1.184	0.66389	-1.2107
C16orf93	-0.79401	1.0173	-0.10398
ZNF598	-0.24448	1.8329	1.3735
SPOCD1	0.61098	-1.3596	0.30693
HN1L	-0.094292	1.6363	1.4951
SPSB3	-0.59468	1.6133	0.048511
IL33	-1.4658	0.38772	2.653
TMEM261	-0.15054	-0.36007	0.88912
ZNF697	-1.4218	-0.0010069	1.8281
PKMYT1	-1.3789	0.9828	1.6185
CD1A	-0.70625	0.061691	1.1941
PIGQ	-0.59168	-0.18803	4.0447
SART1	-0.042561	4.1482	3.3635
DNAJA3	1.1417	1.2192	3.1968
TRIM41	-0.80918	-0.7281	-1.5533
UNC119	-0.074645	-0.11969	2.4661
TBX19	-2.0237	-0.047226	2.1702
ESAM	0.32975	1.1791	0.57778
ADCK2	-1.5455	0.25263	0.69582
DHX57	-0.50482	0.10093	0.68125
TBX18	-0.11476	1.3264	0.41296
USP14	0.8356	-0.30243	2.6155
USP6	0.44112	-0.60652	-1.1486
ZNF251	1.3877	0.59523	2.2939
USP2	0.21008	1.6774	5.648
KIFC2	-0.15977	-0.37887	1.5078
CREB3L1	1.8603	1.5526	1.0047
ACVR1B	1.6638	0.68066	2.6057
CD1B	0.57702	-0.34996	0.90314
USP10	-1.1996	-0.54317	2.338
USP8	1.0719	0.4628	3.5831
FMNL3	-1.643	0.069777	2.7451
CERS5	0.14145	-0.063948	0.64079
FCGR2C	0.029319	0.14204	-0.50645
DPP9	1.562	0.96327	2.3096
CCDC149	1.7217	0.33789	1.4104
AP5B1	0.13521	2.67	5.4798
CCDC34	0.020544	-0.6375	1.8355
MTMR6	0.2352	0.57243	-0.55542
ANKRD30A	-0.22049	-1.6722	-2.2903
MTMR7	-1.023	0.82982	3.7426
CD1C	0.3093	-1.0864	0.61146
MTMR4	-0.83163	1.1269	5.2701
TRIM47	0.49672	-1.2456	0.41643
NMI	-0.23729	2.4401	-0.10927
MTA1	-0.017631	-0.65838	1.1327
ZNF682	3.1385	0.1535	1.0442
LATS1	0.54012	0.7226	-0.15011
L3MBTL4	0.6437	-1.0379	3.2921
SLC25A46	0.92533	0.45478	-1.1873
ATP6V0D1	-0.18796	-0.39525	4.4911
TMEM67	-2.1456	-0.88717	0.73005
TIGD7	-0.13559	-0.67384	0.36861
IGFN1	-0.83053	0.23972	-1.1544
SEC22C	-0.61133	-0.0017194	0.29349
SCARF2	-1.1744	1.0125	0.057126
INA	0.86467	1.7412	2.6835
NUP210L	-0.029087	0.091235	2.6832
KRT75	-0.33123	0.52499	-0.85424
CD1D	-0.88847	-0.22917	2.0991
SLC16A6	-0.34493	-0.69654	1.7634
SLC16A5	1.1842	-0.58429	3.4041
SLC16A4	1.031	-0.080337	1.7213
GGTLC2	-0.59027	-0.4418	-0.079392
SLC16A3	-1.078	0.70082	6.1703
PDLIM1	-0.43292	-0.095364	0.85777
RQCD1	-0.055657	0.5839	3.1941
SLC39A13	0.84996	2.978	7.8189
SMC3	0.98654	-1.4231	0.2585
P2RX6	0.93272	-0.39365	1.564
BOD1	-2.8119	0.72325	2.5471
PRPF4	-1.6458	0.38728	3.4829
MSANTD3	0.0054053	1.484	3.3275
LMF2	0.91454	-0.061156	0.81717
PRPF3	-0.077189	1.2427	4.8983
C12orf29	-0.39225	-0.48766	0.91443
CD1E	1.1	0.25293	0.94139
R3HDM4	3.0946	0.38812	-0.85746
TMEM259	5.6206	-0.83049	0.15981
DERL3	1.5947	-0.0028144	1.5425
KCNQ4	0.17445	-0.45735	3.5408
CCNB2	-0.35513	1.8524	0.77722
CCNE2	0.73948	-0.068504	2.2815
RABEP1	-0.29992	-0.29722	1.0461
DDX60L	-0.83757	-1.7338	1.1045
LRP5L	-0.94553	-0.3671	-0.58013
RRP9	-0.32695	0.61919	2.131
CDKN2AIPNL	0.051332	-0.21689	-0.1227
ANKRD40	1.4441	0.82109	0.83595
ARHGEF1	-1.13	1.0574	0.98183
CBFA2T2	0.77168	1.1243	1.4234
ZNF502	0.59947	-0.013447	2.5834
CD2	0.11562	1.0908	-2.494
ATG12	-1.4388	-0.30119	-0.7754
SESTD1	0.5637	1.5027	3.0039
BTF3L4	-1.7369	-0.70328	3.6291
CCDC74B	0.76869	-0.62401	0.23633
PDCD5	-0.49324	-1.4468	2.5103
XRCC6BP1	-0.27668	-1.0555	1.8484
SYNGR3	-0.14927	1.582	1.0322
RCCD1	2.3038	-0.47611	1.8836
SYNGR2	0.91788	-0.30996	0.39696
C19orf40	0.25319	-1.9327	1.8796
RNF185	2.127	2.2417	2.1324
SYNGR1	1.8505	0.45298	1.041
ACBD5	1.698	1.3889	0.84304
HGS	2.6017	0.090323	6.1094
PKDCC	0.99088	1.585	0.77544
ISX	-0.8105	0.11765	0.53383
NEMF	-0.12589	0.70571	-0.062612
NEURL1	-1.5798	-0.13186	2.9363
DYRK1B	1.484	-0.49287	-0.30812
CD3D	-1.158	-0.78675	3.8868
CTDP1	0.96415	0.19946	0.80913
SLC6A5	0.84736	0.49352	-0.60342
COL23A1	-0.073471	0.053634	1.2604
PCED1B	-0.76941	0.73804	1.0649
ANKRD44	-1.4398	0.97091	0.30992
SLC28A2	-0.78277	1.9755	1.124
SLC28A1	-0.14259	-1.3565	0.7715
RSAD2	0.97958	0.40184	0.77866
UBXN11	1.0262	0.57369	0.57997
EXO1	0.73378	0.1842	-0.9341
C12orf65	2.5754	3.504	2.1215
FIBP	-1.0971	4.0332	3.0921
RPS19BP1	-2.2415	-0.64147	1.9438
PLXNA4	-0.88323	-0.33265	0.49885
PCSK7	3.1835	1.0537	3.2096
CD3E	-0.99043	-0.69968	0.89578
ZNF830	2.0884	-0.88694	2.3795
SLFN11	0.40406	-1.3345	0.80254
RASL10B	-1.2893	-0.45418	-0.77033
CHURC1	0.311	-0.42623	1.1976
DEPDC7	-0.47117	-0.21412	0.6302
DGKI	-0.38363	1.3224	1.5212
NEXN	-1.6514	-1.3715	0.75562
TDRD12	1.8359	-1.485	1.8715
ATPAF2	-0.25499	0.63315	2.0666
BOC	-0.57116	0.05661	0.77771
EBAG9	-0.11095	0.17269	-0.073709
ZNF765	-0.88275	1.5732	0.89629
NLRP12	-0.77417	-0.85043	0.42043
MYADM	0.18163	-0.63704	-1.5476
ZNF845	-0.36444	1.1402	-0.78773
COX7A2L	1.7984	0.62102	1.4004
TMSB10	-1.0571	0.77572	-0.72429
SYT12	1.2323	0.49637	1.2094
CENPL	0.11434	-0.9527	1.1
SMDT1	1.4712	-0.54725	2.6781
SCAF11	-0.90134	-0.71978	6.6118
LONRF1	0.64326	-0.65815	0.32854
CD3G	-1.0865	-0.71647	4.592
LPAR2	0.012514	0.26624	7.143
ACY3	-1.4514	-0.56347	0.90826
MYOM2	-0.0301	-0.1875	0.065302
IL1RL1	-1.3713	-0.60179	0.61755
IDI2	0.22417	0.45136	1.3278
YTHDC1	-1.5145	0.41859	-0.2757
ELMSAN1	-0.55269	-0.68094	3.7176
KIAA1919	0.034323	-1.4646	2.8974
MAP3K13	-1.3517	1.2749	-0.61166
LIN52	-1.2898	-0.38064	4.7535
ZNF804A	1.3366	0.056425	1.8627
NEK9	1.3863	2.194	2.3248
CABLES1	2.2534	0.88549	0.91888
HTR3B	0.77654	-0.6479	0.38508
NXPE3	0.63152	0.78572	1.7159
CHMP7	3.4408	0.85577	1.7234
AP4M1	2.0585	-1.2347	5.0864
OSMR	0.57824	0.073807	0.91006
ALKBH8	-0.084307	0.497	1.0562
MYLK3	-1.8034	-1.8171	2.4031
ARHGEF2	0.57436	2.5181	0.62877
RASSF9	-1.4704	1.4131	-0.39241
EXOC3L4	-0.77526	0.2085	1.5509
ZW10	1.6998	-0.29394	1.2737
WDR20	0.83155	-0.95892	0.17288
BUB3	2.763	-0.68245	0.3514
CALML4	0.68747	1.2891	-0.065827
MARVELD3	-0.48252	-0.36716	4.4255
RFT1	-0.090565	-0.24046	1.6546
SLC24A1	0.2702	1.8936	2.3575
TTC5	0.23291	-1.368	-0.46708
DDX21	-1.7762	0.20126	0.14751
FDXACB1	1.1311	-0.82033	0.83176
C11orf52	0.45857	-0.32454	1.5528
CD247	1.0276	-0.70951	0.040397
DEDD	-0.77582	0.099252	0.85882
TIMD4	1.2529	0.9905	0.13136
SLC16A7	-1.9155	-1.1298	0.837
NDUFAF2	0.42797	2.1104	1.4117
ARRDC4	0.11621	0.67561	1.599
COG7	1.0294	-0.89404	2.082
KCNAB3	0.62396	1.4405	3.3449
SLC33A1	1.1981	1.0588	3.5482
ZNF300	-2.9994	1.4748	0.71534
MYOZ3	-0.31384	-0.21632	0.61083
TPGS1	-2.2455	1.6216	2.0283
ACVR2A	0.47588	0.48277	3.8266
CD4	0.39278	0.85149	1.1609
HACD1	0.37706	-0.37464	0.50145
DCLK1	0.77344	0.048151	1.9351
SLC25A51	-1.0258	1.7747	2.6283
SNX29	-0.89976	1.6071	2.5395
ZMYM4	-0.14115	-0.1512	0.96457
ZMYM6	-0.0043165	0.52994	3.4361
ZMYM5	0.97225	-2.0283	0.070358
LRRFIP1	0.20447	0.69467	0.31528
GGTLC1	0.11816	-0.89593	-1.4253
LRRFIP2	0.21152	0.11674	1.9521
ZC3HAV1L	-0.66432	0.60756	-0.072095
CD5	-0.93987	-0.44354	1.329
TTC30A	0.018142	0.52675	4.5157
INTS4	-0.36289	-0.55265	-1.0646
OXNAD1	1.7295	0.40885	0.11514
LGI1	-0.97932	0.91126	2.8672
AURKB	-0.84526	-0.94029	2.2514
DSEL	-0.80993	0.59713	-0.45303
XPR1	0.5067	-1.0089	1.6113
FCMR	-0.15178	-0.37334	0.065976
MTDH	0.069494	0.65569	0.12931
LARGE	-0.66275	-1.6675	1.7187
MTSS1L	-2.2338	2.3161	1.5783
TMEM88	-0.84255	1.1755	2.9599
VAPB	0.10445	0.24496	-0.075771
MTG1	-1.3922	1.6633	0.76389
VAPA	-0.43528	-0.22482	0.088625
UBTD2	1.6624	-0.4469	2.3041
MTA2	-1.1422	1.6655	1.9462
DAPL1	2.0361	1.2288	-0.24848
CD5L	0.34904	0.20739	0.30651
TIAF1	-0.78294	-0.33314	0.010581
NOLC1	-1.0685	-0.49835	3.6188
CDHR1	-0.16563	0.52327	6.1094
MAGI1	-0.32617	0.274	2.6723
DUSP27	0.49297	0.58886	0.19288
RCSD1	-0.16748	1.11	-0.51538
LMBRD2	1.1707	0.95211	2.343
MRPS36	1.2701	-0.13113	0.27265
LRAT	1.9841	0.13776	-0.90301
ATP6AP1L	0.67994	2.1248	0.66443
DLGAP2	0.18738	0.25104	0.95581
ZNF461	0.51056	-0.47639	-0.1637
ZNF585B	1.0163	-0.091202	2.0237
DLGAP1	-1.6138	-0.42792	0.49176
CAPN13	0.19348	1.4742	0.91001
GLYATL1	0.0099596	1.7827	-0.81365
TMEM132C	-1.536	-1.2153	3.376
CD6	-0.23951	-0.29264	2.3595
RAB11B	-0.78347	0.66688	1.1997
SCGB3A1	0.061258	-0.74067	0.24495
TMEM129	-2.37	1.0221	0.91193
DLG5	-0.46431	1.9378	2.6081
MEX3A	-0.6046	-0.56612	2.0196
PTTG1	2.111	-0.60935	-1.3065
STRADA	0.35415	1.307	3.9094
PRR29	-0.40172	-1.3794	1.5792
METTL18	-0.2392	0.88088	0.3396
GORAB	-1.1382	1.4503	0.88127
NAF1	-1.1237	2.2527	1.5807
C1orf105	-0.47236	1.6147	-0.39433
IL32	-1.0279	-1.1877	1.6632
CRB3	-0.91601	-0.80376	1.565
CCPG1	-0.91075	-0.12125	1.8894
SPSB4	-0.057843	-0.56813	0.43052
PXYLP1	1.0558	1.6924	1.971
TBRG4	-0.82114	0.070062	-0.12325
MRRF	-1.8791	-1.071	0.62699
CD7	-0.10182	-0.34347	2.163
PNMA1	-1.3379	-0.38046	2.3312
RBM18	-2.1059	-0.86004	0.74632
NOG	0.45259	-0.83255	7.9223
MSC	0.52338	0.058566	2.1454
CHMP4C	0.48407	-0.9817	-2.4734
CRLF1	0.36327	-0.42588	1.8599
GCNT3	2.8875	2.1028	2.5996
UBE2L6	-0.24516	1.106	3.3742
GCM2	-0.61776	0.046696	0.14087
BBIP1	2.0754	-0.95233	-0.27987
LDHAL6B	2.7536	0.35555	0.20313
DHRS3	0.27493	0.83461	0.60231
CD8A	-0.63794	-1.299	-1.3761
RPS6KA5	-2.6431	-0.38113	0.9993
SPECC1	-0.033563	1.9787	2.4679
NUMBL	1.1839	0.40156	2.9032
CACNA2D2	1.3333	1.1071	1.8797
AIMP1	-0.68673	0.49539	2.127
CCDC64	0.71714	-0.36184	1.1825
BZRAP1	-1.4561	1.8714	3.4393
FANK1	1.2829	1.1753	2.8727
G6PC3	1.943	0.17798	0.64034
MFHAS1	0.055162	-0.91428	4.305
ASB16	1.4025	-1.1075	0.85915
ZNF764	0.083725	-1.2535	2.0817
MOB1B	-0.70677	0.24058	1.239
CD8B	0.14213	-1.5844	-1.1102
PDLIM7	-1.2096	-1.6534	3.5576
TIMM50	-0.76997	2.34	0.07458
MAPKAPK2	-1.8157	-0.62032	2.0134
TIFA	-0.69846	1.0375	0.92369
STK17B	-0.57588	1.8717	0.71849
STK17A	0.06781	0.90977	1.1046
CYTH3	-2.8568	0.21415	2.2613
CYTH2	-0.9973	-0.383	1.5337
MGME1	1.5121	4.1707	2.166
CYTH1	0.50367	-0.06849	1.8659
DTD1	1.3375	-0.14979	4.9063
FAM114A1	-0.52777	1.6417	-0.90622
TMEM169	-1.857	0.77833	-0.50657
ITGB1BP1	-0.58548	0.2904	1.127
TMEM183A	-1.1228	-0.16852	2.4259
PIWIL1	0.83055	-1.6917	2.0279
OTOP2	-0.37177	-1.0498	1.7462
DNER	-0.41594	1.0976	-0.076642
BCL7C	1.2546	0.61614	0.83293
BPIFB1	-0.3482	1.2366	1.054
DRC1	0.38702	-0.42084	0.68711
BCL7B	0.49688	0.012408	3.0012
COPB2	0.27377	-0.02009	0.33281
WDR46	1.9861	-1.4478	5.4661
ZBTB22	1.7288	-1.4487	5.3058
HELB	-1.3397	-1.5902	-0.78271
SHKBP1	2.144	-0.1439	2.0779
CD9	2.0832	-0.85133	-0.56368
CENPBD1	-1.1143	0.92211	2.363
HIST3H2A	1.5971	1.255	0.68711
ZNF276	-0.28596	0.74659	0.79116
GPR37L1	1.7869	-0.62867	0.078273
REEP6	0.78707	-1.0001	1.1925
IMP4	-1.6562	-0.76188	0.44786
TAAR2	-0.20185	-1.2625	-0.57169
ADGRG1	-0.063309	-0.31786	-0.73979
CD14	-0.19704	0.62894	3.9192
GPR55	-0.80848	0.41054	0.11958
HNRNPLL	-0.95157	-0.060739	2.1468
UBE2Q2	-1.1783	-0.21181	0.26692
CCDC102A	-1.1747	1.2828	-1.891
GPR52	-0.26204	-0.87127	0.94445
MARS2	1.3543	-0.55096	-1.4326
S1PR2	0.14469	0.77357	2.254
ADAMTSL1	0.23569	0.58542	4.1169
SRSF11	-2.0929	-0.16284	0.61274
ATP6V1F	-0.10426	-0.17355	-2.1309
PEX11G	0.42274	0.90274	3.2496
MARCH9	-1.1693	-0.4014	1.4109
ZBTB47	-2.1362	0.81462	0.46508
ACVR2B	1.0861	-0.30319	1.9569
CD19	0.73552	0.63199	1.9409
B3GNT7	0.93774	3.2747	4.8311
NT5C1B	-2.1779	-0.27557	1.1086
PKHD1L1	0.68608	0.67629	-0.14276
COQ10A	0.10009	1.7057	4.3213
SOCS6	1.8183	-0.30317	-0.087072
CD83	0.65248	0.83476	-1.2188
TEX30	0.28353	0.80878	1.0295
NEURL3	1.4152	2.0037	1.8333
DMKN	0.76147	0.61202	1.0704
MS4A1	1.3806	-0.20358	0.52589
ZNF235	-0.0018064	1.6736	-0.64206
NAPRT	0.90496	1.7673	2.1738
KCNG4	0.032367	1.4996	-0.35478
TMEM44	-0.19293	-1.0454	-1.0372
ASIC3	0.32779	0.062562	2.0985
KCNB2	-0.91559	-0.39567	0.94837
ORAI3	1.4586	0.58926	1.1663
MMP20	0.35392	0.56087	1.4922
ZNF561	-1.0389	-1.086	-1.1575
KLF4	1.8726	-0.853	1.3088
OLFM2	-0.061019	-0.52373	0.24142
NREP	1.9868	0.17682	2.4489
PRDM6	-0.32734	-0.24093	-1.5037
PTER	0.61325	-0.3485	0.13892
COPS2	0.06245	0.11894	1.5436
PIGM	-1.605	-0.88731	1.2455
IGSF8	-0.71012	0.43035	0.84327
TRIP13	-0.26068	-0.26206	2.1684
C1orf158	-0.49658	1.152	-0.10859
MS4A3	-0.9204	-0.91853	2.6941
TRIP12	2.0587	-0.21998	-0.16038
TRIP11	-1.2692	1.6395	1.6155
PGAP3	1.2673	0.9349	5.0008
TRIP10	5.7133	-0.67953	-0.021997
CCDC114	-1.0311	-0.45014	-1.0631
HMGN3	0.4005	-0.50079	0.71546
TRIP4	1.4564	1.9735	-0.61658
ZNHIT3	-0.42221	1.1606	-0.2886
LEMD1	0.079635	2.0349	5.1536
GTF3C5	0.59606	0.3957	0.28895
GTF3C4	0.41467	0.070207	2.4262
CD22	2.0325	-0.48899	-0.99849
GTF3C3	0.97825	0.16604	-0.25044
B4GALT6	-0.45352	0.7542	0.52247
HAUS8	-0.85723	3.5909	1.8756
TGM5	0.35321	0.31957	1.78
B4GALT5	0.25055	0.47395	0.49482
MVB12A	1.8412	0.53919	2.0367
SP140L	0.24726	1.5632	2.7975
CNOT8	-0.28343	-1.4514	-1.5856
OPALIN	0.46336	0.64671	0.55272
GLP2R	-0.03324	1.119	1.4801
MYL10	-0.1752	1.7244	2.1399
VAMP3	1.6037	2.3565	2.0596
SNAP29	-0.56835	0.64151	-0.49811
SYCE1	-0.23515	1.6069	1.9712
EFTUD2	1.3973	1.6685	2.5473
MGAM2	1.1173	-0.052456	-0.95104
ARMC6	-0.44952	0.98502	2.5211
TAOK2	0.75188	-0.012534	-0.13701
ZNF670	0.98444	0.85594	1.3985
NDST3	0.64345	1.6732	-0.17492
MAPK1IP1L	0.65065	1.355	0.97925
RPL23	-0.029126	1.2335	1.5169
TPTE2	1.703	-2.0599	-0.18166
CER1	0.97481	2.1242	-0.66438
SLC9A3R2	0.29199	0.8298	1.0384
SDR42E1	-0.86401	-0.069164	1.5314
TXNL1	-0.13593	1.4331	-0.90374
SLIT2	-1.9031	1.2393	1.1277
UBE4A	-1.0295	-0.5227	4.5848
LHX2	1.8128	-0.15749	1.6586
ZFAND4	-0.16507	-0.54503	0.95507
SLC22A6	0.022335	0.71142	2.7005
ITGBL1	1.4909	-0.13906	0.39355
TRMT10A	1.7793	0.31108	2.0261
CACNA2D4	-0.91153	-0.50438	-0.14049
TBC1D31	-0.067578	2.5679	-1.8013
PPIG	0.28699	-0.010499	-1.5215
LONP1	-0.57921	-0.70179	-0.12995
FBXO44	-2.3574	-1.1242	0.45084
CPNE6	0.58527	1.7697	0.21546
MRFAP1	-0.27757	0.43136	1.3156
TADA2B	0.44382	2.0613	-0.23121
TBCK	-0.36833	0.33331	2.0579
RAB28	0.017568	0.03712	0.56172
TJAP1	0.017021	2.2188	-0.42796
MYOCD	-0.071259	2.238	0.10122
KL	0.65723	1.8149	-0.10761
ACPT	-1.0582	0.18177	0.68577
CGB5	0.99183	-0.054678	1.3104
CAPZA3	-0.99747	0.78962	-1.6686
ARHGAP18	1.0384	0.41149	6.102
CADPS2	-1.1499	-0.036821	0.77296
SLC9A3R1	1.6816	2.0242	1.3829
NRXN3	0.071481	0.48738	5.2069
ADIPOQ	0.09875	1.0815	1.4946
KIF3B	-0.50533	-0.46834	1.7304
ZFYVE9	-0.1909	-0.49676	4.2427
PLAA	0.88599	1.2106	0.40362
PPT2	7.5058	3.7737	4.166
TM9SF2	-1.0494	-0.33747	0.22357
SLC22A8	-0.033427	0.11492	2.3699
COX5A	3.4867	0.12127	0.017554
NRXN1	-1.2812	-0.29168	3.6449
NRXN2	-2.0517	-1.0729	1.355
GRHPR	0.28381	-0.096786	2.2005
OTOF	-0.13667	0.58482	2.3297
COG1	0.86829	-0.040655	2.9763
LIPG	3.4793	0.75874	1.9829
SLC22A14	1.0569	-0.44884	-0.43603
CD27	1.5443	-0.57949	0.66916
SLC22A13	1.4202	-0.54302	0.012378
CIAO1	0.28871	0.5401	1.2296
TGFBRAP1	0.84215	1.4231	0.36669
HS6ST1	-1.8165	-0.79481	2.1932
NMT2	-0.62852	-1.4359	-0.64923
ACTR8	1.2972	0.58257	3.9896
ATPIF1	0.71747	-0.6892	1.0919
CPA5	-1.7468	-1.02	-0.48818
CD101	-0.35495	-0.53845	2.5359
FOXP2	-0.86604	-0.38268	-0.95557
STOML1	-0.17516	1.072	1.8889
ACVRL1	1.1471	-0.38829	3.4132
CD28	1.9757	0.39152	0.65338
RECQL5	-1.5023	0.2496	1.0788
PIGS	0.58028	0.20703	2.575
RECQL4	0.085367	-0.40034	1.2423
TTYH2	-1.0381	0.59725	0.32521
GRAP2	-0.42346	2.6219	2.7787
MUC16	1.205	0.28079	0.042549
POM121L2	0.60761	-0.22645	2.9902
CGB7	1.0285	0.31425	0.58896
SEP15	-1.5556	-1.6544	0.62297
LRRC4B	0.73152	-0.026755	-0.45611
HTRA3	-0.57695	0.6959	1.9663
CAMK2N2	1.443	-0.23931	3.332
FTMT	-0.64222	-0.78858	0.63599
ZNF101	-0.5708	0.84441	7.5297
LPXN	-0.74803	2.257	0.99345
LENG9	-1.7071	-0.94433	-0.43476
ZRANB2	-0.16861	-0.10195	0.026013
TMPRSS11D	-0.82504	1.6688	-0.19185
SFXN1	-0.71514	2.0776	2.3709
HSPB9	-1.3159	0.33363	1.4897
PEX16	-0.12241	1.7691	5.4035
SFXN5	1.3446	0.040064	1.1572
CD80	-1.371	-0.837	1.7954
SNRNP40	2.0241	0.146	-2.1676
ORMDL1	-0.69015	0.8267	2.9178
ORMDL3	3.2242	-0.93159	5.651
PAXBP1	-0.70857	0.3749	0.058925
TMEM203	-0.97925	-0.46463	1.4664
ARHGAP29	1.7381	0.25323	0.042037
CGB8	1.1249	0.24188	1.0615
MED21	-0.24764	0.86231	2.878
SYTL3	-0.60793	1.5669	4.3129
FAM189A2	0.79345	-0.13947	3.8226
ARHGAP12	1.4456	1.0913	1.889
RP1L1	0.53182	2.4133	4.5803
TJP2	-1.1571	1.1848	6.9475
FADS2	2.3767	-0.20389	3.1806
DDX23	0.10515	-0.3677	1.9265
ABCC12	0.067078	1.5748	-0.43462
CRIPT	-0.26466	0.11371	2.6036
CD86	-1.0435	0.72021	1.0326
CYP7B1	0.17141	1.9523	1.4607
HAND1	1.1483	-1.4684	1.4186
ZNF264	0.14299	0.25764	-0.28486
NTN1	0.29189	-0.49362	1.1334
OPN4	-1.0012	1.3108	0.11285
FOXQ1	-0.94626	4.3343	-0.034446
GNG8	0.37463	0.7664	0.27058
H2AFV	-1.7049	-0.97939	2.15
KCNK6	1.2027	0.77329	1.0752
EPSTI1	0.71056	0.22735	-0.50707
TP53INP1	0.89942	0.64089	3.4613
CDYL	-1.465	-0.55316	0.52189
ECEL1	3.3818	0.49553	6.1094
PPP1R14A	0.1777	0.43564	1.5405
ABCG2	0.36445	-0.88587	1.7345
TNFRSF8	1.096	0.21042	0.81665
CHST2	-0.60575	-0.96422	0.32064
NCR2	-0.6184	1.1682	0.5937
NCR1	0.91705	-0.033137	-0.55152
MED23	0.96344	0.87354	0.28214
TNFSF8	0.19318	0.026387	-0.58894
MED17	0.74299	-0.077609	0.61742
MED26	-0.013528	0.51055	1.5733
MED27	-0.23429	-0.44893	0.96597
MED7	1.6546	-0.90189	0.36066
QKI	0.73887	1.6455	3.011
ITM2B	-0.6484	2.0145	1.0601
GSTO1	0.93276	-0.56546	2.3614
AIM2	-1.107	-0.11297	0.88186
MAP4K4	2.8054	-0.00091264	2.2956
CD33	-0.07733	-0.93068	-0.17147
LY86	0.52995	1.1706	1.4761
EIF2AK3	0.067016	0.63911	2.1571
GGPS1	1.6226	0.4047	1.1857
HOMER3	-0.27129	2.6456	1.786
HOMER2	-2.451	-1.1013	2.3698
HOMER1	1.0994	0.33518	0.437
FHL5	-0.81456	0.48669	0.073368
SIGLEC6	0.20492	-0.7626	-0.83937
RASAL2	0.21999	0.92102	1.201
PICK1	5.6762	2.057	1.2965
HAND2	2.627	0.65682	1.8257
AKAP7	0.37922	-0.068611	1.3769
IL27RA	0.56851	-0.36728	0.99852
SH3BP5	-0.48947	-0.23748	1.0263
CHST3	-0.96787	0.31086	2.2923
CD34	1.4592	-0.46441	5.1335
EIF4E2	2.1599	0.1264	6.1094
AKAP6	0.28822	1.5251	6.3815
THEMIS2	-0.32708	0.71637	1.3344
ATG5	0.38988	-0.63942	1.2904
ROCK2	0.57243	1.6757	2.2829
NAPSA	0.092717	-1.166	-1.3448
MED20	0.24145	1.589	1.966
CABP1	1.4854	0.35308	4.6297
MAPK8IP1	-0.77948	1.5361	5.2896
CD36	0.20951	-1.0243	-0.24876
ONECUT2	0.068585	-0.75343	-0.3584
SLC25A27	0.21202	1.0256	-0.1159
STX8	-1.3255	0.76204	0.16134
CHST10	-0.8	-0.012316	0.83796
PIGL	-0.1071	0.56602	1.4453
PIGB	-0.49481	-0.80977	1.5305
PGS1	-2.7321	0.77575	0.50861
SCARB1	-0.248	0.59238	-1.8808
PSMF1	-1.1006	1.3655	2.1217
KIF23	-0.048005	1.6489	-1.3492
AKAP5	0.73549	1.1333	2.9898
TBX4	-3.0383	-0.4003	3.692
SLC4A7	0.10533	0.53692	2.4153
SLC4A8	2.1761	-0.59383	2.337
MYOT	0.2117	-1.0027	1.7011
ACY1	1.0535	-0.30668	3.615
SCARB2	0.27888	3.0317	1.9991
RPH3AL	-1.0712	-1.2503	-0.35271
ADAMTS4	0.15574	-0.49012	1.1796
ADAMTS3	-0.4197	1.7879	3.1
ADAMTS2	-0.90799	0.27477	2.536
CD37	-0.28089	-0.4585	2.4495
ADAMTS1	0.19977	-0.19575	0.63233
PMPCB	-1.3664	-0.82335	0.91503
FXR2	1.0161	2.0076	6.7126
GAL3ST1	0.19588	0.4953	0.95859
STXBP5L	-0.4727	0.91	-0.0074304
LITAF	-0.12767	2.0437	1.8299
SPTLC2	0.82078	0.5864	1.104
GDF15	-0.83393	1.2912	0.256
TBPL1	0.20723	-1.2044	2.1653
CD38	-0.65935	1.224	1.4373
NPEPPS	-0.9314	1.7133	0.87805
EEF1E1	-0.51686	0.9496	1.4719
SCAMP1	-0.85665	1.3043	1.7367
TECR	1.1794	0.12063	-0.90391
VPS4B	-0.12497	0.83803	-0.17968
MPDU1	1.4898	1.9393	6.1886
GOSR1	0.47797	0.67124	0.17033
TMEM59	-0.55829	0.99226	-0.8099
BAG5	2.372	1.3683	3.3077
ENTPD1	1.0195	1.8458	0.51391
BAG4	-0.63028	0.82572	1.7669
BAG3	-0.027426	-0.50123	1.6375
BAG2	-0.5856	1.1228	1.9727
POLR1C	-0.30911	2.0252	-0.73604
ZNF254	0.73602	0.33921	0.20128
GMFG	-0.33571	-1.0945	1.7871
PTGES	-0.23978	0.92551	1.891
TP53I11	1.764	2.0997	-0.61175
EI24	-2.7283	-1.6426	2.1814
TP53I3	-1.1629	1.4642	0.01607
CIR1	-0.23757	1.2382	0.81244
NRG2	-0.77881	-0.081824	1.239
IGDCC3	0.67876	-0.61408	-1.144
RAB3D	-0.69863	0.4854	-0.15303
APBA3	-0.49536	-0.5458	0.86571
CXCL14	-1.096	-1.302	-1.6486
ENTPD6	-0.10121	-0.60828	4.1467
ATP6V1G1	1.3175	1.1388	0.75314
ATP5J2	0.96964	-0.56811	-0.0080872
SPAG7	-0.81305	0.12665	2.5807
MRPL33	1.728	-0.69172	1.5661
H2AFY	0.86791	-0.064247	0.99337
C14orf2	0.7385	0.15987	2.5013
CHD1L	-0.14785	-1.13	1.133
VPS26A	-0.69742	-1.5176	1.8509
ENTPD3	-0.24594	-0.60873	2.7851
MINPP1	-0.25252	0.28036	2.4311
H6PD	0.23071	-0.74258	3.2237
BCAR1	5.9012	2.3303	2.385
GTPBP1	1.3746	4.0576	1.8146
GABBR2	-0.091591	0.5386	1.6716
CEP41	-2.1894	-0.78973	-0.10208
GTF2IRD1	0.38081	-1.6698	1.318
ENTPD5	-1.3629	-1.1062	4.9127
GOSR2	-0.55529	1.9734	2.0575
NR1D1	0.44145	-0.86211	1.2769
CLOCK	-0.074413	1.1109	1.2032
SPAG6	-2.0984	0.75299	0.66328
BRE	1.4504	2.5959	0.582
CDC42BPB	1.2124	-0.66515	2.3806
CD40	1.0306	2.1832	-1.8076
SOX13	-0.27128	-0.95683	1.902
PREPL	-0.36573	-0.50312	3.9734
APOBEC3B	2.7312	1.546	0.58631
ENTPD4	-0.016555	0.80668	0.43946
RBM39	0.33701	-0.92334	7.0313
KIF20B	-0.4049	-1.3848	0.4744
CREB5	-1.2151	0.63038	0.99494
MAD2L1BP	0.39036	0.9365	-0.61742
PRDX6	0.57375	-1.8719	-1.1502
WTAP	-0.9633	-0.057688	-0.86352
AKAP12	1.0035	0.9724	2.6574
IER2	-0.67589	-1.8031	2.8814
CYTIP	1.5092	-0.52319	0.79717
CD44	0.090921	-0.67137	2.889
PITPNM1	0.085829	0.13496	4.2048
PDIA4	-0.46561	-0.0032349	-1.622
NFE2L3	0.90866	-0.096059	1.0038
RNF14	-0.46593	0.80522	-0.21619
VPS9D1	-0.34678	0.39999	0.79451
CARTPT	-1.7223	-1.7714	-0.096465
RAB36	-0.75838	-0.30554	-2.7658
CD47	-0.21869	-0.4865	4.3538
RIN1	0.95258	2.5086	1.8197
NCOR1	-0.46516	0.82316	0.835
NCOR2	-0.82573	0.43816	2.866
GDA	0.0052606	-0.75696	3.0084
RNF7	1.3187	-0.79402	-0.28281
MTRF1	-0.32316	0.91779	1.5459
TRAF4	0.62508	0.38291	0.71219
ABCG1	0.099471	-1.0466	1.8488
CD48	1.7865	-0.76338	0.75727
CELSR1	1.7656	0.45024	1.9774
KLK4	0.92264	-0.39096	-1.7493
TCL1B	-1.0132	0.85671	2.2447
AATK	-0.19992	-0.028384	-0.56269
GUCA1C	0.64864	-2.6098	0.3506
SNCAIP	-2.1865	0.63936	0.15132
RGS6	0.3518	-0.298	1.0554
CD53	-0.55486	-0.36687	0.26324
GNA14	-0.43733	1.7409	0.72669
NUP155	-0.92023	-0.15838	2.8889
SEC24C	0.14351	1.3444	2.9797
MTL5	0.69733	1.1669	1.2548
CLCA2	0.48503	-0.26356	-0.54946
ISG15	1.2637	-0.49617	4.3789
FEZ2	1.4941	-0.59331	1.0048
FEZ1	-1.9029	-0.99683	0.86445
ARHGEF10	0.51249	-0.79689	1.3792
ZNF592	-0.55743	0.01006	-0.26566
IKBKE	-0.0077109	1.3493	5.1072
SH3PXD2A	-0.35504	0.56301	3.8874
MICAL2	-0.28499	1.6908	0.34109
FNIP1	1.9115	1.0561	2.2463
CTR9	0.22448	-1.9639	2.9109
PPM1F	-0.32049	-0.22733	0.87753
GCC2	-1.7127	0.45696	-0.70954
RALGPS1	2.073	6.0046	2.5364
CD58	-0.32426	0.75684	1.1331
MTFR1	0.15729	0.97511	1.1746
PLCH2	0.8866	-1.0671	3.9087
TTC37	-0.14724	-0.94168	0.61905
HS2ST1	-1.9592	0.13379	1.0015
TTLL4	0.38857	0.53101	3.811
SOCS5	0.27575	-1.0034	-0.25921
MDC1	1.9628	1.1262	2.3891
IQCB1	-1.8694	1.5819	0.8689
ZNF516	0.39084	1.4627	1.925
PDE4DIP	0.47088	1.5068	0.5628
TBC1D27	-1.2426	0.20484	1.1013
CD59	2.1886	-0.38552	-0.46711
CEP135	0.68048	0.27732	-0.13764
LPIN2	1.5719	1.2038	0.51015
KIAA0430	0.76845	0.71983	2.0591
DZIP3	-2.2379	1.3955	-0.27707
SAFB2	-1.0228	-0.66267	1.0405
ZNF432	-1.1002	-0.048183	-0.95119
EIF5B	-1.3911	0.22575	1.3477
CD63	2.1353	-0.11415	7.7559
IPO13	-0.39291	1.5693	3.2816
WSCD2	1.6	1.8803	0.69752
SDC3	-0.17708	2.0047	-0.33355
SLC25A44	-0.48145	0.31994	1.5321
KIAA0040	-0.44247	2.0748	1.7063
TTI1	1.5984	1.243	-0.06766
TGS1	-0.30864	-0.98628	1.5414
PPIP5K1	2.0157	1.6702	1.4422
PHF14	0.13317	1.979	2.5213
FAM53B	1.2048	4.2791	0.14515
CD68	1.5109	1.9731	6.2668
DEPDC5	1.6685	0.074882	2.7196
KDM4A	-0.2785	-0.045219	5.0948
N4BP1	1.6285	-0.82381	-0.18281
LRRC14	-0.034903	-0.4438	0.95878
CLINT1	1.3372	1.0553	1.1372
VGLL4	-0.61085	1.5862	0.62696
GREB1	0.043342	-0.54411	-0.3707
NUP93	3.1016	0.13201	-1.3465
BZW1	1.2505	-0.17143	0.13512
UBE3C	-0.67318	-0.36219	0.27591
KIAA0391	-0.0010239	0.57717	1.3296
RAPGEF2	1.3165	-0.066632	0.42221
EMC2	0.46768	0.49844	3.9199
EDEM1	1.3601	1.1295	-0.3531
CROCC	-0.12082	0.043965	1.1382
TRAM2	0.6505	-0.16998	1.4227
PUM1	-2.2849	1.6894	0.7796
RIMS2	-0.39921	-2.1953	0.49706
ACYP1	1.3488	2.1853	2.4509
CD70	2.4365	0.012141	0.21155
ESPL1	1.5247	-0.29419	1.2406
PPP6R2	-0.65796	1.0896	3.121
CEP57	3.012	-0.93807	1.5817
KIAA0100	1.4417	-0.75898	2.2827
DHX34	0.51571	-0.54578	0.44296
ST18	0.69627	0.5564	2.7372
ULK2	0.14249	2.3794	1.5338
PCDHGA8	0.86297	0.055075	5.3252
HERPUD1	7.9327	0.33489	1.4681
CD72	1.8472	1.4349	1.0193
KIAA0355	1.6235	0.59768	0.81773
KIAA0226	-0.23221	-1.0729	0.2885
USP6NL	-0.68365	0.17561	-0.58617
FAM131B	-0.049994	-2.0183	1.5672
AQR	2.3873	-0.13303	6.9731
SEC14L5	1.8862	0.38213	1.6946
ECE2	1.7343	0.76761	3.4118
ADAMTSL2	1.1386	1.7386	2.2028
CD74	0.54705	1.3896	1.6631
CCDC144A	0.55393	-0.31021	-0.52982
NOS1AP	-0.53095	2.1788	4.2802
SEMA3E	0.3748	4.5843	2.8053
UTP14C	1.5048	-0.34731	0.96829
TMEM63A	-0.56878	-0.35756	-0.11113
ZNF646	0.47196	0.57372	1.7362
RAB11FIP3	-0.56121	3.1166	0.86683
SECISBP2L	-0.36059	0.031731	0.89946
KIAA0408	-1.7943	0.12262	-0.7106
CD79A	-1.9836	0.28466	0.1234
VPRBP	0.88881	0.087649	1.9237
CEP104	0.085471	0.15016	2.3776
DOCK4	-0.075816	-1.5457	5.5241
SART3	-0.28681	0.44593	1.8139
HDAC9	-0.79269	0.66483	0.19757
KNTC1	-0.30761	0.53735	3.342
USP34	0.47943	-0.030131	1.8398
CCP110	-1.0187	-0.86368	-1.3123
SETD1A	1.2956	0.64888	1.1751
CD79B	-1.2418	0.4524	3.2739
LAPTM4A	-0.19906	-0.68048	1.571
IFT140	0.36028	0.37257	2.1451
ARHGAP32	0.83097	0.47497	6.3661
ACAP1	-0.73164	-1.8074	1.7726
ZNF536	-0.4535	0.18807	4.0126
TCAF1	-1.3096	-0.62142	0.50595
SLK	0.03333	-0.73619	5.611
PHACTR2	-0.63635	-0.29202	1.2765
CD81	1.0897	-0.54558	0.90946
FAM65B	1.0335	0.48561	1.7022
SNPH	-0.27425	0.65593	2.0324
PCDHA9	-0.98683	-0.8929	5.7618
ZSCAN12	1.9298	-0.71718	6.1094
TBKBP1	-0.86091	2.3977	0.65532
KMT2B	-1.6401	-0.17863	5.3006
HDAC4	1.1971	1.7556	0.11485
ADGRE5	-0.49892	1.0262	-0.14551
TOX	1.0785	0.59694	7.1587
MLEC	1.0878	-0.19247	4.254
LZTS3	-0.38906	0.82421	2.9314
KIAA0513	-1.2689	-0.56293	0.29629
ZFYVE16	-0.11431	-1.9497	4.0371
SUSD6	1.2784	-0.84066	0.91251
KIAA0101	1.0553	2.3668	-0.78282
CD151	1.738	1.5001	2.1402
RASSF2	-0.332	2.7727	2.66
RAPGEF5	0.59161	-0.31411	2.349
KIAA0195	1.2881	-1.9199	1.4434
BCLAF1	1.0779	0.18382	2.5695
EIF4A3	-0.16901	0.36242	1.6984
ATG13	1.8179	2.6367	-0.31157
TM9SF4	-1.1029	-0.28552	1.1489
KIAA0232	0.0844	0.0053889	-1.4229
TBC1D5	-0.2272	-0.74261	1.2163
CDA	0.0061403	0.74531	-0.85532
PIEZO1	0.46593	2.5695	1.0674
RNF144A	0.56938	0.52575	3.7427
MATR3	-1.9394	1.9786	3.7612
RIMS3	1.6991	-1.2143	2.529
SNX17	0.19668	-0.31742	3.5514
DHX38	0.50543	-0.088994	2.9199
KIAA0586	-0.75596	0.62036	1.1881
DLGAP5	0.4914	-0.83944	0.89599
MTSS1	1.0712	0.5333	1.5192
SPCS2	0.40064	-0.08742	0.86061
BMS1	0.030457	1.1497	-0.87247
PTDSS1	-0.16742	0.54178	-0.71602
SERTAD2	-0.52666	1.2189	1.0995
CKAP5	2.1454	3.7802	-0.16896
MAML1	-1.3196	1.0132	0.83499
PHYHIP	-1.3107	-0.23113	1.488
TATDN2	-0.40923	0.097052	1.2213
IST1	0.72357	0.46508	4.4224
ACYP2	0.096321	2.3946	4.2542
MRPL19	-1.0798	0.47756	1.7285
DAZAP2	0.35421	-0.75458	0.85969
TOMM20	2.4412	-0.0619	1.1552
SCRN1	-0.78633	0.26407	0.11654
SPOCK2	0.32797	-1.2549	3.5247
IP6K1	0.95789	0.28095	3.9887
RNF40	-0.71594	0.67406	-0.10398
CTIF	0.99566	1.1069	1.8383
KIAA0141	0.15743	0.07578	0.80017
EFCAB14	-0.53492	0.070593	0.27165
SFI1	1.9083	0.91802	1.8516
GIT2	0.38566	1.2845	0.41188
URB2	0.29365	0.30523	0.17939
KEAP1	0.82735	-0.41334	0.69396
NUPL1	-0.0092151	1.3003	-0.34565
TSC22D2	-0.63118	2.1802	3.4615
CUL7	0.60309	0.043165	1.3314
RB1CC1	-0.79066	0.84141	4.2329
ARHGAP11A	-0.55038	-0.021759	0.37527
SPATA2	-1.1786	-1.0313	2.312
ARHGEF11	0.13526	-0.16992	2.9769
RGP1	-1.134	1.7547	-0.16536
ARHGEF17	1.7015	0.29093	5.6651
DNAJC6	-0.96276	0.026705	1.473
CDK1	0.85023	0.59614	3.3952
TRIM14	-0.0899	1.264	0.39813
ZNF623	0.78288	1.2158	-0.084083
JAKMIP2	1.6465	1.7281	-0.28781
MELK	-2.0414	-1.4618	0.098967
LCMT2	1.7393	1.1879	2.0189
GINS1	-0.53102	0.87381	3.8596
ZEB2	1.8599	0.52951	7.8622
CDK11B	-1.1127	0.40926	-0.34671
TESPA1	-0.6008	-1.6133	2.6027
ZBTB24	2.3285	-0.95293	1.6946
PLEKHM1	-0.13189	3.4417	6.7305
ELMO1	-1.1562	1.9792	1.448
GAB2	2.1765	1.6691	2.4498
C2CD5	1.0056	-1.2835	7.0449
MFAP3L	-0.36225	-1.0208	1.705
ZNF518A	0.086852	2.4399	1.7812
KIAA0753	-0.94156	1.0384	3.1608
EPM2AIP1	0.058576	0.29205	2.3255
RUSC2	1.3075	0.33317	0.26276
C2CD2L	0.056488	-0.3293	2.663
FARP2	-1.9664	0.23458	2.3657
KIAA0319	1.1233	-0.002234	1.8634
CEP350	2.4137	0.73299	3.0655
PPP1R26	1.2376	-0.38084	2.7262
CEP170	2.0913	1.3951	0.43805
LRIG2	0.4524	0.88416	2.7448
PSMD6	-0.07113	0.46146	3.5786
MED24	1.0847	-0.37499	1.891
MAGI2	-0.20128	-1.9111	5.1944
TRIL	0.56454	2.4699	1.5396
TRIM66	0.56103	-0.20934	2.824
PJA2	-2.7455	-0.29345	-0.32203
TOMM70A	2.2954	1.5269	5.2274
SETDB1	-0.17696	1.0262	3.9305
LRBA	0.7428	0.62309	5.1275
AREL1	1.7784	4.2023	4.6117
SEC24D	0.50781	1.1262	0.84472
FCHSD2	-1.0954	-0.37041	1.4098
TLK1	-0.65263	0.31233	1.8036
URB1	0.14381	-0.017136	0.37948
ZC3H11A	-0.33143	1.6063	0.13403
TOX4	0.85717	-0.37485	0.10874
DDX46	-1.0253	1.4984	1.369
CDC5L	-1.0757	-0.18761	1.0249
ZBTB39	0.436	2.4387	3.0254
TRANK1	0.47469	0.3899	2.6202
TBC1D4	0.48247	1.9911	0.31685
POM121	-0.87154	1.6268	1.0087
LRRC37A	0.18546	3.133	5.5189
OSBPL2	0.2855	2.1196	3.7077
RHOBTB1	0.88114	0.12595	2.9632
SMG7	-0.13329	-1.2754	-1.1803
ZBED4	1.2206	-0.53847	0.53792
SEPT7	-0.36688	3.6762	-0.30315
LPPR4	0.043479	-0.049955	0.73299
NUAK1	1.831	-0.18563	0.90345
SNAP91	-1.1013	-0.63428	6.1094
TELO2	-0.17316	-0.39698	2.142
TECPR2	-0.33316	0.16836	3.5139
FIG4	1.6181	-0.23438	2.5902
KIAA0196	-0.11105	-1.4311	0.85671
UBAP2L	-1.5777	-1.3457	2.7083
SV2B	-0.66568	-1.5858	-0.026217
CDC6	0.43806	0.048343	0.82194
SV2A	1.0746	2.2948	3.3201
SRGAP3	-1.8062	0.95591	0.99223
MRC2	-1.2648	-0.047662	4.3774
KLHL21	0.32901	-0.46734	1.2094
RBM19	-0.40362	1.0614	-1.1365
SGSM2	1.134	1.3687	1.6684
SLC35E2	-0.64064	-0.55752	0.36939
AP5Z1	0.68953	-0.5032	0.44405
G3BP2	-0.0035254	2.2738	-1.0127
DENND4B	1.0381	0.16306	3.0381
CDC20	1.2818	-0.17142	3.5783
RABGAP1L	-0.44678	-1.1886	0.7372
TMCC2	-0.62522	2.0069	2.1776
ARHGAP44	0.47556	0.36987	1.7021
SUPT7L	-0.10861	-1.2893	2.9409
ATP2C2	-0.65075	-0.62535	-1.4122
ARNT2	0.30331	1.5053	2.718
FAM20B	-0.15014	0.10328	2.0533
NCAPD2	-0.40479	0.35107	0.31684
SEC16A	-0.12376	0.62066	1.8166
KBTBD11	0.83484	-1.2041	1.6814
RNF10	1.0295	1.3456	3.2467
IQSEC1	0.56462	1.1086	1.4007
ZBTB40	-0.58597	0.75564	0.73646
PAN2	0.60704	1.5389	4.1127
ZBTB5	0.76823	0.5667	1.2775
LPGAT1	-1.4513	-1.1513	-0.062593
MFN2	2.5261	-0.42997	-0.16765
KIF14	1.1032	0.46026	2.5488
JOSD1	1.3164	4.106	1.7485
CDC25A	0.79294	1.7566	-0.0094485
HELZ	-0.42011	1.2974	0.082359
KIAA0020	-0.85473	0.25194	-0.76781
P2RY14	0.66734	0.68308	0.42595
MAFB	-0.070746	1.0001	3.3383
CD302	-1.0222	1.918	2.0553
DCLRE1A	0.6505	3.1875	2.0958
ARHGAP25	-1.7225	0.31511	0.13383
RBM8A	-0.74664	1.6812	1.6532
CDC25B	1.0047	1.7486	1.845
DLEC1	-0.15201	-1.5288	3.7864
EXOG	1.1763	-0.12439	1.7398
XYLB	0.73495	0.014755	0.83865
OXSR1	1.8579	-0.71149	0.77772
GFPT2	-1.2722	-2.3205	-0.25458
CRYZL1	0.15644	1.1105	2.292
WDR1	0.88901	2.5606	0.18589
CDC25C	0.32043	-0.27965	2.08
GOLGA5	-0.099776	0.086338	2.2402
HS3ST4	1.3661	-1.1784	0.38186
HS3ST3B1	-1.9256	0.46312	5.2348
HS3ST3A1	0.81696	-1.6153	1.3872
HS3ST2	-0.16669	0.69123	0.9653
HS3ST1	0.59286	-1.3064	-0.48083
USP15	-0.9395	-1.3098	1.8865
CDC27	-0.99609	3.5029	0.18657
USP3	0.68227	3.1485	1.2279
MVP	-0.50176	2.109	0.040289
SLC23A2	0.71067	0.06171	0.95169
SLC23A1	0.021596	2.0568	3.5225
FGF19	-0.40364	3.5532	-1.1386
TNFSF15	0.80533	-1.2232	-0.0046854
THRAP3	0.060555	2.171	0.84387
MED13	1.0252	0.52675	0.83381
CDC34	-2.0565	0.47575	2.5806
NR1I3	0.68897	-1.0116	0.061214
NR1H4	0.3504	-0.071746	2.0507
NUP153	0.45288	1.008	0.33622
CCS	1.4666	1.2165	2.1436
NR1D2	-1.5842	-0.76516	1.4594
CLEC2B	0.043178	1.6084	1.012
RBX1	-0.68326	1.7556	2.6195
CDC42	-1.7717	-1.3569	3.1408
DOPEY2	-0.55001	-0.85844	2.2267
FGFBP1	-1.9657	1.4259	1.0145
THOC1	0.56131	-0.55035	2.5468
REC8	-0.54736	-0.037017	-0.5139
RCE1	-0.0095898	0.17927	1.3743
HNRNPDL	0.52215	0.24743	0.48137
DMTF1	-0.42754	-0.88072	0.72002
PPP4R1	2.0993	-0.099989	1.5439
CDH1	3.3299	0.64503	2.1942
SLC12A6	0.67389	0.48951	3.8609
PTBP3	4.1877	0.83132	2.9702
KCNE2	0.56755	0.27862	0.53629
DGCR2	-0.7126	-0.92173	1.9994
CASP8AP2	-0.14255	0.029266	0.99172
SCO2	0.85637	0.47114	0.55648
