trait	cell_class	official_regulon_or_TF	MG_RSS_rank	MG_RSS	target_genes	gene_set_size	effect	FDR	status	notes
AMD	MG	ARID3B_extended_+_-_(50r)	1	0.55638781	NA	NA	NA	NA	OFFICIAL_RSS_ONLY_TARGET_GENE_MATRIX_UNAVAILABLE	Table S13B; no target-gene edge matrix in downloaded official workbook
POAG	MG	ARID3B_extended_+_-_(50r)	1	0.55638781	NA	NA	NA	NA	OFFICIAL_RSS_ONLY_TARGET_GENE_MATRIX_UNAVAILABLE	Table S13B; no target-gene edge matrix in downloaded official workbook
RE	MG	ARID3B_extended_+_-_(50r)	1	0.55638781	NA	NA	NA	NA	OFFICIAL_RSS_ONLY_TARGET_GENE_MATRIX_UNAVAILABLE	Table S13B; no target-gene edge matrix in downloaded official workbook
AMD	MG	ZFHX3_extended_-_+_(39r)	2	0.53935803	NA	NA	NA	NA	OFFICIAL_RSS_ONLY_TARGET_GENE_MATRIX_UNAVAILABLE	Table S13B; no target-gene edge matrix in downloaded official workbook
POAG	MG	ZFHX3_extended_-_+_(39r)	2	0.53935803	NA	NA	NA	NA	OFFICIAL_RSS_ONLY_TARGET_GENE_MATRIX_UNAVAILABLE	Table S13B; no target-gene edge matrix in downloaded official workbook
RE	MG	ZFHX3_extended_-_+_(39r)	2	0.53935803	NA	NA	NA	NA	OFFICIAL_RSS_ONLY_TARGET_GENE_MATRIX_UNAVAILABLE	Table S13B; no target-gene edge matrix in downloaded official workbook
AMD	MG	ZFHX3_-_+_(39r)	3	0.53935803	NA	NA	NA	NA	OFFICIAL_RSS_ONLY_TARGET_GENE_MATRIX_UNAVAILABLE	Table S13B; no target-gene edge matrix in downloaded official workbook
POAG	MG	ZFHX3_-_+_(39r)	3	0.53935803	NA	NA	NA	NA	OFFICIAL_RSS_ONLY_TARGET_GENE_MATRIX_UNAVAILABLE	Table S13B; no target-gene edge matrix in downloaded official workbook
RE	MG	ZFHX3_-_+_(39r)	3	0.53935803	NA	NA	NA	NA	OFFICIAL_RSS_ONLY_TARGET_GENE_MATRIX_UNAVAILABLE	Table S13B; no target-gene edge matrix in downloaded official workbook
AMD	MG	HMX1_-_-_(11r)	4	0.53342315	NA	NA	NA	NA	OFFICIAL_RSS_ONLY_TARGET_GENE_MATRIX_UNAVAILABLE	Table S13B; no target-gene edge matrix in downloaded official workbook
POAG	MG	HMX1_-_-_(11r)	4	0.53342315	NA	NA	NA	NA	OFFICIAL_RSS_ONLY_TARGET_GENE_MATRIX_UNAVAILABLE	Table S13B; no target-gene edge matrix in downloaded official workbook
RE	MG	HMX1_-_-_(11r)	4	0.53342315	NA	NA	NA	NA	OFFICIAL_RSS_ONLY_TARGET_GENE_MATRIX_UNAVAILABLE	Table S13B; no target-gene edge matrix in downloaded official workbook
AMD	MG	HMX1_extended_-_-_(11r)	5	0.53342315	NA	NA	NA	NA	OFFICIAL_RSS_ONLY_TARGET_GENE_MATRIX_UNAVAILABLE	Table S13B; no target-gene edge matrix in downloaded official workbook
POAG	MG	HMX1_extended_-_-_(11r)	5	0.53342315	NA	NA	NA	NA	OFFICIAL_RSS_ONLY_TARGET_GENE_MATRIX_UNAVAILABLE	Table S13B; no target-gene edge matrix in downloaded official workbook
RE	MG	HMX1_extended_-_-_(11r)	5	0.53342315	NA	NA	NA	NA	OFFICIAL_RSS_ONLY_TARGET_GENE_MATRIX_UNAVAILABLE	Table S13B; no target-gene edge matrix in downloaded official workbook
AMD	MG	HES5_extended_+_+_(63r)	6	0.51832983	NA	NA	NA	NA	OFFICIAL_RSS_ONLY_TARGET_GENE_MATRIX_UNAVAILABLE	Table S13B; no target-gene edge matrix in downloaded official workbook
POAG	MG	HES5_extended_+_+_(63r)	6	0.51832983	NA	NA	NA	NA	OFFICIAL_RSS_ONLY_TARGET_GENE_MATRIX_UNAVAILABLE	Table S13B; no target-gene edge matrix in downloaded official workbook
RE	MG	HES5_extended_+_+_(63r)	6	0.51832983	NA	NA	NA	NA	OFFICIAL_RSS_ONLY_TARGET_GENE_MATRIX_UNAVAILABLE	Table S13B; no target-gene edge matrix in downloaded official workbook
AMD	MG	POU6F2_+_-_(721r)	7	0.50487117	NA	NA	NA	NA	OFFICIAL_RSS_ONLY_TARGET_GENE_MATRIX_UNAVAILABLE	Table S13B; no target-gene edge matrix in downloaded official workbook
POAG	MG	POU6F2_+_-_(721r)	7	0.50487117	NA	NA	NA	NA	OFFICIAL_RSS_ONLY_TARGET_GENE_MATRIX_UNAVAILABLE	Table S13B; no target-gene edge matrix in downloaded official workbook
RE	MG	POU6F2_+_-_(721r)	7	0.50487117	NA	NA	NA	NA	OFFICIAL_RSS_ONLY_TARGET_GENE_MATRIX_UNAVAILABLE	Table S13B; no target-gene edge matrix in downloaded official workbook
AMD	MG	ZKSCAN1_+_-_(9r)	8	0.50309217	NA	NA	NA	NA	OFFICIAL_RSS_ONLY_TARGET_GENE_MATRIX_UNAVAILABLE	Table S13B; no target-gene edge matrix in downloaded official workbook
POAG	MG	ZKSCAN1_+_-_(9r)	8	0.50309217	NA	NA	NA	NA	OFFICIAL_RSS_ONLY_TARGET_GENE_MATRIX_UNAVAILABLE	Table S13B; no target-gene edge matrix in downloaded official workbook
RE	MG	ZKSCAN1_+_-_(9r)	8	0.50309217	NA	NA	NA	NA	OFFICIAL_RSS_ONLY_TARGET_GENE_MATRIX_UNAVAILABLE	Table S13B; no target-gene edge matrix in downloaded official workbook
AMD	MG	ZKSCAN1_extended_+_-_(9r)	9	0.50309217	NA	NA	NA	NA	OFFICIAL_RSS_ONLY_TARGET_GENE_MATRIX_UNAVAILABLE	Table S13B; no target-gene edge matrix in downloaded official workbook
POAG	MG	ZKSCAN1_extended_+_-_(9r)	9	0.50309217	NA	NA	NA	NA	OFFICIAL_RSS_ONLY_TARGET_GENE_MATRIX_UNAVAILABLE	Table S13B; no target-gene edge matrix in downloaded official workbook
RE	MG	ZKSCAN1_extended_+_-_(9r)	9	0.50309217	NA	NA	NA	NA	OFFICIAL_RSS_ONLY_TARGET_GENE_MATRIX_UNAVAILABLE	Table S13B; no target-gene edge matrix in downloaded official workbook
AMD	MG	POU6F2_extended_+_-_(769r)	10	0.5030594	NA	NA	NA	NA	OFFICIAL_RSS_ONLY_TARGET_GENE_MATRIX_UNAVAILABLE	Table S13B; no target-gene edge matrix in downloaded official workbook
POAG	MG	POU6F2_extended_+_-_(769r)	10	0.5030594	NA	NA	NA	NA	OFFICIAL_RSS_ONLY_TARGET_GENE_MATRIX_UNAVAILABLE	Table S13B; no target-gene edge matrix in downloaded official workbook
RE	MG	POU6F2_extended_+_-_(769r)	10	0.5030594	NA	NA	NA	NA	OFFICIAL_RSS_ONLY_TARGET_GENE_MATRIX_UNAVAILABLE	Table S13B; no target-gene edge matrix in downloaded official workbook
AMD	MG	ZFHX3_+_+_(52r)	11	0.49913989	NA	NA	NA	NA	OFFICIAL_RSS_ONLY_TARGET_GENE_MATRIX_UNAVAILABLE	Table S13B; no target-gene edge matrix in downloaded official workbook
POAG	MG	ZFHX3_+_+_(52r)	11	0.49913989	NA	NA	NA	NA	OFFICIAL_RSS_ONLY_TARGET_GENE_MATRIX_UNAVAILABLE	Table S13B; no target-gene edge matrix in downloaded official workbook
RE	MG	ZFHX3_+_+_(52r)	11	0.49913989	NA	NA	NA	NA	OFFICIAL_RSS_ONLY_TARGET_GENE_MATRIX_UNAVAILABLE	Table S13B; no target-gene edge matrix in downloaded official workbook
AMD	MG	ZFHX3_extended_+_+_(52r)	12	0.49913989	NA	NA	NA	NA	OFFICIAL_RSS_ONLY_TARGET_GENE_MATRIX_UNAVAILABLE	Table S13B; no target-gene edge matrix in downloaded official workbook
POAG	MG	ZFHX3_extended_+_+_(52r)	12	0.49913989	NA	NA	NA	NA	OFFICIAL_RSS_ONLY_TARGET_GENE_MATRIX_UNAVAILABLE	Table S13B; no target-gene edge matrix in downloaded official workbook
RE	MG	ZFHX3_extended_+_+_(52r)	12	0.49913989	NA	NA	NA	NA	OFFICIAL_RSS_ONLY_TARGET_GENE_MATRIX_UNAVAILABLE	Table S13B; no target-gene edge matrix in downloaded official workbook
AMD	MG	LHX4_+_-_(67r)	13	0.49866313	NA	NA	NA	NA	OFFICIAL_RSS_ONLY_TARGET_GENE_MATRIX_UNAVAILABLE	Table S13B; no target-gene edge matrix in downloaded official workbook
POAG	MG	LHX4_+_-_(67r)	13	0.49866313	NA	NA	NA	NA	OFFICIAL_RSS_ONLY_TARGET_GENE_MATRIX_UNAVAILABLE	Table S13B; no target-gene edge matrix in downloaded official workbook
RE	MG	LHX4_+_-_(67r)	13	0.49866313	NA	NA	NA	NA	OFFICIAL_RSS_ONLY_TARGET_GENE_MATRIX_UNAVAILABLE	Table S13B; no target-gene edge matrix in downloaded official workbook
AMD	MG	LHX2_+_+_(779r)	14	0.49828395	NA	NA	NA	NA	OFFICIAL_RSS_ONLY_TARGET_GENE_MATRIX_UNAVAILABLE	Table S13B; no target-gene edge matrix in downloaded official workbook
POAG	MG	LHX2_+_+_(779r)	14	0.49828395	NA	NA	NA	NA	OFFICIAL_RSS_ONLY_TARGET_GENE_MATRIX_UNAVAILABLE	Table S13B; no target-gene edge matrix in downloaded official workbook
RE	MG	LHX2_+_+_(779r)	14	0.49828395	NA	NA	NA	NA	OFFICIAL_RSS_ONLY_TARGET_GENE_MATRIX_UNAVAILABLE	Table S13B; no target-gene edge matrix in downloaded official workbook
AMD	MG	EPAS1_+_+_(99r)	15	0.49767442	NA	NA	NA	NA	OFFICIAL_RSS_ONLY_TARGET_GENE_MATRIX_UNAVAILABLE	Table S13B; no target-gene edge matrix in downloaded official workbook
POAG	MG	EPAS1_+_+_(99r)	15	0.49767442	NA	NA	NA	NA	OFFICIAL_RSS_ONLY_TARGET_GENE_MATRIX_UNAVAILABLE	Table S13B; no target-gene edge matrix in downloaded official workbook
RE	MG	EPAS1_+_+_(99r)	15	0.49767442	NA	NA	NA	NA	OFFICIAL_RSS_ONLY_TARGET_GENE_MATRIX_UNAVAILABLE	Table S13B; no target-gene edge matrix in downloaded official workbook
AMD	MG	EPAS1_extended_+_+_(99r)	16	0.49767442	NA	NA	NA	NA	OFFICIAL_RSS_ONLY_TARGET_GENE_MATRIX_UNAVAILABLE	Table S13B; no target-gene edge matrix in downloaded official workbook
POAG	MG	EPAS1_extended_+_+_(99r)	16	0.49767442	NA	NA	NA	NA	OFFICIAL_RSS_ONLY_TARGET_GENE_MATRIX_UNAVAILABLE	Table S13B; no target-gene edge matrix in downloaded official workbook
RE	MG	EPAS1_extended_+_+_(99r)	16	0.49767442	NA	NA	NA	NA	OFFICIAL_RSS_ONLY_TARGET_GENE_MATRIX_UNAVAILABLE	Table S13B; no target-gene edge matrix in downloaded official workbook
AMD	MG	LHX2_extended_+_+_(807r)	17	0.49714928	NA	NA	NA	NA	OFFICIAL_RSS_ONLY_TARGET_GENE_MATRIX_UNAVAILABLE	Table S13B; no target-gene edge matrix in downloaded official workbook
POAG	MG	LHX2_extended_+_+_(807r)	17	0.49714928	NA	NA	NA	NA	OFFICIAL_RSS_ONLY_TARGET_GENE_MATRIX_UNAVAILABLE	Table S13B; no target-gene edge matrix in downloaded official workbook
RE	MG	LHX2_extended_+_+_(807r)	17	0.49714928	NA	NA	NA	NA	OFFICIAL_RSS_ONLY_TARGET_GENE_MATRIX_UNAVAILABLE	Table S13B; no target-gene edge matrix in downloaded official workbook
AMD	MG	VAX2_extended_-_+_(19r)	18	0.49686119	NA	NA	NA	NA	OFFICIAL_RSS_ONLY_TARGET_GENE_MATRIX_UNAVAILABLE	Table S13B; no target-gene edge matrix in downloaded official workbook
POAG	MG	VAX2_extended_-_+_(19r)	18	0.49686119	NA	NA	NA	NA	OFFICIAL_RSS_ONLY_TARGET_GENE_MATRIX_UNAVAILABLE	Table S13B; no target-gene edge matrix in downloaded official workbook
RE	MG	VAX2_extended_-_+_(19r)	18	0.49686119	NA	NA	NA	NA	OFFICIAL_RSS_ONLY_TARGET_GENE_MATRIX_UNAVAILABLE	Table S13B; no target-gene edge matrix in downloaded official workbook
AMD	MG	VAX2_-_+_(19r)	19	0.49686119	NA	NA	NA	NA	OFFICIAL_RSS_ONLY_TARGET_GENE_MATRIX_UNAVAILABLE	Table S13B; no target-gene edge matrix in downloaded official workbook
POAG	MG	VAX2_-_+_(19r)	19	0.49686119	NA	NA	NA	NA	OFFICIAL_RSS_ONLY_TARGET_GENE_MATRIX_UNAVAILABLE	Table S13B; no target-gene edge matrix in downloaded official workbook
RE	MG	VAX2_-_+_(19r)	19	0.49686119	NA	NA	NA	NA	OFFICIAL_RSS_ONLY_TARGET_GENE_MATRIX_UNAVAILABLE	Table S13B; no target-gene edge matrix in downloaded official workbook
AMD	MG	NR2E1_extended_+_+_(576r)	20	0.48699744	NA	NA	NA	NA	OFFICIAL_RSS_ONLY_TARGET_GENE_MATRIX_UNAVAILABLE	Table S13B; no target-gene edge matrix in downloaded official workbook
POAG	MG	NR2E1_extended_+_+_(576r)	20	0.48699744	NA	NA	NA	NA	OFFICIAL_RSS_ONLY_TARGET_GENE_MATRIX_UNAVAILABLE	Table S13B; no target-gene edge matrix in downloaded official workbook
RE	MG	NR2E1_extended_+_+_(576r)	20	0.48699744	NA	NA	NA	NA	OFFICIAL_RSS_ONLY_TARGET_GENE_MATRIX_UNAVAILABLE	Table S13B; no target-gene edge matrix in downloaded official workbook
AMD	MG	ZBTB16_-_-_(35r)	21	0.48622647	NA	NA	NA	NA	OFFICIAL_RSS_ONLY_TARGET_GENE_MATRIX_UNAVAILABLE	Table S13B; no target-gene edge matrix in downloaded official workbook
POAG	MG	ZBTB16_-_-_(35r)	21	0.48622647	NA	NA	NA	NA	OFFICIAL_RSS_ONLY_TARGET_GENE_MATRIX_UNAVAILABLE	Table S13B; no target-gene edge matrix in downloaded official workbook
RE	MG	ZBTB16_-_-_(35r)	21	0.48622647	NA	NA	NA	NA	OFFICIAL_RSS_ONLY_TARGET_GENE_MATRIX_UNAVAILABLE	Table S13B; no target-gene edge matrix in downloaded official workbook
AMD	MG	ZBTB16_extended_-_-_(35r)	22	0.48622647	NA	NA	NA	NA	OFFICIAL_RSS_ONLY_TARGET_GENE_MATRIX_UNAVAILABLE	Table S13B; no target-gene edge matrix in downloaded official workbook
POAG	MG	ZBTB16_extended_-_-_(35r)	22	0.48622647	NA	NA	NA	NA	OFFICIAL_RSS_ONLY_TARGET_GENE_MATRIX_UNAVAILABLE	Table S13B; no target-gene edge matrix in downloaded official workbook
RE	MG	ZBTB16_extended_-_-_(35r)	22	0.48622647	NA	NA	NA	NA	OFFICIAL_RSS_ONLY_TARGET_GENE_MATRIX_UNAVAILABLE	Table S13B; no target-gene edge matrix in downloaded official workbook
AMD	MG	NR2E1_-_-_(14r)	23	0.48195565	NA	NA	NA	NA	OFFICIAL_RSS_ONLY_TARGET_GENE_MATRIX_UNAVAILABLE	Table S13B; no target-gene edge matrix in downloaded official workbook
POAG	MG	NR2E1_-_-_(14r)	23	0.48195565	NA	NA	NA	NA	OFFICIAL_RSS_ONLY_TARGET_GENE_MATRIX_UNAVAILABLE	Table S13B; no target-gene edge matrix in downloaded official workbook
RE	MG	NR2E1_-_-_(14r)	23	0.48195565	NA	NA	NA	NA	OFFICIAL_RSS_ONLY_TARGET_GENE_MATRIX_UNAVAILABLE	Table S13B; no target-gene edge matrix in downloaded official workbook
AMD	MG	SOX2_+_+_(606r)	24	0.47858408	NA	NA	NA	NA	OFFICIAL_RSS_ONLY_TARGET_GENE_MATRIX_UNAVAILABLE	Table S13B; no target-gene edge matrix in downloaded official workbook
POAG	MG	SOX2_+_+_(606r)	24	0.47858408	NA	NA	NA	NA	OFFICIAL_RSS_ONLY_TARGET_GENE_MATRIX_UNAVAILABLE	Table S13B; no target-gene edge matrix in downloaded official workbook
RE	MG	SOX2_+_+_(606r)	24	0.47858408	NA	NA	NA	NA	OFFICIAL_RSS_ONLY_TARGET_GENE_MATRIX_UNAVAILABLE	Table S13B; no target-gene edge matrix in downloaded official workbook
AMD	MG	SOX2_extended_+_+_(606r)	25	0.47858408	NA	NA	NA	NA	OFFICIAL_RSS_ONLY_TARGET_GENE_MATRIX_UNAVAILABLE	Table S13B; no target-gene edge matrix in downloaded official workbook
POAG	MG	SOX2_extended_+_+_(606r)	25	0.47858408	NA	NA	NA	NA	OFFICIAL_RSS_ONLY_TARGET_GENE_MATRIX_UNAVAILABLE	Table S13B; no target-gene edge matrix in downloaded official workbook
RE	MG	SOX2_extended_+_+_(606r)	25	0.47858408	NA	NA	NA	NA	OFFICIAL_RSS_ONLY_TARGET_GENE_MATRIX_UNAVAILABLE	Table S13B; no target-gene edge matrix in downloaded official workbook
AMD	MG	NR2E1_extended_-_-_(24r)	26	0.47549799	NA	NA	NA	NA	OFFICIAL_RSS_ONLY_TARGET_GENE_MATRIX_UNAVAILABLE	Table S13B; no target-gene edge matrix in downloaded official workbook
POAG	MG	NR2E1_extended_-_-_(24r)	26	0.47549799	NA	NA	NA	NA	OFFICIAL_RSS_ONLY_TARGET_GENE_MATRIX_UNAVAILABLE	Table S13B; no target-gene edge matrix in downloaded official workbook
RE	MG	NR2E1_extended_-_-_(24r)	26	0.47549799	NA	NA	NA	NA	OFFICIAL_RSS_ONLY_TARGET_GENE_MATRIX_UNAVAILABLE	Table S13B; no target-gene edge matrix in downloaded official workbook
AMD	MG	NR2E1_+_+_(528r)	27	0.47162365	NA	NA	NA	NA	OFFICIAL_RSS_ONLY_TARGET_GENE_MATRIX_UNAVAILABLE	Table S13B; no target-gene edge matrix in downloaded official workbook
POAG	MG	NR2E1_+_+_(528r)	27	0.47162365	NA	NA	NA	NA	OFFICIAL_RSS_ONLY_TARGET_GENE_MATRIX_UNAVAILABLE	Table S13B; no target-gene edge matrix in downloaded official workbook
RE	MG	NR2E1_+_+_(528r)	27	0.47162365	NA	NA	NA	NA	OFFICIAL_RSS_ONLY_TARGET_GENE_MATRIX_UNAVAILABLE	Table S13B; no target-gene edge matrix in downloaded official workbook
AMD	MG	CPEB1_+_-_(31r)	28	0.47004046	NA	NA	NA	NA	OFFICIAL_RSS_ONLY_TARGET_GENE_MATRIX_UNAVAILABLE	Table S13B; no target-gene edge matrix in downloaded official workbook
POAG	MG	CPEB1_+_-_(31r)	28	0.47004046	NA	NA	NA	NA	OFFICIAL_RSS_ONLY_TARGET_GENE_MATRIX_UNAVAILABLE	Table S13B; no target-gene edge matrix in downloaded official workbook
RE	MG	CPEB1_+_-_(31r)	28	0.47004046	NA	NA	NA	NA	OFFICIAL_RSS_ONLY_TARGET_GENE_MATRIX_UNAVAILABLE	Table S13B; no target-gene edge matrix in downloaded official workbook
AMD	MG	CPEB1_extended_+_-_(31r)	29	0.47004046	NA	NA	NA	NA	OFFICIAL_RSS_ONLY_TARGET_GENE_MATRIX_UNAVAILABLE	Table S13B; no target-gene edge matrix in downloaded official workbook
POAG	MG	CPEB1_extended_+_-_(31r)	29	0.47004046	NA	NA	NA	NA	OFFICIAL_RSS_ONLY_TARGET_GENE_MATRIX_UNAVAILABLE	Table S13B; no target-gene edge matrix in downloaded official workbook
RE	MG	CPEB1_extended_+_-_(31r)	29	0.47004046	NA	NA	NA	NA	OFFICIAL_RSS_ONLY_TARGET_GENE_MATRIX_UNAVAILABLE	Table S13B; no target-gene edge matrix in downloaded official workbook
AMD	MG	BCL6_+_+_(291r)	30	0.46654018	NA	NA	NA	NA	OFFICIAL_RSS_ONLY_TARGET_GENE_MATRIX_UNAVAILABLE	Table S13B; no target-gene edge matrix in downloaded official workbook
POAG	MG	BCL6_+_+_(291r)	30	0.46654018	NA	NA	NA	NA	OFFICIAL_RSS_ONLY_TARGET_GENE_MATRIX_UNAVAILABLE	Table S13B; no target-gene edge matrix in downloaded official workbook
RE	MG	BCL6_+_+_(291r)	30	0.46654018	NA	NA	NA	NA	OFFICIAL_RSS_ONLY_TARGET_GENE_MATRIX_UNAVAILABLE	Table S13B; no target-gene edge matrix in downloaded official workbook
AMD	MG	BHLHE40_extended_+_+_(581r)	31	0.46608847	NA	NA	NA	NA	OFFICIAL_RSS_ONLY_TARGET_GENE_MATRIX_UNAVAILABLE	Table S13B; no target-gene edge matrix in downloaded official workbook
POAG	MG	BHLHE40_extended_+_+_(581r)	31	0.46608847	NA	NA	NA	NA	OFFICIAL_RSS_ONLY_TARGET_GENE_MATRIX_UNAVAILABLE	Table S13B; no target-gene edge matrix in downloaded official workbook
RE	MG	BHLHE40_extended_+_+_(581r)	31	0.46608847	NA	NA	NA	NA	OFFICIAL_RSS_ONLY_TARGET_GENE_MATRIX_UNAVAILABLE	Table S13B; no target-gene edge matrix in downloaded official workbook
AMD	MG	ZBTB21_+_+_(48r)	32	0.4632181	NA	NA	NA	NA	OFFICIAL_RSS_ONLY_TARGET_GENE_MATRIX_UNAVAILABLE	Table S13B; no target-gene edge matrix in downloaded official workbook
POAG	MG	ZBTB21_+_+_(48r)	32	0.4632181	NA	NA	NA	NA	OFFICIAL_RSS_ONLY_TARGET_GENE_MATRIX_UNAVAILABLE	Table S13B; no target-gene edge matrix in downloaded official workbook
RE	MG	ZBTB21_+_+_(48r)	32	0.4632181	NA	NA	NA	NA	OFFICIAL_RSS_ONLY_TARGET_GENE_MATRIX_UNAVAILABLE	Table S13B; no target-gene edge matrix in downloaded official workbook
AMD	MG	POU6F2_extended_-_-_(21r)	33	0.46270063	NA	NA	NA	NA	OFFICIAL_RSS_ONLY_TARGET_GENE_MATRIX_UNAVAILABLE	Table S13B; no target-gene edge matrix in downloaded official workbook
POAG	MG	POU6F2_extended_-_-_(21r)	33	0.46270063	NA	NA	NA	NA	OFFICIAL_RSS_ONLY_TARGET_GENE_MATRIX_UNAVAILABLE	Table S13B; no target-gene edge matrix in downloaded official workbook
RE	MG	POU6F2_extended_-_-_(21r)	33	0.46270063	NA	NA	NA	NA	OFFICIAL_RSS_ONLY_TARGET_GENE_MATRIX_UNAVAILABLE	Table S13B; no target-gene edge matrix in downloaded official workbook
AMD	MG	ZNF398_-_+_(19r)	34	0.46240265	NA	NA	NA	NA	OFFICIAL_RSS_ONLY_TARGET_GENE_MATRIX_UNAVAILABLE	Table S13B; no target-gene edge matrix in downloaded official workbook
POAG	MG	ZNF398_-_+_(19r)	34	0.46240265	NA	NA	NA	NA	OFFICIAL_RSS_ONLY_TARGET_GENE_MATRIX_UNAVAILABLE	Table S13B; no target-gene edge matrix in downloaded official workbook
RE	MG	ZNF398_-_+_(19r)	34	0.46240265	NA	NA	NA	NA	OFFICIAL_RSS_ONLY_TARGET_GENE_MATRIX_UNAVAILABLE	Table S13B; no target-gene edge matrix in downloaded official workbook
AMD	MG	MGA_+_+_(12r)	35	0.46142991	NA	NA	NA	NA	OFFICIAL_RSS_ONLY_TARGET_GENE_MATRIX_UNAVAILABLE	Table S13B; no target-gene edge matrix in downloaded official workbook
POAG	MG	MGA_+_+_(12r)	35	0.46142991	NA	NA	NA	NA	OFFICIAL_RSS_ONLY_TARGET_GENE_MATRIX_UNAVAILABLE	Table S13B; no target-gene edge matrix in downloaded official workbook
RE	MG	MGA_+_+_(12r)	35	0.46142991	NA	NA	NA	NA	OFFICIAL_RSS_ONLY_TARGET_GENE_MATRIX_UNAVAILABLE	Table S13B; no target-gene edge matrix in downloaded official workbook
AMD	MG	MGA_extended_+_+_(12r)	36	0.46142991	NA	NA	NA	NA	OFFICIAL_RSS_ONLY_TARGET_GENE_MATRIX_UNAVAILABLE	Table S13B; no target-gene edge matrix in downloaded official workbook
POAG	MG	MGA_extended_+_+_(12r)	36	0.46142991	NA	NA	NA	NA	OFFICIAL_RSS_ONLY_TARGET_GENE_MATRIX_UNAVAILABLE	Table S13B; no target-gene edge matrix in downloaded official workbook
RE	MG	MGA_extended_+_+_(12r)	36	0.46142991	NA	NA	NA	NA	OFFICIAL_RSS_ONLY_TARGET_GENE_MATRIX_UNAVAILABLE	Table S13B; no target-gene edge matrix in downloaded official workbook
AMD	MG	ZNF141_extended_+_+_(131r)	37	0.4610075	NA	NA	NA	NA	OFFICIAL_RSS_ONLY_TARGET_GENE_MATRIX_UNAVAILABLE	Table S13B; no target-gene edge matrix in downloaded official workbook
POAG	MG	ZNF141_extended_+_+_(131r)	37	0.4610075	NA	NA	NA	NA	OFFICIAL_RSS_ONLY_TARGET_GENE_MATRIX_UNAVAILABLE	Table S13B; no target-gene edge matrix in downloaded official workbook
RE	MG	ZNF141_extended_+_+_(131r)	37	0.4610075	NA	NA	NA	NA	OFFICIAL_RSS_ONLY_TARGET_GENE_MATRIX_UNAVAILABLE	Table S13B; no target-gene edge matrix in downloaded official workbook
AMD	MG	ZNF141_+_+_(131r)	38	0.4610075	NA	NA	NA	NA	OFFICIAL_RSS_ONLY_TARGET_GENE_MATRIX_UNAVAILABLE	Table S13B; no target-gene edge matrix in downloaded official workbook
POAG	MG	ZNF141_+_+_(131r)	38	0.4610075	NA	NA	NA	NA	OFFICIAL_RSS_ONLY_TARGET_GENE_MATRIX_UNAVAILABLE	Table S13B; no target-gene edge matrix in downloaded official workbook
RE	MG	ZNF141_+_+_(131r)	38	0.4610075	NA	NA	NA	NA	OFFICIAL_RSS_ONLY_TARGET_GENE_MATRIX_UNAVAILABLE	Table S13B; no target-gene edge matrix in downloaded official workbook
AMD	MG	ZNF283_+_-_(24r)	39	0.4558686	NA	NA	NA	NA	OFFICIAL_RSS_ONLY_TARGET_GENE_MATRIX_UNAVAILABLE	Table S13B; no target-gene edge matrix in downloaded official workbook
POAG	MG	ZNF283_+_-_(24r)	39	0.4558686	NA	NA	NA	NA	OFFICIAL_RSS_ONLY_TARGET_GENE_MATRIX_UNAVAILABLE	Table S13B; no target-gene edge matrix in downloaded official workbook
RE	MG	ZNF283_+_-_(24r)	39	0.4558686	NA	NA	NA	NA	OFFICIAL_RSS_ONLY_TARGET_GENE_MATRIX_UNAVAILABLE	Table S13B; no target-gene edge matrix in downloaded official workbook
AMD	MG	ZNF283_extended_+_-_(24r)	40	0.4558686	NA	NA	NA	NA	OFFICIAL_RSS_ONLY_TARGET_GENE_MATRIX_UNAVAILABLE	Table S13B; no target-gene edge matrix in downloaded official workbook
POAG	MG	ZNF283_extended_+_-_(24r)	40	0.4558686	NA	NA	NA	NA	OFFICIAL_RSS_ONLY_TARGET_GENE_MATRIX_UNAVAILABLE	Table S13B; no target-gene edge matrix in downloaded official workbook
RE	MG	ZNF283_extended_+_-_(24r)	40	0.4558686	NA	NA	NA	NA	OFFICIAL_RSS_ONLY_TARGET_GENE_MATRIX_UNAVAILABLE	Table S13B; no target-gene edge matrix in downloaded official workbook
AMD	MG	POU6F2_-_-_(18r)	41	0.45469484	NA	NA	NA	NA	OFFICIAL_RSS_ONLY_TARGET_GENE_MATRIX_UNAVAILABLE	Table S13B; no target-gene edge matrix in downloaded official workbook
POAG	MG	POU6F2_-_-_(18r)	41	0.45469484	NA	NA	NA	NA	OFFICIAL_RSS_ONLY_TARGET_GENE_MATRIX_UNAVAILABLE	Table S13B; no target-gene edge matrix in downloaded official workbook
RE	MG	POU6F2_-_-_(18r)	41	0.45469484	NA	NA	NA	NA	OFFICIAL_RSS_ONLY_TARGET_GENE_MATRIX_UNAVAILABLE	Table S13B; no target-gene edge matrix in downloaded official workbook
AMD	MG	NFIB_+_+_(1957r)	42	0.45253393	NA	NA	NA	NA	OFFICIAL_RSS_ONLY_TARGET_GENE_MATRIX_UNAVAILABLE	Table S13B; no target-gene edge matrix in downloaded official workbook
POAG	MG	NFIB_+_+_(1957r)	42	0.45253393	NA	NA	NA	NA	OFFICIAL_RSS_ONLY_TARGET_GENE_MATRIX_UNAVAILABLE	Table S13B; no target-gene edge matrix in downloaded official workbook
RE	MG	NFIB_+_+_(1957r)	42	0.45253393	NA	NA	NA	NA	OFFICIAL_RSS_ONLY_TARGET_GENE_MATRIX_UNAVAILABLE	Table S13B; no target-gene edge matrix in downloaded official workbook
AMD	MG	NFIB_extended_+_+_(1957r)	43	0.45253393	NA	NA	NA	NA	OFFICIAL_RSS_ONLY_TARGET_GENE_MATRIX_UNAVAILABLE	Table S13B; no target-gene edge matrix in downloaded official workbook
POAG	MG	NFIB_extended_+_+_(1957r)	43	0.45253393	NA	NA	NA	NA	OFFICIAL_RSS_ONLY_TARGET_GENE_MATRIX_UNAVAILABLE	Table S13B; no target-gene edge matrix in downloaded official workbook
RE	MG	NFIB_extended_+_+_(1957r)	43	0.45253393	NA	NA	NA	NA	OFFICIAL_RSS_ONLY_TARGET_GENE_MATRIX_UNAVAILABLE	Table S13B; no target-gene edge matrix in downloaded official workbook
AMD	MG	TCF7L2_extended_+_+_(573r)	44	0.45073488	NA	NA	NA	NA	OFFICIAL_RSS_ONLY_TARGET_GENE_MATRIX_UNAVAILABLE	Table S13B; no target-gene edge matrix in downloaded official workbook
POAG	MG	TCF7L2_extended_+_+_(573r)	44	0.45073488	NA	NA	NA	NA	OFFICIAL_RSS_ONLY_TARGET_GENE_MATRIX_UNAVAILABLE	Table S13B; no target-gene edge matrix in downloaded official workbook
RE	MG	TCF7L2_extended_+_+_(573r)	44	0.45073488	NA	NA	NA	NA	OFFICIAL_RSS_ONLY_TARGET_GENE_MATRIX_UNAVAILABLE	Table S13B; no target-gene edge matrix in downloaded official workbook
AMD	MG	SOX6_extended_+_+_(1739r)	45	0.45022471	NA	NA	NA	NA	OFFICIAL_RSS_ONLY_TARGET_GENE_MATRIX_UNAVAILABLE	Table S13B; no target-gene edge matrix in downloaded official workbook
POAG	MG	SOX6_extended_+_+_(1739r)	45	0.45022471	NA	NA	NA	NA	OFFICIAL_RSS_ONLY_TARGET_GENE_MATRIX_UNAVAILABLE	Table S13B; no target-gene edge matrix in downloaded official workbook
RE	MG	SOX6_extended_+_+_(1739r)	45	0.45022471	NA	NA	NA	NA	OFFICIAL_RSS_ONLY_TARGET_GENE_MATRIX_UNAVAILABLE	Table S13B; no target-gene edge matrix in downloaded official workbook
AMD	MG	SOX6_+_+_(1739r)	46	0.45022471	NA	NA	NA	NA	OFFICIAL_RSS_ONLY_TARGET_GENE_MATRIX_UNAVAILABLE	Table S13B; no target-gene edge matrix in downloaded official workbook
POAG	MG	SOX6_+_+_(1739r)	46	0.45022471	NA	NA	NA	NA	OFFICIAL_RSS_ONLY_TARGET_GENE_MATRIX_UNAVAILABLE	Table S13B; no target-gene edge matrix in downloaded official workbook
RE	MG	SOX6_+_+_(1739r)	46	0.45022471	NA	NA	NA	NA	OFFICIAL_RSS_ONLY_TARGET_GENE_MATRIX_UNAVAILABLE	Table S13B; no target-gene edge matrix in downloaded official workbook
AMD	MG	PROX1_extended_+_-_(44r)	47	0.44812942	NA	NA	NA	NA	OFFICIAL_RSS_ONLY_TARGET_GENE_MATRIX_UNAVAILABLE	Table S13B; no target-gene edge matrix in downloaded official workbook
POAG	MG	PROX1_extended_+_-_(44r)	47	0.44812942	NA	NA	NA	NA	OFFICIAL_RSS_ONLY_TARGET_GENE_MATRIX_UNAVAILABLE	Table S13B; no target-gene edge matrix in downloaded official workbook
RE	MG	PROX1_extended_+_-_(44r)	47	0.44812942	NA	NA	NA	NA	OFFICIAL_RSS_ONLY_TARGET_GENE_MATRIX_UNAVAILABLE	Table S13B; no target-gene edge matrix in downloaded official workbook
AMD	MG	PROX1_+_-_(44r)	48	0.44812942	NA	NA	NA	NA	OFFICIAL_RSS_ONLY_TARGET_GENE_MATRIX_UNAVAILABLE	Table S13B; no target-gene edge matrix in downloaded official workbook
POAG	MG	PROX1_+_-_(44r)	48	0.44812942	NA	NA	NA	NA	OFFICIAL_RSS_ONLY_TARGET_GENE_MATRIX_UNAVAILABLE	Table S13B; no target-gene edge matrix in downloaded official workbook
RE	MG	PROX1_+_-_(44r)	48	0.44812942	NA	NA	NA	NA	OFFICIAL_RSS_ONLY_TARGET_GENE_MATRIX_UNAVAILABLE	Table S13B; no target-gene edge matrix in downloaded official workbook
AMD	MG	POU6F2_-_+_(49r)	49	0.44424727	NA	NA	NA	NA	OFFICIAL_RSS_ONLY_TARGET_GENE_MATRIX_UNAVAILABLE	Table S13B; no target-gene edge matrix in downloaded official workbook
POAG	MG	POU6F2_-_+_(49r)	49	0.44424727	NA	NA	NA	NA	OFFICIAL_RSS_ONLY_TARGET_GENE_MATRIX_UNAVAILABLE	Table S13B; no target-gene edge matrix in downloaded official workbook
RE	MG	POU6F2_-_+_(49r)	49	0.44424727	NA	NA	NA	NA	OFFICIAL_RSS_ONLY_TARGET_GENE_MATRIX_UNAVAILABLE	Table S13B; no target-gene edge matrix in downloaded official workbook
AMD	MG	HES4_extended_+_+_(14r)	50	0.44345119	NA	NA	NA	NA	OFFICIAL_RSS_ONLY_TARGET_GENE_MATRIX_UNAVAILABLE	Table S13B; no target-gene edge matrix in downloaded official workbook
POAG	MG	HES4_extended_+_+_(14r)	50	0.44345119	NA	NA	NA	NA	OFFICIAL_RSS_ONLY_TARGET_GENE_MATRIX_UNAVAILABLE	Table S13B; no target-gene edge matrix in downloaded official workbook
RE	MG	HES4_extended_+_+_(14r)	50	0.44345119	NA	NA	NA	NA	OFFICIAL_RSS_ONLY_TARGET_GENE_MATRIX_UNAVAILABLE	Table S13B; no target-gene edge matrix in downloaded official workbook
AMD	MG	SOX5_+_-_(174r)	51	0.44340041	NA	NA	NA	NA	OFFICIAL_RSS_ONLY_TARGET_GENE_MATRIX_UNAVAILABLE	Table S13B; no target-gene edge matrix in downloaded official workbook
POAG	MG	SOX5_+_-_(174r)	51	0.44340041	NA	NA	NA	NA	OFFICIAL_RSS_ONLY_TARGET_GENE_MATRIX_UNAVAILABLE	Table S13B; no target-gene edge matrix in downloaded official workbook
RE	MG	SOX5_+_-_(174r)	51	0.44340041	NA	NA	NA	NA	OFFICIAL_RSS_ONLY_TARGET_GENE_MATRIX_UNAVAILABLE	Table S13B; no target-gene edge matrix in downloaded official workbook
AMD	MG	RARB_extended_+_+_(916r)	52	0.44306806	NA	NA	NA	NA	OFFICIAL_RSS_ONLY_TARGET_GENE_MATRIX_UNAVAILABLE	Table S13B; no target-gene edge matrix in downloaded official workbook
POAG	MG	RARB_extended_+_+_(916r)	52	0.44306806	NA	NA	NA	NA	OFFICIAL_RSS_ONLY_TARGET_GENE_MATRIX_UNAVAILABLE	Table S13B; no target-gene edge matrix in downloaded official workbook
RE	MG	RARB_extended_+_+_(916r)	52	0.44306806	NA	NA	NA	NA	OFFICIAL_RSS_ONLY_TARGET_GENE_MATRIX_UNAVAILABLE	Table S13B; no target-gene edge matrix in downloaded official workbook
AMD	MG	RARB_+_+_(916r)	53	0.44306806	NA	NA	NA	NA	OFFICIAL_RSS_ONLY_TARGET_GENE_MATRIX_UNAVAILABLE	Table S13B; no target-gene edge matrix in downloaded official workbook
POAG	MG	RARB_+_+_(916r)	53	0.44306806	NA	NA	NA	NA	OFFICIAL_RSS_ONLY_TARGET_GENE_MATRIX_UNAVAILABLE	Table S13B; no target-gene edge matrix in downloaded official workbook
RE	MG	RARB_+_+_(916r)	53	0.44306806	NA	NA	NA	NA	OFFICIAL_RSS_ONLY_TARGET_GENE_MATRIX_UNAVAILABLE	Table S13B; no target-gene edge matrix in downloaded official workbook
AMD	MG	ISL1_+_-_(178r)	54	0.44243591	NA	NA	NA	NA	OFFICIAL_RSS_ONLY_TARGET_GENE_MATRIX_UNAVAILABLE	Table S13B; no target-gene edge matrix in downloaded official workbook
POAG	MG	ISL1_+_-_(178r)	54	0.44243591	NA	NA	NA	NA	OFFICIAL_RSS_ONLY_TARGET_GENE_MATRIX_UNAVAILABLE	Table S13B; no target-gene edge matrix in downloaded official workbook
RE	MG	ISL1_+_-_(178r)	54	0.44243591	NA	NA	NA	NA	OFFICIAL_RSS_ONLY_TARGET_GENE_MATRIX_UNAVAILABLE	Table S13B; no target-gene edge matrix in downloaded official workbook
AMD	MG	RAX2_+_-_(209r)	55	0.44149266	NA	NA	NA	NA	OFFICIAL_RSS_ONLY_TARGET_GENE_MATRIX_UNAVAILABLE	Table S13B; no target-gene edge matrix in downloaded official workbook
POAG	MG	RAX2_+_-_(209r)	55	0.44149266	NA	NA	NA	NA	OFFICIAL_RSS_ONLY_TARGET_GENE_MATRIX_UNAVAILABLE	Table S13B; no target-gene edge matrix in downloaded official workbook
RE	MG	RAX2_+_-_(209r)	55	0.44149266	NA	NA	NA	NA	OFFICIAL_RSS_ONLY_TARGET_GENE_MATRIX_UNAVAILABLE	Table S13B; no target-gene edge matrix in downloaded official workbook
AMD	MG	RAX2_extended_+_-_(209r)	56	0.44149266	NA	NA	NA	NA	OFFICIAL_RSS_ONLY_TARGET_GENE_MATRIX_UNAVAILABLE	Table S13B; no target-gene edge matrix in downloaded official workbook
POAG	MG	RAX2_extended_+_-_(209r)	56	0.44149266	NA	NA	NA	NA	OFFICIAL_RSS_ONLY_TARGET_GENE_MATRIX_UNAVAILABLE	Table S13B; no target-gene edge matrix in downloaded official workbook
RE	MG	RAX2_extended_+_-_(209r)	56	0.44149266	NA	NA	NA	NA	OFFICIAL_RSS_ONLY_TARGET_GENE_MATRIX_UNAVAILABLE	Table S13B; no target-gene edge matrix in downloaded official workbook
AMD	MG	POU2F2_-_+_(97r)	57	0.44088981	NA	NA	NA	NA	OFFICIAL_RSS_ONLY_TARGET_GENE_MATRIX_UNAVAILABLE	Table S13B; no target-gene edge matrix in downloaded official workbook
POAG	MG	POU2F2_-_+_(97r)	57	0.44088981	NA	NA	NA	NA	OFFICIAL_RSS_ONLY_TARGET_GENE_MATRIX_UNAVAILABLE	Table S13B; no target-gene edge matrix in downloaded official workbook
RE	MG	POU2F2_-_+_(97r)	57	0.44088981	NA	NA	NA	NA	OFFICIAL_RSS_ONLY_TARGET_GENE_MATRIX_UNAVAILABLE	Table S13B; no target-gene edge matrix in downloaded official workbook
AMD	MG	NFIX_extended_+_+_(1618r)	58	0.44020818	NA	NA	NA	NA	OFFICIAL_RSS_ONLY_TARGET_GENE_MATRIX_UNAVAILABLE	Table S13B; no target-gene edge matrix in downloaded official workbook
POAG	MG	NFIX_extended_+_+_(1618r)	58	0.44020818	NA	NA	NA	NA	OFFICIAL_RSS_ONLY_TARGET_GENE_MATRIX_UNAVAILABLE	Table S13B; no target-gene edge matrix in downloaded official workbook
RE	MG	NFIX_extended_+_+_(1618r)	58	0.44020818	NA	NA	NA	NA	OFFICIAL_RSS_ONLY_TARGET_GENE_MATRIX_UNAVAILABLE	Table S13B; no target-gene edge matrix in downloaded official workbook
AMD	MG	NFIX_+_+_(1618r)	59	0.44020818	NA	NA	NA	NA	OFFICIAL_RSS_ONLY_TARGET_GENE_MATRIX_UNAVAILABLE	Table S13B; no target-gene edge matrix in downloaded official workbook
POAG	MG	NFIX_+_+_(1618r)	59	0.44020818	NA	NA	NA	NA	OFFICIAL_RSS_ONLY_TARGET_GENE_MATRIX_UNAVAILABLE	Table S13B; no target-gene edge matrix in downloaded official workbook
RE	MG	NFIX_+_+_(1618r)	59	0.44020818	NA	NA	NA	NA	OFFICIAL_RSS_ONLY_TARGET_GENE_MATRIX_UNAVAILABLE	Table S13B; no target-gene edge matrix in downloaded official workbook
AMD	MG	ZFHX2_+_-_(116r)	60	0.43981898	NA	NA	NA	NA	OFFICIAL_RSS_ONLY_TARGET_GENE_MATRIX_UNAVAILABLE	Table S13B; no target-gene edge matrix in downloaded official workbook
POAG	MG	ZFHX2_+_-_(116r)	60	0.43981898	NA	NA	NA	NA	OFFICIAL_RSS_ONLY_TARGET_GENE_MATRIX_UNAVAILABLE	Table S13B; no target-gene edge matrix in downloaded official workbook
RE	MG	ZFHX2_+_-_(116r)	60	0.43981898	NA	NA	NA	NA	OFFICIAL_RSS_ONLY_TARGET_GENE_MATRIX_UNAVAILABLE	Table S13B; no target-gene edge matrix in downloaded official workbook
AMD	MG	ZFHX2_extended_+_-_(116r)	61	0.43981898	NA	NA	NA	NA	OFFICIAL_RSS_ONLY_TARGET_GENE_MATRIX_UNAVAILABLE	Table S13B; no target-gene edge matrix in downloaded official workbook
POAG	MG	ZFHX2_extended_+_-_(116r)	61	0.43981898	NA	NA	NA	NA	OFFICIAL_RSS_ONLY_TARGET_GENE_MATRIX_UNAVAILABLE	Table S13B; no target-gene edge matrix in downloaded official workbook
RE	MG	ZFHX2_extended_+_-_(116r)	61	0.43981898	NA	NA	NA	NA	OFFICIAL_RSS_ONLY_TARGET_GENE_MATRIX_UNAVAILABLE	Table S13B; no target-gene edge matrix in downloaded official workbook
AMD	MG	HES1_extended_+_+_(223r)	62	0.43955481	NA	NA	NA	NA	OFFICIAL_RSS_ONLY_TARGET_GENE_MATRIX_UNAVAILABLE	Table S13B; no target-gene edge matrix in downloaded official workbook
POAG	MG	HES1_extended_+_+_(223r)	62	0.43955481	NA	NA	NA	NA	OFFICIAL_RSS_ONLY_TARGET_GENE_MATRIX_UNAVAILABLE	Table S13B; no target-gene edge matrix in downloaded official workbook
RE	MG	HES1_extended_+_+_(223r)	62	0.43955481	NA	NA	NA	NA	OFFICIAL_RSS_ONLY_TARGET_GENE_MATRIX_UNAVAILABLE	Table S13B; no target-gene edge matrix in downloaded official workbook
AMD	MG	HES1_extended_-_-_(17r)	63	0.43921286	NA	NA	NA	NA	OFFICIAL_RSS_ONLY_TARGET_GENE_MATRIX_UNAVAILABLE	Table S13B; no target-gene edge matrix in downloaded official workbook
POAG	MG	HES1_extended_-_-_(17r)	63	0.43921286	NA	NA	NA	NA	OFFICIAL_RSS_ONLY_TARGET_GENE_MATRIX_UNAVAILABLE	Table S13B; no target-gene edge matrix in downloaded official workbook
RE	MG	HES1_extended_-_-_(17r)	63	0.43921286	NA	NA	NA	NA	OFFICIAL_RSS_ONLY_TARGET_GENE_MATRIX_UNAVAILABLE	Table S13B; no target-gene edge matrix in downloaded official workbook
AMD	MG	POU2F2_extended_-_+_(98r)	64	0.43902903	NA	NA	NA	NA	OFFICIAL_RSS_ONLY_TARGET_GENE_MATRIX_UNAVAILABLE	Table S13B; no target-gene edge matrix in downloaded official workbook
POAG	MG	POU2F2_extended_-_+_(98r)	64	0.43902903	NA	NA	NA	NA	OFFICIAL_RSS_ONLY_TARGET_GENE_MATRIX_UNAVAILABLE	Table S13B; no target-gene edge matrix in downloaded official workbook
RE	MG	POU2F2_extended_-_+_(98r)	64	0.43902903	NA	NA	NA	NA	OFFICIAL_RSS_ONLY_TARGET_GENE_MATRIX_UNAVAILABLE	Table S13B; no target-gene edge matrix in downloaded official workbook
AMD	MG	ISL1_extended_+_-_(182r)	65	0.43784847	NA	NA	NA	NA	OFFICIAL_RSS_ONLY_TARGET_GENE_MATRIX_UNAVAILABLE	Table S13B; no target-gene edge matrix in downloaded official workbook
POAG	MG	ISL1_extended_+_-_(182r)	65	0.43784847	NA	NA	NA	NA	OFFICIAL_RSS_ONLY_TARGET_GENE_MATRIX_UNAVAILABLE	Table S13B; no target-gene edge matrix in downloaded official workbook
RE	MG	ISL1_extended_+_-_(182r)	65	0.43784847	NA	NA	NA	NA	OFFICIAL_RSS_ONLY_TARGET_GENE_MATRIX_UNAVAILABLE	Table S13B; no target-gene edge matrix in downloaded official workbook
AMD	MG	SOX5_extended_+_-_(448r)	66	0.43769293	NA	NA	NA	NA	OFFICIAL_RSS_ONLY_TARGET_GENE_MATRIX_UNAVAILABLE	Table S13B; no target-gene edge matrix in downloaded official workbook
POAG	MG	SOX5_extended_+_-_(448r)	66	0.43769293	NA	NA	NA	NA	OFFICIAL_RSS_ONLY_TARGET_GENE_MATRIX_UNAVAILABLE	Table S13B; no target-gene edge matrix in downloaded official workbook
RE	MG	SOX5_extended_+_-_(448r)	66	0.43769293	NA	NA	NA	NA	OFFICIAL_RSS_ONLY_TARGET_GENE_MATRIX_UNAVAILABLE	Table S13B; no target-gene edge matrix in downloaded official workbook
AMD	MG	FOXK1_+_+_(13r)	67	0.43705598	NA	NA	NA	NA	OFFICIAL_RSS_ONLY_TARGET_GENE_MATRIX_UNAVAILABLE	Table S13B; no target-gene edge matrix in downloaded official workbook
POAG	MG	FOXK1_+_+_(13r)	67	0.43705598	NA	NA	NA	NA	OFFICIAL_RSS_ONLY_TARGET_GENE_MATRIX_UNAVAILABLE	Table S13B; no target-gene edge matrix in downloaded official workbook
RE	MG	FOXK1_+_+_(13r)	67	0.43705598	NA	NA	NA	NA	OFFICIAL_RSS_ONLY_TARGET_GENE_MATRIX_UNAVAILABLE	Table S13B; no target-gene edge matrix in downloaded official workbook
AMD	MG	ZNF37A_+_-_(39r)	68	0.43662471	NA	NA	NA	NA	OFFICIAL_RSS_ONLY_TARGET_GENE_MATRIX_UNAVAILABLE	Table S13B; no target-gene edge matrix in downloaded official workbook
POAG	MG	ZNF37A_+_-_(39r)	68	0.43662471	NA	NA	NA	NA	OFFICIAL_RSS_ONLY_TARGET_GENE_MATRIX_UNAVAILABLE	Table S13B; no target-gene edge matrix in downloaded official workbook
RE	MG	ZNF37A_+_-_(39r)	68	0.43662471	NA	NA	NA	NA	OFFICIAL_RSS_ONLY_TARGET_GENE_MATRIX_UNAVAILABLE	Table S13B; no target-gene edge matrix in downloaded official workbook
AMD	MG	ZNF37A_extended_+_-_(39r)	69	0.43662471	NA	NA	NA	NA	OFFICIAL_RSS_ONLY_TARGET_GENE_MATRIX_UNAVAILABLE	Table S13B; no target-gene edge matrix in downloaded official workbook
POAG	MG	ZNF37A_extended_+_-_(39r)	69	0.43662471	NA	NA	NA	NA	OFFICIAL_RSS_ONLY_TARGET_GENE_MATRIX_UNAVAILABLE	Table S13B; no target-gene edge matrix in downloaded official workbook
RE	MG	ZNF37A_extended_+_-_(39r)	69	0.43662471	NA	NA	NA	NA	OFFICIAL_RSS_ONLY_TARGET_GENE_MATRIX_UNAVAILABLE	Table S13B; no target-gene edge matrix in downloaded official workbook
AMD	MG	JUNB_+_+_(911r)	70	0.43614638	NA	NA	NA	NA	OFFICIAL_RSS_ONLY_TARGET_GENE_MATRIX_UNAVAILABLE	Table S13B; no target-gene edge matrix in downloaded official workbook
POAG	MG	JUNB_+_+_(911r)	70	0.43614638	NA	NA	NA	NA	OFFICIAL_RSS_ONLY_TARGET_GENE_MATRIX_UNAVAILABLE	Table S13B; no target-gene edge matrix in downloaded official workbook
RE	MG	JUNB_+_+_(911r)	70	0.43614638	NA	NA	NA	NA	OFFICIAL_RSS_ONLY_TARGET_GENE_MATRIX_UNAVAILABLE	Table S13B; no target-gene edge matrix in downloaded official workbook
AMD	MG	ZNF891_+_+_(24r)	71	0.43581473	NA	NA	NA	NA	OFFICIAL_RSS_ONLY_TARGET_GENE_MATRIX_UNAVAILABLE	Table S13B; no target-gene edge matrix in downloaded official workbook
POAG	MG	ZNF891_+_+_(24r)	71	0.43581473	NA	NA	NA	NA	OFFICIAL_RSS_ONLY_TARGET_GENE_MATRIX_UNAVAILABLE	Table S13B; no target-gene edge matrix in downloaded official workbook
RE	MG	ZNF891_+_+_(24r)	71	0.43581473	NA	NA	NA	NA	OFFICIAL_RSS_ONLY_TARGET_GENE_MATRIX_UNAVAILABLE	Table S13B; no target-gene edge matrix in downloaded official workbook
AMD	MG	ZNF891_extended_+_+_(24r)	72	0.43581473	NA	NA	NA	NA	OFFICIAL_RSS_ONLY_TARGET_GENE_MATRIX_UNAVAILABLE	Table S13B; no target-gene edge matrix in downloaded official workbook
POAG	MG	ZNF891_extended_+_+_(24r)	72	0.43581473	NA	NA	NA	NA	OFFICIAL_RSS_ONLY_TARGET_GENE_MATRIX_UNAVAILABLE	Table S13B; no target-gene edge matrix in downloaded official workbook
RE	MG	ZNF891_extended_+_+_(24r)	72	0.43581473	NA	NA	NA	NA	OFFICIAL_RSS_ONLY_TARGET_GENE_MATRIX_UNAVAILABLE	Table S13B; no target-gene edge matrix in downloaded official workbook
AMD	MG	POU6F2_extended_-_+_(58r)	73	0.4350848	NA	NA	NA	NA	OFFICIAL_RSS_ONLY_TARGET_GENE_MATRIX_UNAVAILABLE	Table S13B; no target-gene edge matrix in downloaded official workbook
POAG	MG	POU6F2_extended_-_+_(58r)	73	0.4350848	NA	NA	NA	NA	OFFICIAL_RSS_ONLY_TARGET_GENE_MATRIX_UNAVAILABLE	Table S13B; no target-gene edge matrix in downloaded official workbook
RE	MG	POU6F2_extended_-_+_(58r)	73	0.4350848	NA	NA	NA	NA	OFFICIAL_RSS_ONLY_TARGET_GENE_MATRIX_UNAVAILABLE	Table S13B; no target-gene edge matrix in downloaded official workbook
AMD	MG	ZNF398_extended_-_+_(30r)	74	0.43483383	NA	NA	NA	NA	OFFICIAL_RSS_ONLY_TARGET_GENE_MATRIX_UNAVAILABLE	Table S13B; no target-gene edge matrix in downloaded official workbook
POAG	MG	ZNF398_extended_-_+_(30r)	74	0.43483383	NA	NA	NA	NA	OFFICIAL_RSS_ONLY_TARGET_GENE_MATRIX_UNAVAILABLE	Table S13B; no target-gene edge matrix in downloaded official workbook
RE	MG	ZNF398_extended_-_+_(30r)	74	0.43483383	NA	NA	NA	NA	OFFICIAL_RSS_ONLY_TARGET_GENE_MATRIX_UNAVAILABLE	Table S13B; no target-gene edge matrix in downloaded official workbook
AMD	MG	CUX2_extended_+_-_(105r)	75	0.43468144	NA	NA	NA	NA	OFFICIAL_RSS_ONLY_TARGET_GENE_MATRIX_UNAVAILABLE	Table S13B; no target-gene edge matrix in downloaded official workbook
POAG	MG	CUX2_extended_+_-_(105r)	75	0.43468144	NA	NA	NA	NA	OFFICIAL_RSS_ONLY_TARGET_GENE_MATRIX_UNAVAILABLE	Table S13B; no target-gene edge matrix in downloaded official workbook
RE	MG	CUX2_extended_+_-_(105r)	75	0.43468144	NA	NA	NA	NA	OFFICIAL_RSS_ONLY_TARGET_GENE_MATRIX_UNAVAILABLE	Table S13B; no target-gene edge matrix in downloaded official workbook
AMD	MG	CUX2_+_-_(105r)	76	0.43468144	NA	NA	NA	NA	OFFICIAL_RSS_ONLY_TARGET_GENE_MATRIX_UNAVAILABLE	Table S13B; no target-gene edge matrix in downloaded official workbook
POAG	MG	CUX2_+_-_(105r)	76	0.43468144	NA	NA	NA	NA	OFFICIAL_RSS_ONLY_TARGET_GENE_MATRIX_UNAVAILABLE	Table S13B; no target-gene edge matrix in downloaded official workbook
RE	MG	CUX2_+_-_(105r)	76	0.43468144	NA	NA	NA	NA	OFFICIAL_RSS_ONLY_TARGET_GENE_MATRIX_UNAVAILABLE	Table S13B; no target-gene edge matrix in downloaded official workbook
AMD	MG	POU2F2_-_-_(57r)	77	0.43462049	NA	NA	NA	NA	OFFICIAL_RSS_ONLY_TARGET_GENE_MATRIX_UNAVAILABLE	Table S13B; no target-gene edge matrix in downloaded official workbook
POAG	MG	POU2F2_-_-_(57r)	77	0.43462049	NA	NA	NA	NA	OFFICIAL_RSS_ONLY_TARGET_GENE_MATRIX_UNAVAILABLE	Table S13B; no target-gene edge matrix in downloaded official workbook
RE	MG	POU2F2_-_-_(57r)	77	0.43462049	NA	NA	NA	NA	OFFICIAL_RSS_ONLY_TARGET_GENE_MATRIX_UNAVAILABLE	Table S13B; no target-gene edge matrix in downloaded official workbook
AMD	MG	ZNF708_+_+_(64r)	78	0.43356021	NA	NA	NA	NA	OFFICIAL_RSS_ONLY_TARGET_GENE_MATRIX_UNAVAILABLE	Table S13B; no target-gene edge matrix in downloaded official workbook
POAG	MG	ZNF708_+_+_(64r)	78	0.43356021	NA	NA	NA	NA	OFFICIAL_RSS_ONLY_TARGET_GENE_MATRIX_UNAVAILABLE	Table S13B; no target-gene edge matrix in downloaded official workbook
RE	MG	ZNF708_+_+_(64r)	78	0.43356021	NA	NA	NA	NA	OFFICIAL_RSS_ONLY_TARGET_GENE_MATRIX_UNAVAILABLE	Table S13B; no target-gene edge matrix in downloaded official workbook
AMD	MG	ZNF708_extended_+_+_(64r)	79	0.43356021	NA	NA	NA	NA	OFFICIAL_RSS_ONLY_TARGET_GENE_MATRIX_UNAVAILABLE	Table S13B; no target-gene edge matrix in downloaded official workbook
POAG	MG	ZNF708_extended_+_+_(64r)	79	0.43356021	NA	NA	NA	NA	OFFICIAL_RSS_ONLY_TARGET_GENE_MATRIX_UNAVAILABLE	Table S13B; no target-gene edge matrix in downloaded official workbook
RE	MG	ZNF708_extended_+_+_(64r)	79	0.43356021	NA	NA	NA	NA	OFFICIAL_RSS_ONLY_TARGET_GENE_MATRIX_UNAVAILABLE	Table S13B; no target-gene edge matrix in downloaded official workbook
AMD	MG	TCF7L1_extended_+_+_(949r)	80	0.43176313	NA	NA	NA	NA	OFFICIAL_RSS_ONLY_TARGET_GENE_MATRIX_UNAVAILABLE	Table S13B; no target-gene edge matrix in downloaded official workbook
POAG	MG	TCF7L1_extended_+_+_(949r)	80	0.43176313	NA	NA	NA	NA	OFFICIAL_RSS_ONLY_TARGET_GENE_MATRIX_UNAVAILABLE	Table S13B; no target-gene edge matrix in downloaded official workbook
RE	MG	TCF7L1_extended_+_+_(949r)	80	0.43176313	NA	NA	NA	NA	OFFICIAL_RSS_ONLY_TARGET_GENE_MATRIX_UNAVAILABLE	Table S13B; no target-gene edge matrix in downloaded official workbook
AMD	MG	TCF7L1_+_+_(949r)	81	0.43176313	NA	NA	NA	NA	OFFICIAL_RSS_ONLY_TARGET_GENE_MATRIX_UNAVAILABLE	Table S13B; no target-gene edge matrix in downloaded official workbook
POAG	MG	TCF7L1_+_+_(949r)	81	0.43176313	NA	NA	NA	NA	OFFICIAL_RSS_ONLY_TARGET_GENE_MATRIX_UNAVAILABLE	Table S13B; no target-gene edge matrix in downloaded official workbook
RE	MG	TCF7L1_+_+_(949r)	81	0.43176313	NA	NA	NA	NA	OFFICIAL_RSS_ONLY_TARGET_GENE_MATRIX_UNAVAILABLE	Table S13B; no target-gene edge matrix in downloaded official workbook
AMD	MG	JUNB_extended_+_+_(1058r)	82	0.431544	NA	NA	NA	NA	OFFICIAL_RSS_ONLY_TARGET_GENE_MATRIX_UNAVAILABLE	Table S13B; no target-gene edge matrix in downloaded official workbook
POAG	MG	JUNB_extended_+_+_(1058r)	82	0.431544	NA	NA	NA	NA	OFFICIAL_RSS_ONLY_TARGET_GENE_MATRIX_UNAVAILABLE	Table S13B; no target-gene edge matrix in downloaded official workbook
RE	MG	JUNB_extended_+_+_(1058r)	82	0.431544	NA	NA	NA	NA	OFFICIAL_RSS_ONLY_TARGET_GENE_MATRIX_UNAVAILABLE	Table S13B; no target-gene edge matrix in downloaded official workbook
AMD	MG	BCL6_extended_+_+_(344r)	83	0.43154233	NA	NA	NA	NA	OFFICIAL_RSS_ONLY_TARGET_GENE_MATRIX_UNAVAILABLE	Table S13B; no target-gene edge matrix in downloaded official workbook
POAG	MG	BCL6_extended_+_+_(344r)	83	0.43154233	NA	NA	NA	NA	OFFICIAL_RSS_ONLY_TARGET_GENE_MATRIX_UNAVAILABLE	Table S13B; no target-gene edge matrix in downloaded official workbook
RE	MG	BCL6_extended_+_+_(344r)	83	0.43154233	NA	NA	NA	NA	OFFICIAL_RSS_ONLY_TARGET_GENE_MATRIX_UNAVAILABLE	Table S13B; no target-gene edge matrix in downloaded official workbook
AMD	MG	HES1_+_+_(154r)	84	0.43085824	NA	NA	NA	NA	OFFICIAL_RSS_ONLY_TARGET_GENE_MATRIX_UNAVAILABLE	Table S13B; no target-gene edge matrix in downloaded official workbook
POAG	MG	HES1_+_+_(154r)	84	0.43085824	NA	NA	NA	NA	OFFICIAL_RSS_ONLY_TARGET_GENE_MATRIX_UNAVAILABLE	Table S13B; no target-gene edge matrix in downloaded official workbook
RE	MG	HES1_+_+_(154r)	84	0.43085824	NA	NA	NA	NA	OFFICIAL_RSS_ONLY_TARGET_GENE_MATRIX_UNAVAILABLE	Table S13B; no target-gene edge matrix in downloaded official workbook
AMD	MG	POU2F2_extended_-_-_(59r)	85	0.42862883	NA	NA	NA	NA	OFFICIAL_RSS_ONLY_TARGET_GENE_MATRIX_UNAVAILABLE	Table S13B; no target-gene edge matrix in downloaded official workbook
POAG	MG	POU2F2_extended_-_-_(59r)	85	0.42862883	NA	NA	NA	NA	OFFICIAL_RSS_ONLY_TARGET_GENE_MATRIX_UNAVAILABLE	Table S13B; no target-gene edge matrix in downloaded official workbook
RE	MG	POU2F2_extended_-_-_(59r)	85	0.42862883	NA	NA	NA	NA	OFFICIAL_RSS_ONLY_TARGET_GENE_MATRIX_UNAVAILABLE	Table S13B; no target-gene edge matrix in downloaded official workbook
AMD	MG	GLI3_+_+_(84r)	86	0.42482712	NA	NA	NA	NA	OFFICIAL_RSS_ONLY_TARGET_GENE_MATRIX_UNAVAILABLE	Table S13B; no target-gene edge matrix in downloaded official workbook
POAG	MG	GLI3_+_+_(84r)	86	0.42482712	NA	NA	NA	NA	OFFICIAL_RSS_ONLY_TARGET_GENE_MATRIX_UNAVAILABLE	Table S13B; no target-gene edge matrix in downloaded official workbook
RE	MG	GLI3_+_+_(84r)	86	0.42482712	NA	NA	NA	NA	OFFICIAL_RSS_ONLY_TARGET_GENE_MATRIX_UNAVAILABLE	Table S13B; no target-gene edge matrix in downloaded official workbook
AMD	MG	GLI3_extended_+_+_(84r)	87	0.42482712	NA	NA	NA	NA	OFFICIAL_RSS_ONLY_TARGET_GENE_MATRIX_UNAVAILABLE	Table S13B; no target-gene edge matrix in downloaded official workbook
POAG	MG	GLI3_extended_+_+_(84r)	87	0.42482712	NA	NA	NA	NA	OFFICIAL_RSS_ONLY_TARGET_GENE_MATRIX_UNAVAILABLE	Table S13B; no target-gene edge matrix in downloaded official workbook
RE	MG	GLI3_extended_+_+_(84r)	87	0.42482712	NA	NA	NA	NA	OFFICIAL_RSS_ONLY_TARGET_GENE_MATRIX_UNAVAILABLE	Table S13B; no target-gene edge matrix in downloaded official workbook
AMD	MG	FOXK1_extended_+_+_(24r)	88	0.42378028	NA	NA	NA	NA	OFFICIAL_RSS_ONLY_TARGET_GENE_MATRIX_UNAVAILABLE	Table S13B; no target-gene edge matrix in downloaded official workbook
POAG	MG	FOXK1_extended_+_+_(24r)	88	0.42378028	NA	NA	NA	NA	OFFICIAL_RSS_ONLY_TARGET_GENE_MATRIX_UNAVAILABLE	Table S13B; no target-gene edge matrix in downloaded official workbook
RE	MG	FOXK1_extended_+_+_(24r)	88	0.42378028	NA	NA	NA	NA	OFFICIAL_RSS_ONLY_TARGET_GENE_MATRIX_UNAVAILABLE	Table S13B; no target-gene edge matrix in downloaded official workbook
AMD	MG	NFIB_-_-_(407r)	89	0.42331087	NA	NA	NA	NA	OFFICIAL_RSS_ONLY_TARGET_GENE_MATRIX_UNAVAILABLE	Table S13B; no target-gene edge matrix in downloaded official workbook
POAG	MG	NFIB_-_-_(407r)	89	0.42331087	NA	NA	NA	NA	OFFICIAL_RSS_ONLY_TARGET_GENE_MATRIX_UNAVAILABLE	Table S13B; no target-gene edge matrix in downloaded official workbook
RE	MG	NFIB_-_-_(407r)	89	0.42331087	NA	NA	NA	NA	OFFICIAL_RSS_ONLY_TARGET_GENE_MATRIX_UNAVAILABLE	Table S13B; no target-gene edge matrix in downloaded official workbook
AMD	MG	NFIB_extended_-_-_(407r)	90	0.42331087	NA	NA	NA	NA	OFFICIAL_RSS_ONLY_TARGET_GENE_MATRIX_UNAVAILABLE	Table S13B; no target-gene edge matrix in downloaded official workbook
POAG	MG	NFIB_extended_-_-_(407r)	90	0.42331087	NA	NA	NA	NA	OFFICIAL_RSS_ONLY_TARGET_GENE_MATRIX_UNAVAILABLE	Table S13B; no target-gene edge matrix in downloaded official workbook
RE	MG	NFIB_extended_-_-_(407r)	90	0.42331087	NA	NA	NA	NA	OFFICIAL_RSS_ONLY_TARGET_GENE_MATRIX_UNAVAILABLE	Table S13B; no target-gene edge matrix in downloaded official workbook
AMD	MG	HMX1_+_+_(231r)	91	0.42330861	NA	NA	NA	NA	OFFICIAL_RSS_ONLY_TARGET_GENE_MATRIX_UNAVAILABLE	Table S13B; no target-gene edge matrix in downloaded official workbook
POAG	MG	HMX1_+_+_(231r)	91	0.42330861	NA	NA	NA	NA	OFFICIAL_RSS_ONLY_TARGET_GENE_MATRIX_UNAVAILABLE	Table S13B; no target-gene edge matrix in downloaded official workbook
RE	MG	HMX1_+_+_(231r)	91	0.42330861	NA	NA	NA	NA	OFFICIAL_RSS_ONLY_TARGET_GENE_MATRIX_UNAVAILABLE	Table S13B; no target-gene edge matrix in downloaded official workbook
AMD	MG	HMX1_extended_+_+_(231r)	92	0.42330861	NA	NA	NA	NA	OFFICIAL_RSS_ONLY_TARGET_GENE_MATRIX_UNAVAILABLE	Table S13B; no target-gene edge matrix in downloaded official workbook
POAG	MG	HMX1_extended_+_+_(231r)	92	0.42330861	NA	NA	NA	NA	OFFICIAL_RSS_ONLY_TARGET_GENE_MATRIX_UNAVAILABLE	Table S13B; no target-gene edge matrix in downloaded official workbook
RE	MG	HMX1_extended_+_+_(231r)	92	0.42330861	NA	NA	NA	NA	OFFICIAL_RSS_ONLY_TARGET_GENE_MATRIX_UNAVAILABLE	Table S13B; no target-gene edge matrix in downloaded official workbook
AMD	MG	NR3C2_+_-_(70r)	93	0.42158736	NA	NA	NA	NA	OFFICIAL_RSS_ONLY_TARGET_GENE_MATRIX_UNAVAILABLE	Table S13B; no target-gene edge matrix in downloaded official workbook
POAG	MG	NR3C2_+_-_(70r)	93	0.42158736	NA	NA	NA	NA	OFFICIAL_RSS_ONLY_TARGET_GENE_MATRIX_UNAVAILABLE	Table S13B; no target-gene edge matrix in downloaded official workbook
RE	MG	NR3C2_+_-_(70r)	93	0.42158736	NA	NA	NA	NA	OFFICIAL_RSS_ONLY_TARGET_GENE_MATRIX_UNAVAILABLE	Table S13B; no target-gene edge matrix in downloaded official workbook
AMD	MG	CEBPD_extended_+_+_(618r)	94	0.41973186	NA	NA	NA	NA	OFFICIAL_RSS_ONLY_TARGET_GENE_MATRIX_UNAVAILABLE	Table S13B; no target-gene edge matrix in downloaded official workbook
POAG	MG	CEBPD_extended_+_+_(618r)	94	0.41973186	NA	NA	NA	NA	OFFICIAL_RSS_ONLY_TARGET_GENE_MATRIX_UNAVAILABLE	Table S13B; no target-gene edge matrix in downloaded official workbook
RE	MG	CEBPD_extended_+_+_(618r)	94	0.41973186	NA	NA	NA	NA	OFFICIAL_RSS_ONLY_TARGET_GENE_MATRIX_UNAVAILABLE	Table S13B; no target-gene edge matrix in downloaded official workbook
AMD	MG	CEBPD_+_+_(618r)	95	0.41973186	NA	NA	NA	NA	OFFICIAL_RSS_ONLY_TARGET_GENE_MATRIX_UNAVAILABLE	Table S13B; no target-gene edge matrix in downloaded official workbook
POAG	MG	CEBPD_+_+_(618r)	95	0.41973186	NA	NA	NA	NA	OFFICIAL_RSS_ONLY_TARGET_GENE_MATRIX_UNAVAILABLE	Table S13B; no target-gene edge matrix in downloaded official workbook
RE	MG	CEBPD_+_+_(618r)	95	0.41973186	NA	NA	NA	NA	OFFICIAL_RSS_ONLY_TARGET_GENE_MATRIX_UNAVAILABLE	Table S13B; no target-gene edge matrix in downloaded official workbook
AMD	MG	GTF3A_extended_+_-_(12r)	96	0.4190535	NA	NA	NA	NA	OFFICIAL_RSS_ONLY_TARGET_GENE_MATRIX_UNAVAILABLE	Table S13B; no target-gene edge matrix in downloaded official workbook
POAG	MG	GTF3A_extended_+_-_(12r)	96	0.4190535	NA	NA	NA	NA	OFFICIAL_RSS_ONLY_TARGET_GENE_MATRIX_UNAVAILABLE	Table S13B; no target-gene edge matrix in downloaded official workbook
RE	MG	GTF3A_extended_+_-_(12r)	96	0.4190535	NA	NA	NA	NA	OFFICIAL_RSS_ONLY_TARGET_GENE_MATRIX_UNAVAILABLE	Table S13B; no target-gene edge matrix in downloaded official workbook
AMD	MG	ZNF529_+_-_(43r)	97	0.41905254	NA	NA	NA	NA	OFFICIAL_RSS_ONLY_TARGET_GENE_MATRIX_UNAVAILABLE	Table S13B; no target-gene edge matrix in downloaded official workbook
POAG	MG	ZNF529_+_-_(43r)	97	0.41905254	NA	NA	NA	NA	OFFICIAL_RSS_ONLY_TARGET_GENE_MATRIX_UNAVAILABLE	Table S13B; no target-gene edge matrix in downloaded official workbook
RE	MG	ZNF529_+_-_(43r)	97	0.41905254	NA	NA	NA	NA	OFFICIAL_RSS_ONLY_TARGET_GENE_MATRIX_UNAVAILABLE	Table S13B; no target-gene edge matrix in downloaded official workbook
AMD	MG	ZNF529_extended_+_-_(43r)	98	0.41905254	NA	NA	NA	NA	OFFICIAL_RSS_ONLY_TARGET_GENE_MATRIX_UNAVAILABLE	Table S13B; no target-gene edge matrix in downloaded official workbook
POAG	MG	ZNF529_extended_+_-_(43r)	98	0.41905254	NA	NA	NA	NA	OFFICIAL_RSS_ONLY_TARGET_GENE_MATRIX_UNAVAILABLE	Table S13B; no target-gene edge matrix in downloaded official workbook
RE	MG	ZNF529_extended_+_-_(43r)	98	0.41905254	NA	NA	NA	NA	OFFICIAL_RSS_ONLY_TARGET_GENE_MATRIX_UNAVAILABLE	Table S13B; no target-gene edge matrix in downloaded official workbook
AMD	MG	NFIX_extended_-_-_(62r)	99	0.41812289	NA	NA	NA	NA	OFFICIAL_RSS_ONLY_TARGET_GENE_MATRIX_UNAVAILABLE	Table S13B; no target-gene edge matrix in downloaded official workbook
POAG	MG	NFIX_extended_-_-_(62r)	99	0.41812289	NA	NA	NA	NA	OFFICIAL_RSS_ONLY_TARGET_GENE_MATRIX_UNAVAILABLE	Table S13B; no target-gene edge matrix in downloaded official workbook
RE	MG	NFIX_extended_-_-_(62r)	99	0.41812289	NA	NA	NA	NA	OFFICIAL_RSS_ONLY_TARGET_GENE_MATRIX_UNAVAILABLE	Table S13B; no target-gene edge matrix in downloaded official workbook
AMD	MG	NFIX_-_-_(62r)	100	0.41812289	NA	NA	NA	NA	OFFICIAL_RSS_ONLY_TARGET_GENE_MATRIX_UNAVAILABLE	Table S13B; no target-gene edge matrix in downloaded official workbook
POAG	MG	NFIX_-_-_(62r)	100	0.41812289	NA	NA	NA	NA	OFFICIAL_RSS_ONLY_TARGET_GENE_MATRIX_UNAVAILABLE	Table S13B; no target-gene edge matrix in downloaded official workbook
RE	MG	NFIX_-_-_(62r)	100	0.41812289	NA	NA	NA	NA	OFFICIAL_RSS_ONLY_TARGET_GENE_MATRIX_UNAVAILABLE	Table S13B; no target-gene edge matrix in downloaded official workbook
AMD	MG	PRDM5_extended_+_+_(33r)	101	0.41667616	NA	NA	NA	NA	OFFICIAL_RSS_ONLY_TARGET_GENE_MATRIX_UNAVAILABLE	Table S13B; no target-gene edge matrix in downloaded official workbook
POAG	MG	PRDM5_extended_+_+_(33r)	101	0.41667616	NA	NA	NA	NA	OFFICIAL_RSS_ONLY_TARGET_GENE_MATRIX_UNAVAILABLE	Table S13B; no target-gene edge matrix in downloaded official workbook
RE	MG	PRDM5_extended_+_+_(33r)	101	0.41667616	NA	NA	NA	NA	OFFICIAL_RSS_ONLY_TARGET_GENE_MATRIX_UNAVAILABLE	Table S13B; no target-gene edge matrix in downloaded official workbook
AMD	MG	NR3C2_extended_+_-_(43r)	102	0.41398927	NA	NA	NA	NA	OFFICIAL_RSS_ONLY_TARGET_GENE_MATRIX_UNAVAILABLE	Table S13B; no target-gene edge matrix in downloaded official workbook
POAG	MG	NR3C2_extended_+_-_(43r)	102	0.41398927	NA	NA	NA	NA	OFFICIAL_RSS_ONLY_TARGET_GENE_MATRIX_UNAVAILABLE	Table S13B; no target-gene edge matrix in downloaded official workbook
RE	MG	NR3C2_extended_+_-_(43r)	102	0.41398927	NA	NA	NA	NA	OFFICIAL_RSS_ONLY_TARGET_GENE_MATRIX_UNAVAILABLE	Table S13B; no target-gene edge matrix in downloaded official workbook
AMD	MG	ZSCAN5A_extended_+_+_(22r)	103	0.41314436	NA	NA	NA	NA	OFFICIAL_RSS_ONLY_TARGET_GENE_MATRIX_UNAVAILABLE	Table S13B; no target-gene edge matrix in downloaded official workbook
POAG	MG	ZSCAN5A_extended_+_+_(22r)	103	0.41314436	NA	NA	NA	NA	OFFICIAL_RSS_ONLY_TARGET_GENE_MATRIX_UNAVAILABLE	Table S13B; no target-gene edge matrix in downloaded official workbook
RE	MG	ZSCAN5A_extended_+_+_(22r)	103	0.41314436	NA	NA	NA	NA	OFFICIAL_RSS_ONLY_TARGET_GENE_MATRIX_UNAVAILABLE	Table S13B; no target-gene edge matrix in downloaded official workbook
AMD	MG	ZNF516_extended_+_-_(45r)	104	0.41172173	NA	NA	NA	NA	OFFICIAL_RSS_ONLY_TARGET_GENE_MATRIX_UNAVAILABLE	Table S13B; no target-gene edge matrix in downloaded official workbook
POAG	MG	ZNF516_extended_+_-_(45r)	104	0.41172173	NA	NA	NA	NA	OFFICIAL_RSS_ONLY_TARGET_GENE_MATRIX_UNAVAILABLE	Table S13B; no target-gene edge matrix in downloaded official workbook
RE	MG	ZNF516_extended_+_-_(45r)	104	0.41172173	NA	NA	NA	NA	OFFICIAL_RSS_ONLY_TARGET_GENE_MATRIX_UNAVAILABLE	Table S13B; no target-gene edge matrix in downloaded official workbook
AMD	MG	ZNF536_+_+_(31r)	105	0.41082786	NA	NA	NA	NA	OFFICIAL_RSS_ONLY_TARGET_GENE_MATRIX_UNAVAILABLE	Table S13B; no target-gene edge matrix in downloaded official workbook
POAG	MG	ZNF536_+_+_(31r)	105	0.41082786	NA	NA	NA	NA	OFFICIAL_RSS_ONLY_TARGET_GENE_MATRIX_UNAVAILABLE	Table S13B; no target-gene edge matrix in downloaded official workbook
RE	MG	ZNF536_+_+_(31r)	105	0.41082786	NA	NA	NA	NA	OFFICIAL_RSS_ONLY_TARGET_GENE_MATRIX_UNAVAILABLE	Table S13B; no target-gene edge matrix in downloaded official workbook
AMD	MG	ZBTB16_extended_+_+_(44r)	106	0.41028924	NA	NA	NA	NA	OFFICIAL_RSS_ONLY_TARGET_GENE_MATRIX_UNAVAILABLE	Table S13B; no target-gene edge matrix in downloaded official workbook
POAG	MG	ZBTB16_extended_+_+_(44r)	106	0.41028924	NA	NA	NA	NA	OFFICIAL_RSS_ONLY_TARGET_GENE_MATRIX_UNAVAILABLE	Table S13B; no target-gene edge matrix in downloaded official workbook
RE	MG	ZBTB16_extended_+_+_(44r)	106	0.41028924	NA	NA	NA	NA	OFFICIAL_RSS_ONLY_TARGET_GENE_MATRIX_UNAVAILABLE	Table S13B; no target-gene edge matrix in downloaded official workbook
AMD	MG	ZBTB16_+_+_(44r)	107	0.41028924	NA	NA	NA	NA	OFFICIAL_RSS_ONLY_TARGET_GENE_MATRIX_UNAVAILABLE	Table S13B; no target-gene edge matrix in downloaded official workbook
POAG	MG	ZBTB16_+_+_(44r)	107	0.41028924	NA	NA	NA	NA	OFFICIAL_RSS_ONLY_TARGET_GENE_MATRIX_UNAVAILABLE	Table S13B; no target-gene edge matrix in downloaded official workbook
RE	MG	ZBTB16_+_+_(44r)	107	0.41028924	NA	NA	NA	NA	OFFICIAL_RSS_ONLY_TARGET_GENE_MATRIX_UNAVAILABLE	Table S13B; no target-gene edge matrix in downloaded official workbook
AMD	MG	FOS_extended_+_+_(971r)	108	0.40589961	NA	NA	NA	NA	OFFICIAL_RSS_ONLY_TARGET_GENE_MATRIX_UNAVAILABLE	Table S13B; no target-gene edge matrix in downloaded official workbook
POAG	MG	FOS_extended_+_+_(971r)	108	0.40589961	NA	NA	NA	NA	OFFICIAL_RSS_ONLY_TARGET_GENE_MATRIX_UNAVAILABLE	Table S13B; no target-gene edge matrix in downloaded official workbook
RE	MG	FOS_extended_+_+_(971r)	108	0.40589961	NA	NA	NA	NA	OFFICIAL_RSS_ONLY_TARGET_GENE_MATRIX_UNAVAILABLE	Table S13B; no target-gene edge matrix in downloaded official workbook
AMD	MG	FOS_+_+_(960r)	109	0.40589074	NA	NA	NA	NA	OFFICIAL_RSS_ONLY_TARGET_GENE_MATRIX_UNAVAILABLE	Table S13B; no target-gene edge matrix in downloaded official workbook
POAG	MG	FOS_+_+_(960r)	109	0.40589074	NA	NA	NA	NA	OFFICIAL_RSS_ONLY_TARGET_GENE_MATRIX_UNAVAILABLE	Table S13B; no target-gene edge matrix in downloaded official workbook
RE	MG	FOS_+_+_(960r)	109	0.40589074	NA	NA	NA	NA	OFFICIAL_RSS_ONLY_TARGET_GENE_MATRIX_UNAVAILABLE	Table S13B; no target-gene edge matrix in downloaded official workbook
AMD	MG	SOX9_+_+_(1258r)	110	0.40491898	NA	NA	NA	NA	OFFICIAL_RSS_ONLY_TARGET_GENE_MATRIX_UNAVAILABLE	Table S13B; no target-gene edge matrix in downloaded official workbook
POAG	MG	SOX9_+_+_(1258r)	110	0.40491898	NA	NA	NA	NA	OFFICIAL_RSS_ONLY_TARGET_GENE_MATRIX_UNAVAILABLE	Table S13B; no target-gene edge matrix in downloaded official workbook
RE	MG	SOX9_+_+_(1258r)	110	0.40491898	NA	NA	NA	NA	OFFICIAL_RSS_ONLY_TARGET_GENE_MATRIX_UNAVAILABLE	Table S13B; no target-gene edge matrix in downloaded official workbook
AMD	MG	SOX9_extended_+_+_(1258r)	111	0.40491898	NA	NA	NA	NA	OFFICIAL_RSS_ONLY_TARGET_GENE_MATRIX_UNAVAILABLE	Table S13B; no target-gene edge matrix in downloaded official workbook
POAG	MG	SOX9_extended_+_+_(1258r)	111	0.40491898	NA	NA	NA	NA	OFFICIAL_RSS_ONLY_TARGET_GENE_MATRIX_UNAVAILABLE	Table S13B; no target-gene edge matrix in downloaded official workbook
RE	MG	SOX9_extended_+_+_(1258r)	111	0.40491898	NA	NA	NA	NA	OFFICIAL_RSS_ONLY_TARGET_GENE_MATRIX_UNAVAILABLE	Table S13B; no target-gene edge matrix in downloaded official workbook
AMD	MG	BBX_extended_+_+_(19r)	112	0.40434005	NA	NA	NA	NA	OFFICIAL_RSS_ONLY_TARGET_GENE_MATRIX_UNAVAILABLE	Table S13B; no target-gene edge matrix in downloaded official workbook
POAG	MG	BBX_extended_+_+_(19r)	112	0.40434005	NA	NA	NA	NA	OFFICIAL_RSS_ONLY_TARGET_GENE_MATRIX_UNAVAILABLE	Table S13B; no target-gene edge matrix in downloaded official workbook
RE	MG	BBX_extended_+_+_(19r)	112	0.40434005	NA	NA	NA	NA	OFFICIAL_RSS_ONLY_TARGET_GENE_MATRIX_UNAVAILABLE	Table S13B; no target-gene edge matrix in downloaded official workbook
AMD	MG	ZNF704_extended_-_-_(37r)	113	0.40310456	NA	NA	NA	NA	OFFICIAL_RSS_ONLY_TARGET_GENE_MATRIX_UNAVAILABLE	Table S13B; no target-gene edge matrix in downloaded official workbook
POAG	MG	ZNF704_extended_-_-_(37r)	113	0.40310456	NA	NA	NA	NA	OFFICIAL_RSS_ONLY_TARGET_GENE_MATRIX_UNAVAILABLE	Table S13B; no target-gene edge matrix in downloaded official workbook
RE	MG	ZNF704_extended_-_-_(37r)	113	0.40310456	NA	NA	NA	NA	OFFICIAL_RSS_ONLY_TARGET_GENE_MATRIX_UNAVAILABLE	Table S13B; no target-gene edge matrix in downloaded official workbook
AMD	MG	ZNF704_-_-_(37r)	114	0.40310456	NA	NA	NA	NA	OFFICIAL_RSS_ONLY_TARGET_GENE_MATRIX_UNAVAILABLE	Table S13B; no target-gene edge matrix in downloaded official workbook
POAG	MG	ZNF704_-_-_(37r)	114	0.40310456	NA	NA	NA	NA	OFFICIAL_RSS_ONLY_TARGET_GENE_MATRIX_UNAVAILABLE	Table S13B; no target-gene edge matrix in downloaded official workbook
RE	MG	ZNF704_-_-_(37r)	114	0.40310456	NA	NA	NA	NA	OFFICIAL_RSS_ONLY_TARGET_GENE_MATRIX_UNAVAILABLE	Table S13B; no target-gene edge matrix in downloaded official workbook
AMD	MG	ZNF366_extended_+_-_(90r)	115	0.40214424	NA	NA	NA	NA	OFFICIAL_RSS_ONLY_TARGET_GENE_MATRIX_UNAVAILABLE	Table S13B; no target-gene edge matrix in downloaded official workbook
POAG	MG	ZNF366_extended_+_-_(90r)	115	0.40214424	NA	NA	NA	NA	OFFICIAL_RSS_ONLY_TARGET_GENE_MATRIX_UNAVAILABLE	Table S13B; no target-gene edge matrix in downloaded official workbook
RE	MG	ZNF366_extended_+_-_(90r)	115	0.40214424	NA	NA	NA	NA	OFFICIAL_RSS_ONLY_TARGET_GENE_MATRIX_UNAVAILABLE	Table S13B; no target-gene edge matrix in downloaded official workbook
AMD	MG	ZNF366_+_-_(90r)	116	0.40214424	NA	NA	NA	NA	OFFICIAL_RSS_ONLY_TARGET_GENE_MATRIX_UNAVAILABLE	Table S13B; no target-gene edge matrix in downloaded official workbook
POAG	MG	ZNF366_+_-_(90r)	116	0.40214424	NA	NA	NA	NA	OFFICIAL_RSS_ONLY_TARGET_GENE_MATRIX_UNAVAILABLE	Table S13B; no target-gene edge matrix in downloaded official workbook
RE	MG	ZNF366_+_-_(90r)	116	0.40214424	NA	NA	NA	NA	OFFICIAL_RSS_ONLY_TARGET_GENE_MATRIX_UNAVAILABLE	Table S13B; no target-gene edge matrix in downloaded official workbook
AMD	MG	CRX_+_-_(538r)	117	0.39866481	NA	NA	NA	NA	OFFICIAL_RSS_ONLY_TARGET_GENE_MATRIX_UNAVAILABLE	Table S13B; no target-gene edge matrix in downloaded official workbook
POAG	MG	CRX_+_-_(538r)	117	0.39866481	NA	NA	NA	NA	OFFICIAL_RSS_ONLY_TARGET_GENE_MATRIX_UNAVAILABLE	Table S13B; no target-gene edge matrix in downloaded official workbook
RE	MG	CRX_+_-_(538r)	117	0.39866481	NA	NA	NA	NA	OFFICIAL_RSS_ONLY_TARGET_GENE_MATRIX_UNAVAILABLE	Table S13B; no target-gene edge matrix in downloaded official workbook
AMD	MG	ZNF121_+_+_(16r)	118	0.39770095	NA	NA	NA	NA	OFFICIAL_RSS_ONLY_TARGET_GENE_MATRIX_UNAVAILABLE	Table S13B; no target-gene edge matrix in downloaded official workbook
POAG	MG	ZNF121_+_+_(16r)	118	0.39770095	NA	NA	NA	NA	OFFICIAL_RSS_ONLY_TARGET_GENE_MATRIX_UNAVAILABLE	Table S13B; no target-gene edge matrix in downloaded official workbook
RE	MG	ZNF121_+_+_(16r)	118	0.39770095	NA	NA	NA	NA	OFFICIAL_RSS_ONLY_TARGET_GENE_MATRIX_UNAVAILABLE	Table S13B; no target-gene edge matrix in downloaded official workbook
AMD	MG	ZNF121_extended_+_+_(16r)	119	0.39770095	NA	NA	NA	NA	OFFICIAL_RSS_ONLY_TARGET_GENE_MATRIX_UNAVAILABLE	Table S13B; no target-gene edge matrix in downloaded official workbook
POAG	MG	ZNF121_extended_+_+_(16r)	119	0.39770095	NA	NA	NA	NA	OFFICIAL_RSS_ONLY_TARGET_GENE_MATRIX_UNAVAILABLE	Table S13B; no target-gene edge matrix in downloaded official workbook
RE	MG	ZNF121_extended_+_+_(16r)	119	0.39770095	NA	NA	NA	NA	OFFICIAL_RSS_ONLY_TARGET_GENE_MATRIX_UNAVAILABLE	Table S13B; no target-gene edge matrix in downloaded official workbook
AMD	MG	SATB2_extended_+_+_(16r)	120	0.39665386	NA	NA	NA	NA	OFFICIAL_RSS_ONLY_TARGET_GENE_MATRIX_UNAVAILABLE	Table S13B; no target-gene edge matrix in downloaded official workbook
POAG	MG	SATB2_extended_+_+_(16r)	120	0.39665386	NA	NA	NA	NA	OFFICIAL_RSS_ONLY_TARGET_GENE_MATRIX_UNAVAILABLE	Table S13B; no target-gene edge matrix in downloaded official workbook
RE	MG	SATB2_extended_+_+_(16r)	120	0.39665386	NA	NA	NA	NA	OFFICIAL_RSS_ONLY_TARGET_GENE_MATRIX_UNAVAILABLE	Table S13B; no target-gene edge matrix in downloaded official workbook
AMD	MG	CRX_extended_+_-_(563r)	121	0.39615435	NA	NA	NA	NA	OFFICIAL_RSS_ONLY_TARGET_GENE_MATRIX_UNAVAILABLE	Table S13B; no target-gene edge matrix in downloaded official workbook
POAG	MG	CRX_extended_+_-_(563r)	121	0.39615435	NA	NA	NA	NA	OFFICIAL_RSS_ONLY_TARGET_GENE_MATRIX_UNAVAILABLE	Table S13B; no target-gene edge matrix in downloaded official workbook
RE	MG	CRX_extended_+_-_(563r)	121	0.39615435	NA	NA	NA	NA	OFFICIAL_RSS_ONLY_TARGET_GENE_MATRIX_UNAVAILABLE	Table S13B; no target-gene edge matrix in downloaded official workbook
AMD	MG	ZNF382_+_-_(185r)	122	0.39537191	NA	NA	NA	NA	OFFICIAL_RSS_ONLY_TARGET_GENE_MATRIX_UNAVAILABLE	Table S13B; no target-gene edge matrix in downloaded official workbook
POAG	MG	ZNF382_+_-_(185r)	122	0.39537191	NA	NA	NA	NA	OFFICIAL_RSS_ONLY_TARGET_GENE_MATRIX_UNAVAILABLE	Table S13B; no target-gene edge matrix in downloaded official workbook
RE	MG	ZNF382_+_-_(185r)	122	0.39537191	NA	NA	NA	NA	OFFICIAL_RSS_ONLY_TARGET_GENE_MATRIX_UNAVAILABLE	Table S13B; no target-gene edge matrix in downloaded official workbook
AMD	MG	ZNF382_extended_+_-_(185r)	123	0.39537191	NA	NA	NA	NA	OFFICIAL_RSS_ONLY_TARGET_GENE_MATRIX_UNAVAILABLE	Table S13B; no target-gene edge matrix in downloaded official workbook
POAG	MG	ZNF382_extended_+_-_(185r)	123	0.39537191	NA	NA	NA	NA	OFFICIAL_RSS_ONLY_TARGET_GENE_MATRIX_UNAVAILABLE	Table S13B; no target-gene edge matrix in downloaded official workbook
RE	MG	ZNF382_extended_+_-_(185r)	123	0.39537191	NA	NA	NA	NA	OFFICIAL_RSS_ONLY_TARGET_GENE_MATRIX_UNAVAILABLE	Table S13B; no target-gene edge matrix in downloaded official workbook
AMD	MG	BBX_+_+_(21r)	124	0.39340655	NA	NA	NA	NA	OFFICIAL_RSS_ONLY_TARGET_GENE_MATRIX_UNAVAILABLE	Table S13B; no target-gene edge matrix in downloaded official workbook
POAG	MG	BBX_+_+_(21r)	124	0.39340655	NA	NA	NA	NA	OFFICIAL_RSS_ONLY_TARGET_GENE_MATRIX_UNAVAILABLE	Table S13B; no target-gene edge matrix in downloaded official workbook
RE	MG	BBX_+_+_(21r)	124	0.39340655	NA	NA	NA	NA	OFFICIAL_RSS_ONLY_TARGET_GENE_MATRIX_UNAVAILABLE	Table S13B; no target-gene edge matrix in downloaded official workbook
AMD	MG	ZNF83_+_-_(54r)	125	0.39231335	NA	NA	NA	NA	OFFICIAL_RSS_ONLY_TARGET_GENE_MATRIX_UNAVAILABLE	Table S13B; no target-gene edge matrix in downloaded official workbook
POAG	MG	ZNF83_+_-_(54r)	125	0.39231335	NA	NA	NA	NA	OFFICIAL_RSS_ONLY_TARGET_GENE_MATRIX_UNAVAILABLE	Table S13B; no target-gene edge matrix in downloaded official workbook
RE	MG	ZNF83_+_-_(54r)	125	0.39231335	NA	NA	NA	NA	OFFICIAL_RSS_ONLY_TARGET_GENE_MATRIX_UNAVAILABLE	Table S13B; no target-gene edge matrix in downloaded official workbook
AMD	MG	ZNF83_extended_+_-_(54r)	126	0.39231335	NA	NA	NA	NA	OFFICIAL_RSS_ONLY_TARGET_GENE_MATRIX_UNAVAILABLE	Table S13B; no target-gene edge matrix in downloaded official workbook
POAG	MG	ZNF83_extended_+_-_(54r)	126	0.39231335	NA	NA	NA	NA	OFFICIAL_RSS_ONLY_TARGET_GENE_MATRIX_UNAVAILABLE	Table S13B; no target-gene edge matrix in downloaded official workbook
RE	MG	ZNF83_extended_+_-_(54r)	126	0.39231335	NA	NA	NA	NA	OFFICIAL_RSS_ONLY_TARGET_GENE_MATRIX_UNAVAILABLE	Table S13B; no target-gene edge matrix in downloaded official workbook
AMD	MG	SOX5_extended_+_+_(670r)	127	0.39144585	NA	NA	NA	NA	OFFICIAL_RSS_ONLY_TARGET_GENE_MATRIX_UNAVAILABLE	Table S13B; no target-gene edge matrix in downloaded official workbook
POAG	MG	SOX5_extended_+_+_(670r)	127	0.39144585	NA	NA	NA	NA	OFFICIAL_RSS_ONLY_TARGET_GENE_MATRIX_UNAVAILABLE	Table S13B; no target-gene edge matrix in downloaded official workbook
RE	MG	SOX5_extended_+_+_(670r)	127	0.39144585	NA	NA	NA	NA	OFFICIAL_RSS_ONLY_TARGET_GENE_MATRIX_UNAVAILABLE	Table S13B; no target-gene edge matrix in downloaded official workbook
AMD	MG	RREB1_+_+_(27r)	128	0.38855065	NA	NA	NA	NA	OFFICIAL_RSS_ONLY_TARGET_GENE_MATRIX_UNAVAILABLE	Table S13B; no target-gene edge matrix in downloaded official workbook
POAG	MG	RREB1_+_+_(27r)	128	0.38855065	NA	NA	NA	NA	OFFICIAL_RSS_ONLY_TARGET_GENE_MATRIX_UNAVAILABLE	Table S13B; no target-gene edge matrix in downloaded official workbook
RE	MG	RREB1_+_+_(27r)	128	0.38855065	NA	NA	NA	NA	OFFICIAL_RSS_ONLY_TARGET_GENE_MATRIX_UNAVAILABLE	Table S13B; no target-gene edge matrix in downloaded official workbook
AMD	MG	RREB1_extended_+_+_(27r)	129	0.38855065	NA	NA	NA	NA	OFFICIAL_RSS_ONLY_TARGET_GENE_MATRIX_UNAVAILABLE	Table S13B; no target-gene edge matrix in downloaded official workbook
POAG	MG	RREB1_extended_+_+_(27r)	129	0.38855065	NA	NA	NA	NA	OFFICIAL_RSS_ONLY_TARGET_GENE_MATRIX_UNAVAILABLE	Table S13B; no target-gene edge matrix in downloaded official workbook
RE	MG	RREB1_extended_+_+_(27r)	129	0.38855065	NA	NA	NA	NA	OFFICIAL_RSS_ONLY_TARGET_GENE_MATRIX_UNAVAILABLE	Table S13B; no target-gene edge matrix in downloaded official workbook
AMD	MG	ZNF331_extended_+_+_(166r)	130	0.38742956	NA	NA	NA	NA	OFFICIAL_RSS_ONLY_TARGET_GENE_MATRIX_UNAVAILABLE	Table S13B; no target-gene edge matrix in downloaded official workbook
POAG	MG	ZNF331_extended_+_+_(166r)	130	0.38742956	NA	NA	NA	NA	OFFICIAL_RSS_ONLY_TARGET_GENE_MATRIX_UNAVAILABLE	Table S13B; no target-gene edge matrix in downloaded official workbook
RE	MG	ZNF331_extended_+_+_(166r)	130	0.38742956	NA	NA	NA	NA	OFFICIAL_RSS_ONLY_TARGET_GENE_MATRIX_UNAVAILABLE	Table S13B; no target-gene edge matrix in downloaded official workbook
AMD	MG	ZNF331_+_+_(166r)	131	0.38742956	NA	NA	NA	NA	OFFICIAL_RSS_ONLY_TARGET_GENE_MATRIX_UNAVAILABLE	Table S13B; no target-gene edge matrix in downloaded official workbook
POAG	MG	ZNF331_+_+_(166r)	131	0.38742956	NA	NA	NA	NA	OFFICIAL_RSS_ONLY_TARGET_GENE_MATRIX_UNAVAILABLE	Table S13B; no target-gene edge matrix in downloaded official workbook
RE	MG	ZNF331_+_+_(166r)	131	0.38742956	NA	NA	NA	NA	OFFICIAL_RSS_ONLY_TARGET_GENE_MATRIX_UNAVAILABLE	Table S13B; no target-gene edge matrix in downloaded official workbook
AMD	MG	ZNF595_extended_+_-_(26r)	132	0.38713465	NA	NA	NA	NA	OFFICIAL_RSS_ONLY_TARGET_GENE_MATRIX_UNAVAILABLE	Table S13B; no target-gene edge matrix in downloaded official workbook
POAG	MG	ZNF595_extended_+_-_(26r)	132	0.38713465	NA	NA	NA	NA	OFFICIAL_RSS_ONLY_TARGET_GENE_MATRIX_UNAVAILABLE	Table S13B; no target-gene edge matrix in downloaded official workbook
RE	MG	ZNF595_extended_+_-_(26r)	132	0.38713465	NA	NA	NA	NA	OFFICIAL_RSS_ONLY_TARGET_GENE_MATRIX_UNAVAILABLE	Table S13B; no target-gene edge matrix in downloaded official workbook
AMD	MG	FOXN3_extended_+_+_(38r)	133	0.38618307	NA	NA	NA	NA	OFFICIAL_RSS_ONLY_TARGET_GENE_MATRIX_UNAVAILABLE	Table S13B; no target-gene edge matrix in downloaded official workbook
POAG	MG	FOXN3_extended_+_+_(38r)	133	0.38618307	NA	NA	NA	NA	OFFICIAL_RSS_ONLY_TARGET_GENE_MATRIX_UNAVAILABLE	Table S13B; no target-gene edge matrix in downloaded official workbook
RE	MG	FOXN3_extended_+_+_(38r)	133	0.38618307	NA	NA	NA	NA	OFFICIAL_RSS_ONLY_TARGET_GENE_MATRIX_UNAVAILABLE	Table S13B; no target-gene edge matrix in downloaded official workbook
AMD	MG	FOXN3_+_+_(38r)	134	0.38618307	NA	NA	NA	NA	OFFICIAL_RSS_ONLY_TARGET_GENE_MATRIX_UNAVAILABLE	Table S13B; no target-gene edge matrix in downloaded official workbook
POAG	MG	FOXN3_+_+_(38r)	134	0.38618307	NA	NA	NA	NA	OFFICIAL_RSS_ONLY_TARGET_GENE_MATRIX_UNAVAILABLE	Table S13B; no target-gene edge matrix in downloaded official workbook
RE	MG	FOXN3_+_+_(38r)	134	0.38618307	NA	NA	NA	NA	OFFICIAL_RSS_ONLY_TARGET_GENE_MATRIX_UNAVAILABLE	Table S13B; no target-gene edge matrix in downloaded official workbook
AMD	MG	ZNF580_extended_+_-_(70r)	135	0.38545627	NA	NA	NA	NA	OFFICIAL_RSS_ONLY_TARGET_GENE_MATRIX_UNAVAILABLE	Table S13B; no target-gene edge matrix in downloaded official workbook
POAG	MG	ZNF580_extended_+_-_(70r)	135	0.38545627	NA	NA	NA	NA	OFFICIAL_RSS_ONLY_TARGET_GENE_MATRIX_UNAVAILABLE	Table S13B; no target-gene edge matrix in downloaded official workbook
RE	MG	ZNF580_extended_+_-_(70r)	135	0.38545627	NA	NA	NA	NA	OFFICIAL_RSS_ONLY_TARGET_GENE_MATRIX_UNAVAILABLE	Table S13B; no target-gene edge matrix in downloaded official workbook
AMD	MG	ZNF580_+_-_(70r)	136	0.38545627	NA	NA	NA	NA	OFFICIAL_RSS_ONLY_TARGET_GENE_MATRIX_UNAVAILABLE	Table S13B; no target-gene edge matrix in downloaded official workbook
POAG	MG	ZNF580_+_-_(70r)	136	0.38545627	NA	NA	NA	NA	OFFICIAL_RSS_ONLY_TARGET_GENE_MATRIX_UNAVAILABLE	Table S13B; no target-gene edge matrix in downloaded official workbook
RE	MG	ZNF580_+_-_(70r)	136	0.38545627	NA	NA	NA	NA	OFFICIAL_RSS_ONLY_TARGET_GENE_MATRIX_UNAVAILABLE	Table S13B; no target-gene edge matrix in downloaded official workbook
AMD	MG	ZNF576_extended_+_-_(42r)	137	0.38229643	NA	NA	NA	NA	OFFICIAL_RSS_ONLY_TARGET_GENE_MATRIX_UNAVAILABLE	Table S13B; no target-gene edge matrix in downloaded official workbook
POAG	MG	ZNF576_extended_+_-_(42r)	137	0.38229643	NA	NA	NA	NA	OFFICIAL_RSS_ONLY_TARGET_GENE_MATRIX_UNAVAILABLE	Table S13B; no target-gene edge matrix in downloaded official workbook
RE	MG	ZNF576_extended_+_-_(42r)	137	0.38229643	NA	NA	NA	NA	OFFICIAL_RSS_ONLY_TARGET_GENE_MATRIX_UNAVAILABLE	Table S13B; no target-gene edge matrix in downloaded official workbook
AMD	MG	CUX1_extended_+_-_(647r)	138	0.38188485	NA	NA	NA	NA	OFFICIAL_RSS_ONLY_TARGET_GENE_MATRIX_UNAVAILABLE	Table S13B; no target-gene edge matrix in downloaded official workbook
POAG	MG	CUX1_extended_+_-_(647r)	138	0.38188485	NA	NA	NA	NA	OFFICIAL_RSS_ONLY_TARGET_GENE_MATRIX_UNAVAILABLE	Table S13B; no target-gene edge matrix in downloaded official workbook
RE	MG	CUX1_extended_+_-_(647r)	138	0.38188485	NA	NA	NA	NA	OFFICIAL_RSS_ONLY_TARGET_GENE_MATRIX_UNAVAILABLE	Table S13B; no target-gene edge matrix in downloaded official workbook
AMD	MG	CUX1_+_-_(636r)	139	0.38178617	NA	NA	NA	NA	OFFICIAL_RSS_ONLY_TARGET_GENE_MATRIX_UNAVAILABLE	Table S13B; no target-gene edge matrix in downloaded official workbook
POAG	MG	CUX1_+_-_(636r)	139	0.38178617	NA	NA	NA	NA	OFFICIAL_RSS_ONLY_TARGET_GENE_MATRIX_UNAVAILABLE	Table S13B; no target-gene edge matrix in downloaded official workbook
RE	MG	CUX1_+_-_(636r)	139	0.38178617	NA	NA	NA	NA	OFFICIAL_RSS_ONLY_TARGET_GENE_MATRIX_UNAVAILABLE	Table S13B; no target-gene edge matrix in downloaded official workbook
AMD	MG	ZNF280D_+_-_(160r)	140	0.38114629	NA	NA	NA	NA	OFFICIAL_RSS_ONLY_TARGET_GENE_MATRIX_UNAVAILABLE	Table S13B; no target-gene edge matrix in downloaded official workbook
POAG	MG	ZNF280D_+_-_(160r)	140	0.38114629	NA	NA	NA	NA	OFFICIAL_RSS_ONLY_TARGET_GENE_MATRIX_UNAVAILABLE	Table S13B; no target-gene edge matrix in downloaded official workbook
RE	MG	ZNF280D_+_-_(160r)	140	0.38114629	NA	NA	NA	NA	OFFICIAL_RSS_ONLY_TARGET_GENE_MATRIX_UNAVAILABLE	Table S13B; no target-gene edge matrix in downloaded official workbook
AMD	MG	ZNF280D_extended_+_-_(160r)	141	0.38114629	NA	NA	NA	NA	OFFICIAL_RSS_ONLY_TARGET_GENE_MATRIX_UNAVAILABLE	Table S13B; no target-gene edge matrix in downloaded official workbook
POAG	MG	ZNF280D_extended_+_-_(160r)	141	0.38114629	NA	NA	NA	NA	OFFICIAL_RSS_ONLY_TARGET_GENE_MATRIX_UNAVAILABLE	Table S13B; no target-gene edge matrix in downloaded official workbook
RE	MG	ZNF280D_extended_+_-_(160r)	141	0.38114629	NA	NA	NA	NA	OFFICIAL_RSS_ONLY_TARGET_GENE_MATRIX_UNAVAILABLE	Table S13B; no target-gene edge matrix in downloaded official workbook
AMD	MG	TEAD3_+_-_(30r)	142	0.38105401	NA	NA	NA	NA	OFFICIAL_RSS_ONLY_TARGET_GENE_MATRIX_UNAVAILABLE	Table S13B; no target-gene edge matrix in downloaded official workbook
POAG	MG	TEAD3_+_-_(30r)	142	0.38105401	NA	NA	NA	NA	OFFICIAL_RSS_ONLY_TARGET_GENE_MATRIX_UNAVAILABLE	Table S13B; no target-gene edge matrix in downloaded official workbook
RE	MG	TEAD3_+_-_(30r)	142	0.38105401	NA	NA	NA	NA	OFFICIAL_RSS_ONLY_TARGET_GENE_MATRIX_UNAVAILABLE	Table S13B; no target-gene edge matrix in downloaded official workbook
AMD	MG	ONECUT2_extended_-_-_(32r)	143	0.38035766	NA	NA	NA	NA	OFFICIAL_RSS_ONLY_TARGET_GENE_MATRIX_UNAVAILABLE	Table S13B; no target-gene edge matrix in downloaded official workbook
POAG	MG	ONECUT2_extended_-_-_(32r)	143	0.38035766	NA	NA	NA	NA	OFFICIAL_RSS_ONLY_TARGET_GENE_MATRIX_UNAVAILABLE	Table S13B; no target-gene edge matrix in downloaded official workbook
RE	MG	ONECUT2_extended_-_-_(32r)	143	0.38035766	NA	NA	NA	NA	OFFICIAL_RSS_ONLY_TARGET_GENE_MATRIX_UNAVAILABLE	Table S13B; no target-gene edge matrix in downloaded official workbook
AMD	MG	ONECUT2_-_-_(32r)	144	0.38035766	NA	NA	NA	NA	OFFICIAL_RSS_ONLY_TARGET_GENE_MATRIX_UNAVAILABLE	Table S13B; no target-gene edge matrix in downloaded official workbook
POAG	MG	ONECUT2_-_-_(32r)	144	0.38035766	NA	NA	NA	NA	OFFICIAL_RSS_ONLY_TARGET_GENE_MATRIX_UNAVAILABLE	Table S13B; no target-gene edge matrix in downloaded official workbook
RE	MG	ONECUT2_-_-_(32r)	144	0.38035766	NA	NA	NA	NA	OFFICIAL_RSS_ONLY_TARGET_GENE_MATRIX_UNAVAILABLE	Table S13B; no target-gene edge matrix in downloaded official workbook
AMD	MG	ARID3A_-_-_(12r)	145	0.38025186	NA	NA	NA	NA	OFFICIAL_RSS_ONLY_TARGET_GENE_MATRIX_UNAVAILABLE	Table S13B; no target-gene edge matrix in downloaded official workbook
POAG	MG	ARID3A_-_-_(12r)	145	0.38025186	NA	NA	NA	NA	OFFICIAL_RSS_ONLY_TARGET_GENE_MATRIX_UNAVAILABLE	Table S13B; no target-gene edge matrix in downloaded official workbook
RE	MG	ARID3A_-_-_(12r)	145	0.38025186	NA	NA	NA	NA	OFFICIAL_RSS_ONLY_TARGET_GENE_MATRIX_UNAVAILABLE	Table S13B; no target-gene edge matrix in downloaded official workbook
AMD	MG	ZNF675_extended_+_-_(24r)	146	0.38020788	NA	NA	NA	NA	OFFICIAL_RSS_ONLY_TARGET_GENE_MATRIX_UNAVAILABLE	Table S13B; no target-gene edge matrix in downloaded official workbook
POAG	MG	ZNF675_extended_+_-_(24r)	146	0.38020788	NA	NA	NA	NA	OFFICIAL_RSS_ONLY_TARGET_GENE_MATRIX_UNAVAILABLE	Table S13B; no target-gene edge matrix in downloaded official workbook
RE	MG	ZNF675_extended_+_-_(24r)	146	0.38020788	NA	NA	NA	NA	OFFICIAL_RSS_ONLY_TARGET_GENE_MATRIX_UNAVAILABLE	Table S13B; no target-gene edge matrix in downloaded official workbook
AMD	MG	STAT3_+_+_(255r)	147	0.38002501	NA	NA	NA	NA	OFFICIAL_RSS_ONLY_TARGET_GENE_MATRIX_UNAVAILABLE	Table S13B; no target-gene edge matrix in downloaded official workbook
POAG	MG	STAT3_+_+_(255r)	147	0.38002501	NA	NA	NA	NA	OFFICIAL_RSS_ONLY_TARGET_GENE_MATRIX_UNAVAILABLE	Table S13B; no target-gene edge matrix in downloaded official workbook
RE	MG	STAT3_+_+_(255r)	147	0.38002501	NA	NA	NA	NA	OFFICIAL_RSS_ONLY_TARGET_GENE_MATRIX_UNAVAILABLE	Table S13B; no target-gene edge matrix in downloaded official workbook
AMD	MG	TFDP2_+_-_(279r)	148	0.37984068	NA	NA	NA	NA	OFFICIAL_RSS_ONLY_TARGET_GENE_MATRIX_UNAVAILABLE	Table S13B; no target-gene edge matrix in downloaded official workbook
POAG	MG	TFDP2_+_-_(279r)	148	0.37984068	NA	NA	NA	NA	OFFICIAL_RSS_ONLY_TARGET_GENE_MATRIX_UNAVAILABLE	Table S13B; no target-gene edge matrix in downloaded official workbook
RE	MG	TFDP2_+_-_(279r)	148	0.37984068	NA	NA	NA	NA	OFFICIAL_RSS_ONLY_TARGET_GENE_MATRIX_UNAVAILABLE	Table S13B; no target-gene edge matrix in downloaded official workbook
AMD	MG	TFDP2_extended_+_-_(279r)	149	0.37984068	NA	NA	NA	NA	OFFICIAL_RSS_ONLY_TARGET_GENE_MATRIX_UNAVAILABLE	Table S13B; no target-gene edge matrix in downloaded official workbook
POAG	MG	TFDP2_extended_+_-_(279r)	149	0.37984068	NA	NA	NA	NA	OFFICIAL_RSS_ONLY_TARGET_GENE_MATRIX_UNAVAILABLE	Table S13B; no target-gene edge matrix in downloaded official workbook
RE	MG	TFDP2_extended_+_-_(279r)	149	0.37984068	NA	NA	NA	NA	OFFICIAL_RSS_ONLY_TARGET_GENE_MATRIX_UNAVAILABLE	Table S13B; no target-gene edge matrix in downloaded official workbook
AMD	MG	TEAD3_extended_+_-_(48r)	150	0.37755432	NA	NA	NA	NA	OFFICIAL_RSS_ONLY_TARGET_GENE_MATRIX_UNAVAILABLE	Table S13B; no target-gene edge matrix in downloaded official workbook
POAG	MG	TEAD3_extended_+_-_(48r)	150	0.37755432	NA	NA	NA	NA	OFFICIAL_RSS_ONLY_TARGET_GENE_MATRIX_UNAVAILABLE	Table S13B; no target-gene edge matrix in downloaded official workbook
RE	MG	TEAD3_extended_+_-_(48r)	150	0.37755432	NA	NA	NA	NA	OFFICIAL_RSS_ONLY_TARGET_GENE_MATRIX_UNAVAILABLE	Table S13B; no target-gene edge matrix in downloaded official workbook
AMD	MG	PLAGL2_extended_-_+_(20r)	151	0.37675334	NA	NA	NA	NA	OFFICIAL_RSS_ONLY_TARGET_GENE_MATRIX_UNAVAILABLE	Table S13B; no target-gene edge matrix in downloaded official workbook
POAG	MG	PLAGL2_extended_-_+_(20r)	151	0.37675334	NA	NA	NA	NA	OFFICIAL_RSS_ONLY_TARGET_GENE_MATRIX_UNAVAILABLE	Table S13B; no target-gene edge matrix in downloaded official workbook
RE	MG	PLAGL2_extended_-_+_(20r)	151	0.37675334	NA	NA	NA	NA	OFFICIAL_RSS_ONLY_TARGET_GENE_MATRIX_UNAVAILABLE	Table S13B; no target-gene edge matrix in downloaded official workbook
AMD	MG	OTX2_+_-_(160r)	152	0.37590206	NA	NA	NA	NA	OFFICIAL_RSS_ONLY_TARGET_GENE_MATRIX_UNAVAILABLE	Table S13B; no target-gene edge matrix in downloaded official workbook
POAG	MG	OTX2_+_-_(160r)	152	0.37590206	NA	NA	NA	NA	OFFICIAL_RSS_ONLY_TARGET_GENE_MATRIX_UNAVAILABLE	Table S13B; no target-gene edge matrix in downloaded official workbook
RE	MG	OTX2_+_-_(160r)	152	0.37590206	NA	NA	NA	NA	OFFICIAL_RSS_ONLY_TARGET_GENE_MATRIX_UNAVAILABLE	Table S13B; no target-gene edge matrix in downloaded official workbook
AMD	MG	OTX2_extended_+_-_(160r)	153	0.37590206	NA	NA	NA	NA	OFFICIAL_RSS_ONLY_TARGET_GENE_MATRIX_UNAVAILABLE	Table S13B; no target-gene edge matrix in downloaded official workbook
POAG	MG	OTX2_extended_+_-_(160r)	153	0.37590206	NA	NA	NA	NA	OFFICIAL_RSS_ONLY_TARGET_GENE_MATRIX_UNAVAILABLE	Table S13B; no target-gene edge matrix in downloaded official workbook
RE	MG	OTX2_extended_+_-_(160r)	153	0.37590206	NA	NA	NA	NA	OFFICIAL_RSS_ONLY_TARGET_GENE_MATRIX_UNAVAILABLE	Table S13B; no target-gene edge matrix in downloaded official workbook
AMD	MG	FOS_-_-_(1174r)	154	0.37455605	NA	NA	NA	NA	OFFICIAL_RSS_ONLY_TARGET_GENE_MATRIX_UNAVAILABLE	Table S13B; no target-gene edge matrix in downloaded official workbook
POAG	MG	FOS_-_-_(1174r)	154	0.37455605	NA	NA	NA	NA	OFFICIAL_RSS_ONLY_TARGET_GENE_MATRIX_UNAVAILABLE	Table S13B; no target-gene edge matrix in downloaded official workbook
RE	MG	FOS_-_-_(1174r)	154	0.37455605	NA	NA	NA	NA	OFFICIAL_RSS_ONLY_TARGET_GENE_MATRIX_UNAVAILABLE	Table S13B; no target-gene edge matrix in downloaded official workbook
AMD	MG	FOS_extended_-_-_(1191r)	155	0.37419422	NA	NA	NA	NA	OFFICIAL_RSS_ONLY_TARGET_GENE_MATRIX_UNAVAILABLE	Table S13B; no target-gene edge matrix in downloaded official workbook
POAG	MG	FOS_extended_-_-_(1191r)	155	0.37419422	NA	NA	NA	NA	OFFICIAL_RSS_ONLY_TARGET_GENE_MATRIX_UNAVAILABLE	Table S13B; no target-gene edge matrix in downloaded official workbook
RE	MG	FOS_extended_-_-_(1191r)	155	0.37419422	NA	NA	NA	NA	OFFICIAL_RSS_ONLY_TARGET_GENE_MATRIX_UNAVAILABLE	Table S13B; no target-gene edge matrix in downloaded official workbook
AMD	MG	STAT3_extended_+_+_(266r)	156	0.37384239	NA	NA	NA	NA	OFFICIAL_RSS_ONLY_TARGET_GENE_MATRIX_UNAVAILABLE	Table S13B; no target-gene edge matrix in downloaded official workbook
POAG	MG	STAT3_extended_+_+_(266r)	156	0.37384239	NA	NA	NA	NA	OFFICIAL_RSS_ONLY_TARGET_GENE_MATRIX_UNAVAILABLE	Table S13B; no target-gene edge matrix in downloaded official workbook
RE	MG	STAT3_extended_+_+_(266r)	156	0.37384239	NA	NA	NA	NA	OFFICIAL_RSS_ONLY_TARGET_GENE_MATRIX_UNAVAILABLE	Table S13B; no target-gene edge matrix in downloaded official workbook
AMD	MG	DDIT3_extended_+_+_(13r)	157	0.37343533	NA	NA	NA	NA	OFFICIAL_RSS_ONLY_TARGET_GENE_MATRIX_UNAVAILABLE	Table S13B; no target-gene edge matrix in downloaded official workbook
POAG	MG	DDIT3_extended_+_+_(13r)	157	0.37343533	NA	NA	NA	NA	OFFICIAL_RSS_ONLY_TARGET_GENE_MATRIX_UNAVAILABLE	Table S13B; no target-gene edge matrix in downloaded official workbook
RE	MG	DDIT3_extended_+_+_(13r)	157	0.37343533	NA	NA	NA	NA	OFFICIAL_RSS_ONLY_TARGET_GENE_MATRIX_UNAVAILABLE	Table S13B; no target-gene edge matrix in downloaded official workbook
AMD	MG	DDIT3_+_+_(13r)	158	0.37343533	NA	NA	NA	NA	OFFICIAL_RSS_ONLY_TARGET_GENE_MATRIX_UNAVAILABLE	Table S13B; no target-gene edge matrix in downloaded official workbook
POAG	MG	DDIT3_+_+_(13r)	158	0.37343533	NA	NA	NA	NA	OFFICIAL_RSS_ONLY_TARGET_GENE_MATRIX_UNAVAILABLE	Table S13B; no target-gene edge matrix in downloaded official workbook
RE	MG	DDIT3_+_+_(13r)	158	0.37343533	NA	NA	NA	NA	OFFICIAL_RSS_ONLY_TARGET_GENE_MATRIX_UNAVAILABLE	Table S13B; no target-gene edge matrix in downloaded official workbook
AMD	MG	ZNF576_+_-_(39r)	159	0.37324803	NA	NA	NA	NA	OFFICIAL_RSS_ONLY_TARGET_GENE_MATRIX_UNAVAILABLE	Table S13B; no target-gene edge matrix in downloaded official workbook
POAG	MG	ZNF576_+_-_(39r)	159	0.37324803	NA	NA	NA	NA	OFFICIAL_RSS_ONLY_TARGET_GENE_MATRIX_UNAVAILABLE	Table S13B; no target-gene edge matrix in downloaded official workbook
RE	MG	ZNF576_+_-_(39r)	159	0.37324803	NA	NA	NA	NA	OFFICIAL_RSS_ONLY_TARGET_GENE_MATRIX_UNAVAILABLE	Table S13B; no target-gene edge matrix in downloaded official workbook
AMD	MG	CREB5_+_+_(162r)	160	0.37310846	NA	NA	NA	NA	OFFICIAL_RSS_ONLY_TARGET_GENE_MATRIX_UNAVAILABLE	Table S13B; no target-gene edge matrix in downloaded official workbook
POAG	MG	CREB5_+_+_(162r)	160	0.37310846	NA	NA	NA	NA	OFFICIAL_RSS_ONLY_TARGET_GENE_MATRIX_UNAVAILABLE	Table S13B; no target-gene edge matrix in downloaded official workbook
RE	MG	CREB5_+_+_(162r)	160	0.37310846	NA	NA	NA	NA	OFFICIAL_RSS_ONLY_TARGET_GENE_MATRIX_UNAVAILABLE	Table S13B; no target-gene edge matrix in downloaded official workbook
AMD	MG	CREB5_extended_+_+_(162r)	161	0.37310846	NA	NA	NA	NA	OFFICIAL_RSS_ONLY_TARGET_GENE_MATRIX_UNAVAILABLE	Table S13B; no target-gene edge matrix in downloaded official workbook
POAG	MG	CREB5_extended_+_+_(162r)	161	0.37310846	NA	NA	NA	NA	OFFICIAL_RSS_ONLY_TARGET_GENE_MATRIX_UNAVAILABLE	Table S13B; no target-gene edge matrix in downloaded official workbook
RE	MG	CREB5_extended_+_+_(162r)	161	0.37310846	NA	NA	NA	NA	OFFICIAL_RSS_ONLY_TARGET_GENE_MATRIX_UNAVAILABLE	Table S13B; no target-gene edge matrix in downloaded official workbook
AMD	MG	CEBPD_-_-_(103r)	162	0.37267451	NA	NA	NA	NA	OFFICIAL_RSS_ONLY_TARGET_GENE_MATRIX_UNAVAILABLE	Table S13B; no target-gene edge matrix in downloaded official workbook
POAG	MG	CEBPD_-_-_(103r)	162	0.37267451	NA	NA	NA	NA	OFFICIAL_RSS_ONLY_TARGET_GENE_MATRIX_UNAVAILABLE	Table S13B; no target-gene edge matrix in downloaded official workbook
RE	MG	CEBPD_-_-_(103r)	162	0.37267451	NA	NA	NA	NA	OFFICIAL_RSS_ONLY_TARGET_GENE_MATRIX_UNAVAILABLE	Table S13B; no target-gene edge matrix in downloaded official workbook
AMD	MG	CEBPD_extended_-_-_(103r)	163	0.37267451	NA	NA	NA	NA	OFFICIAL_RSS_ONLY_TARGET_GENE_MATRIX_UNAVAILABLE	Table S13B; no target-gene edge matrix in downloaded official workbook
POAG	MG	CEBPD_extended_-_-_(103r)	163	0.37267451	NA	NA	NA	NA	OFFICIAL_RSS_ONLY_TARGET_GENE_MATRIX_UNAVAILABLE	Table S13B; no target-gene edge matrix in downloaded official workbook
RE	MG	CEBPD_extended_-_-_(103r)	163	0.37267451	NA	NA	NA	NA	OFFICIAL_RSS_ONLY_TARGET_GENE_MATRIX_UNAVAILABLE	Table S13B; no target-gene edge matrix in downloaded official workbook
AMD	MG	KLF9_extended_+_+_(450r)	164	0.37109818	NA	NA	NA	NA	OFFICIAL_RSS_ONLY_TARGET_GENE_MATRIX_UNAVAILABLE	Table S13B; no target-gene edge matrix in downloaded official workbook
POAG	MG	KLF9_extended_+_+_(450r)	164	0.37109818	NA	NA	NA	NA	OFFICIAL_RSS_ONLY_TARGET_GENE_MATRIX_UNAVAILABLE	Table S13B; no target-gene edge matrix in downloaded official workbook
RE	MG	KLF9_extended_+_+_(450r)	164	0.37109818	NA	NA	NA	NA	OFFICIAL_RSS_ONLY_TARGET_GENE_MATRIX_UNAVAILABLE	Table S13B; no target-gene edge matrix in downloaded official workbook
AMD	MG	LHX1_extended_-_+_(40r)	165	0.37054028	NA	NA	NA	NA	OFFICIAL_RSS_ONLY_TARGET_GENE_MATRIX_UNAVAILABLE	Table S13B; no target-gene edge matrix in downloaded official workbook
POAG	MG	LHX1_extended_-_+_(40r)	165	0.37054028	NA	NA	NA	NA	OFFICIAL_RSS_ONLY_TARGET_GENE_MATRIX_UNAVAILABLE	Table S13B; no target-gene edge matrix in downloaded official workbook
RE	MG	LHX1_extended_-_+_(40r)	165	0.37054028	NA	NA	NA	NA	OFFICIAL_RSS_ONLY_TARGET_GENE_MATRIX_UNAVAILABLE	Table S13B; no target-gene edge matrix in downloaded official workbook
AMD	MG	JUN_extended_+_+_(1059r)	166	0.36955443	NA	NA	NA	NA	OFFICIAL_RSS_ONLY_TARGET_GENE_MATRIX_UNAVAILABLE	Table S13B; no target-gene edge matrix in downloaded official workbook
POAG	MG	JUN_extended_+_+_(1059r)	166	0.36955443	NA	NA	NA	NA	OFFICIAL_RSS_ONLY_TARGET_GENE_MATRIX_UNAVAILABLE	Table S13B; no target-gene edge matrix in downloaded official workbook
RE	MG	JUN_extended_+_+_(1059r)	166	0.36955443	NA	NA	NA	NA	OFFICIAL_RSS_ONLY_TARGET_GENE_MATRIX_UNAVAILABLE	Table S13B; no target-gene edge matrix in downloaded official workbook
AMD	MG	JUN_+_+_(1051r)	167	0.36903693	NA	NA	NA	NA	OFFICIAL_RSS_ONLY_TARGET_GENE_MATRIX_UNAVAILABLE	Table S13B; no target-gene edge matrix in downloaded official workbook
POAG	MG	JUN_+_+_(1051r)	167	0.36903693	NA	NA	NA	NA	OFFICIAL_RSS_ONLY_TARGET_GENE_MATRIX_UNAVAILABLE	Table S13B; no target-gene edge matrix in downloaded official workbook
RE	MG	JUN_+_+_(1051r)	167	0.36903693	NA	NA	NA	NA	OFFICIAL_RSS_ONLY_TARGET_GENE_MATRIX_UNAVAILABLE	Table S13B; no target-gene edge matrix in downloaded official workbook
AMD	MG	KLF9_+_+_(447r)	168	0.36855135	NA	NA	NA	NA	OFFICIAL_RSS_ONLY_TARGET_GENE_MATRIX_UNAVAILABLE	Table S13B; no target-gene edge matrix in downloaded official workbook
POAG	MG	KLF9_+_+_(447r)	168	0.36855135	NA	NA	NA	NA	OFFICIAL_RSS_ONLY_TARGET_GENE_MATRIX_UNAVAILABLE	Table S13B; no target-gene edge matrix in downloaded official workbook
RE	MG	KLF9_+_+_(447r)	168	0.36855135	NA	NA	NA	NA	OFFICIAL_RSS_ONLY_TARGET_GENE_MATRIX_UNAVAILABLE	Table S13B; no target-gene edge matrix in downloaded official workbook
AMD	MG	KLF3_+_-_(29r)	169	0.36853728	NA	NA	NA	NA	OFFICIAL_RSS_ONLY_TARGET_GENE_MATRIX_UNAVAILABLE	Table S13B; no target-gene edge matrix in downloaded official workbook
POAG	MG	KLF3_+_-_(29r)	169	0.36853728	NA	NA	NA	NA	OFFICIAL_RSS_ONLY_TARGET_GENE_MATRIX_UNAVAILABLE	Table S13B; no target-gene edge matrix in downloaded official workbook
RE	MG	KLF3_+_-_(29r)	169	0.36853728	NA	NA	NA	NA	OFFICIAL_RSS_ONLY_TARGET_GENE_MATRIX_UNAVAILABLE	Table S13B; no target-gene edge matrix in downloaded official workbook
AMD	MG	KLF12_-_-_(15r)	170	0.36810412	NA	NA	NA	NA	OFFICIAL_RSS_ONLY_TARGET_GENE_MATRIX_UNAVAILABLE	Table S13B; no target-gene edge matrix in downloaded official workbook
POAG	MG	KLF12_-_-_(15r)	170	0.36810412	NA	NA	NA	NA	OFFICIAL_RSS_ONLY_TARGET_GENE_MATRIX_UNAVAILABLE	Table S13B; no target-gene edge matrix in downloaded official workbook
RE	MG	KLF12_-_-_(15r)	170	0.36810412	NA	NA	NA	NA	OFFICIAL_RSS_ONLY_TARGET_GENE_MATRIX_UNAVAILABLE	Table S13B; no target-gene edge matrix in downloaded official workbook
AMD	MG	MEIS2_+_-_(91r)	171	0.36675412	NA	NA	NA	NA	OFFICIAL_RSS_ONLY_TARGET_GENE_MATRIX_UNAVAILABLE	Table S13B; no target-gene edge matrix in downloaded official workbook
POAG	MG	MEIS2_+_-_(91r)	171	0.36675412	NA	NA	NA	NA	OFFICIAL_RSS_ONLY_TARGET_GENE_MATRIX_UNAVAILABLE	Table S13B; no target-gene edge matrix in downloaded official workbook
RE	MG	MEIS2_+_-_(91r)	171	0.36675412	NA	NA	NA	NA	OFFICIAL_RSS_ONLY_TARGET_GENE_MATRIX_UNAVAILABLE	Table S13B; no target-gene edge matrix in downloaded official workbook
AMD	MG	MECP2_+_-_(100r)	172	0.366227	NA	NA	NA	NA	OFFICIAL_RSS_ONLY_TARGET_GENE_MATRIX_UNAVAILABLE	Table S13B; no target-gene edge matrix in downloaded official workbook
POAG	MG	MECP2_+_-_(100r)	172	0.366227	NA	NA	NA	NA	OFFICIAL_RSS_ONLY_TARGET_GENE_MATRIX_UNAVAILABLE	Table S13B; no target-gene edge matrix in downloaded official workbook
RE	MG	MECP2_+_-_(100r)	172	0.366227	NA	NA	NA	NA	OFFICIAL_RSS_ONLY_TARGET_GENE_MATRIX_UNAVAILABLE	Table S13B; no target-gene edge matrix in downloaded official workbook
AMD	MG	MECP2_extended_+_-_(100r)	173	0.366227	NA	NA	NA	NA	OFFICIAL_RSS_ONLY_TARGET_GENE_MATRIX_UNAVAILABLE	Table S13B; no target-gene edge matrix in downloaded official workbook
POAG	MG	MECP2_extended_+_-_(100r)	173	0.366227	NA	NA	NA	NA	OFFICIAL_RSS_ONLY_TARGET_GENE_MATRIX_UNAVAILABLE	Table S13B; no target-gene edge matrix in downloaded official workbook
RE	MG	MECP2_extended_+_-_(100r)	173	0.366227	NA	NA	NA	NA	OFFICIAL_RSS_ONLY_TARGET_GENE_MATRIX_UNAVAILABLE	Table S13B; no target-gene edge matrix in downloaded official workbook
AMD	MG	JUNB_-_-_(718r)	174	0.36615347	NA	NA	NA	NA	OFFICIAL_RSS_ONLY_TARGET_GENE_MATRIX_UNAVAILABLE	Table S13B; no target-gene edge matrix in downloaded official workbook
POAG	MG	JUNB_-_-_(718r)	174	0.36615347	NA	NA	NA	NA	OFFICIAL_RSS_ONLY_TARGET_GENE_MATRIX_UNAVAILABLE	Table S13B; no target-gene edge matrix in downloaded official workbook
RE	MG	JUNB_-_-_(718r)	174	0.36615347	NA	NA	NA	NA	OFFICIAL_RSS_ONLY_TARGET_GENE_MATRIX_UNAVAILABLE	Table S13B; no target-gene edge matrix in downloaded official workbook
AMD	MG	JUNB_extended_-_-_(718r)	175	0.36615347	NA	NA	NA	NA	OFFICIAL_RSS_ONLY_TARGET_GENE_MATRIX_UNAVAILABLE	Table S13B; no target-gene edge matrix in downloaded official workbook
POAG	MG	JUNB_extended_-_-_(718r)	175	0.36615347	NA	NA	NA	NA	OFFICIAL_RSS_ONLY_TARGET_GENE_MATRIX_UNAVAILABLE	Table S13B; no target-gene edge matrix in downloaded official workbook
RE	MG	JUNB_extended_-_-_(718r)	175	0.36615347	NA	NA	NA	NA	OFFICIAL_RSS_ONLY_TARGET_GENE_MATRIX_UNAVAILABLE	Table S13B; no target-gene edge matrix in downloaded official workbook
AMD	MG	VSX2_extended_-_-_(156r)	176	0.36314501	NA	NA	NA	NA	OFFICIAL_RSS_ONLY_TARGET_GENE_MATRIX_UNAVAILABLE	Table S13B; no target-gene edge matrix in downloaded official workbook
POAG	MG	VSX2_extended_-_-_(156r)	176	0.36314501	NA	NA	NA	NA	OFFICIAL_RSS_ONLY_TARGET_GENE_MATRIX_UNAVAILABLE	Table S13B; no target-gene edge matrix in downloaded official workbook
RE	MG	VSX2_extended_-_-_(156r)	176	0.36314501	NA	NA	NA	NA	OFFICIAL_RSS_ONLY_TARGET_GENE_MATRIX_UNAVAILABLE	Table S13B; no target-gene edge matrix in downloaded official workbook
AMD	MG	VSX2_-_-_(156r)	177	0.36314501	NA	NA	NA	NA	OFFICIAL_RSS_ONLY_TARGET_GENE_MATRIX_UNAVAILABLE	Table S13B; no target-gene edge matrix in downloaded official workbook
POAG	MG	VSX2_-_-_(156r)	177	0.36314501	NA	NA	NA	NA	OFFICIAL_RSS_ONLY_TARGET_GENE_MATRIX_UNAVAILABLE	Table S13B; no target-gene edge matrix in downloaded official workbook
RE	MG	VSX2_-_-_(156r)	177	0.36314501	NA	NA	NA	NA	OFFICIAL_RSS_ONLY_TARGET_GENE_MATRIX_UNAVAILABLE	Table S13B; no target-gene edge matrix in downloaded official workbook
AMD	MG	ZNF611_extended_+_-_(13r)	178	0.36203987	NA	NA	NA	NA	OFFICIAL_RSS_ONLY_TARGET_GENE_MATRIX_UNAVAILABLE	Table S13B; no target-gene edge matrix in downloaded official workbook
POAG	MG	ZNF611_extended_+_-_(13r)	178	0.36203987	NA	NA	NA	NA	OFFICIAL_RSS_ONLY_TARGET_GENE_MATRIX_UNAVAILABLE	Table S13B; no target-gene edge matrix in downloaded official workbook
RE	MG	ZNF611_extended_+_-_(13r)	178	0.36203987	NA	NA	NA	NA	OFFICIAL_RSS_ONLY_TARGET_GENE_MATRIX_UNAVAILABLE	Table S13B; no target-gene edge matrix in downloaded official workbook
AMD	MG	ZNF611_+_-_(13r)	179	0.36203987	NA	NA	NA	NA	OFFICIAL_RSS_ONLY_TARGET_GENE_MATRIX_UNAVAILABLE	Table S13B; no target-gene edge matrix in downloaded official workbook
POAG	MG	ZNF611_+_-_(13r)	179	0.36203987	NA	NA	NA	NA	OFFICIAL_RSS_ONLY_TARGET_GENE_MATRIX_UNAVAILABLE	Table S13B; no target-gene edge matrix in downloaded official workbook
RE	MG	ZNF611_+_-_(13r)	179	0.36203987	NA	NA	NA	NA	OFFICIAL_RSS_ONLY_TARGET_GENE_MATRIX_UNAVAILABLE	Table S13B; no target-gene edge matrix in downloaded official workbook
AMD	MG	ZIC1_extended_+_+_(414r)	180	0.36108423	NA	NA	NA	NA	OFFICIAL_RSS_ONLY_TARGET_GENE_MATRIX_UNAVAILABLE	Table S13B; no target-gene edge matrix in downloaded official workbook
POAG	MG	ZIC1_extended_+_+_(414r)	180	0.36108423	NA	NA	NA	NA	OFFICIAL_RSS_ONLY_TARGET_GENE_MATRIX_UNAVAILABLE	Table S13B; no target-gene edge matrix in downloaded official workbook
RE	MG	ZIC1_extended_+_+_(414r)	180	0.36108423	NA	NA	NA	NA	OFFICIAL_RSS_ONLY_TARGET_GENE_MATRIX_UNAVAILABLE	Table S13B; no target-gene edge matrix in downloaded official workbook
AMD	MG	ZBTB5_extended_+_+_(107r)	181	0.35892658	NA	NA	NA	NA	OFFICIAL_RSS_ONLY_TARGET_GENE_MATRIX_UNAVAILABLE	Table S13B; no target-gene edge matrix in downloaded official workbook
POAG	MG	ZBTB5_extended_+_+_(107r)	181	0.35892658	NA	NA	NA	NA	OFFICIAL_RSS_ONLY_TARGET_GENE_MATRIX_UNAVAILABLE	Table S13B; no target-gene edge matrix in downloaded official workbook
RE	MG	ZBTB5_extended_+_+_(107r)	181	0.35892658	NA	NA	NA	NA	OFFICIAL_RSS_ONLY_TARGET_GENE_MATRIX_UNAVAILABLE	Table S13B; no target-gene edge matrix in downloaded official workbook
AMD	MG	RAX_extended_+_+_(985r)	182	0.35869199	NA	NA	NA	NA	OFFICIAL_RSS_ONLY_TARGET_GENE_MATRIX_UNAVAILABLE	Table S13B; no target-gene edge matrix in downloaded official workbook
POAG	MG	RAX_extended_+_+_(985r)	182	0.35869199	NA	NA	NA	NA	OFFICIAL_RSS_ONLY_TARGET_GENE_MATRIX_UNAVAILABLE	Table S13B; no target-gene edge matrix in downloaded official workbook
RE	MG	RAX_extended_+_+_(985r)	182	0.35869199	NA	NA	NA	NA	OFFICIAL_RSS_ONLY_TARGET_GENE_MATRIX_UNAVAILABLE	Table S13B; no target-gene edge matrix in downloaded official workbook
AMD	MG	CLOCK_extended_+_-_(227r)	183	0.3580305	NA	NA	NA	NA	OFFICIAL_RSS_ONLY_TARGET_GENE_MATRIX_UNAVAILABLE	Table S13B; no target-gene edge matrix in downloaded official workbook
POAG	MG	CLOCK_extended_+_-_(227r)	183	0.3580305	NA	NA	NA	NA	OFFICIAL_RSS_ONLY_TARGET_GENE_MATRIX_UNAVAILABLE	Table S13B; no target-gene edge matrix in downloaded official workbook
RE	MG	CLOCK_extended_+_-_(227r)	183	0.3580305	NA	NA	NA	NA	OFFICIAL_RSS_ONLY_TARGET_GENE_MATRIX_UNAVAILABLE	Table S13B; no target-gene edge matrix in downloaded official workbook
AMD	MG	CLOCK_+_-_(227r)	184	0.3580305	NA	NA	NA	NA	OFFICIAL_RSS_ONLY_TARGET_GENE_MATRIX_UNAVAILABLE	Table S13B; no target-gene edge matrix in downloaded official workbook
POAG	MG	CLOCK_+_-_(227r)	184	0.3580305	NA	NA	NA	NA	OFFICIAL_RSS_ONLY_TARGET_GENE_MATRIX_UNAVAILABLE	Table S13B; no target-gene edge matrix in downloaded official workbook
RE	MG	CLOCK_+_-_(227r)	184	0.3580305	NA	NA	NA	NA	OFFICIAL_RSS_ONLY_TARGET_GENE_MATRIX_UNAVAILABLE	Table S13B; no target-gene edge matrix in downloaded official workbook
AMD	MG	RAX_+_+_(960r)	185	0.35790605	NA	NA	NA	NA	OFFICIAL_RSS_ONLY_TARGET_GENE_MATRIX_UNAVAILABLE	Table S13B; no target-gene edge matrix in downloaded official workbook
POAG	MG	RAX_+_+_(960r)	185	0.35790605	NA	NA	NA	NA	OFFICIAL_RSS_ONLY_TARGET_GENE_MATRIX_UNAVAILABLE	Table S13B; no target-gene edge matrix in downloaded official workbook
RE	MG	RAX_+_+_(960r)	185	0.35790605	NA	NA	NA	NA	OFFICIAL_RSS_ONLY_TARGET_GENE_MATRIX_UNAVAILABLE	Table S13B; no target-gene edge matrix in downloaded official workbook
AMD	MG	KLF12_+_-_(1153r)	186	0.35516514	NA	NA	NA	NA	OFFICIAL_RSS_ONLY_TARGET_GENE_MATRIX_UNAVAILABLE	Table S13B; no target-gene edge matrix in downloaded official workbook
POAG	MG	KLF12_+_-_(1153r)	186	0.35516514	NA	NA	NA	NA	OFFICIAL_RSS_ONLY_TARGET_GENE_MATRIX_UNAVAILABLE	Table S13B; no target-gene edge matrix in downloaded official workbook
RE	MG	KLF12_+_-_(1153r)	186	0.35516514	NA	NA	NA	NA	OFFICIAL_RSS_ONLY_TARGET_GENE_MATRIX_UNAVAILABLE	Table S13B; no target-gene edge matrix in downloaded official workbook
AMD	MG	TEAD1_extended_+_+_(240r)	187	0.35484278	NA	NA	NA	NA	OFFICIAL_RSS_ONLY_TARGET_GENE_MATRIX_UNAVAILABLE	Table S13B; no target-gene edge matrix in downloaded official workbook
POAG	MG	TEAD1_extended_+_+_(240r)	187	0.35484278	NA	NA	NA	NA	OFFICIAL_RSS_ONLY_TARGET_GENE_MATRIX_UNAVAILABLE	Table S13B; no target-gene edge matrix in downloaded official workbook
RE	MG	TEAD1_extended_+_+_(240r)	187	0.35484278	NA	NA	NA	NA	OFFICIAL_RSS_ONLY_TARGET_GENE_MATRIX_UNAVAILABLE	Table S13B; no target-gene edge matrix in downloaded official workbook
AMD	MG	TEAD1_+_+_(240r)	188	0.35484278	NA	NA	NA	NA	OFFICIAL_RSS_ONLY_TARGET_GENE_MATRIX_UNAVAILABLE	Table S13B; no target-gene edge matrix in downloaded official workbook
POAG	MG	TEAD1_+_+_(240r)	188	0.35484278	NA	NA	NA	NA	OFFICIAL_RSS_ONLY_TARGET_GENE_MATRIX_UNAVAILABLE	Table S13B; no target-gene edge matrix in downloaded official workbook
RE	MG	TEAD1_+_+_(240r)	188	0.35484278	NA	NA	NA	NA	OFFICIAL_RSS_ONLY_TARGET_GENE_MATRIX_UNAVAILABLE	Table S13B; no target-gene edge matrix in downloaded official workbook
AMD	MG	ZNF331_-_-_(59r)	189	0.35455873	NA	NA	NA	NA	OFFICIAL_RSS_ONLY_TARGET_GENE_MATRIX_UNAVAILABLE	Table S13B; no target-gene edge matrix in downloaded official workbook
POAG	MG	ZNF331_-_-_(59r)	189	0.35455873	NA	NA	NA	NA	OFFICIAL_RSS_ONLY_TARGET_GENE_MATRIX_UNAVAILABLE	Table S13B; no target-gene edge matrix in downloaded official workbook
RE	MG	ZNF331_-_-_(59r)	189	0.35455873	NA	NA	NA	NA	OFFICIAL_RSS_ONLY_TARGET_GENE_MATRIX_UNAVAILABLE	Table S13B; no target-gene edge matrix in downloaded official workbook
AMD	MG	ZNF331_extended_-_-_(59r)	190	0.35455873	NA	NA	NA	NA	OFFICIAL_RSS_ONLY_TARGET_GENE_MATRIX_UNAVAILABLE	Table S13B; no target-gene edge matrix in downloaded official workbook
POAG	MG	ZNF331_extended_-_-_(59r)	190	0.35455873	NA	NA	NA	NA	OFFICIAL_RSS_ONLY_TARGET_GENE_MATRIX_UNAVAILABLE	Table S13B; no target-gene edge matrix in downloaded official workbook
RE	MG	ZNF331_extended_-_-_(59r)	190	0.35455873	NA	NA	NA	NA	OFFICIAL_RSS_ONLY_TARGET_GENE_MATRIX_UNAVAILABLE	Table S13B; no target-gene edge matrix in downloaded official workbook
AMD	MG	ARNT_-_+_(27r)	191	0.35436031	NA	NA	NA	NA	OFFICIAL_RSS_ONLY_TARGET_GENE_MATRIX_UNAVAILABLE	Table S13B; no target-gene edge matrix in downloaded official workbook
POAG	MG	ARNT_-_+_(27r)	191	0.35436031	NA	NA	NA	NA	OFFICIAL_RSS_ONLY_TARGET_GENE_MATRIX_UNAVAILABLE	Table S13B; no target-gene edge matrix in downloaded official workbook
RE	MG	ARNT_-_+_(27r)	191	0.35436031	NA	NA	NA	NA	OFFICIAL_RSS_ONLY_TARGET_GENE_MATRIX_UNAVAILABLE	Table S13B; no target-gene edge matrix in downloaded official workbook
AMD	MG	ARNT_extended_-_+_(27r)	192	0.35436031	NA	NA	NA	NA	OFFICIAL_RSS_ONLY_TARGET_GENE_MATRIX_UNAVAILABLE	Table S13B; no target-gene edge matrix in downloaded official workbook
POAG	MG	ARNT_extended_-_+_(27r)	192	0.35436031	NA	NA	NA	NA	OFFICIAL_RSS_ONLY_TARGET_GENE_MATRIX_UNAVAILABLE	Table S13B; no target-gene edge matrix in downloaded official workbook
RE	MG	ARNT_extended_-_+_(27r)	192	0.35436031	NA	NA	NA	NA	OFFICIAL_RSS_ONLY_TARGET_GENE_MATRIX_UNAVAILABLE	Table S13B; no target-gene edge matrix in downloaded official workbook
AMD	MG	ARID3A_-_+_(19r)	193	0.35255761	NA	NA	NA	NA	OFFICIAL_RSS_ONLY_TARGET_GENE_MATRIX_UNAVAILABLE	Table S13B; no target-gene edge matrix in downloaded official workbook
POAG	MG	ARID3A_-_+_(19r)	193	0.35255761	NA	NA	NA	NA	OFFICIAL_RSS_ONLY_TARGET_GENE_MATRIX_UNAVAILABLE	Table S13B; no target-gene edge matrix in downloaded official workbook
RE	MG	ARID3A_-_+_(19r)	193	0.35255761	NA	NA	NA	NA	OFFICIAL_RSS_ONLY_TARGET_GENE_MATRIX_UNAVAILABLE	Table S13B; no target-gene edge matrix in downloaded official workbook
AMD	MG	CRX_extended_-_+_(271r)	194	0.35248942	NA	NA	NA	NA	OFFICIAL_RSS_ONLY_TARGET_GENE_MATRIX_UNAVAILABLE	Table S13B; no target-gene edge matrix in downloaded official workbook
POAG	MG	CRX_extended_-_+_(271r)	194	0.35248942	NA	NA	NA	NA	OFFICIAL_RSS_ONLY_TARGET_GENE_MATRIX_UNAVAILABLE	Table S13B; no target-gene edge matrix in downloaded official workbook
RE	MG	CRX_extended_-_+_(271r)	194	0.35248942	NA	NA	NA	NA	OFFICIAL_RSS_ONLY_TARGET_GENE_MATRIX_UNAVAILABLE	Table S13B; no target-gene edge matrix in downloaded official workbook
AMD	MG	CRX_-_+_(271r)	195	0.35248942	NA	NA	NA	NA	OFFICIAL_RSS_ONLY_TARGET_GENE_MATRIX_UNAVAILABLE	Table S13B; no target-gene edge matrix in downloaded official workbook
POAG	MG	CRX_-_+_(271r)	195	0.35248942	NA	NA	NA	NA	OFFICIAL_RSS_ONLY_TARGET_GENE_MATRIX_UNAVAILABLE	Table S13B; no target-gene edge matrix in downloaded official workbook
RE	MG	CRX_-_+_(271r)	195	0.35248942	NA	NA	NA	NA	OFFICIAL_RSS_ONLY_TARGET_GENE_MATRIX_UNAVAILABLE	Table S13B; no target-gene edge matrix in downloaded official workbook
AMD	MG	OTX2_-_+_(190r)	196	0.35165374	NA	NA	NA	NA	OFFICIAL_RSS_ONLY_TARGET_GENE_MATRIX_UNAVAILABLE	Table S13B; no target-gene edge matrix in downloaded official workbook
POAG	MG	OTX2_-_+_(190r)	196	0.35165374	NA	NA	NA	NA	OFFICIAL_RSS_ONLY_TARGET_GENE_MATRIX_UNAVAILABLE	Table S13B; no target-gene edge matrix in downloaded official workbook
RE	MG	OTX2_-_+_(190r)	196	0.35165374	NA	NA	NA	NA	OFFICIAL_RSS_ONLY_TARGET_GENE_MATRIX_UNAVAILABLE	Table S13B; no target-gene edge matrix in downloaded official workbook
AMD	MG	OTX2_extended_-_+_(190r)	197	0.35165374	NA	NA	NA	NA	OFFICIAL_RSS_ONLY_TARGET_GENE_MATRIX_UNAVAILABLE	Table S13B; no target-gene edge matrix in downloaded official workbook
POAG	MG	OTX2_extended_-_+_(190r)	197	0.35165374	NA	NA	NA	NA	OFFICIAL_RSS_ONLY_TARGET_GENE_MATRIX_UNAVAILABLE	Table S13B; no target-gene edge matrix in downloaded official workbook
RE	MG	OTX2_extended_-_+_(190r)	197	0.35165374	NA	NA	NA	NA	OFFICIAL_RSS_ONLY_TARGET_GENE_MATRIX_UNAVAILABLE	Table S13B; no target-gene edge matrix in downloaded official workbook
AMD	MG	ZBTB5_+_+_(80r)	198	0.35060453	NA	NA	NA	NA	OFFICIAL_RSS_ONLY_TARGET_GENE_MATRIX_UNAVAILABLE	Table S13B; no target-gene edge matrix in downloaded official workbook
POAG	MG	ZBTB5_+_+_(80r)	198	0.35060453	NA	NA	NA	NA	OFFICIAL_RSS_ONLY_TARGET_GENE_MATRIX_UNAVAILABLE	Table S13B; no target-gene edge matrix in downloaded official workbook
RE	MG	ZBTB5_+_+_(80r)	198	0.35060453	NA	NA	NA	NA	OFFICIAL_RSS_ONLY_TARGET_GENE_MATRIX_UNAVAILABLE	Table S13B; no target-gene edge matrix in downloaded official workbook
AMD	MG	ETV5_+_+_(127r)	199	0.35060365	NA	NA	NA	NA	OFFICIAL_RSS_ONLY_TARGET_GENE_MATRIX_UNAVAILABLE	Table S13B; no target-gene edge matrix in downloaded official workbook
POAG	MG	ETV5_+_+_(127r)	199	0.35060365	NA	NA	NA	NA	OFFICIAL_RSS_ONLY_TARGET_GENE_MATRIX_UNAVAILABLE	Table S13B; no target-gene edge matrix in downloaded official workbook
RE	MG	ETV5_+_+_(127r)	199	0.35060365	NA	NA	NA	NA	OFFICIAL_RSS_ONLY_TARGET_GENE_MATRIX_UNAVAILABLE	Table S13B; no target-gene edge matrix in downloaded official workbook
AMD	MG	ETV5_extended_+_+_(127r)	200	0.35060365	NA	NA	NA	NA	OFFICIAL_RSS_ONLY_TARGET_GENE_MATRIX_UNAVAILABLE	Table S13B; no target-gene edge matrix in downloaded official workbook
POAG	MG	ETV5_extended_+_+_(127r)	200	0.35060365	NA	NA	NA	NA	OFFICIAL_RSS_ONLY_TARGET_GENE_MATRIX_UNAVAILABLE	Table S13B; no target-gene edge matrix in downloaded official workbook
RE	MG	ETV5_extended_+_+_(127r)	200	0.35060365	NA	NA	NA	NA	OFFICIAL_RSS_ONLY_TARGET_GENE_MATRIX_UNAVAILABLE	Table S13B; no target-gene edge matrix in downloaded official workbook
AMD	MG	KLF3_extended_-_+_(37r)	201	0.35031617	NA	NA	NA	NA	OFFICIAL_RSS_ONLY_TARGET_GENE_MATRIX_UNAVAILABLE	Table S13B; no target-gene edge matrix in downloaded official workbook
POAG	MG	KLF3_extended_-_+_(37r)	201	0.35031617	NA	NA	NA	NA	OFFICIAL_RSS_ONLY_TARGET_GENE_MATRIX_UNAVAILABLE	Table S13B; no target-gene edge matrix in downloaded official workbook
RE	MG	KLF3_extended_-_+_(37r)	201	0.35031617	NA	NA	NA	NA	OFFICIAL_RSS_ONLY_TARGET_GENE_MATRIX_UNAVAILABLE	Table S13B; no target-gene edge matrix in downloaded official workbook
AMD	MG	RARB_extended_-_-_(126r)	202	0.35022993	NA	NA	NA	NA	OFFICIAL_RSS_ONLY_TARGET_GENE_MATRIX_UNAVAILABLE	Table S13B; no target-gene edge matrix in downloaded official workbook
POAG	MG	RARB_extended_-_-_(126r)	202	0.35022993	NA	NA	NA	NA	OFFICIAL_RSS_ONLY_TARGET_GENE_MATRIX_UNAVAILABLE	Table S13B; no target-gene edge matrix in downloaded official workbook
RE	MG	RARB_extended_-_-_(126r)	202	0.35022993	NA	NA	NA	NA	OFFICIAL_RSS_ONLY_TARGET_GENE_MATRIX_UNAVAILABLE	Table S13B; no target-gene edge matrix in downloaded official workbook
AMD	MG	RARB_-_-_(126r)	203	0.35022993	NA	NA	NA	NA	OFFICIAL_RSS_ONLY_TARGET_GENE_MATRIX_UNAVAILABLE	Table S13B; no target-gene edge matrix in downloaded official workbook
POAG	MG	RARB_-_-_(126r)	203	0.35022993	NA	NA	NA	NA	OFFICIAL_RSS_ONLY_TARGET_GENE_MATRIX_UNAVAILABLE	Table S13B; no target-gene edge matrix in downloaded official workbook
RE	MG	RARB_-_-_(126r)	203	0.35022993	NA	NA	NA	NA	OFFICIAL_RSS_ONLY_TARGET_GENE_MATRIX_UNAVAILABLE	Table S13B; no target-gene edge matrix in downloaded official workbook
AMD	MG	PAX8_+_+_(144r)	204	0.34940888	NA	NA	NA	NA	OFFICIAL_RSS_ONLY_TARGET_GENE_MATRIX_UNAVAILABLE	Table S13B; no target-gene edge matrix in downloaded official workbook
POAG	MG	PAX8_+_+_(144r)	204	0.34940888	NA	NA	NA	NA	OFFICIAL_RSS_ONLY_TARGET_GENE_MATRIX_UNAVAILABLE	Table S13B; no target-gene edge matrix in downloaded official workbook
RE	MG	PAX8_+_+_(144r)	204	0.34940888	NA	NA	NA	NA	OFFICIAL_RSS_ONLY_TARGET_GENE_MATRIX_UNAVAILABLE	Table S13B; no target-gene edge matrix in downloaded official workbook
AMD	MG	PAX8_extended_+_+_(144r)	205	0.34940888	NA	NA	NA	NA	OFFICIAL_RSS_ONLY_TARGET_GENE_MATRIX_UNAVAILABLE	Table S13B; no target-gene edge matrix in downloaded official workbook
POAG	MG	PAX8_extended_+_+_(144r)	205	0.34940888	NA	NA	NA	NA	OFFICIAL_RSS_ONLY_TARGET_GENE_MATRIX_UNAVAILABLE	Table S13B; no target-gene edge matrix in downloaded official workbook
RE	MG	PAX8_extended_+_+_(144r)	205	0.34940888	NA	NA	NA	NA	OFFICIAL_RSS_ONLY_TARGET_GENE_MATRIX_UNAVAILABLE	Table S13B; no target-gene edge matrix in downloaded official workbook
AMD	MG	MEIS1_+_-_(1061r)	206	0.34920902	NA	NA	NA	NA	OFFICIAL_RSS_ONLY_TARGET_GENE_MATRIX_UNAVAILABLE	Table S13B; no target-gene edge matrix in downloaded official workbook
POAG	MG	MEIS1_+_-_(1061r)	206	0.34920902	NA	NA	NA	NA	OFFICIAL_RSS_ONLY_TARGET_GENE_MATRIX_UNAVAILABLE	Table S13B; no target-gene edge matrix in downloaded official workbook
RE	MG	MEIS1_+_-_(1061r)	206	0.34920902	NA	NA	NA	NA	OFFICIAL_RSS_ONLY_TARGET_GENE_MATRIX_UNAVAILABLE	Table S13B; no target-gene edge matrix in downloaded official workbook
AMD	MG	BACH2_extended_+_-_(1347r)	207	0.3487483	NA	NA	NA	NA	OFFICIAL_RSS_ONLY_TARGET_GENE_MATRIX_UNAVAILABLE	Table S13B; no target-gene edge matrix in downloaded official workbook
POAG	MG	BACH2_extended_+_-_(1347r)	207	0.3487483	NA	NA	NA	NA	OFFICIAL_RSS_ONLY_TARGET_GENE_MATRIX_UNAVAILABLE	Table S13B; no target-gene edge matrix in downloaded official workbook
RE	MG	BACH2_extended_+_-_(1347r)	207	0.3487483	NA	NA	NA	NA	OFFICIAL_RSS_ONLY_TARGET_GENE_MATRIX_UNAVAILABLE	Table S13B; no target-gene edge matrix in downloaded official workbook
AMD	MG	BCL11A_extended_-_-_(47r)	208	0.34865426	NA	NA	NA	NA	OFFICIAL_RSS_ONLY_TARGET_GENE_MATRIX_UNAVAILABLE	Table S13B; no target-gene edge matrix in downloaded official workbook
POAG	MG	BCL11A_extended_-_-_(47r)	208	0.34865426	NA	NA	NA	NA	OFFICIAL_RSS_ONLY_TARGET_GENE_MATRIX_UNAVAILABLE	Table S13B; no target-gene edge matrix in downloaded official workbook
RE	MG	BCL11A_extended_-_-_(47r)	208	0.34865426	NA	NA	NA	NA	OFFICIAL_RSS_ONLY_TARGET_GENE_MATRIX_UNAVAILABLE	Table S13B; no target-gene edge matrix in downloaded official workbook
AMD	MG	BCL11A_-_-_(47r)	209	0.34865426	NA	NA	NA	NA	OFFICIAL_RSS_ONLY_TARGET_GENE_MATRIX_UNAVAILABLE	Table S13B; no target-gene edge matrix in downloaded official workbook
POAG	MG	BCL11A_-_-_(47r)	209	0.34865426	NA	NA	NA	NA	OFFICIAL_RSS_ONLY_TARGET_GENE_MATRIX_UNAVAILABLE	Table S13B; no target-gene edge matrix in downloaded official workbook
RE	MG	BCL11A_-_-_(47r)	209	0.34865426	NA	NA	NA	NA	OFFICIAL_RSS_ONLY_TARGET_GENE_MATRIX_UNAVAILABLE	Table S13B; no target-gene edge matrix in downloaded official workbook
AMD	MG	BACH2_+_-_(1316r)	210	0.34857102	NA	NA	NA	NA	OFFICIAL_RSS_ONLY_TARGET_GENE_MATRIX_UNAVAILABLE	Table S13B; no target-gene edge matrix in downloaded official workbook
POAG	MG	BACH2_+_-_(1316r)	210	0.34857102	NA	NA	NA	NA	OFFICIAL_RSS_ONLY_TARGET_GENE_MATRIX_UNAVAILABLE	Table S13B; no target-gene edge matrix in downloaded official workbook
RE	MG	BACH2_+_-_(1316r)	210	0.34857102	NA	NA	NA	NA	OFFICIAL_RSS_ONLY_TARGET_GENE_MATRIX_UNAVAILABLE	Table S13B; no target-gene edge matrix in downloaded official workbook
AMD	MG	ZIC1_+_+_(396r)	211	0.34629863	NA	NA	NA	NA	OFFICIAL_RSS_ONLY_TARGET_GENE_MATRIX_UNAVAILABLE	Table S13B; no target-gene edge matrix in downloaded official workbook
POAG	MG	ZIC1_+_+_(396r)	211	0.34629863	NA	NA	NA	NA	OFFICIAL_RSS_ONLY_TARGET_GENE_MATRIX_UNAVAILABLE	Table S13B; no target-gene edge matrix in downloaded official workbook
RE	MG	ZIC1_+_+_(396r)	211	0.34629863	NA	NA	NA	NA	OFFICIAL_RSS_ONLY_TARGET_GENE_MATRIX_UNAVAILABLE	Table S13B; no target-gene edge matrix in downloaded official workbook
AMD	MG	KLF12_extended_+_-_(1469r)	212	0.34534456	NA	NA	NA	NA	OFFICIAL_RSS_ONLY_TARGET_GENE_MATRIX_UNAVAILABLE	Table S13B; no target-gene edge matrix in downloaded official workbook
POAG	MG	KLF12_extended_+_-_(1469r)	212	0.34534456	NA	NA	NA	NA	OFFICIAL_RSS_ONLY_TARGET_GENE_MATRIX_UNAVAILABLE	Table S13B; no target-gene edge matrix in downloaded official workbook
RE	MG	KLF12_extended_+_-_(1469r)	212	0.34534456	NA	NA	NA	NA	OFFICIAL_RSS_ONLY_TARGET_GENE_MATRIX_UNAVAILABLE	Table S13B; no target-gene edge matrix in downloaded official workbook
AMD	MG	ARID3A_extended_-_+_(20r)	213	0.34524702	NA	NA	NA	NA	OFFICIAL_RSS_ONLY_TARGET_GENE_MATRIX_UNAVAILABLE	Table S13B; no target-gene edge matrix in downloaded official workbook
POAG	MG	ARID3A_extended_-_+_(20r)	213	0.34524702	NA	NA	NA	NA	OFFICIAL_RSS_ONLY_TARGET_GENE_MATRIX_UNAVAILABLE	Table S13B; no target-gene edge matrix in downloaded official workbook
RE	MG	ARID3A_extended_-_+_(20r)	213	0.34524702	NA	NA	NA	NA	OFFICIAL_RSS_ONLY_TARGET_GENE_MATRIX_UNAVAILABLE	Table S13B; no target-gene edge matrix in downloaded official workbook
AMD	MG	SOX4_+_-_(10r)	214	0.34518518	NA	NA	NA	NA	OFFICIAL_RSS_ONLY_TARGET_GENE_MATRIX_UNAVAILABLE	Table S13B; no target-gene edge matrix in downloaded official workbook
POAG	MG	SOX4_+_-_(10r)	214	0.34518518	NA	NA	NA	NA	OFFICIAL_RSS_ONLY_TARGET_GENE_MATRIX_UNAVAILABLE	Table S13B; no target-gene edge matrix in downloaded official workbook
RE	MG	SOX4_+_-_(10r)	214	0.34518518	NA	NA	NA	NA	OFFICIAL_RSS_ONLY_TARGET_GENE_MATRIX_UNAVAILABLE	Table S13B; no target-gene edge matrix in downloaded official workbook
AMD	MG	ATF5_+_-_(12r)	215	0.34460211	NA	NA	NA	NA	OFFICIAL_RSS_ONLY_TARGET_GENE_MATRIX_UNAVAILABLE	Table S13B; no target-gene edge matrix in downloaded official workbook
POAG	MG	ATF5_+_-_(12r)	215	0.34460211	NA	NA	NA	NA	OFFICIAL_RSS_ONLY_TARGET_GENE_MATRIX_UNAVAILABLE	Table S13B; no target-gene edge matrix in downloaded official workbook
RE	MG	ATF5_+_-_(12r)	215	0.34460211	NA	NA	NA	NA	OFFICIAL_RSS_ONLY_TARGET_GENE_MATRIX_UNAVAILABLE	Table S13B; no target-gene edge matrix in downloaded official workbook
AMD	MG	ATF5_extended_+_-_(12r)	216	0.34460211	NA	NA	NA	NA	OFFICIAL_RSS_ONLY_TARGET_GENE_MATRIX_UNAVAILABLE	Table S13B; no target-gene edge matrix in downloaded official workbook
POAG	MG	ATF5_extended_+_-_(12r)	216	0.34460211	NA	NA	NA	NA	OFFICIAL_RSS_ONLY_TARGET_GENE_MATRIX_UNAVAILABLE	Table S13B; no target-gene edge matrix in downloaded official workbook
RE	MG	ATF5_extended_+_-_(12r)	216	0.34460211	NA	NA	NA	NA	OFFICIAL_RSS_ONLY_TARGET_GENE_MATRIX_UNAVAILABLE	Table S13B; no target-gene edge matrix in downloaded official workbook
AMD	MG	DBP_extended_+_-_(38r)	217	0.34393211	NA	NA	NA	NA	OFFICIAL_RSS_ONLY_TARGET_GENE_MATRIX_UNAVAILABLE	Table S13B; no target-gene edge matrix in downloaded official workbook
POAG	MG	DBP_extended_+_-_(38r)	217	0.34393211	NA	NA	NA	NA	OFFICIAL_RSS_ONLY_TARGET_GENE_MATRIX_UNAVAILABLE	Table S13B; no target-gene edge matrix in downloaded official workbook
RE	MG	DBP_extended_+_-_(38r)	217	0.34393211	NA	NA	NA	NA	OFFICIAL_RSS_ONLY_TARGET_GENE_MATRIX_UNAVAILABLE	Table S13B; no target-gene edge matrix in downloaded official workbook
AMD	MG	DBP_+_-_(38r)	218	0.34393211	NA	NA	NA	NA	OFFICIAL_RSS_ONLY_TARGET_GENE_MATRIX_UNAVAILABLE	Table S13B; no target-gene edge matrix in downloaded official workbook
POAG	MG	DBP_+_-_(38r)	218	0.34393211	NA	NA	NA	NA	OFFICIAL_RSS_ONLY_TARGET_GENE_MATRIX_UNAVAILABLE	Table S13B; no target-gene edge matrix in downloaded official workbook
RE	MG	DBP_+_-_(38r)	218	0.34393211	NA	NA	NA	NA	OFFICIAL_RSS_ONLY_TARGET_GENE_MATRIX_UNAVAILABLE	Table S13B; no target-gene edge matrix in downloaded official workbook
AMD	MG	MEIS1_extended_+_-_(1199r)	219	0.34340637	NA	NA	NA	NA	OFFICIAL_RSS_ONLY_TARGET_GENE_MATRIX_UNAVAILABLE	Table S13B; no target-gene edge matrix in downloaded official workbook
POAG	MG	MEIS1_extended_+_-_(1199r)	219	0.34340637	NA	NA	NA	NA	OFFICIAL_RSS_ONLY_TARGET_GENE_MATRIX_UNAVAILABLE	Table S13B; no target-gene edge matrix in downloaded official workbook
RE	MG	MEIS1_extended_+_-_(1199r)	219	0.34340637	NA	NA	NA	NA	OFFICIAL_RSS_ONLY_TARGET_GENE_MATRIX_UNAVAILABLE	Table S13B; no target-gene edge matrix in downloaded official workbook
AMD	MG	ZNF354C_-_+_(13r)	220	0.34329673	NA	NA	NA	NA	OFFICIAL_RSS_ONLY_TARGET_GENE_MATRIX_UNAVAILABLE	Table S13B; no target-gene edge matrix in downloaded official workbook
POAG	MG	ZNF354C_-_+_(13r)	220	0.34329673	NA	NA	NA	NA	OFFICIAL_RSS_ONLY_TARGET_GENE_MATRIX_UNAVAILABLE	Table S13B; no target-gene edge matrix in downloaded official workbook
RE	MG	ZNF354C_-_+_(13r)	220	0.34329673	NA	NA	NA	NA	OFFICIAL_RSS_ONLY_TARGET_GENE_MATRIX_UNAVAILABLE	Table S13B; no target-gene edge matrix in downloaded official workbook
AMD	MG	ZNF354C_extended_-_+_(13r)	221	0.34329673	NA	NA	NA	NA	OFFICIAL_RSS_ONLY_TARGET_GENE_MATRIX_UNAVAILABLE	Table S13B; no target-gene edge matrix in downloaded official workbook
POAG	MG	ZNF354C_extended_-_+_(13r)	221	0.34329673	NA	NA	NA	NA	OFFICIAL_RSS_ONLY_TARGET_GENE_MATRIX_UNAVAILABLE	Table S13B; no target-gene edge matrix in downloaded official workbook
RE	MG	ZNF354C_extended_-_+_(13r)	221	0.34329673	NA	NA	NA	NA	OFFICIAL_RSS_ONLY_TARGET_GENE_MATRIX_UNAVAILABLE	Table S13B; no target-gene edge matrix in downloaded official workbook
AMD	MG	LHX9_+_+_(390r)	222	0.34319711	NA	NA	NA	NA	OFFICIAL_RSS_ONLY_TARGET_GENE_MATRIX_UNAVAILABLE	Table S13B; no target-gene edge matrix in downloaded official workbook
POAG	MG	LHX9_+_+_(390r)	222	0.34319711	NA	NA	NA	NA	OFFICIAL_RSS_ONLY_TARGET_GENE_MATRIX_UNAVAILABLE	Table S13B; no target-gene edge matrix in downloaded official workbook
RE	MG	LHX9_+_+_(390r)	222	0.34319711	NA	NA	NA	NA	OFFICIAL_RSS_ONLY_TARGET_GENE_MATRIX_UNAVAILABLE	Table S13B; no target-gene edge matrix in downloaded official workbook
AMD	MG	NFYA_+_+_(15r)	223	0.34192827	NA	NA	NA	NA	OFFICIAL_RSS_ONLY_TARGET_GENE_MATRIX_UNAVAILABLE	Table S13B; no target-gene edge matrix in downloaded official workbook
POAG	MG	NFYA_+_+_(15r)	223	0.34192827	NA	NA	NA	NA	OFFICIAL_RSS_ONLY_TARGET_GENE_MATRIX_UNAVAILABLE	Table S13B; no target-gene edge matrix in downloaded official workbook
RE	MG	NFYA_+_+_(15r)	223	0.34192827	NA	NA	NA	NA	OFFICIAL_RSS_ONLY_TARGET_GENE_MATRIX_UNAVAILABLE	Table S13B; no target-gene edge matrix in downloaded official workbook
AMD	MG	NFYA_extended_+_+_(15r)	224	0.34192827	NA	NA	NA	NA	OFFICIAL_RSS_ONLY_TARGET_GENE_MATRIX_UNAVAILABLE	Table S13B; no target-gene edge matrix in downloaded official workbook
POAG	MG	NFYA_extended_+_+_(15r)	224	0.34192827	NA	NA	NA	NA	OFFICIAL_RSS_ONLY_TARGET_GENE_MATRIX_UNAVAILABLE	Table S13B; no target-gene edge matrix in downloaded official workbook
RE	MG	NFYA_extended_+_+_(15r)	224	0.34192827	NA	NA	NA	NA	OFFICIAL_RSS_ONLY_TARGET_GENE_MATRIX_UNAVAILABLE	Table S13B; no target-gene edge matrix in downloaded official workbook
AMD	MG	RFX7_extended_+_-_(72r)	225	0.34159834	NA	NA	NA	NA	OFFICIAL_RSS_ONLY_TARGET_GENE_MATRIX_UNAVAILABLE	Table S13B; no target-gene edge matrix in downloaded official workbook
POAG	MG	RFX7_extended_+_-_(72r)	225	0.34159834	NA	NA	NA	NA	OFFICIAL_RSS_ONLY_TARGET_GENE_MATRIX_UNAVAILABLE	Table S13B; no target-gene edge matrix in downloaded official workbook
RE	MG	RFX7_extended_+_-_(72r)	225	0.34159834	NA	NA	NA	NA	OFFICIAL_RSS_ONLY_TARGET_GENE_MATRIX_UNAVAILABLE	Table S13B; no target-gene edge matrix in downloaded official workbook
AMD	MG	SREBF2_extended_-_-_(94r)	226	0.34072948	NA	NA	NA	NA	OFFICIAL_RSS_ONLY_TARGET_GENE_MATRIX_UNAVAILABLE	Table S13B; no target-gene edge matrix in downloaded official workbook
POAG	MG	SREBF2_extended_-_-_(94r)	226	0.34072948	NA	NA	NA	NA	OFFICIAL_RSS_ONLY_TARGET_GENE_MATRIX_UNAVAILABLE	Table S13B; no target-gene edge matrix in downloaded official workbook
RE	MG	SREBF2_extended_-_-_(94r)	226	0.34072948	NA	NA	NA	NA	OFFICIAL_RSS_ONLY_TARGET_GENE_MATRIX_UNAVAILABLE	Table S13B; no target-gene edge matrix in downloaded official workbook
AMD	MG	LHX9_extended_+_+_(410r)	227	0.34005428	NA	NA	NA	NA	OFFICIAL_RSS_ONLY_TARGET_GENE_MATRIX_UNAVAILABLE	Table S13B; no target-gene edge matrix in downloaded official workbook
POAG	MG	LHX9_extended_+_+_(410r)	227	0.34005428	NA	NA	NA	NA	OFFICIAL_RSS_ONLY_TARGET_GENE_MATRIX_UNAVAILABLE	Table S13B; no target-gene edge matrix in downloaded official workbook
RE	MG	LHX9_extended_+_+_(410r)	227	0.34005428	NA	NA	NA	NA	OFFICIAL_RSS_ONLY_TARGET_GENE_MATRIX_UNAVAILABLE	Table S13B; no target-gene edge matrix in downloaded official workbook
AMD	MG	SREBF2_-_-_(108r)	228	0.33924815	NA	NA	NA	NA	OFFICIAL_RSS_ONLY_TARGET_GENE_MATRIX_UNAVAILABLE	Table S13B; no target-gene edge matrix in downloaded official workbook
POAG	MG	SREBF2_-_-_(108r)	228	0.33924815	NA	NA	NA	NA	OFFICIAL_RSS_ONLY_TARGET_GENE_MATRIX_UNAVAILABLE	Table S13B; no target-gene edge matrix in downloaded official workbook
RE	MG	SREBF2_-_-_(108r)	228	0.33924815	NA	NA	NA	NA	OFFICIAL_RSS_ONLY_TARGET_GENE_MATRIX_UNAVAILABLE	Table S13B; no target-gene edge matrix in downloaded official workbook
AMD	MG	LIN28B_extended_+_-_(403r)	229	0.33781882	NA	NA	NA	NA	OFFICIAL_RSS_ONLY_TARGET_GENE_MATRIX_UNAVAILABLE	Table S13B; no target-gene edge matrix in downloaded official workbook
POAG	MG	LIN28B_extended_+_-_(403r)	229	0.33781882	NA	NA	NA	NA	OFFICIAL_RSS_ONLY_TARGET_GENE_MATRIX_UNAVAILABLE	Table S13B; no target-gene edge matrix in downloaded official workbook
RE	MG	LIN28B_extended_+_-_(403r)	229	0.33781882	NA	NA	NA	NA	OFFICIAL_RSS_ONLY_TARGET_GENE_MATRIX_UNAVAILABLE	Table S13B; no target-gene edge matrix in downloaded official workbook
AMD	MG	LIN28B_+_-_(403r)	230	0.33781882	NA	NA	NA	NA	OFFICIAL_RSS_ONLY_TARGET_GENE_MATRIX_UNAVAILABLE	Table S13B; no target-gene edge matrix in downloaded official workbook
POAG	MG	LIN28B_+_-_(403r)	230	0.33781882	NA	NA	NA	NA	OFFICIAL_RSS_ONLY_TARGET_GENE_MATRIX_UNAVAILABLE	Table S13B; no target-gene edge matrix in downloaded official workbook
RE	MG	LIN28B_+_-_(403r)	230	0.33781882	NA	NA	NA	NA	OFFICIAL_RSS_ONLY_TARGET_GENE_MATRIX_UNAVAILABLE	Table S13B; no target-gene edge matrix in downloaded official workbook
AMD	MG	PURA_extended_+_-_(576r)	231	0.33721794	NA	NA	NA	NA	OFFICIAL_RSS_ONLY_TARGET_GENE_MATRIX_UNAVAILABLE	Table S13B; no target-gene edge matrix in downloaded official workbook
POAG	MG	PURA_extended_+_-_(576r)	231	0.33721794	NA	NA	NA	NA	OFFICIAL_RSS_ONLY_TARGET_GENE_MATRIX_UNAVAILABLE	Table S13B; no target-gene edge matrix in downloaded official workbook
RE	MG	PURA_extended_+_-_(576r)	231	0.33721794	NA	NA	NA	NA	OFFICIAL_RSS_ONLY_TARGET_GENE_MATRIX_UNAVAILABLE	Table S13B; no target-gene edge matrix in downloaded official workbook
AMD	MG	RREB1_extended_-_+_(21r)	232	0.33705383	NA	NA	NA	NA	OFFICIAL_RSS_ONLY_TARGET_GENE_MATRIX_UNAVAILABLE	Table S13B; no target-gene edge matrix in downloaded official workbook
POAG	MG	RREB1_extended_-_+_(21r)	232	0.33705383	NA	NA	NA	NA	OFFICIAL_RSS_ONLY_TARGET_GENE_MATRIX_UNAVAILABLE	Table S13B; no target-gene edge matrix in downloaded official workbook
RE	MG	RREB1_extended_-_+_(21r)	232	0.33705383	NA	NA	NA	NA	OFFICIAL_RSS_ONLY_TARGET_GENE_MATRIX_UNAVAILABLE	Table S13B; no target-gene edge matrix in downloaded official workbook
AMD	MG	RREB1_-_+_(21r)	233	0.33705383	NA	NA	NA	NA	OFFICIAL_RSS_ONLY_TARGET_GENE_MATRIX_UNAVAILABLE	Table S13B; no target-gene edge matrix in downloaded official workbook
POAG	MG	RREB1_-_+_(21r)	233	0.33705383	NA	NA	NA	NA	OFFICIAL_RSS_ONLY_TARGET_GENE_MATRIX_UNAVAILABLE	Table S13B; no target-gene edge matrix in downloaded official workbook
RE	MG	RREB1_-_+_(21r)	233	0.33705383	NA	NA	NA	NA	OFFICIAL_RSS_ONLY_TARGET_GENE_MATRIX_UNAVAILABLE	Table S13B; no target-gene edge matrix in downloaded official workbook
AMD	MG	ZNF467_-_-_(60r)	234	0.33626739	NA	NA	NA	NA	OFFICIAL_RSS_ONLY_TARGET_GENE_MATRIX_UNAVAILABLE	Table S13B; no target-gene edge matrix in downloaded official workbook
POAG	MG	ZNF467_-_-_(60r)	234	0.33626739	NA	NA	NA	NA	OFFICIAL_RSS_ONLY_TARGET_GENE_MATRIX_UNAVAILABLE	Table S13B; no target-gene edge matrix in downloaded official workbook
RE	MG	ZNF467_-_-_(60r)	234	0.33626739	NA	NA	NA	NA	OFFICIAL_RSS_ONLY_TARGET_GENE_MATRIX_UNAVAILABLE	Table S13B; no target-gene edge matrix in downloaded official workbook
AMD	MG	PPARD_+_+_(17r)	235	0.33576578	NA	NA	NA	NA	OFFICIAL_RSS_ONLY_TARGET_GENE_MATRIX_UNAVAILABLE	Table S13B; no target-gene edge matrix in downloaded official workbook
POAG	MG	PPARD_+_+_(17r)	235	0.33576578	NA	NA	NA	NA	OFFICIAL_RSS_ONLY_TARGET_GENE_MATRIX_UNAVAILABLE	Table S13B; no target-gene edge matrix in downloaded official workbook
RE	MG	PPARD_+_+_(17r)	235	0.33576578	NA	NA	NA	NA	OFFICIAL_RSS_ONLY_TARGET_GENE_MATRIX_UNAVAILABLE	Table S13B; no target-gene edge matrix in downloaded official workbook
AMD	MG	PPARD_extended_+_+_(17r)	236	0.33576578	NA	NA	NA	NA	OFFICIAL_RSS_ONLY_TARGET_GENE_MATRIX_UNAVAILABLE	Table S13B; no target-gene edge matrix in downloaded official workbook
POAG	MG	PPARD_extended_+_+_(17r)	236	0.33576578	NA	NA	NA	NA	OFFICIAL_RSS_ONLY_TARGET_GENE_MATRIX_UNAVAILABLE	Table S13B; no target-gene edge matrix in downloaded official workbook
RE	MG	PPARD_extended_+_+_(17r)	236	0.33576578	NA	NA	NA	NA	OFFICIAL_RSS_ONLY_TARGET_GENE_MATRIX_UNAVAILABLE	Table S13B; no target-gene edge matrix in downloaded official workbook
AMD	MG	PAX5_extended_+_+_(532r)	237	0.33531585	NA	NA	NA	NA	OFFICIAL_RSS_ONLY_TARGET_GENE_MATRIX_UNAVAILABLE	Table S13B; no target-gene edge matrix in downloaded official workbook
POAG	MG	PAX5_extended_+_+_(532r)	237	0.33531585	NA	NA	NA	NA	OFFICIAL_RSS_ONLY_TARGET_GENE_MATRIX_UNAVAILABLE	Table S13B; no target-gene edge matrix in downloaded official workbook
RE	MG	PAX5_extended_+_+_(532r)	237	0.33531585	NA	NA	NA	NA	OFFICIAL_RSS_ONLY_TARGET_GENE_MATRIX_UNAVAILABLE	Table S13B; no target-gene edge matrix in downloaded official workbook
AMD	MG	PAX5_+_+_(532r)	238	0.33531585	NA	NA	NA	NA	OFFICIAL_RSS_ONLY_TARGET_GENE_MATRIX_UNAVAILABLE	Table S13B; no target-gene edge matrix in downloaded official workbook
POAG	MG	PAX5_+_+_(532r)	238	0.33531585	NA	NA	NA	NA	OFFICIAL_RSS_ONLY_TARGET_GENE_MATRIX_UNAVAILABLE	Table S13B; no target-gene edge matrix in downloaded official workbook
RE	MG	PAX5_+_+_(532r)	238	0.33531585	NA	NA	NA	NA	OFFICIAL_RSS_ONLY_TARGET_GENE_MATRIX_UNAVAILABLE	Table S13B; no target-gene edge matrix in downloaded official workbook
AMD	MG	FOXP1_extended_+_+_(49r)	239	0.33484389	NA	NA	NA	NA	OFFICIAL_RSS_ONLY_TARGET_GENE_MATRIX_UNAVAILABLE	Table S13B; no target-gene edge matrix in downloaded official workbook
POAG	MG	FOXP1_extended_+_+_(49r)	239	0.33484389	NA	NA	NA	NA	OFFICIAL_RSS_ONLY_TARGET_GENE_MATRIX_UNAVAILABLE	Table S13B; no target-gene edge matrix in downloaded official workbook
RE	MG	FOXP1_extended_+_+_(49r)	239	0.33484389	NA	NA	NA	NA	OFFICIAL_RSS_ONLY_TARGET_GENE_MATRIX_UNAVAILABLE	Table S13B; no target-gene edge matrix in downloaded official workbook
AMD	MG	FOXP1_+_+_(49r)	240	0.33484389	NA	NA	NA	NA	OFFICIAL_RSS_ONLY_TARGET_GENE_MATRIX_UNAVAILABLE	Table S13B; no target-gene edge matrix in downloaded official workbook
POAG	MG	FOXP1_+_+_(49r)	240	0.33484389	NA	NA	NA	NA	OFFICIAL_RSS_ONLY_TARGET_GENE_MATRIX_UNAVAILABLE	Table S13B; no target-gene edge matrix in downloaded official workbook
RE	MG	FOXP1_+_+_(49r)	240	0.33484389	NA	NA	NA	NA	OFFICIAL_RSS_ONLY_TARGET_GENE_MATRIX_UNAVAILABLE	Table S13B; no target-gene edge matrix in downloaded official workbook
AMD	MG	ZNF596_extended_+_+_(24r)	241	0.33427969	NA	NA	NA	NA	OFFICIAL_RSS_ONLY_TARGET_GENE_MATRIX_UNAVAILABLE	Table S13B; no target-gene edge matrix in downloaded official workbook
POAG	MG	ZNF596_extended_+_+_(24r)	241	0.33427969	NA	NA	NA	NA	OFFICIAL_RSS_ONLY_TARGET_GENE_MATRIX_UNAVAILABLE	Table S13B; no target-gene edge matrix in downloaded official workbook
RE	MG	ZNF596_extended_+_+_(24r)	241	0.33427969	NA	NA	NA	NA	OFFICIAL_RSS_ONLY_TARGET_GENE_MATRIX_UNAVAILABLE	Table S13B; no target-gene edge matrix in downloaded official workbook
AMD	MG	ZNF596_+_+_(24r)	242	0.33427969	NA	NA	NA	NA	OFFICIAL_RSS_ONLY_TARGET_GENE_MATRIX_UNAVAILABLE	Table S13B; no target-gene edge matrix in downloaded official workbook
POAG	MG	ZNF596_+_+_(24r)	242	0.33427969	NA	NA	NA	NA	OFFICIAL_RSS_ONLY_TARGET_GENE_MATRIX_UNAVAILABLE	Table S13B; no target-gene edge matrix in downloaded official workbook
RE	MG	ZNF596_+_+_(24r)	242	0.33427969	NA	NA	NA	NA	OFFICIAL_RSS_ONLY_TARGET_GENE_MATRIX_UNAVAILABLE	Table S13B; no target-gene edge matrix in downloaded official workbook
AMD	MG	PBX3_+_-_(312r)	243	0.33267306	NA	NA	NA	NA	OFFICIAL_RSS_ONLY_TARGET_GENE_MATRIX_UNAVAILABLE	Table S13B; no target-gene edge matrix in downloaded official workbook
POAG	MG	PBX3_+_-_(312r)	243	0.33267306	NA	NA	NA	NA	OFFICIAL_RSS_ONLY_TARGET_GENE_MATRIX_UNAVAILABLE	Table S13B; no target-gene edge matrix in downloaded official workbook
RE	MG	PBX3_+_-_(312r)	243	0.33267306	NA	NA	NA	NA	OFFICIAL_RSS_ONLY_TARGET_GENE_MATRIX_UNAVAILABLE	Table S13B; no target-gene edge matrix in downloaded official workbook
AMD	MG	ZNF449_+_+_(16r)	244	0.33265584	NA	NA	NA	NA	OFFICIAL_RSS_ONLY_TARGET_GENE_MATRIX_UNAVAILABLE	Table S13B; no target-gene edge matrix in downloaded official workbook
POAG	MG	ZNF449_+_+_(16r)	244	0.33265584	NA	NA	NA	NA	OFFICIAL_RSS_ONLY_TARGET_GENE_MATRIX_UNAVAILABLE	Table S13B; no target-gene edge matrix in downloaded official workbook
RE	MG	ZNF449_+_+_(16r)	244	0.33265584	NA	NA	NA	NA	OFFICIAL_RSS_ONLY_TARGET_GENE_MATRIX_UNAVAILABLE	Table S13B; no target-gene edge matrix in downloaded official workbook
AMD	MG	ZNF449_extended_+_+_(16r)	245	0.33265584	NA	NA	NA	NA	OFFICIAL_RSS_ONLY_TARGET_GENE_MATRIX_UNAVAILABLE	Table S13B; no target-gene edge matrix in downloaded official workbook
POAG	MG	ZNF449_extended_+_+_(16r)	245	0.33265584	NA	NA	NA	NA	OFFICIAL_RSS_ONLY_TARGET_GENE_MATRIX_UNAVAILABLE	Table S13B; no target-gene edge matrix in downloaded official workbook
RE	MG	ZNF449_extended_+_+_(16r)	245	0.33265584	NA	NA	NA	NA	OFFICIAL_RSS_ONLY_TARGET_GENE_MATRIX_UNAVAILABLE	Table S13B; no target-gene edge matrix in downloaded official workbook
AMD	MG	CEBPB_extended_+_+_(147r)	246	0.3320068	NA	NA	NA	NA	OFFICIAL_RSS_ONLY_TARGET_GENE_MATRIX_UNAVAILABLE	Table S13B; no target-gene edge matrix in downloaded official workbook
POAG	MG	CEBPB_extended_+_+_(147r)	246	0.3320068	NA	NA	NA	NA	OFFICIAL_RSS_ONLY_TARGET_GENE_MATRIX_UNAVAILABLE	Table S13B; no target-gene edge matrix in downloaded official workbook
RE	MG	CEBPB_extended_+_+_(147r)	246	0.3320068	NA	NA	NA	NA	OFFICIAL_RSS_ONLY_TARGET_GENE_MATRIX_UNAVAILABLE	Table S13B; no target-gene edge matrix in downloaded official workbook
AMD	MG	CEBPB_+_+_(150r)	247	0.33200595	NA	NA	NA	NA	OFFICIAL_RSS_ONLY_TARGET_GENE_MATRIX_UNAVAILABLE	Table S13B; no target-gene edge matrix in downloaded official workbook
POAG	MG	CEBPB_+_+_(150r)	247	0.33200595	NA	NA	NA	NA	OFFICIAL_RSS_ONLY_TARGET_GENE_MATRIX_UNAVAILABLE	Table S13B; no target-gene edge matrix in downloaded official workbook
RE	MG	CEBPB_+_+_(150r)	247	0.33200595	NA	NA	NA	NA	OFFICIAL_RSS_ONLY_TARGET_GENE_MATRIX_UNAVAILABLE	Table S13B; no target-gene edge matrix in downloaded official workbook
AMD	MG	RXRG_extended_+_-_(1097r)	248	0.33166882	NA	NA	NA	NA	OFFICIAL_RSS_ONLY_TARGET_GENE_MATRIX_UNAVAILABLE	Table S13B; no target-gene edge matrix in downloaded official workbook
POAG	MG	RXRG_extended_+_-_(1097r)	248	0.33166882	NA	NA	NA	NA	OFFICIAL_RSS_ONLY_TARGET_GENE_MATRIX_UNAVAILABLE	Table S13B; no target-gene edge matrix in downloaded official workbook
RE	MG	RXRG_extended_+_-_(1097r)	248	0.33166882	NA	NA	NA	NA	OFFICIAL_RSS_ONLY_TARGET_GENE_MATRIX_UNAVAILABLE	Table S13B; no target-gene edge matrix in downloaded official workbook
AMD	MG	THRB_+_-_(1135r)	249	0.33120227	NA	NA	NA	NA	OFFICIAL_RSS_ONLY_TARGET_GENE_MATRIX_UNAVAILABLE	Table S13B; no target-gene edge matrix in downloaded official workbook
POAG	MG	THRB_+_-_(1135r)	249	0.33120227	NA	NA	NA	NA	OFFICIAL_RSS_ONLY_TARGET_GENE_MATRIX_UNAVAILABLE	Table S13B; no target-gene edge matrix in downloaded official workbook
RE	MG	THRB_+_-_(1135r)	249	0.33120227	NA	NA	NA	NA	OFFICIAL_RSS_ONLY_TARGET_GENE_MATRIX_UNAVAILABLE	Table S13B; no target-gene edge matrix in downloaded official workbook
AMD	MG	BNC2_extended_-_-_(98r)	250	0.33117778	NA	NA	NA	NA	OFFICIAL_RSS_ONLY_TARGET_GENE_MATRIX_UNAVAILABLE	Table S13B; no target-gene edge matrix in downloaded official workbook
POAG	MG	BNC2_extended_-_-_(98r)	250	0.33117778	NA	NA	NA	NA	OFFICIAL_RSS_ONLY_TARGET_GENE_MATRIX_UNAVAILABLE	Table S13B; no target-gene edge matrix in downloaded official workbook
RE	MG	BNC2_extended_-_-_(98r)	250	0.33117778	NA	NA	NA	NA	OFFICIAL_RSS_ONLY_TARGET_GENE_MATRIX_UNAVAILABLE	Table S13B; no target-gene edge matrix in downloaded official workbook
AMD	MG	RXRG_+_-_(1069r)	251	0.33111661	NA	NA	NA	NA	OFFICIAL_RSS_ONLY_TARGET_GENE_MATRIX_UNAVAILABLE	Table S13B; no target-gene edge matrix in downloaded official workbook
POAG	MG	RXRG_+_-_(1069r)	251	0.33111661	NA	NA	NA	NA	OFFICIAL_RSS_ONLY_TARGET_GENE_MATRIX_UNAVAILABLE	Table S13B; no target-gene edge matrix in downloaded official workbook
RE	MG	RXRG_+_-_(1069r)	251	0.33111661	NA	NA	NA	NA	OFFICIAL_RSS_ONLY_TARGET_GENE_MATRIX_UNAVAILABLE	Table S13B; no target-gene edge matrix in downloaded official workbook
AMD	MG	THRB_extended_+_-_(1134r)	252	0.33045927	NA	NA	NA	NA	OFFICIAL_RSS_ONLY_TARGET_GENE_MATRIX_UNAVAILABLE	Table S13B; no target-gene edge matrix in downloaded official workbook
POAG	MG	THRB_extended_+_-_(1134r)	252	0.33045927	NA	NA	NA	NA	OFFICIAL_RSS_ONLY_TARGET_GENE_MATRIX_UNAVAILABLE	Table S13B; no target-gene edge matrix in downloaded official workbook
RE	MG	THRB_extended_+_-_(1134r)	252	0.33045927	NA	NA	NA	NA	OFFICIAL_RSS_ONLY_TARGET_GENE_MATRIX_UNAVAILABLE	Table S13B; no target-gene edge matrix in downloaded official workbook
AMD	MG	SREBF2_extended_+_-_(1959r)	253	0.33003298	NA	NA	NA	NA	OFFICIAL_RSS_ONLY_TARGET_GENE_MATRIX_UNAVAILABLE	Table S13B; no target-gene edge matrix in downloaded official workbook
POAG	MG	SREBF2_extended_+_-_(1959r)	253	0.33003298	NA	NA	NA	NA	OFFICIAL_RSS_ONLY_TARGET_GENE_MATRIX_UNAVAILABLE	Table S13B; no target-gene edge matrix in downloaded official workbook
RE	MG	SREBF2_extended_+_-_(1959r)	253	0.33003298	NA	NA	NA	NA	OFFICIAL_RSS_ONLY_TARGET_GENE_MATRIX_UNAVAILABLE	Table S13B; no target-gene edge matrix in downloaded official workbook
AMD	MG	TFAP2B_+_+_(165r)	254	0.32937256	NA	NA	NA	NA	OFFICIAL_RSS_ONLY_TARGET_GENE_MATRIX_UNAVAILABLE	Table S13B; no target-gene edge matrix in downloaded official workbook
POAG	MG	TFAP2B_+_+_(165r)	254	0.32937256	NA	NA	NA	NA	OFFICIAL_RSS_ONLY_TARGET_GENE_MATRIX_UNAVAILABLE	Table S13B; no target-gene edge matrix in downloaded official workbook
RE	MG	TFAP2B_+_+_(165r)	254	0.32937256	NA	NA	NA	NA	OFFICIAL_RSS_ONLY_TARGET_GENE_MATRIX_UNAVAILABLE	Table S13B; no target-gene edge matrix in downloaded official workbook
AMD	MG	TFAP2B_extended_+_+_(165r)	255	0.32937256	NA	NA	NA	NA	OFFICIAL_RSS_ONLY_TARGET_GENE_MATRIX_UNAVAILABLE	Table S13B; no target-gene edge matrix in downloaded official workbook
POAG	MG	TFAP2B_extended_+_+_(165r)	255	0.32937256	NA	NA	NA	NA	OFFICIAL_RSS_ONLY_TARGET_GENE_MATRIX_UNAVAILABLE	Table S13B; no target-gene edge matrix in downloaded official workbook
RE	MG	TFAP2B_extended_+_+_(165r)	255	0.32937256	NA	NA	NA	NA	OFFICIAL_RSS_ONLY_TARGET_GENE_MATRIX_UNAVAILABLE	Table S13B; no target-gene edge matrix in downloaded official workbook
AMD	MG	NRL_extended_+_-_(118r)	256	0.32935826	NA	NA	NA	NA	OFFICIAL_RSS_ONLY_TARGET_GENE_MATRIX_UNAVAILABLE	Table S13B; no target-gene edge matrix in downloaded official workbook
POAG	MG	NRL_extended_+_-_(118r)	256	0.32935826	NA	NA	NA	NA	OFFICIAL_RSS_ONLY_TARGET_GENE_MATRIX_UNAVAILABLE	Table S13B; no target-gene edge matrix in downloaded official workbook
RE	MG	NRL_extended_+_-_(118r)	256	0.32935826	NA	NA	NA	NA	OFFICIAL_RSS_ONLY_TARGET_GENE_MATRIX_UNAVAILABLE	Table S13B; no target-gene edge matrix in downloaded official workbook
AMD	MG	SMAD3_extended_+_+_(256r)	257	0.32889627	NA	NA	NA	NA	OFFICIAL_RSS_ONLY_TARGET_GENE_MATRIX_UNAVAILABLE	Table S13B; no target-gene edge matrix in downloaded official workbook
POAG	MG	SMAD3_extended_+_+_(256r)	257	0.32889627	NA	NA	NA	NA	OFFICIAL_RSS_ONLY_TARGET_GENE_MATRIX_UNAVAILABLE	Table S13B; no target-gene edge matrix in downloaded official workbook
RE	MG	SMAD3_extended_+_+_(256r)	257	0.32889627	NA	NA	NA	NA	OFFICIAL_RSS_ONLY_TARGET_GENE_MATRIX_UNAVAILABLE	Table S13B; no target-gene edge matrix in downloaded official workbook
AMD	MG	SMAD3_+_+_(256r)	258	0.32889627	NA	NA	NA	NA	OFFICIAL_RSS_ONLY_TARGET_GENE_MATRIX_UNAVAILABLE	Table S13B; no target-gene edge matrix in downloaded official workbook
POAG	MG	SMAD3_+_+_(256r)	258	0.32889627	NA	NA	NA	NA	OFFICIAL_RSS_ONLY_TARGET_GENE_MATRIX_UNAVAILABLE	Table S13B; no target-gene edge matrix in downloaded official workbook
RE	MG	SMAD3_+_+_(256r)	258	0.32889627	NA	NA	NA	NA	OFFICIAL_RSS_ONLY_TARGET_GENE_MATRIX_UNAVAILABLE	Table S13B; no target-gene edge matrix in downloaded official workbook
AMD	MG	SREBF2_+_-_(1884r)	259	0.32869996	NA	NA	NA	NA	OFFICIAL_RSS_ONLY_TARGET_GENE_MATRIX_UNAVAILABLE	Table S13B; no target-gene edge matrix in downloaded official workbook
POAG	MG	SREBF2_+_-_(1884r)	259	0.32869996	NA	NA	NA	NA	OFFICIAL_RSS_ONLY_TARGET_GENE_MATRIX_UNAVAILABLE	Table S13B; no target-gene edge matrix in downloaded official workbook
RE	MG	SREBF2_+_-_(1884r)	259	0.32869996	NA	NA	NA	NA	OFFICIAL_RSS_ONLY_TARGET_GENE_MATRIX_UNAVAILABLE	Table S13B; no target-gene edge matrix in downloaded official workbook
AMD	MG	PBX3_extended_+_-_(350r)	260	0.3273483	NA	NA	NA	NA	OFFICIAL_RSS_ONLY_TARGET_GENE_MATRIX_UNAVAILABLE	Table S13B; no target-gene edge matrix in downloaded official workbook
POAG	MG	PBX3_extended_+_-_(350r)	260	0.3273483	NA	NA	NA	NA	OFFICIAL_RSS_ONLY_TARGET_GENE_MATRIX_UNAVAILABLE	Table S13B; no target-gene edge matrix in downloaded official workbook
RE	MG	PBX3_extended_+_-_(350r)	260	0.3273483	NA	NA	NA	NA	OFFICIAL_RSS_ONLY_TARGET_GENE_MATRIX_UNAVAILABLE	Table S13B; no target-gene edge matrix in downloaded official workbook
AMD	MG	PAX6_extended_+_+_(2539r)	261	0.3271122	NA	NA	NA	NA	OFFICIAL_RSS_ONLY_TARGET_GENE_MATRIX_UNAVAILABLE	Table S13B; no target-gene edge matrix in downloaded official workbook
POAG	MG	PAX6_extended_+_+_(2539r)	261	0.3271122	NA	NA	NA	NA	OFFICIAL_RSS_ONLY_TARGET_GENE_MATRIX_UNAVAILABLE	Table S13B; no target-gene edge matrix in downloaded official workbook
RE	MG	PAX6_extended_+_+_(2539r)	261	0.3271122	NA	NA	NA	NA	OFFICIAL_RSS_ONLY_TARGET_GENE_MATRIX_UNAVAILABLE	Table S13B; no target-gene edge matrix in downloaded official workbook
AMD	MG	PAX6_+_+_(2380r)	262	0.32705492	NA	NA	NA	NA	OFFICIAL_RSS_ONLY_TARGET_GENE_MATRIX_UNAVAILABLE	Table S13B; no target-gene edge matrix in downloaded official workbook
POAG	MG	PAX6_+_+_(2380r)	262	0.32705492	NA	NA	NA	NA	OFFICIAL_RSS_ONLY_TARGET_GENE_MATRIX_UNAVAILABLE	Table S13B; no target-gene edge matrix in downloaded official workbook
RE	MG	PAX6_+_+_(2380r)	262	0.32705492	NA	NA	NA	NA	OFFICIAL_RSS_ONLY_TARGET_GENE_MATRIX_UNAVAILABLE	Table S13B; no target-gene edge matrix in downloaded official workbook
AMD	MG	RFX7_+_-_(24r)	263	0.32621253	NA	NA	NA	NA	OFFICIAL_RSS_ONLY_TARGET_GENE_MATRIX_UNAVAILABLE	Table S13B; no target-gene edge matrix in downloaded official workbook
POAG	MG	RFX7_+_-_(24r)	263	0.32621253	NA	NA	NA	NA	OFFICIAL_RSS_ONLY_TARGET_GENE_MATRIX_UNAVAILABLE	Table S13B; no target-gene edge matrix in downloaded official workbook
RE	MG	RFX7_+_-_(24r)	263	0.32621253	NA	NA	NA	NA	OFFICIAL_RSS_ONLY_TARGET_GENE_MATRIX_UNAVAILABLE	Table S13B; no target-gene edge matrix in downloaded official workbook
AMD	MG	NRL_+_-_(88r)	264	0.32598583	NA	NA	NA	NA	OFFICIAL_RSS_ONLY_TARGET_GENE_MATRIX_UNAVAILABLE	Table S13B; no target-gene edge matrix in downloaded official workbook
POAG	MG	NRL_+_-_(88r)	264	0.32598583	NA	NA	NA	NA	OFFICIAL_RSS_ONLY_TARGET_GENE_MATRIX_UNAVAILABLE	Table S13B; no target-gene edge matrix in downloaded official workbook
RE	MG	NRL_+_-_(88r)	264	0.32598583	NA	NA	NA	NA	OFFICIAL_RSS_ONLY_TARGET_GENE_MATRIX_UNAVAILABLE	Table S13B; no target-gene edge matrix in downloaded official workbook
AMD	MG	BACH2_-_-_(59r)	265	0.32581021	NA	NA	NA	NA	OFFICIAL_RSS_ONLY_TARGET_GENE_MATRIX_UNAVAILABLE	Table S13B; no target-gene edge matrix in downloaded official workbook
POAG	MG	BACH2_-_-_(59r)	265	0.32581021	NA	NA	NA	NA	OFFICIAL_RSS_ONLY_TARGET_GENE_MATRIX_UNAVAILABLE	Table S13B; no target-gene edge matrix in downloaded official workbook
RE	MG	BACH2_-_-_(59r)	265	0.32581021	NA	NA	NA	NA	OFFICIAL_RSS_ONLY_TARGET_GENE_MATRIX_UNAVAILABLE	Table S13B; no target-gene edge matrix in downloaded official workbook
AMD	MG	BACH2_extended_-_-_(59r)	266	0.32581021	NA	NA	NA	NA	OFFICIAL_RSS_ONLY_TARGET_GENE_MATRIX_UNAVAILABLE	Table S13B; no target-gene edge matrix in downloaded official workbook
POAG	MG	BACH2_extended_-_-_(59r)	266	0.32581021	NA	NA	NA	NA	OFFICIAL_RSS_ONLY_TARGET_GENE_MATRIX_UNAVAILABLE	Table S13B; no target-gene edge matrix in downloaded official workbook
RE	MG	BACH2_extended_-_-_(59r)	266	0.32581021	NA	NA	NA	NA	OFFICIAL_RSS_ONLY_TARGET_GENE_MATRIX_UNAVAILABLE	Table S13B; no target-gene edge matrix in downloaded official workbook
AMD	MG	BNC2_-_-_(70r)	267	0.32563238	NA	NA	NA	NA	OFFICIAL_RSS_ONLY_TARGET_GENE_MATRIX_UNAVAILABLE	Table S13B; no target-gene edge matrix in downloaded official workbook
POAG	MG	BNC2_-_-_(70r)	267	0.32563238	NA	NA	NA	NA	OFFICIAL_RSS_ONLY_TARGET_GENE_MATRIX_UNAVAILABLE	Table S13B; no target-gene edge matrix in downloaded official workbook
RE	MG	BNC2_-_-_(70r)	267	0.32563238	NA	NA	NA	NA	OFFICIAL_RSS_ONLY_TARGET_GENE_MATRIX_UNAVAILABLE	Table S13B; no target-gene edge matrix in downloaded official workbook
AMD	MG	PURA_+_-_(851r)	268	0.32442854	NA	NA	NA	NA	OFFICIAL_RSS_ONLY_TARGET_GENE_MATRIX_UNAVAILABLE	Table S13B; no target-gene edge matrix in downloaded official workbook
POAG	MG	PURA_+_-_(851r)	268	0.32442854	NA	NA	NA	NA	OFFICIAL_RSS_ONLY_TARGET_GENE_MATRIX_UNAVAILABLE	Table S13B; no target-gene edge matrix in downloaded official workbook
RE	MG	PURA_+_-_(851r)	268	0.32442854	NA	NA	NA	NA	OFFICIAL_RSS_ONLY_TARGET_GENE_MATRIX_UNAVAILABLE	Table S13B; no target-gene edge matrix in downloaded official workbook
AMD	MG	TFEC_extended_+_-_(11r)	269	0.32422727	NA	NA	NA	NA	OFFICIAL_RSS_ONLY_TARGET_GENE_MATRIX_UNAVAILABLE	Table S13B; no target-gene edge matrix in downloaded official workbook
POAG	MG	TFEC_extended_+_-_(11r)	269	0.32422727	NA	NA	NA	NA	OFFICIAL_RSS_ONLY_TARGET_GENE_MATRIX_UNAVAILABLE	Table S13B; no target-gene edge matrix in downloaded official workbook
RE	MG	TFEC_extended_+_-_(11r)	269	0.32422727	NA	NA	NA	NA	OFFICIAL_RSS_ONLY_TARGET_GENE_MATRIX_UNAVAILABLE	Table S13B; no target-gene edge matrix in downloaded official workbook
AMD	MG	TFEC_+_-_(11r)	270	0.32422727	NA	NA	NA	NA	OFFICIAL_RSS_ONLY_TARGET_GENE_MATRIX_UNAVAILABLE	Table S13B; no target-gene edge matrix in downloaded official workbook
POAG	MG	TFEC_+_-_(11r)	270	0.32422727	NA	NA	NA	NA	OFFICIAL_RSS_ONLY_TARGET_GENE_MATRIX_UNAVAILABLE	Table S13B; no target-gene edge matrix in downloaded official workbook
RE	MG	TFEC_+_-_(11r)	270	0.32422727	NA	NA	NA	NA	OFFICIAL_RSS_ONLY_TARGET_GENE_MATRIX_UNAVAILABLE	Table S13B; no target-gene edge matrix in downloaded official workbook
AMD	MG	POU6F2_+_+_(816r)	271	0.32238001	NA	NA	NA	NA	OFFICIAL_RSS_ONLY_TARGET_GENE_MATRIX_UNAVAILABLE	Table S13B; no target-gene edge matrix in downloaded official workbook
POAG	MG	POU6F2_+_+_(816r)	271	0.32238001	NA	NA	NA	NA	OFFICIAL_RSS_ONLY_TARGET_GENE_MATRIX_UNAVAILABLE	Table S13B; no target-gene edge matrix in downloaded official workbook
RE	MG	POU6F2_+_+_(816r)	271	0.32238001	NA	NA	NA	NA	OFFICIAL_RSS_ONLY_TARGET_GENE_MATRIX_UNAVAILABLE	Table S13B; no target-gene edge matrix in downloaded official workbook
AMD	MG	FOXM1_extended_+_+_(28r)	272	0.32167673	NA	NA	NA	NA	OFFICIAL_RSS_ONLY_TARGET_GENE_MATRIX_UNAVAILABLE	Table S13B; no target-gene edge matrix in downloaded official workbook
POAG	MG	FOXM1_extended_+_+_(28r)	272	0.32167673	NA	NA	NA	NA	OFFICIAL_RSS_ONLY_TARGET_GENE_MATRIX_UNAVAILABLE	Table S13B; no target-gene edge matrix in downloaded official workbook
RE	MG	FOXM1_extended_+_+_(28r)	272	0.32167673	NA	NA	NA	NA	OFFICIAL_RSS_ONLY_TARGET_GENE_MATRIX_UNAVAILABLE	Table S13B; no target-gene edge matrix in downloaded official workbook
AMD	MG	MEIS1_-_+_(69r)	273	0.31795475	NA	NA	NA	NA	OFFICIAL_RSS_ONLY_TARGET_GENE_MATRIX_UNAVAILABLE	Table S13B; no target-gene edge matrix in downloaded official workbook
POAG	MG	MEIS1_-_+_(69r)	273	0.31795475	NA	NA	NA	NA	OFFICIAL_RSS_ONLY_TARGET_GENE_MATRIX_UNAVAILABLE	Table S13B; no target-gene edge matrix in downloaded official workbook
RE	MG	MEIS1_-_+_(69r)	273	0.31795475	NA	NA	NA	NA	OFFICIAL_RSS_ONLY_TARGET_GENE_MATRIX_UNAVAILABLE	Table S13B; no target-gene edge matrix in downloaded official workbook
AMD	MG	ZNF701_+_+_(28r)	274	0.31612573	NA	NA	NA	NA	OFFICIAL_RSS_ONLY_TARGET_GENE_MATRIX_UNAVAILABLE	Table S13B; no target-gene edge matrix in downloaded official workbook
POAG	MG	ZNF701_+_+_(28r)	274	0.31612573	NA	NA	NA	NA	OFFICIAL_RSS_ONLY_TARGET_GENE_MATRIX_UNAVAILABLE	Table S13B; no target-gene edge matrix in downloaded official workbook
RE	MG	ZNF701_+_+_(28r)	274	0.31612573	NA	NA	NA	NA	OFFICIAL_RSS_ONLY_TARGET_GENE_MATRIX_UNAVAILABLE	Table S13B; no target-gene edge matrix in downloaded official workbook
AMD	MG	ZNF701_extended_+_+_(28r)	275	0.31612573	NA	NA	NA	NA	OFFICIAL_RSS_ONLY_TARGET_GENE_MATRIX_UNAVAILABLE	Table S13B; no target-gene edge matrix in downloaded official workbook
POAG	MG	ZNF701_extended_+_+_(28r)	275	0.31612573	NA	NA	NA	NA	OFFICIAL_RSS_ONLY_TARGET_GENE_MATRIX_UNAVAILABLE	Table S13B; no target-gene edge matrix in downloaded official workbook
RE	MG	ZNF701_extended_+_+_(28r)	275	0.31612573	NA	NA	NA	NA	OFFICIAL_RSS_ONLY_TARGET_GENE_MATRIX_UNAVAILABLE	Table S13B; no target-gene edge matrix in downloaded official workbook
AMD	MG	FLI1_extended_-_-_(83r)	276	0.31319252	NA	NA	NA	NA	OFFICIAL_RSS_ONLY_TARGET_GENE_MATRIX_UNAVAILABLE	Table S13B; no target-gene edge matrix in downloaded official workbook
POAG	MG	FLI1_extended_-_-_(83r)	276	0.31319252	NA	NA	NA	NA	OFFICIAL_RSS_ONLY_TARGET_GENE_MATRIX_UNAVAILABLE	Table S13B; no target-gene edge matrix in downloaded official workbook
RE	MG	FLI1_extended_-_-_(83r)	276	0.31319252	NA	NA	NA	NA	OFFICIAL_RSS_ONLY_TARGET_GENE_MATRIX_UNAVAILABLE	Table S13B; no target-gene edge matrix in downloaded official workbook
AMD	MG	FLI1_-_-_(83r)	277	0.31319252	NA	NA	NA	NA	OFFICIAL_RSS_ONLY_TARGET_GENE_MATRIX_UNAVAILABLE	Table S13B; no target-gene edge matrix in downloaded official workbook
POAG	MG	FLI1_-_-_(83r)	277	0.31319252	NA	NA	NA	NA	OFFICIAL_RSS_ONLY_TARGET_GENE_MATRIX_UNAVAILABLE	Table S13B; no target-gene edge matrix in downloaded official workbook
RE	MG	FLI1_-_-_(83r)	277	0.31319252	NA	NA	NA	NA	OFFICIAL_RSS_ONLY_TARGET_GENE_MATRIX_UNAVAILABLE	Table S13B; no target-gene edge matrix in downloaded official workbook
AMD	MG	CEBPA_+_-_(34r)	278	0.31238136	NA	NA	NA	NA	OFFICIAL_RSS_ONLY_TARGET_GENE_MATRIX_UNAVAILABLE	Table S13B; no target-gene edge matrix in downloaded official workbook
POAG	MG	CEBPA_+_-_(34r)	278	0.31238136	NA	NA	NA	NA	OFFICIAL_RSS_ONLY_TARGET_GENE_MATRIX_UNAVAILABLE	Table S13B; no target-gene edge matrix in downloaded official workbook
RE	MG	CEBPA_+_-_(34r)	278	0.31238136	NA	NA	NA	NA	OFFICIAL_RSS_ONLY_TARGET_GENE_MATRIX_UNAVAILABLE	Table S13B; no target-gene edge matrix in downloaded official workbook
AMD	MG	CEBPA_extended_+_-_(34r)	279	0.31238136	NA	NA	NA	NA	OFFICIAL_RSS_ONLY_TARGET_GENE_MATRIX_UNAVAILABLE	Table S13B; no target-gene edge matrix in downloaded official workbook
POAG	MG	CEBPA_extended_+_-_(34r)	279	0.31238136	NA	NA	NA	NA	OFFICIAL_RSS_ONLY_TARGET_GENE_MATRIX_UNAVAILABLE	Table S13B; no target-gene edge matrix in downloaded official workbook
RE	MG	CEBPA_extended_+_-_(34r)	279	0.31238136	NA	NA	NA	NA	OFFICIAL_RSS_ONLY_TARGET_GENE_MATRIX_UNAVAILABLE	Table S13B; no target-gene edge matrix in downloaded official workbook
AMD	MG	MAZ_extended_-_-_(32r)	280	0.31139652	NA	NA	NA	NA	OFFICIAL_RSS_ONLY_TARGET_GENE_MATRIX_UNAVAILABLE	Table S13B; no target-gene edge matrix in downloaded official workbook
POAG	MG	MAZ_extended_-_-_(32r)	280	0.31139652	NA	NA	NA	NA	OFFICIAL_RSS_ONLY_TARGET_GENE_MATRIX_UNAVAILABLE	Table S13B; no target-gene edge matrix in downloaded official workbook
RE	MG	MAZ_extended_-_-_(32r)	280	0.31139652	NA	NA	NA	NA	OFFICIAL_RSS_ONLY_TARGET_GENE_MATRIX_UNAVAILABLE	Table S13B; no target-gene edge matrix in downloaded official workbook
AMD	MG	MAZ_-_-_(32r)	281	0.31139652	NA	NA	NA	NA	OFFICIAL_RSS_ONLY_TARGET_GENE_MATRIX_UNAVAILABLE	Table S13B; no target-gene edge matrix in downloaded official workbook
POAG	MG	MAZ_-_-_(32r)	281	0.31139652	NA	NA	NA	NA	OFFICIAL_RSS_ONLY_TARGET_GENE_MATRIX_UNAVAILABLE	Table S13B; no target-gene edge matrix in downloaded official workbook
RE	MG	MAZ_-_-_(32r)	281	0.31139652	NA	NA	NA	NA	OFFICIAL_RSS_ONLY_TARGET_GENE_MATRIX_UNAVAILABLE	Table S13B; no target-gene edge matrix in downloaded official workbook
AMD	MG	POU2AF1_+_-_(11r)	282	0.31135288	NA	NA	NA	NA	OFFICIAL_RSS_ONLY_TARGET_GENE_MATRIX_UNAVAILABLE	Table S13B; no target-gene edge matrix in downloaded official workbook
POAG	MG	POU2AF1_+_-_(11r)	282	0.31135288	NA	NA	NA	NA	OFFICIAL_RSS_ONLY_TARGET_GENE_MATRIX_UNAVAILABLE	Table S13B; no target-gene edge matrix in downloaded official workbook
RE	MG	POU2AF1_+_-_(11r)	282	0.31135288	NA	NA	NA	NA	OFFICIAL_RSS_ONLY_TARGET_GENE_MATRIX_UNAVAILABLE	Table S13B; no target-gene edge matrix in downloaded official workbook
AMD	MG	POU2AF1_extended_+_-_(11r)	283	0.31135288	NA	NA	NA	NA	OFFICIAL_RSS_ONLY_TARGET_GENE_MATRIX_UNAVAILABLE	Table S13B; no target-gene edge matrix in downloaded official workbook
POAG	MG	POU2AF1_extended_+_-_(11r)	283	0.31135288	NA	NA	NA	NA	OFFICIAL_RSS_ONLY_TARGET_GENE_MATRIX_UNAVAILABLE	Table S13B; no target-gene edge matrix in downloaded official workbook
RE	MG	POU2AF1_extended_+_-_(11r)	283	0.31135288	NA	NA	NA	NA	OFFICIAL_RSS_ONLY_TARGET_GENE_MATRIX_UNAVAILABLE	Table S13B; no target-gene edge matrix in downloaded official workbook
AMD	MG	SALL1_extended_+_+_(18r)	284	0.31049953	NA	NA	NA	NA	OFFICIAL_RSS_ONLY_TARGET_GENE_MATRIX_UNAVAILABLE	Table S13B; no target-gene edge matrix in downloaded official workbook
POAG	MG	SALL1_extended_+_+_(18r)	284	0.31049953	NA	NA	NA	NA	OFFICIAL_RSS_ONLY_TARGET_GENE_MATRIX_UNAVAILABLE	Table S13B; no target-gene edge matrix in downloaded official workbook
RE	MG	SALL1_extended_+_+_(18r)	284	0.31049953	NA	NA	NA	NA	OFFICIAL_RSS_ONLY_TARGET_GENE_MATRIX_UNAVAILABLE	Table S13B; no target-gene edge matrix in downloaded official workbook
AMD	MG	SALL1_+_+_(18r)	285	0.31049953	NA	NA	NA	NA	OFFICIAL_RSS_ONLY_TARGET_GENE_MATRIX_UNAVAILABLE	Table S13B; no target-gene edge matrix in downloaded official workbook
POAG	MG	SALL1_+_+_(18r)	285	0.31049953	NA	NA	NA	NA	OFFICIAL_RSS_ONLY_TARGET_GENE_MATRIX_UNAVAILABLE	Table S13B; no target-gene edge matrix in downloaded official workbook
RE	MG	SALL1_+_+_(18r)	285	0.31049953	NA	NA	NA	NA	OFFICIAL_RSS_ONLY_TARGET_GENE_MATRIX_UNAVAILABLE	Table S13B; no target-gene edge matrix in downloaded official workbook
AMD	MG	FOXM1_+_+_(26r)	286	0.3097886	NA	NA	NA	NA	OFFICIAL_RSS_ONLY_TARGET_GENE_MATRIX_UNAVAILABLE	Table S13B; no target-gene edge matrix in downloaded official workbook
POAG	MG	FOXM1_+_+_(26r)	286	0.3097886	NA	NA	NA	NA	OFFICIAL_RSS_ONLY_TARGET_GENE_MATRIX_UNAVAILABLE	Table S13B; no target-gene edge matrix in downloaded official workbook
RE	MG	FOXM1_+_+_(26r)	286	0.3097886	NA	NA	NA	NA	OFFICIAL_RSS_ONLY_TARGET_GENE_MATRIX_UNAVAILABLE	Table S13B; no target-gene edge matrix in downloaded official workbook
AMD	MG	HIF1A_extended_+_+_(132r)	287	0.30978504	NA	NA	NA	NA	OFFICIAL_RSS_ONLY_TARGET_GENE_MATRIX_UNAVAILABLE	Table S13B; no target-gene edge matrix in downloaded official workbook
POAG	MG	HIF1A_extended_+_+_(132r)	287	0.30978504	NA	NA	NA	NA	OFFICIAL_RSS_ONLY_TARGET_GENE_MATRIX_UNAVAILABLE	Table S13B; no target-gene edge matrix in downloaded official workbook
RE	MG	HIF1A_extended_+_+_(132r)	287	0.30978504	NA	NA	NA	NA	OFFICIAL_RSS_ONLY_TARGET_GENE_MATRIX_UNAVAILABLE	Table S13B; no target-gene edge matrix in downloaded official workbook
AMD	MG	HIF1A_+_+_(132r)	288	0.30978504	NA	NA	NA	NA	OFFICIAL_RSS_ONLY_TARGET_GENE_MATRIX_UNAVAILABLE	Table S13B; no target-gene edge matrix in downloaded official workbook
POAG	MG	HIF1A_+_+_(132r)	288	0.30978504	NA	NA	NA	NA	OFFICIAL_RSS_ONLY_TARGET_GENE_MATRIX_UNAVAILABLE	Table S13B; no target-gene edge matrix in downloaded official workbook
RE	MG	HIF1A_+_+_(132r)	288	0.30978504	NA	NA	NA	NA	OFFICIAL_RSS_ONLY_TARGET_GENE_MATRIX_UNAVAILABLE	Table S13B; no target-gene edge matrix in downloaded official workbook
AMD	MG	MEIS2_extended_-_+_(178r)	289	0.30945071	NA	NA	NA	NA	OFFICIAL_RSS_ONLY_TARGET_GENE_MATRIX_UNAVAILABLE	Table S13B; no target-gene edge matrix in downloaded official workbook
POAG	MG	MEIS2_extended_-_+_(178r)	289	0.30945071	NA	NA	NA	NA	OFFICIAL_RSS_ONLY_TARGET_GENE_MATRIX_UNAVAILABLE	Table S13B; no target-gene edge matrix in downloaded official workbook
RE	MG	MEIS2_extended_-_+_(178r)	289	0.30945071	NA	NA	NA	NA	OFFICIAL_RSS_ONLY_TARGET_GENE_MATRIX_UNAVAILABLE	Table S13B; no target-gene edge matrix in downloaded official workbook
AMD	MG	ZNF441_-_+_(42r)	290	0.30785248	NA	NA	NA	NA	OFFICIAL_RSS_ONLY_TARGET_GENE_MATRIX_UNAVAILABLE	Table S13B; no target-gene edge matrix in downloaded official workbook
POAG	MG	ZNF441_-_+_(42r)	290	0.30785248	NA	NA	NA	NA	OFFICIAL_RSS_ONLY_TARGET_GENE_MATRIX_UNAVAILABLE	Table S13B; no target-gene edge matrix in downloaded official workbook
RE	MG	ZNF441_-_+_(42r)	290	0.30785248	NA	NA	NA	NA	OFFICIAL_RSS_ONLY_TARGET_GENE_MATRIX_UNAVAILABLE	Table S13B; no target-gene edge matrix in downloaded official workbook
AMD	MG	ZNF441_extended_-_+_(42r)	291	0.30785248	NA	NA	NA	NA	OFFICIAL_RSS_ONLY_TARGET_GENE_MATRIX_UNAVAILABLE	Table S13B; no target-gene edge matrix in downloaded official workbook
POAG	MG	ZNF441_extended_-_+_(42r)	291	0.30785248	NA	NA	NA	NA	OFFICIAL_RSS_ONLY_TARGET_GENE_MATRIX_UNAVAILABLE	Table S13B; no target-gene edge matrix in downloaded official workbook
RE	MG	ZNF441_extended_-_+_(42r)	291	0.30785248	NA	NA	NA	NA	OFFICIAL_RSS_ONLY_TARGET_GENE_MATRIX_UNAVAILABLE	Table S13B; no target-gene edge matrix in downloaded official workbook
AMD	MG	NR2F1_extended_-_-_(26r)	292	0.30551344	NA	NA	NA	NA	OFFICIAL_RSS_ONLY_TARGET_GENE_MATRIX_UNAVAILABLE	Table S13B; no target-gene edge matrix in downloaded official workbook
POAG	MG	NR2F1_extended_-_-_(26r)	292	0.30551344	NA	NA	NA	NA	OFFICIAL_RSS_ONLY_TARGET_GENE_MATRIX_UNAVAILABLE	Table S13B; no target-gene edge matrix in downloaded official workbook
RE	MG	NR2F1_extended_-_-_(26r)	292	0.30551344	NA	NA	NA	NA	OFFICIAL_RSS_ONLY_TARGET_GENE_MATRIX_UNAVAILABLE	Table S13B; no target-gene edge matrix in downloaded official workbook
AMD	MG	NR2F1_-_-_(26r)	293	0.30551344	NA	NA	NA	NA	OFFICIAL_RSS_ONLY_TARGET_GENE_MATRIX_UNAVAILABLE	Table S13B; no target-gene edge matrix in downloaded official workbook
POAG	MG	NR2F1_-_-_(26r)	293	0.30551344	NA	NA	NA	NA	OFFICIAL_RSS_ONLY_TARGET_GENE_MATRIX_UNAVAILABLE	Table S13B; no target-gene edge matrix in downloaded official workbook
RE	MG	NR2F1_-_-_(26r)	293	0.30551344	NA	NA	NA	NA	OFFICIAL_RSS_ONLY_TARGET_GENE_MATRIX_UNAVAILABLE	Table S13B; no target-gene edge matrix in downloaded official workbook
AMD	MG	ETS2_extended_-_-_(821r)	294	0.30426307	NA	NA	NA	NA	OFFICIAL_RSS_ONLY_TARGET_GENE_MATRIX_UNAVAILABLE	Table S13B; no target-gene edge matrix in downloaded official workbook
POAG	MG	ETS2_extended_-_-_(821r)	294	0.30426307	NA	NA	NA	NA	OFFICIAL_RSS_ONLY_TARGET_GENE_MATRIX_UNAVAILABLE	Table S13B; no target-gene edge matrix in downloaded official workbook
RE	MG	ETS2_extended_-_-_(821r)	294	0.30426307	NA	NA	NA	NA	OFFICIAL_RSS_ONLY_TARGET_GENE_MATRIX_UNAVAILABLE	Table S13B; no target-gene edge matrix in downloaded official workbook
AMD	MG	ETS2_-_-_(821r)	295	0.30426307	NA	NA	NA	NA	OFFICIAL_RSS_ONLY_TARGET_GENE_MATRIX_UNAVAILABLE	Table S13B; no target-gene edge matrix in downloaded official workbook
POAG	MG	ETS2_-_-_(821r)	295	0.30426307	NA	NA	NA	NA	OFFICIAL_RSS_ONLY_TARGET_GENE_MATRIX_UNAVAILABLE	Table S13B; no target-gene edge matrix in downloaded official workbook
RE	MG	ETS2_-_-_(821r)	295	0.30426307	NA	NA	NA	NA	OFFICIAL_RSS_ONLY_TARGET_GENE_MATRIX_UNAVAILABLE	Table S13B; no target-gene edge matrix in downloaded official workbook
AMD	MG	BNC2_+_+_(198r)	296	0.30401351	NA	NA	NA	NA	OFFICIAL_RSS_ONLY_TARGET_GENE_MATRIX_UNAVAILABLE	Table S13B; no target-gene edge matrix in downloaded official workbook
POAG	MG	BNC2_+_+_(198r)	296	0.30401351	NA	NA	NA	NA	OFFICIAL_RSS_ONLY_TARGET_GENE_MATRIX_UNAVAILABLE	Table S13B; no target-gene edge matrix in downloaded official workbook
RE	MG	BNC2_+_+_(198r)	296	0.30401351	NA	NA	NA	NA	OFFICIAL_RSS_ONLY_TARGET_GENE_MATRIX_UNAVAILABLE	Table S13B; no target-gene edge matrix in downloaded official workbook
AMD	MG	POU6F2_extended_+_+_(1164r)	297	0.30391923	NA	NA	NA	NA	OFFICIAL_RSS_ONLY_TARGET_GENE_MATRIX_UNAVAILABLE	Table S13B; no target-gene edge matrix in downloaded official workbook
POAG	MG	POU6F2_extended_+_+_(1164r)	297	0.30391923	NA	NA	NA	NA	OFFICIAL_RSS_ONLY_TARGET_GENE_MATRIX_UNAVAILABLE	Table S13B; no target-gene edge matrix in downloaded official workbook
RE	MG	POU6F2_extended_+_+_(1164r)	297	0.30391923	NA	NA	NA	NA	OFFICIAL_RSS_ONLY_TARGET_GENE_MATRIX_UNAVAILABLE	Table S13B; no target-gene edge matrix in downloaded official workbook
AMD	MG	PLAGL1_+_+_(134r)	298	0.30280721	NA	NA	NA	NA	OFFICIAL_RSS_ONLY_TARGET_GENE_MATRIX_UNAVAILABLE	Table S13B; no target-gene edge matrix in downloaded official workbook
POAG	MG	PLAGL1_+_+_(134r)	298	0.30280721	NA	NA	NA	NA	OFFICIAL_RSS_ONLY_TARGET_GENE_MATRIX_UNAVAILABLE	Table S13B; no target-gene edge matrix in downloaded official workbook
RE	MG	PLAGL1_+_+_(134r)	298	0.30280721	NA	NA	NA	NA	OFFICIAL_RSS_ONLY_TARGET_GENE_MATRIX_UNAVAILABLE	Table S13B; no target-gene edge matrix in downloaded official workbook
AMD	MG	RXRG_-_+_(20r)	299	0.30238739	NA	NA	NA	NA	OFFICIAL_RSS_ONLY_TARGET_GENE_MATRIX_UNAVAILABLE	Table S13B; no target-gene edge matrix in downloaded official workbook
POAG	MG	RXRG_-_+_(20r)	299	0.30238739	NA	NA	NA	NA	OFFICIAL_RSS_ONLY_TARGET_GENE_MATRIX_UNAVAILABLE	Table S13B; no target-gene edge matrix in downloaded official workbook
RE	MG	RXRG_-_+_(20r)	299	0.30238739	NA	NA	NA	NA	OFFICIAL_RSS_ONLY_TARGET_GENE_MATRIX_UNAVAILABLE	Table S13B; no target-gene edge matrix in downloaded official workbook
AMD	MG	ZNF385D_+_+_(251r)	300	0.30220729	NA	NA	NA	NA	OFFICIAL_RSS_ONLY_TARGET_GENE_MATRIX_UNAVAILABLE	Table S13B; no target-gene edge matrix in downloaded official workbook
POAG	MG	ZNF385D_+_+_(251r)	300	0.30220729	NA	NA	NA	NA	OFFICIAL_RSS_ONLY_TARGET_GENE_MATRIX_UNAVAILABLE	Table S13B; no target-gene edge matrix in downloaded official workbook
RE	MG	ZNF385D_+_+_(251r)	300	0.30220729	NA	NA	NA	NA	OFFICIAL_RSS_ONLY_TARGET_GENE_MATRIX_UNAVAILABLE	Table S13B; no target-gene edge matrix in downloaded official workbook
AMD	MG	ZNF385D_extended_+_+_(251r)	301	0.30220729	NA	NA	NA	NA	OFFICIAL_RSS_ONLY_TARGET_GENE_MATRIX_UNAVAILABLE	Table S13B; no target-gene edge matrix in downloaded official workbook
POAG	MG	ZNF385D_extended_+_+_(251r)	301	0.30220729	NA	NA	NA	NA	OFFICIAL_RSS_ONLY_TARGET_GENE_MATRIX_UNAVAILABLE	Table S13B; no target-gene edge matrix in downloaded official workbook
RE	MG	ZNF385D_extended_+_+_(251r)	301	0.30220729	NA	NA	NA	NA	OFFICIAL_RSS_ONLY_TARGET_GENE_MATRIX_UNAVAILABLE	Table S13B; no target-gene edge matrix in downloaded official workbook
AMD	MG	FOXJ2_+_+_(11r)	302	0.30109863	NA	NA	NA	NA	OFFICIAL_RSS_ONLY_TARGET_GENE_MATRIX_UNAVAILABLE	Table S13B; no target-gene edge matrix in downloaded official workbook
POAG	MG	FOXJ2_+_+_(11r)	302	0.30109863	NA	NA	NA	NA	OFFICIAL_RSS_ONLY_TARGET_GENE_MATRIX_UNAVAILABLE	Table S13B; no target-gene edge matrix in downloaded official workbook
RE	MG	FOXJ2_+_+_(11r)	302	0.30109863	NA	NA	NA	NA	OFFICIAL_RSS_ONLY_TARGET_GENE_MATRIX_UNAVAILABLE	Table S13B; no target-gene edge matrix in downloaded official workbook
AMD	MG	FOXJ2_extended_+_+_(11r)	303	0.30109863	NA	NA	NA	NA	OFFICIAL_RSS_ONLY_TARGET_GENE_MATRIX_UNAVAILABLE	Table S13B; no target-gene edge matrix in downloaded official workbook
POAG	MG	FOXJ2_extended_+_+_(11r)	303	0.30109863	NA	NA	NA	NA	OFFICIAL_RSS_ONLY_TARGET_GENE_MATRIX_UNAVAILABLE	Table S13B; no target-gene edge matrix in downloaded official workbook
RE	MG	FOXJ2_extended_+_+_(11r)	303	0.30109863	NA	NA	NA	NA	OFFICIAL_RSS_ONLY_TARGET_GENE_MATRIX_UNAVAILABLE	Table S13B; no target-gene edge matrix in downloaded official workbook
AMD	MG	ZNF485_+_+_(15r)	304	0.30102378	NA	NA	NA	NA	OFFICIAL_RSS_ONLY_TARGET_GENE_MATRIX_UNAVAILABLE	Table S13B; no target-gene edge matrix in downloaded official workbook
POAG	MG	ZNF485_+_+_(15r)	304	0.30102378	NA	NA	NA	NA	OFFICIAL_RSS_ONLY_TARGET_GENE_MATRIX_UNAVAILABLE	Table S13B; no target-gene edge matrix in downloaded official workbook
RE	MG	ZNF485_+_+_(15r)	304	0.30102378	NA	NA	NA	NA	OFFICIAL_RSS_ONLY_TARGET_GENE_MATRIX_UNAVAILABLE	Table S13B; no target-gene edge matrix in downloaded official workbook
AMD	MG	KLF15_+_-_(30r)	305	0.30059033	NA	NA	NA	NA	OFFICIAL_RSS_ONLY_TARGET_GENE_MATRIX_UNAVAILABLE	Table S13B; no target-gene edge matrix in downloaded official workbook
POAG	MG	KLF15_+_-_(30r)	305	0.30059033	NA	NA	NA	NA	OFFICIAL_RSS_ONLY_TARGET_GENE_MATRIX_UNAVAILABLE	Table S13B; no target-gene edge matrix in downloaded official workbook
RE	MG	KLF15_+_-_(30r)	305	0.30059033	NA	NA	NA	NA	OFFICIAL_RSS_ONLY_TARGET_GENE_MATRIX_UNAVAILABLE	Table S13B; no target-gene edge matrix in downloaded official workbook
AMD	MG	KLF15_extended_+_-_(30r)	306	0.30059033	NA	NA	NA	NA	OFFICIAL_RSS_ONLY_TARGET_GENE_MATRIX_UNAVAILABLE	Table S13B; no target-gene edge matrix in downloaded official workbook
POAG	MG	KLF15_extended_+_-_(30r)	306	0.30059033	NA	NA	NA	NA	OFFICIAL_RSS_ONLY_TARGET_GENE_MATRIX_UNAVAILABLE	Table S13B; no target-gene edge matrix in downloaded official workbook
RE	MG	KLF15_extended_+_-_(30r)	306	0.30059033	NA	NA	NA	NA	OFFICIAL_RSS_ONLY_TARGET_GENE_MATRIX_UNAVAILABLE	Table S13B; no target-gene edge matrix in downloaded official workbook
AMD	MG	ELF2_+_-_(2570r)	307	0.30057142	NA	NA	NA	NA	OFFICIAL_RSS_ONLY_TARGET_GENE_MATRIX_UNAVAILABLE	Table S13B; no target-gene edge matrix in downloaded official workbook
POAG	MG	ELF2_+_-_(2570r)	307	0.30057142	NA	NA	NA	NA	OFFICIAL_RSS_ONLY_TARGET_GENE_MATRIX_UNAVAILABLE	Table S13B; no target-gene edge matrix in downloaded official workbook
RE	MG	ELF2_+_-_(2570r)	307	0.30057142	NA	NA	NA	NA	OFFICIAL_RSS_ONLY_TARGET_GENE_MATRIX_UNAVAILABLE	Table S13B; no target-gene edge matrix in downloaded official workbook
AMD	MG	ELF2_extended_+_-_(2583r)	308	0.30022664	NA	NA	NA	NA	OFFICIAL_RSS_ONLY_TARGET_GENE_MATRIX_UNAVAILABLE	Table S13B; no target-gene edge matrix in downloaded official workbook
POAG	MG	ELF2_extended_+_-_(2583r)	308	0.30022664	NA	NA	NA	NA	OFFICIAL_RSS_ONLY_TARGET_GENE_MATRIX_UNAVAILABLE	Table S13B; no target-gene edge matrix in downloaded official workbook
RE	MG	ELF2_extended_+_-_(2583r)	308	0.30022664	NA	NA	NA	NA	OFFICIAL_RSS_ONLY_TARGET_GENE_MATRIX_UNAVAILABLE	Table S13B; no target-gene edge matrix in downloaded official workbook
AMD	MG	HSF2_extended_+_-_(35r)	309	0.29939778	NA	NA	NA	NA	OFFICIAL_RSS_ONLY_TARGET_GENE_MATRIX_UNAVAILABLE	Table S13B; no target-gene edge matrix in downloaded official workbook
POAG	MG	HSF2_extended_+_-_(35r)	309	0.29939778	NA	NA	NA	NA	OFFICIAL_RSS_ONLY_TARGET_GENE_MATRIX_UNAVAILABLE	Table S13B; no target-gene edge matrix in downloaded official workbook
RE	MG	HSF2_extended_+_-_(35r)	309	0.29939778	NA	NA	NA	NA	OFFICIAL_RSS_ONLY_TARGET_GENE_MATRIX_UNAVAILABLE	Table S13B; no target-gene edge matrix in downloaded official workbook
AMD	MG	ONECUT3_-_+_(27r)	310	0.29938853	NA	NA	NA	NA	OFFICIAL_RSS_ONLY_TARGET_GENE_MATRIX_UNAVAILABLE	Table S13B; no target-gene edge matrix in downloaded official workbook
POAG	MG	ONECUT3_-_+_(27r)	310	0.29938853	NA	NA	NA	NA	OFFICIAL_RSS_ONLY_TARGET_GENE_MATRIX_UNAVAILABLE	Table S13B; no target-gene edge matrix in downloaded official workbook
RE	MG	ONECUT3_-_+_(27r)	310	0.29938853	NA	NA	NA	NA	OFFICIAL_RSS_ONLY_TARGET_GENE_MATRIX_UNAVAILABLE	Table S13B; no target-gene edge matrix in downloaded official workbook
AMD	MG	ONECUT3_extended_-_+_(27r)	311	0.29938853	NA	NA	NA	NA	OFFICIAL_RSS_ONLY_TARGET_GENE_MATRIX_UNAVAILABLE	Table S13B; no target-gene edge matrix in downloaded official workbook
POAG	MG	ONECUT3_extended_-_+_(27r)	311	0.29938853	NA	NA	NA	NA	OFFICIAL_RSS_ONLY_TARGET_GENE_MATRIX_UNAVAILABLE	Table S13B; no target-gene edge matrix in downloaded official workbook
RE	MG	ONECUT3_extended_-_+_(27r)	311	0.29938853	NA	NA	NA	NA	OFFICIAL_RSS_ONLY_TARGET_GENE_MATRIX_UNAVAILABLE	Table S13B; no target-gene edge matrix in downloaded official workbook
AMD	MG	BNC2_extended_+_+_(164r)	312	0.29840816	NA	NA	NA	NA	OFFICIAL_RSS_ONLY_TARGET_GENE_MATRIX_UNAVAILABLE	Table S13B; no target-gene edge matrix in downloaded official workbook
POAG	MG	BNC2_extended_+_+_(164r)	312	0.29840816	NA	NA	NA	NA	OFFICIAL_RSS_ONLY_TARGET_GENE_MATRIX_UNAVAILABLE	Table S13B; no target-gene edge matrix in downloaded official workbook
RE	MG	BNC2_extended_+_+_(164r)	312	0.29840816	NA	NA	NA	NA	OFFICIAL_RSS_ONLY_TARGET_GENE_MATRIX_UNAVAILABLE	Table S13B; no target-gene edge matrix in downloaded official workbook
AMD	MG	TCF4_-_-_(194r)	313	0.2980154	NA	NA	NA	NA	OFFICIAL_RSS_ONLY_TARGET_GENE_MATRIX_UNAVAILABLE	Table S13B; no target-gene edge matrix in downloaded official workbook
POAG	MG	TCF4_-_-_(194r)	313	0.2980154	NA	NA	NA	NA	OFFICIAL_RSS_ONLY_TARGET_GENE_MATRIX_UNAVAILABLE	Table S13B; no target-gene edge matrix in downloaded official workbook
RE	MG	TCF4_-_-_(194r)	313	0.2980154	NA	NA	NA	NA	OFFICIAL_RSS_ONLY_TARGET_GENE_MATRIX_UNAVAILABLE	Table S13B; no target-gene edge matrix in downloaded official workbook
AMD	MG	TCF4_extended_-_-_(195r)	314	0.29801415	NA	NA	NA	NA	OFFICIAL_RSS_ONLY_TARGET_GENE_MATRIX_UNAVAILABLE	Table S13B; no target-gene edge matrix in downloaded official workbook
POAG	MG	TCF4_extended_-_-_(195r)	314	0.29801415	NA	NA	NA	NA	OFFICIAL_RSS_ONLY_TARGET_GENE_MATRIX_UNAVAILABLE	Table S13B; no target-gene edge matrix in downloaded official workbook
RE	MG	TCF4_extended_-_-_(195r)	314	0.29801415	NA	NA	NA	NA	OFFICIAL_RSS_ONLY_TARGET_GENE_MATRIX_UNAVAILABLE	Table S13B; no target-gene edge matrix in downloaded official workbook
AMD	MG	LHX3_+_+_(12r)	315	0.29754673	NA	NA	NA	NA	OFFICIAL_RSS_ONLY_TARGET_GENE_MATRIX_UNAVAILABLE	Table S13B; no target-gene edge matrix in downloaded official workbook
POAG	MG	LHX3_+_+_(12r)	315	0.29754673	NA	NA	NA	NA	OFFICIAL_RSS_ONLY_TARGET_GENE_MATRIX_UNAVAILABLE	Table S13B; no target-gene edge matrix in downloaded official workbook
RE	MG	LHX3_+_+_(12r)	315	0.29754673	NA	NA	NA	NA	OFFICIAL_RSS_ONLY_TARGET_GENE_MATRIX_UNAVAILABLE	Table S13B; no target-gene edge matrix in downloaded official workbook
AMD	MG	LHX1_+_+_(753r)	316	0.29704776	NA	NA	NA	NA	OFFICIAL_RSS_ONLY_TARGET_GENE_MATRIX_UNAVAILABLE	Table S13B; no target-gene edge matrix in downloaded official workbook
POAG	MG	LHX1_+_+_(753r)	316	0.29704776	NA	NA	NA	NA	OFFICIAL_RSS_ONLY_TARGET_GENE_MATRIX_UNAVAILABLE	Table S13B; no target-gene edge matrix in downloaded official workbook
RE	MG	LHX1_+_+_(753r)	316	0.29704776	NA	NA	NA	NA	OFFICIAL_RSS_ONLY_TARGET_GENE_MATRIX_UNAVAILABLE	Table S13B; no target-gene edge matrix in downloaded official workbook
AMD	MG	FLI1_+_-_(202r)	317	0.29625336	NA	NA	NA	NA	OFFICIAL_RSS_ONLY_TARGET_GENE_MATRIX_UNAVAILABLE	Table S13B; no target-gene edge matrix in downloaded official workbook
POAG	MG	FLI1_+_-_(202r)	317	0.29625336	NA	NA	NA	NA	OFFICIAL_RSS_ONLY_TARGET_GENE_MATRIX_UNAVAILABLE	Table S13B; no target-gene edge matrix in downloaded official workbook
RE	MG	FLI1_+_-_(202r)	317	0.29625336	NA	NA	NA	NA	OFFICIAL_RSS_ONLY_TARGET_GENE_MATRIX_UNAVAILABLE	Table S13B; no target-gene edge matrix in downloaded official workbook
AMD	MG	FLI1_extended_+_-_(202r)	318	0.29625336	NA	NA	NA	NA	OFFICIAL_RSS_ONLY_TARGET_GENE_MATRIX_UNAVAILABLE	Table S13B; no target-gene edge matrix in downloaded official workbook
POAG	MG	FLI1_extended_+_-_(202r)	318	0.29625336	NA	NA	NA	NA	OFFICIAL_RSS_ONLY_TARGET_GENE_MATRIX_UNAVAILABLE	Table S13B; no target-gene edge matrix in downloaded official workbook
RE	MG	FLI1_extended_+_-_(202r)	318	0.29625336	NA	NA	NA	NA	OFFICIAL_RSS_ONLY_TARGET_GENE_MATRIX_UNAVAILABLE	Table S13B; no target-gene edge matrix in downloaded official workbook
AMD	MG	NR6A1_extended_+_-_(11r)	319	0.29611203	NA	NA	NA	NA	OFFICIAL_RSS_ONLY_TARGET_GENE_MATRIX_UNAVAILABLE	Table S13B; no target-gene edge matrix in downloaded official workbook
POAG	MG	NR6A1_extended_+_-_(11r)	319	0.29611203	NA	NA	NA	NA	OFFICIAL_RSS_ONLY_TARGET_GENE_MATRIX_UNAVAILABLE	Table S13B; no target-gene edge matrix in downloaded official workbook
RE	MG	NR6A1_extended_+_-_(11r)	319	0.29611203	NA	NA	NA	NA	OFFICIAL_RSS_ONLY_TARGET_GENE_MATRIX_UNAVAILABLE	Table S13B; no target-gene edge matrix in downloaded official workbook
AMD	MG	NR6A1_+_-_(11r)	320	0.29611203	NA	NA	NA	NA	OFFICIAL_RSS_ONLY_TARGET_GENE_MATRIX_UNAVAILABLE	Table S13B; no target-gene edge matrix in downloaded official workbook
POAG	MG	NR6A1_+_-_(11r)	320	0.29611203	NA	NA	NA	NA	OFFICIAL_RSS_ONLY_TARGET_GENE_MATRIX_UNAVAILABLE	Table S13B; no target-gene edge matrix in downloaded official workbook
RE	MG	NR6A1_+_-_(11r)	320	0.29611203	NA	NA	NA	NA	OFFICIAL_RSS_ONLY_TARGET_GENE_MATRIX_UNAVAILABLE	Table S13B; no target-gene edge matrix in downloaded official workbook
AMD	MG	STAT6_+_+_(609r)	321	0.29610192	NA	NA	NA	NA	OFFICIAL_RSS_ONLY_TARGET_GENE_MATRIX_UNAVAILABLE	Table S13B; no target-gene edge matrix in downloaded official workbook
POAG	MG	STAT6_+_+_(609r)	321	0.29610192	NA	NA	NA	NA	OFFICIAL_RSS_ONLY_TARGET_GENE_MATRIX_UNAVAILABLE	Table S13B; no target-gene edge matrix in downloaded official workbook
RE	MG	STAT6_+_+_(609r)	321	0.29610192	NA	NA	NA	NA	OFFICIAL_RSS_ONLY_TARGET_GENE_MATRIX_UNAVAILABLE	Table S13B; no target-gene edge matrix in downloaded official workbook
AMD	MG	STAT6_extended_+_+_(611r)	322	0.29602112	NA	NA	NA	NA	OFFICIAL_RSS_ONLY_TARGET_GENE_MATRIX_UNAVAILABLE	Table S13B; no target-gene edge matrix in downloaded official workbook
POAG	MG	STAT6_extended_+_+_(611r)	322	0.29602112	NA	NA	NA	NA	OFFICIAL_RSS_ONLY_TARGET_GENE_MATRIX_UNAVAILABLE	Table S13B; no target-gene edge matrix in downloaded official workbook
RE	MG	STAT6_extended_+_+_(611r)	322	0.29602112	NA	NA	NA	NA	OFFICIAL_RSS_ONLY_TARGET_GENE_MATRIX_UNAVAILABLE	Table S13B; no target-gene edge matrix in downloaded official workbook
AMD	MG	PEG3_extended_+_+_(191r)	323	0.29507903	NA	NA	NA	NA	OFFICIAL_RSS_ONLY_TARGET_GENE_MATRIX_UNAVAILABLE	Table S13B; no target-gene edge matrix in downloaded official workbook
POAG	MG	PEG3_extended_+_+_(191r)	323	0.29507903	NA	NA	NA	NA	OFFICIAL_RSS_ONLY_TARGET_GENE_MATRIX_UNAVAILABLE	Table S13B; no target-gene edge matrix in downloaded official workbook
RE	MG	PEG3_extended_+_+_(191r)	323	0.29507903	NA	NA	NA	NA	OFFICIAL_RSS_ONLY_TARGET_GENE_MATRIX_UNAVAILABLE	Table S13B; no target-gene edge matrix in downloaded official workbook
AMD	MG	ZNF580_extended_+_+_(41r)	324	0.29402955	NA	NA	NA	NA	OFFICIAL_RSS_ONLY_TARGET_GENE_MATRIX_UNAVAILABLE	Table S13B; no target-gene edge matrix in downloaded official workbook
POAG	MG	ZNF580_extended_+_+_(41r)	324	0.29402955	NA	NA	NA	NA	OFFICIAL_RSS_ONLY_TARGET_GENE_MATRIX_UNAVAILABLE	Table S13B; no target-gene edge matrix in downloaded official workbook
RE	MG	ZNF580_extended_+_+_(41r)	324	0.29402955	NA	NA	NA	NA	OFFICIAL_RSS_ONLY_TARGET_GENE_MATRIX_UNAVAILABLE	Table S13B; no target-gene edge matrix in downloaded official workbook
AMD	MG	ZNF580_+_+_(41r)	325	0.29402955	NA	NA	NA	NA	OFFICIAL_RSS_ONLY_TARGET_GENE_MATRIX_UNAVAILABLE	Table S13B; no target-gene edge matrix in downloaded official workbook
POAG	MG	ZNF580_+_+_(41r)	325	0.29402955	NA	NA	NA	NA	OFFICIAL_RSS_ONLY_TARGET_GENE_MATRIX_UNAVAILABLE	Table S13B; no target-gene edge matrix in downloaded official workbook
RE	MG	ZNF580_+_+_(41r)	325	0.29402955	NA	NA	NA	NA	OFFICIAL_RSS_ONLY_TARGET_GENE_MATRIX_UNAVAILABLE	Table S13B; no target-gene edge matrix in downloaded official workbook
AMD	MG	AHCTF1_extended_+_+_(29r)	326	0.29386656	NA	NA	NA	NA	OFFICIAL_RSS_ONLY_TARGET_GENE_MATRIX_UNAVAILABLE	Table S13B; no target-gene edge matrix in downloaded official workbook
POAG	MG	AHCTF1_extended_+_+_(29r)	326	0.29386656	NA	NA	NA	NA	OFFICIAL_RSS_ONLY_TARGET_GENE_MATRIX_UNAVAILABLE	Table S13B; no target-gene edge matrix in downloaded official workbook
RE	MG	AHCTF1_extended_+_+_(29r)	326	0.29386656	NA	NA	NA	NA	OFFICIAL_RSS_ONLY_TARGET_GENE_MATRIX_UNAVAILABLE	Table S13B; no target-gene edge matrix in downloaded official workbook
AMD	MG	ZNF423_extended_+_+_(123r)	327	0.29268539	NA	NA	NA	NA	OFFICIAL_RSS_ONLY_TARGET_GENE_MATRIX_UNAVAILABLE	Table S13B; no target-gene edge matrix in downloaded official workbook
POAG	MG	ZNF423_extended_+_+_(123r)	327	0.29268539	NA	NA	NA	NA	OFFICIAL_RSS_ONLY_TARGET_GENE_MATRIX_UNAVAILABLE	Table S13B; no target-gene edge matrix in downloaded official workbook
RE	MG	ZNF423_extended_+_+_(123r)	327	0.29268539	NA	NA	NA	NA	OFFICIAL_RSS_ONLY_TARGET_GENE_MATRIX_UNAVAILABLE	Table S13B; no target-gene edge matrix in downloaded official workbook
AMD	MG	ZNF423_+_+_(123r)	328	0.29268539	NA	NA	NA	NA	OFFICIAL_RSS_ONLY_TARGET_GENE_MATRIX_UNAVAILABLE	Table S13B; no target-gene edge matrix in downloaded official workbook
POAG	MG	ZNF423_+_+_(123r)	328	0.29268539	NA	NA	NA	NA	OFFICIAL_RSS_ONLY_TARGET_GENE_MATRIX_UNAVAILABLE	Table S13B; no target-gene edge matrix in downloaded official workbook
RE	MG	ZNF423_+_+_(123r)	328	0.29268539	NA	NA	NA	NA	OFFICIAL_RSS_ONLY_TARGET_GENE_MATRIX_UNAVAILABLE	Table S13B; no target-gene edge matrix in downloaded official workbook
AMD	MG	PLAGL1_extended_+_+_(341r)	329	0.29247252	NA	NA	NA	NA	OFFICIAL_RSS_ONLY_TARGET_GENE_MATRIX_UNAVAILABLE	Table S13B; no target-gene edge matrix in downloaded official workbook
POAG	MG	PLAGL1_extended_+_+_(341r)	329	0.29247252	NA	NA	NA	NA	OFFICIAL_RSS_ONLY_TARGET_GENE_MATRIX_UNAVAILABLE	Table S13B; no target-gene edge matrix in downloaded official workbook
RE	MG	PLAGL1_extended_+_+_(341r)	329	0.29247252	NA	NA	NA	NA	OFFICIAL_RSS_ONLY_TARGET_GENE_MATRIX_UNAVAILABLE	Table S13B; no target-gene edge matrix in downloaded official workbook
AMD	MG	KLF5_extended_+_-_(56r)	330	0.2923061	NA	NA	NA	NA	OFFICIAL_RSS_ONLY_TARGET_GENE_MATRIX_UNAVAILABLE	Table S13B; no target-gene edge matrix in downloaded official workbook
POAG	MG	KLF5_extended_+_-_(56r)	330	0.2923061	NA	NA	NA	NA	OFFICIAL_RSS_ONLY_TARGET_GENE_MATRIX_UNAVAILABLE	Table S13B; no target-gene edge matrix in downloaded official workbook
RE	MG	KLF5_extended_+_-_(56r)	330	0.2923061	NA	NA	NA	NA	OFFICIAL_RSS_ONLY_TARGET_GENE_MATRIX_UNAVAILABLE	Table S13B; no target-gene edge matrix in downloaded official workbook
AMD	MG	LHX1_extended_+_+_(904r)	331	0.29177658	NA	NA	NA	NA	OFFICIAL_RSS_ONLY_TARGET_GENE_MATRIX_UNAVAILABLE	Table S13B; no target-gene edge matrix in downloaded official workbook
POAG	MG	LHX1_extended_+_+_(904r)	331	0.29177658	NA	NA	NA	NA	OFFICIAL_RSS_ONLY_TARGET_GENE_MATRIX_UNAVAILABLE	Table S13B; no target-gene edge matrix in downloaded official workbook
RE	MG	LHX1_extended_+_+_(904r)	331	0.29177658	NA	NA	NA	NA	OFFICIAL_RSS_ONLY_TARGET_GENE_MATRIX_UNAVAILABLE	Table S13B; no target-gene edge matrix in downloaded official workbook
AMD	MG	ZFP37_extended_+_+_(55r)	332	0.29162358	NA	NA	NA	NA	OFFICIAL_RSS_ONLY_TARGET_GENE_MATRIX_UNAVAILABLE	Table S13B; no target-gene edge matrix in downloaded official workbook
POAG	MG	ZFP37_extended_+_+_(55r)	332	0.29162358	NA	NA	NA	NA	OFFICIAL_RSS_ONLY_TARGET_GENE_MATRIX_UNAVAILABLE	Table S13B; no target-gene edge matrix in downloaded official workbook
RE	MG	ZFP37_extended_+_+_(55r)	332	0.29162358	NA	NA	NA	NA	OFFICIAL_RSS_ONLY_TARGET_GENE_MATRIX_UNAVAILABLE	Table S13B; no target-gene edge matrix in downloaded official workbook
AMD	MG	NFATC2_-_-_(147r)	333	0.29037496	NA	NA	NA	NA	OFFICIAL_RSS_ONLY_TARGET_GENE_MATRIX_UNAVAILABLE	Table S13B; no target-gene edge matrix in downloaded official workbook
POAG	MG	NFATC2_-_-_(147r)	333	0.29037496	NA	NA	NA	NA	OFFICIAL_RSS_ONLY_TARGET_GENE_MATRIX_UNAVAILABLE	Table S13B; no target-gene edge matrix in downloaded official workbook
RE	MG	NFATC2_-_-_(147r)	333	0.29037496	NA	NA	NA	NA	OFFICIAL_RSS_ONLY_TARGET_GENE_MATRIX_UNAVAILABLE	Table S13B; no target-gene edge matrix in downloaded official workbook
AMD	MG	NFATC2_extended_-_-_(147r)	334	0.29037496	NA	NA	NA	NA	OFFICIAL_RSS_ONLY_TARGET_GENE_MATRIX_UNAVAILABLE	Table S13B; no target-gene edge matrix in downloaded official workbook
POAG	MG	NFATC2_extended_-_-_(147r)	334	0.29037496	NA	NA	NA	NA	OFFICIAL_RSS_ONLY_TARGET_GENE_MATRIX_UNAVAILABLE	Table S13B; no target-gene edge matrix in downloaded official workbook
RE	MG	NFATC2_extended_-_-_(147r)	334	0.29037496	NA	NA	NA	NA	OFFICIAL_RSS_ONLY_TARGET_GENE_MATRIX_UNAVAILABLE	Table S13B; no target-gene edge matrix in downloaded official workbook
AMD	MG	NPAS2_extended_+_+_(111r)	335	0.29007509	NA	NA	NA	NA	OFFICIAL_RSS_ONLY_TARGET_GENE_MATRIX_UNAVAILABLE	Table S13B; no target-gene edge matrix in downloaded official workbook
POAG	MG	NPAS2_extended_+_+_(111r)	335	0.29007509	NA	NA	NA	NA	OFFICIAL_RSS_ONLY_TARGET_GENE_MATRIX_UNAVAILABLE	Table S13B; no target-gene edge matrix in downloaded official workbook
RE	MG	NPAS2_extended_+_+_(111r)	335	0.29007509	NA	NA	NA	NA	OFFICIAL_RSS_ONLY_TARGET_GENE_MATRIX_UNAVAILABLE	Table S13B; no target-gene edge matrix in downloaded official workbook
AMD	MG	ETV6_extended_-_-_(346r)	336	0.28937894	NA	NA	NA	NA	OFFICIAL_RSS_ONLY_TARGET_GENE_MATRIX_UNAVAILABLE	Table S13B; no target-gene edge matrix in downloaded official workbook
POAG	MG	ETV6_extended_-_-_(346r)	336	0.28937894	NA	NA	NA	NA	OFFICIAL_RSS_ONLY_TARGET_GENE_MATRIX_UNAVAILABLE	Table S13B; no target-gene edge matrix in downloaded official workbook
RE	MG	ETV6_extended_-_-_(346r)	336	0.28937894	NA	NA	NA	NA	OFFICIAL_RSS_ONLY_TARGET_GENE_MATRIX_UNAVAILABLE	Table S13B; no target-gene edge matrix in downloaded official workbook
AMD	MG	NPAS2_+_+_(92r)	337	0.28915039	NA	NA	NA	NA	OFFICIAL_RSS_ONLY_TARGET_GENE_MATRIX_UNAVAILABLE	Table S13B; no target-gene edge matrix in downloaded official workbook
POAG	MG	NPAS2_+_+_(92r)	337	0.28915039	NA	NA	NA	NA	OFFICIAL_RSS_ONLY_TARGET_GENE_MATRIX_UNAVAILABLE	Table S13B; no target-gene edge matrix in downloaded official workbook
RE	MG	NPAS2_+_+_(92r)	337	0.28915039	NA	NA	NA	NA	OFFICIAL_RSS_ONLY_TARGET_GENE_MATRIX_UNAVAILABLE	Table S13B; no target-gene edge matrix in downloaded official workbook
AMD	MG	STAT5A_-_-_(19r)	338	0.28849661	NA	NA	NA	NA	OFFICIAL_RSS_ONLY_TARGET_GENE_MATRIX_UNAVAILABLE	Table S13B; no target-gene edge matrix in downloaded official workbook
POAG	MG	STAT5A_-_-_(19r)	338	0.28849661	NA	NA	NA	NA	OFFICIAL_RSS_ONLY_TARGET_GENE_MATRIX_UNAVAILABLE	Table S13B; no target-gene edge matrix in downloaded official workbook
RE	MG	STAT5A_-_-_(19r)	338	0.28849661	NA	NA	NA	NA	OFFICIAL_RSS_ONLY_TARGET_GENE_MATRIX_UNAVAILABLE	Table S13B; no target-gene edge matrix in downloaded official workbook
AMD	MG	MEF2D_extended_+_-_(248r)	339	0.28803935	NA	NA	NA	NA	OFFICIAL_RSS_ONLY_TARGET_GENE_MATRIX_UNAVAILABLE	Table S13B; no target-gene edge matrix in downloaded official workbook
POAG	MG	MEF2D_extended_+_-_(248r)	339	0.28803935	NA	NA	NA	NA	OFFICIAL_RSS_ONLY_TARGET_GENE_MATRIX_UNAVAILABLE	Table S13B; no target-gene edge matrix in downloaded official workbook
RE	MG	MEF2D_extended_+_-_(248r)	339	0.28803935	NA	NA	NA	NA	OFFICIAL_RSS_ONLY_TARGET_GENE_MATRIX_UNAVAILABLE	Table S13B; no target-gene edge matrix in downloaded official workbook
AMD	MG	MEF2D_+_-_(248r)	340	0.28803935	NA	NA	NA	NA	OFFICIAL_RSS_ONLY_TARGET_GENE_MATRIX_UNAVAILABLE	Table S13B; no target-gene edge matrix in downloaded official workbook
POAG	MG	MEF2D_+_-_(248r)	340	0.28803935	NA	NA	NA	NA	OFFICIAL_RSS_ONLY_TARGET_GENE_MATRIX_UNAVAILABLE	Table S13B; no target-gene edge matrix in downloaded official workbook
RE	MG	MEF2D_+_-_(248r)	340	0.28803935	NA	NA	NA	NA	OFFICIAL_RSS_ONLY_TARGET_GENE_MATRIX_UNAVAILABLE	Table S13B; no target-gene edge matrix in downloaded official workbook
AMD	MG	NEUROD1_+_-_(825r)	341	0.28535124	NA	NA	NA	NA	OFFICIAL_RSS_ONLY_TARGET_GENE_MATRIX_UNAVAILABLE	Table S13B; no target-gene edge matrix in downloaded official workbook
POAG	MG	NEUROD1_+_-_(825r)	341	0.28535124	NA	NA	NA	NA	OFFICIAL_RSS_ONLY_TARGET_GENE_MATRIX_UNAVAILABLE	Table S13B; no target-gene edge matrix in downloaded official workbook
RE	MG	NEUROD1_+_-_(825r)	341	0.28535124	NA	NA	NA	NA	OFFICIAL_RSS_ONLY_TARGET_GENE_MATRIX_UNAVAILABLE	Table S13B; no target-gene edge matrix in downloaded official workbook
AMD	MG	NEUROD1_extended_+_-_(842r)	342	0.28532228	NA	NA	NA	NA	OFFICIAL_RSS_ONLY_TARGET_GENE_MATRIX_UNAVAILABLE	Table S13B; no target-gene edge matrix in downloaded official workbook
POAG	MG	NEUROD1_extended_+_-_(842r)	342	0.28532228	NA	NA	NA	NA	OFFICIAL_RSS_ONLY_TARGET_GENE_MATRIX_UNAVAILABLE	Table S13B; no target-gene edge matrix in downloaded official workbook
RE	MG	NEUROD1_extended_+_-_(842r)	342	0.28532228	NA	NA	NA	NA	OFFICIAL_RSS_ONLY_TARGET_GENE_MATRIX_UNAVAILABLE	Table S13B; no target-gene edge matrix in downloaded official workbook
AMD	MG	KLF7_+_+_(2017r)	343	0.28490573	NA	NA	NA	NA	OFFICIAL_RSS_ONLY_TARGET_GENE_MATRIX_UNAVAILABLE	Table S13B; no target-gene edge matrix in downloaded official workbook
POAG	MG	KLF7_+_+_(2017r)	343	0.28490573	NA	NA	NA	NA	OFFICIAL_RSS_ONLY_TARGET_GENE_MATRIX_UNAVAILABLE	Table S13B; no target-gene edge matrix in downloaded official workbook
RE	MG	KLF7_+_+_(2017r)	343	0.28490573	NA	NA	NA	NA	OFFICIAL_RSS_ONLY_TARGET_GENE_MATRIX_UNAVAILABLE	Table S13B; no target-gene edge matrix in downloaded official workbook
AMD	MG	ZBTB43_extended_+_+_(12r)	344	0.28472166	NA	NA	NA	NA	OFFICIAL_RSS_ONLY_TARGET_GENE_MATRIX_UNAVAILABLE	Table S13B; no target-gene edge matrix in downloaded official workbook
POAG	MG	ZBTB43_extended_+_+_(12r)	344	0.28472166	NA	NA	NA	NA	OFFICIAL_RSS_ONLY_TARGET_GENE_MATRIX_UNAVAILABLE	Table S13B; no target-gene edge matrix in downloaded official workbook
RE	MG	ZBTB43_extended_+_+_(12r)	344	0.28472166	NA	NA	NA	NA	OFFICIAL_RSS_ONLY_TARGET_GENE_MATRIX_UNAVAILABLE	Table S13B; no target-gene edge matrix in downloaded official workbook
AMD	MG	RXRG_extended_-_+_(24r)	345	0.28451337	NA	NA	NA	NA	OFFICIAL_RSS_ONLY_TARGET_GENE_MATRIX_UNAVAILABLE	Table S13B; no target-gene edge matrix in downloaded official workbook
POAG	MG	RXRG_extended_-_+_(24r)	345	0.28451337	NA	NA	NA	NA	OFFICIAL_RSS_ONLY_TARGET_GENE_MATRIX_UNAVAILABLE	Table S13B; no target-gene edge matrix in downloaded official workbook
RE	MG	RXRG_extended_-_+_(24r)	345	0.28451337	NA	NA	NA	NA	OFFICIAL_RSS_ONLY_TARGET_GENE_MATRIX_UNAVAILABLE	Table S13B; no target-gene edge matrix in downloaded official workbook
AMD	MG	ZIC4_extended_+_+_(26r)	346	0.28426932	NA	NA	NA	NA	OFFICIAL_RSS_ONLY_TARGET_GENE_MATRIX_UNAVAILABLE	Table S13B; no target-gene edge matrix in downloaded official workbook
POAG	MG	ZIC4_extended_+_+_(26r)	346	0.28426932	NA	NA	NA	NA	OFFICIAL_RSS_ONLY_TARGET_GENE_MATRIX_UNAVAILABLE	Table S13B; no target-gene edge matrix in downloaded official workbook
RE	MG	ZIC4_extended_+_+_(26r)	346	0.28426932	NA	NA	NA	NA	OFFICIAL_RSS_ONLY_TARGET_GENE_MATRIX_UNAVAILABLE	Table S13B; no target-gene edge matrix in downloaded official workbook
AMD	MG	ZIC4_+_+_(26r)	347	0.28426932	NA	NA	NA	NA	OFFICIAL_RSS_ONLY_TARGET_GENE_MATRIX_UNAVAILABLE	Table S13B; no target-gene edge matrix in downloaded official workbook
POAG	MG	ZIC4_+_+_(26r)	347	0.28426932	NA	NA	NA	NA	OFFICIAL_RSS_ONLY_TARGET_GENE_MATRIX_UNAVAILABLE	Table S13B; no target-gene edge matrix in downloaded official workbook
RE	MG	ZIC4_+_+_(26r)	347	0.28426932	NA	NA	NA	NA	OFFICIAL_RSS_ONLY_TARGET_GENE_MATRIX_UNAVAILABLE	Table S13B; no target-gene edge matrix in downloaded official workbook
AMD	MG	ZNF737_+_+_(140r)	348	0.28421253	NA	NA	NA	NA	OFFICIAL_RSS_ONLY_TARGET_GENE_MATRIX_UNAVAILABLE	Table S13B; no target-gene edge matrix in downloaded official workbook
POAG	MG	ZNF737_+_+_(140r)	348	0.28421253	NA	NA	NA	NA	OFFICIAL_RSS_ONLY_TARGET_GENE_MATRIX_UNAVAILABLE	Table S13B; no target-gene edge matrix in downloaded official workbook
RE	MG	ZNF737_+_+_(140r)	348	0.28421253	NA	NA	NA	NA	OFFICIAL_RSS_ONLY_TARGET_GENE_MATRIX_UNAVAILABLE	Table S13B; no target-gene edge matrix in downloaded official workbook
AMD	MG	ISL1_+_+_(152r)	349	0.28385896	NA	NA	NA	NA	OFFICIAL_RSS_ONLY_TARGET_GENE_MATRIX_UNAVAILABLE	Table S13B; no target-gene edge matrix in downloaded official workbook
POAG	MG	ISL1_+_+_(152r)	349	0.28385896	NA	NA	NA	NA	OFFICIAL_RSS_ONLY_TARGET_GENE_MATRIX_UNAVAILABLE	Table S13B; no target-gene edge matrix in downloaded official workbook
RE	MG	ISL1_+_+_(152r)	349	0.28385896	NA	NA	NA	NA	OFFICIAL_RSS_ONLY_TARGET_GENE_MATRIX_UNAVAILABLE	Table S13B; no target-gene edge matrix in downloaded official workbook
AMD	MG	HLF_extended_+_+_(200r)	350	0.28361643	NA	NA	NA	NA	OFFICIAL_RSS_ONLY_TARGET_GENE_MATRIX_UNAVAILABLE	Table S13B; no target-gene edge matrix in downloaded official workbook
POAG	MG	HLF_extended_+_+_(200r)	350	0.28361643	NA	NA	NA	NA	OFFICIAL_RSS_ONLY_TARGET_GENE_MATRIX_UNAVAILABLE	Table S13B; no target-gene edge matrix in downloaded official workbook
RE	MG	HLF_extended_+_+_(200r)	350	0.28361643	NA	NA	NA	NA	OFFICIAL_RSS_ONLY_TARGET_GENE_MATRIX_UNAVAILABLE	Table S13B; no target-gene edge matrix in downloaded official workbook
AMD	MG	MYC_+_-_(20r)	351	0.28308228	NA	NA	NA	NA	OFFICIAL_RSS_ONLY_TARGET_GENE_MATRIX_UNAVAILABLE	Table S13B; no target-gene edge matrix in downloaded official workbook
POAG	MG	MYC_+_-_(20r)	351	0.28308228	NA	NA	NA	NA	OFFICIAL_RSS_ONLY_TARGET_GENE_MATRIX_UNAVAILABLE	Table S13B; no target-gene edge matrix in downloaded official workbook
RE	MG	MYC_+_-_(20r)	351	0.28308228	NA	NA	NA	NA	OFFICIAL_RSS_ONLY_TARGET_GENE_MATRIX_UNAVAILABLE	Table S13B; no target-gene edge matrix in downloaded official workbook
AMD	MG	MYC_extended_+_-_(20r)	352	0.28308228	NA	NA	NA	NA	OFFICIAL_RSS_ONLY_TARGET_GENE_MATRIX_UNAVAILABLE	Table S13B; no target-gene edge matrix in downloaded official workbook
POAG	MG	MYC_extended_+_-_(20r)	352	0.28308228	NA	NA	NA	NA	OFFICIAL_RSS_ONLY_TARGET_GENE_MATRIX_UNAVAILABLE	Table S13B; no target-gene edge matrix in downloaded official workbook
RE	MG	MYC_extended_+_-_(20r)	352	0.28308228	NA	NA	NA	NA	OFFICIAL_RSS_ONLY_TARGET_GENE_MATRIX_UNAVAILABLE	Table S13B; no target-gene edge matrix in downloaded official workbook
AMD	MG	ONECUT2_-_+_(15r)	353	0.28306849	NA	NA	NA	NA	OFFICIAL_RSS_ONLY_TARGET_GENE_MATRIX_UNAVAILABLE	Table S13B; no target-gene edge matrix in downloaded official workbook
POAG	MG	ONECUT2_-_+_(15r)	353	0.28306849	NA	NA	NA	NA	OFFICIAL_RSS_ONLY_TARGET_GENE_MATRIX_UNAVAILABLE	Table S13B; no target-gene edge matrix in downloaded official workbook
RE	MG	ONECUT2_-_+_(15r)	353	0.28306849	NA	NA	NA	NA	OFFICIAL_RSS_ONLY_TARGET_GENE_MATRIX_UNAVAILABLE	Table S13B; no target-gene edge matrix in downloaded official workbook
AMD	MG	ONECUT2_extended_-_+_(15r)	354	0.28306849	NA	NA	NA	NA	OFFICIAL_RSS_ONLY_TARGET_GENE_MATRIX_UNAVAILABLE	Table S13B; no target-gene edge matrix in downloaded official workbook
POAG	MG	ONECUT2_extended_-_+_(15r)	354	0.28306849	NA	NA	NA	NA	OFFICIAL_RSS_ONLY_TARGET_GENE_MATRIX_UNAVAILABLE	Table S13B; no target-gene edge matrix in downloaded official workbook
RE	MG	ONECUT2_extended_-_+_(15r)	354	0.28306849	NA	NA	NA	NA	OFFICIAL_RSS_ONLY_TARGET_GENE_MATRIX_UNAVAILABLE	Table S13B; no target-gene edge matrix in downloaded official workbook
AMD	MG	ZNF737_extended_+_+_(138r)	355	0.28232849	NA	NA	NA	NA	OFFICIAL_RSS_ONLY_TARGET_GENE_MATRIX_UNAVAILABLE	Table S13B; no target-gene edge matrix in downloaded official workbook
POAG	MG	ZNF737_extended_+_+_(138r)	355	0.28232849	NA	NA	NA	NA	OFFICIAL_RSS_ONLY_TARGET_GENE_MATRIX_UNAVAILABLE	Table S13B; no target-gene edge matrix in downloaded official workbook
RE	MG	ZNF737_extended_+_+_(138r)	355	0.28232849	NA	NA	NA	NA	OFFICIAL_RSS_ONLY_TARGET_GENE_MATRIX_UNAVAILABLE	Table S13B; no target-gene edge matrix in downloaded official workbook
AMD	MG	KLF13_+_+_(988r)	356	0.28226998	NA	NA	NA	NA	OFFICIAL_RSS_ONLY_TARGET_GENE_MATRIX_UNAVAILABLE	Table S13B; no target-gene edge matrix in downloaded official workbook
POAG	MG	KLF13_+_+_(988r)	356	0.28226998	NA	NA	NA	NA	OFFICIAL_RSS_ONLY_TARGET_GENE_MATRIX_UNAVAILABLE	Table S13B; no target-gene edge matrix in downloaded official workbook
RE	MG	KLF13_+_+_(988r)	356	0.28226998	NA	NA	NA	NA	OFFICIAL_RSS_ONLY_TARGET_GENE_MATRIX_UNAVAILABLE	Table S13B; no target-gene edge matrix in downloaded official workbook
AMD	MG	KLF5_+_-_(43r)	357	0.2819512	NA	NA	NA	NA	OFFICIAL_RSS_ONLY_TARGET_GENE_MATRIX_UNAVAILABLE	Table S13B; no target-gene edge matrix in downloaded official workbook
POAG	MG	KLF5_+_-_(43r)	357	0.2819512	NA	NA	NA	NA	OFFICIAL_RSS_ONLY_TARGET_GENE_MATRIX_UNAVAILABLE	Table S13B; no target-gene edge matrix in downloaded official workbook
RE	MG	KLF5_+_-_(43r)	357	0.2819512	NA	NA	NA	NA	OFFICIAL_RSS_ONLY_TARGET_GENE_MATRIX_UNAVAILABLE	Table S13B; no target-gene edge matrix in downloaded official workbook
AMD	MG	BCL11B_extended_+_+_(36r)	358	0.28193256	NA	NA	NA	NA	OFFICIAL_RSS_ONLY_TARGET_GENE_MATRIX_UNAVAILABLE	Table S13B; no target-gene edge matrix in downloaded official workbook
POAG	MG	BCL11B_extended_+_+_(36r)	358	0.28193256	NA	NA	NA	NA	OFFICIAL_RSS_ONLY_TARGET_GENE_MATRIX_UNAVAILABLE	Table S13B; no target-gene edge matrix in downloaded official workbook
RE	MG	BCL11B_extended_+_+_(36r)	358	0.28193256	NA	NA	NA	NA	OFFICIAL_RSS_ONLY_TARGET_GENE_MATRIX_UNAVAILABLE	Table S13B; no target-gene edge matrix in downloaded official workbook
AMD	MG	PPARA_+_-_(156r)	359	0.28077559	NA	NA	NA	NA	OFFICIAL_RSS_ONLY_TARGET_GENE_MATRIX_UNAVAILABLE	Table S13B; no target-gene edge matrix in downloaded official workbook
POAG	MG	PPARA_+_-_(156r)	359	0.28077559	NA	NA	NA	NA	OFFICIAL_RSS_ONLY_TARGET_GENE_MATRIX_UNAVAILABLE	Table S13B; no target-gene edge matrix in downloaded official workbook
RE	MG	PPARA_+_-_(156r)	359	0.28077559	NA	NA	NA	NA	OFFICIAL_RSS_ONLY_TARGET_GENE_MATRIX_UNAVAILABLE	Table S13B; no target-gene edge matrix in downloaded official workbook
AMD	MG	PPARA_extended_+_-_(156r)	360	0.28077559	NA	NA	NA	NA	OFFICIAL_RSS_ONLY_TARGET_GENE_MATRIX_UNAVAILABLE	Table S13B; no target-gene edge matrix in downloaded official workbook
POAG	MG	PPARA_extended_+_-_(156r)	360	0.28077559	NA	NA	NA	NA	OFFICIAL_RSS_ONLY_TARGET_GENE_MATRIX_UNAVAILABLE	Table S13B; no target-gene edge matrix in downloaded official workbook
RE	MG	PPARA_extended_+_-_(156r)	360	0.28077559	NA	NA	NA	NA	OFFICIAL_RSS_ONLY_TARGET_GENE_MATRIX_UNAVAILABLE	Table S13B; no target-gene edge matrix in downloaded official workbook
AMD	MG	EPAS1_-_+_(29r)	361	0.28049754	NA	NA	NA	NA	OFFICIAL_RSS_ONLY_TARGET_GENE_MATRIX_UNAVAILABLE	Table S13B; no target-gene edge matrix in downloaded official workbook
POAG	MG	EPAS1_-_+_(29r)	361	0.28049754	NA	NA	NA	NA	OFFICIAL_RSS_ONLY_TARGET_GENE_MATRIX_UNAVAILABLE	Table S13B; no target-gene edge matrix in downloaded official workbook
RE	MG	EPAS1_-_+_(29r)	361	0.28049754	NA	NA	NA	NA	OFFICIAL_RSS_ONLY_TARGET_GENE_MATRIX_UNAVAILABLE	Table S13B; no target-gene edge matrix in downloaded official workbook
AMD	MG	EPAS1_extended_-_+_(29r)	362	0.28049754	NA	NA	NA	NA	OFFICIAL_RSS_ONLY_TARGET_GENE_MATRIX_UNAVAILABLE	Table S13B; no target-gene edge matrix in downloaded official workbook
POAG	MG	EPAS1_extended_-_+_(29r)	362	0.28049754	NA	NA	NA	NA	OFFICIAL_RSS_ONLY_TARGET_GENE_MATRIX_UNAVAILABLE	Table S13B; no target-gene edge matrix in downloaded official workbook
RE	MG	EPAS1_extended_-_+_(29r)	362	0.28049754	NA	NA	NA	NA	OFFICIAL_RSS_ONLY_TARGET_GENE_MATRIX_UNAVAILABLE	Table S13B; no target-gene edge matrix in downloaded official workbook
AMD	MG	PKNOX2_extended_+_+_(118r)	363	0.28011595	NA	NA	NA	NA	OFFICIAL_RSS_ONLY_TARGET_GENE_MATRIX_UNAVAILABLE	Table S13B; no target-gene edge matrix in downloaded official workbook
POAG	MG	PKNOX2_extended_+_+_(118r)	363	0.28011595	NA	NA	NA	NA	OFFICIAL_RSS_ONLY_TARGET_GENE_MATRIX_UNAVAILABLE	Table S13B; no target-gene edge matrix in downloaded official workbook
RE	MG	PKNOX2_extended_+_+_(118r)	363	0.28011595	NA	NA	NA	NA	OFFICIAL_RSS_ONLY_TARGET_GENE_MATRIX_UNAVAILABLE	Table S13B; no target-gene edge matrix in downloaded official workbook
AMD	MG	LHX9_-_+_(46r)	364	0.27975917	NA	NA	NA	NA	OFFICIAL_RSS_ONLY_TARGET_GENE_MATRIX_UNAVAILABLE	Table S13B; no target-gene edge matrix in downloaded official workbook
POAG	MG	LHX9_-_+_(46r)	364	0.27975917	NA	NA	NA	NA	OFFICIAL_RSS_ONLY_TARGET_GENE_MATRIX_UNAVAILABLE	Table S13B; no target-gene edge matrix in downloaded official workbook
RE	MG	LHX9_-_+_(46r)	364	0.27975917	NA	NA	NA	NA	OFFICIAL_RSS_ONLY_TARGET_GENE_MATRIX_UNAVAILABLE	Table S13B; no target-gene edge matrix in downloaded official workbook
AMD	MG	NEUROD1_extended_-_+_(49r)	365	0.27947207	NA	NA	NA	NA	OFFICIAL_RSS_ONLY_TARGET_GENE_MATRIX_UNAVAILABLE	Table S13B; no target-gene edge matrix in downloaded official workbook
POAG	MG	NEUROD1_extended_-_+_(49r)	365	0.27947207	NA	NA	NA	NA	OFFICIAL_RSS_ONLY_TARGET_GENE_MATRIX_UNAVAILABLE	Table S13B; no target-gene edge matrix in downloaded official workbook
RE	MG	NEUROD1_extended_-_+_(49r)	365	0.27947207	NA	NA	NA	NA	OFFICIAL_RSS_ONLY_TARGET_GENE_MATRIX_UNAVAILABLE	Table S13B; no target-gene edge matrix in downloaded official workbook
AMD	MG	NEUROD1_-_+_(49r)	366	0.27947207	NA	NA	NA	NA	OFFICIAL_RSS_ONLY_TARGET_GENE_MATRIX_UNAVAILABLE	Table S13B; no target-gene edge matrix in downloaded official workbook
POAG	MG	NEUROD1_-_+_(49r)	366	0.27947207	NA	NA	NA	NA	OFFICIAL_RSS_ONLY_TARGET_GENE_MATRIX_UNAVAILABLE	Table S13B; no target-gene edge matrix in downloaded official workbook
RE	MG	NEUROD1_-_+_(49r)	366	0.27947207	NA	NA	NA	NA	OFFICIAL_RSS_ONLY_TARGET_GENE_MATRIX_UNAVAILABLE	Table S13B; no target-gene edge matrix in downloaded official workbook
AMD	MG	KLF7_extended_+_+_(2408r)	367	0.27926879	NA	NA	NA	NA	OFFICIAL_RSS_ONLY_TARGET_GENE_MATRIX_UNAVAILABLE	Table S13B; no target-gene edge matrix in downloaded official workbook
POAG	MG	KLF7_extended_+_+_(2408r)	367	0.27926879	NA	NA	NA	NA	OFFICIAL_RSS_ONLY_TARGET_GENE_MATRIX_UNAVAILABLE	Table S13B; no target-gene edge matrix in downloaded official workbook
RE	MG	KLF7_extended_+_+_(2408r)	367	0.27926879	NA	NA	NA	NA	OFFICIAL_RSS_ONLY_TARGET_GENE_MATRIX_UNAVAILABLE	Table S13B; no target-gene edge matrix in downloaded official workbook
AMD	MG	ESR2_extended_+_-_(97r)	368	0.27839655	NA	NA	NA	NA	OFFICIAL_RSS_ONLY_TARGET_GENE_MATRIX_UNAVAILABLE	Table S13B; no target-gene edge matrix in downloaded official workbook
POAG	MG	ESR2_extended_+_-_(97r)	368	0.27839655	NA	NA	NA	NA	OFFICIAL_RSS_ONLY_TARGET_GENE_MATRIX_UNAVAILABLE	Table S13B; no target-gene edge matrix in downloaded official workbook
RE	MG	ESR2_extended_+_-_(97r)	368	0.27839655	NA	NA	NA	NA	OFFICIAL_RSS_ONLY_TARGET_GENE_MATRIX_UNAVAILABLE	Table S13B; no target-gene edge matrix in downloaded official workbook
AMD	MG	PKNOX2_extended_+_-_(33r)	369	0.27823499	NA	NA	NA	NA	OFFICIAL_RSS_ONLY_TARGET_GENE_MATRIX_UNAVAILABLE	Table S13B; no target-gene edge matrix in downloaded official workbook
POAG	MG	PKNOX2_extended_+_-_(33r)	369	0.27823499	NA	NA	NA	NA	OFFICIAL_RSS_ONLY_TARGET_GENE_MATRIX_UNAVAILABLE	Table S13B; no target-gene edge matrix in downloaded official workbook
RE	MG	PKNOX2_extended_+_-_(33r)	369	0.27823499	NA	NA	NA	NA	OFFICIAL_RSS_ONLY_TARGET_GENE_MATRIX_UNAVAILABLE	Table S13B; no target-gene edge matrix in downloaded official workbook
AMD	MG	PKNOX2_+_-_(33r)	370	0.27823499	NA	NA	NA	NA	OFFICIAL_RSS_ONLY_TARGET_GENE_MATRIX_UNAVAILABLE	Table S13B; no target-gene edge matrix in downloaded official workbook
POAG	MG	PKNOX2_+_-_(33r)	370	0.27823499	NA	NA	NA	NA	OFFICIAL_RSS_ONLY_TARGET_GENE_MATRIX_UNAVAILABLE	Table S13B; no target-gene edge matrix in downloaded official workbook
RE	MG	PKNOX2_+_-_(33r)	370	0.27823499	NA	NA	NA	NA	OFFICIAL_RSS_ONLY_TARGET_GENE_MATRIX_UNAVAILABLE	Table S13B; no target-gene edge matrix in downloaded official workbook
AMD	MG	STAT5A_extended_-_-_(14r)	371	0.2780889	NA	NA	NA	NA	OFFICIAL_RSS_ONLY_TARGET_GENE_MATRIX_UNAVAILABLE	Table S13B; no target-gene edge matrix in downloaded official workbook
POAG	MG	STAT5A_extended_-_-_(14r)	371	0.2780889	NA	NA	NA	NA	OFFICIAL_RSS_ONLY_TARGET_GENE_MATRIX_UNAVAILABLE	Table S13B; no target-gene edge matrix in downloaded official workbook
RE	MG	STAT5A_extended_-_-_(14r)	371	0.2780889	NA	NA	NA	NA	OFFICIAL_RSS_ONLY_TARGET_GENE_MATRIX_UNAVAILABLE	Table S13B; no target-gene edge matrix in downloaded official workbook
AMD	MG	ZNF382_+_+_(112r)	372	0.27799346	NA	NA	NA	NA	OFFICIAL_RSS_ONLY_TARGET_GENE_MATRIX_UNAVAILABLE	Table S13B; no target-gene edge matrix in downloaded official workbook
POAG	MG	ZNF382_+_+_(112r)	372	0.27799346	NA	NA	NA	NA	OFFICIAL_RSS_ONLY_TARGET_GENE_MATRIX_UNAVAILABLE	Table S13B; no target-gene edge matrix in downloaded official workbook
RE	MG	ZNF382_+_+_(112r)	372	0.27799346	NA	NA	NA	NA	OFFICIAL_RSS_ONLY_TARGET_GENE_MATRIX_UNAVAILABLE	Table S13B; no target-gene edge matrix in downloaded official workbook
AMD	MG	ZNF382_extended_+_+_(112r)	373	0.27799346	NA	NA	NA	NA	OFFICIAL_RSS_ONLY_TARGET_GENE_MATRIX_UNAVAILABLE	Table S13B; no target-gene edge matrix in downloaded official workbook
POAG	MG	ZNF382_extended_+_+_(112r)	373	0.27799346	NA	NA	NA	NA	OFFICIAL_RSS_ONLY_TARGET_GENE_MATRIX_UNAVAILABLE	Table S13B; no target-gene edge matrix in downloaded official workbook
RE	MG	ZNF382_extended_+_+_(112r)	373	0.27799346	NA	NA	NA	NA	OFFICIAL_RSS_ONLY_TARGET_GENE_MATRIX_UNAVAILABLE	Table S13B; no target-gene edge matrix in downloaded official workbook
AMD	MG	LHX9_extended_-_+_(50r)	374	0.27775436	NA	NA	NA	NA	OFFICIAL_RSS_ONLY_TARGET_GENE_MATRIX_UNAVAILABLE	Table S13B; no target-gene edge matrix in downloaded official workbook
POAG	MG	LHX9_extended_-_+_(50r)	374	0.27775436	NA	NA	NA	NA	OFFICIAL_RSS_ONLY_TARGET_GENE_MATRIX_UNAVAILABLE	Table S13B; no target-gene edge matrix in downloaded official workbook
RE	MG	LHX9_extended_-_+_(50r)	374	0.27775436	NA	NA	NA	NA	OFFICIAL_RSS_ONLY_TARGET_GENE_MATRIX_UNAVAILABLE	Table S13B; no target-gene edge matrix in downloaded official workbook
AMD	MG	MEF2C_extended_-_+_(954r)	375	0.27740469	NA	NA	NA	NA	OFFICIAL_RSS_ONLY_TARGET_GENE_MATRIX_UNAVAILABLE	Table S13B; no target-gene edge matrix in downloaded official workbook
POAG	MG	MEF2C_extended_-_+_(954r)	375	0.27740469	NA	NA	NA	NA	OFFICIAL_RSS_ONLY_TARGET_GENE_MATRIX_UNAVAILABLE	Table S13B; no target-gene edge matrix in downloaded official workbook
RE	MG	MEF2C_extended_-_+_(954r)	375	0.27740469	NA	NA	NA	NA	OFFICIAL_RSS_ONLY_TARGET_GENE_MATRIX_UNAVAILABLE	Table S13B; no target-gene edge matrix in downloaded official workbook
AMD	MG	MEF2C_-_+_(954r)	376	0.27740469	NA	NA	NA	NA	OFFICIAL_RSS_ONLY_TARGET_GENE_MATRIX_UNAVAILABLE	Table S13B; no target-gene edge matrix in downloaded official workbook
POAG	MG	MEF2C_-_+_(954r)	376	0.27740469	NA	NA	NA	NA	OFFICIAL_RSS_ONLY_TARGET_GENE_MATRIX_UNAVAILABLE	Table S13B; no target-gene edge matrix in downloaded official workbook
RE	MG	MEF2C_-_+_(954r)	376	0.27740469	NA	NA	NA	NA	OFFICIAL_RSS_ONLY_TARGET_GENE_MATRIX_UNAVAILABLE	Table S13B; no target-gene edge matrix in downloaded official workbook
AMD	MG	SMAD3_extended_+_-_(18r)	377	0.27716978	NA	NA	NA	NA	OFFICIAL_RSS_ONLY_TARGET_GENE_MATRIX_UNAVAILABLE	Table S13B; no target-gene edge matrix in downloaded official workbook
POAG	MG	SMAD3_extended_+_-_(18r)	377	0.27716978	NA	NA	NA	NA	OFFICIAL_RSS_ONLY_TARGET_GENE_MATRIX_UNAVAILABLE	Table S13B; no target-gene edge matrix in downloaded official workbook
RE	MG	SMAD3_extended_+_-_(18r)	377	0.27716978	NA	NA	NA	NA	OFFICIAL_RSS_ONLY_TARGET_GENE_MATRIX_UNAVAILABLE	Table S13B; no target-gene edge matrix in downloaded official workbook
AMD	MG	SMAD3_+_-_(18r)	378	0.27716978	NA	NA	NA	NA	OFFICIAL_RSS_ONLY_TARGET_GENE_MATRIX_UNAVAILABLE	Table S13B; no target-gene edge matrix in downloaded official workbook
POAG	MG	SMAD3_+_-_(18r)	378	0.27716978	NA	NA	NA	NA	OFFICIAL_RSS_ONLY_TARGET_GENE_MATRIX_UNAVAILABLE	Table S13B; no target-gene edge matrix in downloaded official workbook
RE	MG	SMAD3_+_-_(18r)	378	0.27716978	NA	NA	NA	NA	OFFICIAL_RSS_ONLY_TARGET_GENE_MATRIX_UNAVAILABLE	Table S13B; no target-gene edge matrix in downloaded official workbook
AMD	MG	ZFP37_+_+_(51r)	379	0.2756076	NA	NA	NA	NA	OFFICIAL_RSS_ONLY_TARGET_GENE_MATRIX_UNAVAILABLE	Table S13B; no target-gene edge matrix in downloaded official workbook
POAG	MG	ZFP37_+_+_(51r)	379	0.2756076	NA	NA	NA	NA	OFFICIAL_RSS_ONLY_TARGET_GENE_MATRIX_UNAVAILABLE	Table S13B; no target-gene edge matrix in downloaded official workbook
RE	MG	ZFP37_+_+_(51r)	379	0.2756076	NA	NA	NA	NA	OFFICIAL_RSS_ONLY_TARGET_GENE_MATRIX_UNAVAILABLE	Table S13B; no target-gene edge matrix in downloaded official workbook
AMD	MG	USF2_extended_+_+_(73r)	380	0.27477067	NA	NA	NA	NA	OFFICIAL_RSS_ONLY_TARGET_GENE_MATRIX_UNAVAILABLE	Table S13B; no target-gene edge matrix in downloaded official workbook
POAG	MG	USF2_extended_+_+_(73r)	380	0.27477067	NA	NA	NA	NA	OFFICIAL_RSS_ONLY_TARGET_GENE_MATRIX_UNAVAILABLE	Table S13B; no target-gene edge matrix in downloaded official workbook
RE	MG	USF2_extended_+_+_(73r)	380	0.27477067	NA	NA	NA	NA	OFFICIAL_RSS_ONLY_TARGET_GENE_MATRIX_UNAVAILABLE	Table S13B; no target-gene edge matrix in downloaded official workbook
AMD	MG	ELF2_+_+_(1767r)	381	0.27419212	NA	NA	NA	NA	OFFICIAL_RSS_ONLY_TARGET_GENE_MATRIX_UNAVAILABLE	Table S13B; no target-gene edge matrix in downloaded official workbook
POAG	MG	ELF2_+_+_(1767r)	381	0.27419212	NA	NA	NA	NA	OFFICIAL_RSS_ONLY_TARGET_GENE_MATRIX_UNAVAILABLE	Table S13B; no target-gene edge matrix in downloaded official workbook
RE	MG	ELF2_+_+_(1767r)	381	0.27419212	NA	NA	NA	NA	OFFICIAL_RSS_ONLY_TARGET_GENE_MATRIX_UNAVAILABLE	Table S13B; no target-gene edge matrix in downloaded official workbook
AMD	MG	ELF2_extended_+_+_(1777r)	382	0.27407347	NA	NA	NA	NA	OFFICIAL_RSS_ONLY_TARGET_GENE_MATRIX_UNAVAILABLE	Table S13B; no target-gene edge matrix in downloaded official workbook
POAG	MG	ELF2_extended_+_+_(1777r)	382	0.27407347	NA	NA	NA	NA	OFFICIAL_RSS_ONLY_TARGET_GENE_MATRIX_UNAVAILABLE	Table S13B; no target-gene edge matrix in downloaded official workbook
RE	MG	ELF2_extended_+_+_(1777r)	382	0.27407347	NA	NA	NA	NA	OFFICIAL_RSS_ONLY_TARGET_GENE_MATRIX_UNAVAILABLE	Table S13B; no target-gene edge matrix in downloaded official workbook
AMD	MG	ZNF33A_+_+_(33r)	383	0.27359093	NA	NA	NA	NA	OFFICIAL_RSS_ONLY_TARGET_GENE_MATRIX_UNAVAILABLE	Table S13B; no target-gene edge matrix in downloaded official workbook
POAG	MG	ZNF33A_+_+_(33r)	383	0.27359093	NA	NA	NA	NA	OFFICIAL_RSS_ONLY_TARGET_GENE_MATRIX_UNAVAILABLE	Table S13B; no target-gene edge matrix in downloaded official workbook
RE	MG	ZNF33A_+_+_(33r)	383	0.27359093	NA	NA	NA	NA	OFFICIAL_RSS_ONLY_TARGET_GENE_MATRIX_UNAVAILABLE	Table S13B; no target-gene edge matrix in downloaded official workbook
AMD	MG	ZNF33A_extended_+_+_(33r)	384	0.27359093	NA	NA	NA	NA	OFFICIAL_RSS_ONLY_TARGET_GENE_MATRIX_UNAVAILABLE	Table S13B; no target-gene edge matrix in downloaded official workbook
POAG	MG	ZNF33A_extended_+_+_(33r)	384	0.27359093	NA	NA	NA	NA	OFFICIAL_RSS_ONLY_TARGET_GENE_MATRIX_UNAVAILABLE	Table S13B; no target-gene edge matrix in downloaded official workbook
RE	MG	ZNF33A_extended_+_+_(33r)	384	0.27359093	NA	NA	NA	NA	OFFICIAL_RSS_ONLY_TARGET_GENE_MATRIX_UNAVAILABLE	Table S13B; no target-gene edge matrix in downloaded official workbook
AMD	MG	FOXO1_+_+_(129r)	385	0.2733604	NA	NA	NA	NA	OFFICIAL_RSS_ONLY_TARGET_GENE_MATRIX_UNAVAILABLE	Table S13B; no target-gene edge matrix in downloaded official workbook
POAG	MG	FOXO1_+_+_(129r)	385	0.2733604	NA	NA	NA	NA	OFFICIAL_RSS_ONLY_TARGET_GENE_MATRIX_UNAVAILABLE	Table S13B; no target-gene edge matrix in downloaded official workbook
RE	MG	FOXO1_+_+_(129r)	385	0.2733604	NA	NA	NA	NA	OFFICIAL_RSS_ONLY_TARGET_GENE_MATRIX_UNAVAILABLE	Table S13B; no target-gene edge matrix in downloaded official workbook
AMD	MG	HLF_+_+_(185r)	386	0.27289275	NA	NA	NA	NA	OFFICIAL_RSS_ONLY_TARGET_GENE_MATRIX_UNAVAILABLE	Table S13B; no target-gene edge matrix in downloaded official workbook
POAG	MG	HLF_+_+_(185r)	386	0.27289275	NA	NA	NA	NA	OFFICIAL_RSS_ONLY_TARGET_GENE_MATRIX_UNAVAILABLE	Table S13B; no target-gene edge matrix in downloaded official workbook
RE	MG	HLF_+_+_(185r)	386	0.27289275	NA	NA	NA	NA	OFFICIAL_RSS_ONLY_TARGET_GENE_MATRIX_UNAVAILABLE	Table S13B; no target-gene edge matrix in downloaded official workbook
AMD	MG	PPARG_+_+_(145r)	387	0.27260432	NA	NA	NA	NA	OFFICIAL_RSS_ONLY_TARGET_GENE_MATRIX_UNAVAILABLE	Table S13B; no target-gene edge matrix in downloaded official workbook
POAG	MG	PPARG_+_+_(145r)	387	0.27260432	NA	NA	NA	NA	OFFICIAL_RSS_ONLY_TARGET_GENE_MATRIX_UNAVAILABLE	Table S13B; no target-gene edge matrix in downloaded official workbook
RE	MG	PPARG_+_+_(145r)	387	0.27260432	NA	NA	NA	NA	OFFICIAL_RSS_ONLY_TARGET_GENE_MATRIX_UNAVAILABLE	Table S13B; no target-gene edge matrix in downloaded official workbook
AMD	MG	TFAP2C_extended_+_+_(1500r)	388	0.27239221	NA	NA	NA	NA	OFFICIAL_RSS_ONLY_TARGET_GENE_MATRIX_UNAVAILABLE	Table S13B; no target-gene edge matrix in downloaded official workbook
POAG	MG	TFAP2C_extended_+_+_(1500r)	388	0.27239221	NA	NA	NA	NA	OFFICIAL_RSS_ONLY_TARGET_GENE_MATRIX_UNAVAILABLE	Table S13B; no target-gene edge matrix in downloaded official workbook
RE	MG	TFAP2C_extended_+_+_(1500r)	388	0.27239221	NA	NA	NA	NA	OFFICIAL_RSS_ONLY_TARGET_GENE_MATRIX_UNAVAILABLE	Table S13B; no target-gene edge matrix in downloaded official workbook
AMD	MG	TFAP2C_+_+_(1500r)	389	0.27239221	NA	NA	NA	NA	OFFICIAL_RSS_ONLY_TARGET_GENE_MATRIX_UNAVAILABLE	Table S13B; no target-gene edge matrix in downloaded official workbook
POAG	MG	TFAP2C_+_+_(1500r)	389	0.27239221	NA	NA	NA	NA	OFFICIAL_RSS_ONLY_TARGET_GENE_MATRIX_UNAVAILABLE	Table S13B; no target-gene edge matrix in downloaded official workbook
RE	MG	TFAP2C_+_+_(1500r)	389	0.27239221	NA	NA	NA	NA	OFFICIAL_RSS_ONLY_TARGET_GENE_MATRIX_UNAVAILABLE	Table S13B; no target-gene edge matrix in downloaded official workbook
AMD	MG	CUX2_+_+_(1247r)	390	0.27182001	NA	NA	NA	NA	OFFICIAL_RSS_ONLY_TARGET_GENE_MATRIX_UNAVAILABLE	Table S13B; no target-gene edge matrix in downloaded official workbook
POAG	MG	CUX2_+_+_(1247r)	390	0.27182001	NA	NA	NA	NA	OFFICIAL_RSS_ONLY_TARGET_GENE_MATRIX_UNAVAILABLE	Table S13B; no target-gene edge matrix in downloaded official workbook
RE	MG	CUX2_+_+_(1247r)	390	0.27182001	NA	NA	NA	NA	OFFICIAL_RSS_ONLY_TARGET_GENE_MATRIX_UNAVAILABLE	Table S13B; no target-gene edge matrix in downloaded official workbook
AMD	MG	EBF1_extended_+_+_(3068r)	391	0.27176567	NA	NA	NA	NA	OFFICIAL_RSS_ONLY_TARGET_GENE_MATRIX_UNAVAILABLE	Table S13B; no target-gene edge matrix in downloaded official workbook
POAG	MG	EBF1_extended_+_+_(3068r)	391	0.27176567	NA	NA	NA	NA	OFFICIAL_RSS_ONLY_TARGET_GENE_MATRIX_UNAVAILABLE	Table S13B; no target-gene edge matrix in downloaded official workbook
RE	MG	EBF1_extended_+_+_(3068r)	391	0.27176567	NA	NA	NA	NA	OFFICIAL_RSS_ONLY_TARGET_GENE_MATRIX_UNAVAILABLE	Table S13B; no target-gene edge matrix in downloaded official workbook
AMD	MG	EBF1_+_+_(3068r)	392	0.27176567	NA	NA	NA	NA	OFFICIAL_RSS_ONLY_TARGET_GENE_MATRIX_UNAVAILABLE	Table S13B; no target-gene edge matrix in downloaded official workbook
POAG	MG	EBF1_+_+_(3068r)	392	0.27176567	NA	NA	NA	NA	OFFICIAL_RSS_ONLY_TARGET_GENE_MATRIX_UNAVAILABLE	Table S13B; no target-gene edge matrix in downloaded official workbook
RE	MG	EBF1_+_+_(3068r)	392	0.27176567	NA	NA	NA	NA	OFFICIAL_RSS_ONLY_TARGET_GENE_MATRIX_UNAVAILABLE	Table S13B; no target-gene edge matrix in downloaded official workbook
AMD	MG	CUX2_extended_+_+_(1266r)	393	0.27126211	NA	NA	NA	NA	OFFICIAL_RSS_ONLY_TARGET_GENE_MATRIX_UNAVAILABLE	Table S13B; no target-gene edge matrix in downloaded official workbook
POAG	MG	CUX2_extended_+_+_(1266r)	393	0.27126211	NA	NA	NA	NA	OFFICIAL_RSS_ONLY_TARGET_GENE_MATRIX_UNAVAILABLE	Table S13B; no target-gene edge matrix in downloaded official workbook
RE	MG	CUX2_extended_+_+_(1266r)	393	0.27126211	NA	NA	NA	NA	OFFICIAL_RSS_ONLY_TARGET_GENE_MATRIX_UNAVAILABLE	Table S13B; no target-gene edge matrix in downloaded official workbook
AMD	MG	TFDP2_+_+_(756r)	394	0.27115512	NA	NA	NA	NA	OFFICIAL_RSS_ONLY_TARGET_GENE_MATRIX_UNAVAILABLE	Table S13B; no target-gene edge matrix in downloaded official workbook
POAG	MG	TFDP2_+_+_(756r)	394	0.27115512	NA	NA	NA	NA	OFFICIAL_RSS_ONLY_TARGET_GENE_MATRIX_UNAVAILABLE	Table S13B; no target-gene edge matrix in downloaded official workbook
RE	MG	TFDP2_+_+_(756r)	394	0.27115512	NA	NA	NA	NA	OFFICIAL_RSS_ONLY_TARGET_GENE_MATRIX_UNAVAILABLE	Table S13B; no target-gene edge matrix in downloaded official workbook
AMD	MG	TFDP2_extended_+_+_(756r)	395	0.27115512	NA	NA	NA	NA	OFFICIAL_RSS_ONLY_TARGET_GENE_MATRIX_UNAVAILABLE	Table S13B; no target-gene edge matrix in downloaded official workbook
POAG	MG	TFDP2_extended_+_+_(756r)	395	0.27115512	NA	NA	NA	NA	OFFICIAL_RSS_ONLY_TARGET_GENE_MATRIX_UNAVAILABLE	Table S13B; no target-gene edge matrix in downloaded official workbook
RE	MG	TFDP2_extended_+_+_(756r)	395	0.27115512	NA	NA	NA	NA	OFFICIAL_RSS_ONLY_TARGET_GENE_MATRIX_UNAVAILABLE	Table S13B; no target-gene edge matrix in downloaded official workbook
AMD	MG	FOXO1_extended_+_+_(132r)	396	0.27099605	NA	NA	NA	NA	OFFICIAL_RSS_ONLY_TARGET_GENE_MATRIX_UNAVAILABLE	Table S13B; no target-gene edge matrix in downloaded official workbook
POAG	MG	FOXO1_extended_+_+_(132r)	396	0.27099605	NA	NA	NA	NA	OFFICIAL_RSS_ONLY_TARGET_GENE_MATRIX_UNAVAILABLE	Table S13B; no target-gene edge matrix in downloaded official workbook
RE	MG	FOXO1_extended_+_+_(132r)	396	0.27099605	NA	NA	NA	NA	OFFICIAL_RSS_ONLY_TARGET_GENE_MATRIX_UNAVAILABLE	Table S13B; no target-gene edge matrix in downloaded official workbook
AMD	MG	CUX1_+_+_(1345r)	397	0.27086093	NA	NA	NA	NA	OFFICIAL_RSS_ONLY_TARGET_GENE_MATRIX_UNAVAILABLE	Table S13B; no target-gene edge matrix in downloaded official workbook
POAG	MG	CUX1_+_+_(1345r)	397	0.27086093	NA	NA	NA	NA	OFFICIAL_RSS_ONLY_TARGET_GENE_MATRIX_UNAVAILABLE	Table S13B; no target-gene edge matrix in downloaded official workbook
RE	MG	CUX1_+_+_(1345r)	397	0.27086093	NA	NA	NA	NA	OFFICIAL_RSS_ONLY_TARGET_GENE_MATRIX_UNAVAILABLE	Table S13B; no target-gene edge matrix in downloaded official workbook
AMD	MG	CUX1_extended_+_+_(1383r)	398	0.27066394	NA	NA	NA	NA	OFFICIAL_RSS_ONLY_TARGET_GENE_MATRIX_UNAVAILABLE	Table S13B; no target-gene edge matrix in downloaded official workbook
POAG	MG	CUX1_extended_+_+_(1383r)	398	0.27066394	NA	NA	NA	NA	OFFICIAL_RSS_ONLY_TARGET_GENE_MATRIX_UNAVAILABLE	Table S13B; no target-gene edge matrix in downloaded official workbook
RE	MG	CUX1_extended_+_+_(1383r)	398	0.27066394	NA	NA	NA	NA	OFFICIAL_RSS_ONLY_TARGET_GENE_MATRIX_UNAVAILABLE	Table S13B; no target-gene edge matrix in downloaded official workbook
AMD	MG	ISL1_extended_+_+_(259r)	399	0.27059272	NA	NA	NA	NA	OFFICIAL_RSS_ONLY_TARGET_GENE_MATRIX_UNAVAILABLE	Table S13B; no target-gene edge matrix in downloaded official workbook
POAG	MG	ISL1_extended_+_+_(259r)	399	0.27059272	NA	NA	NA	NA	OFFICIAL_RSS_ONLY_TARGET_GENE_MATRIX_UNAVAILABLE	Table S13B; no target-gene edge matrix in downloaded official workbook
RE	MG	ISL1_extended_+_+_(259r)	399	0.27059272	NA	NA	NA	NA	OFFICIAL_RSS_ONLY_TARGET_GENE_MATRIX_UNAVAILABLE	Table S13B; no target-gene edge matrix in downloaded official workbook
AMD	MG	KLF13_extended_+_+_(1385r)	400	0.27018252	NA	NA	NA	NA	OFFICIAL_RSS_ONLY_TARGET_GENE_MATRIX_UNAVAILABLE	Table S13B; no target-gene edge matrix in downloaded official workbook
POAG	MG	KLF13_extended_+_+_(1385r)	400	0.27018252	NA	NA	NA	NA	OFFICIAL_RSS_ONLY_TARGET_GENE_MATRIX_UNAVAILABLE	Table S13B; no target-gene edge matrix in downloaded official workbook
RE	MG	KLF13_extended_+_+_(1385r)	400	0.27018252	NA	NA	NA	NA	OFFICIAL_RSS_ONLY_TARGET_GENE_MATRIX_UNAVAILABLE	Table S13B; no target-gene edge matrix in downloaded official workbook
AMD	MG	TFAP2A_extended_+_+_(827r)	401	0.26921316	NA	NA	NA	NA	OFFICIAL_RSS_ONLY_TARGET_GENE_MATRIX_UNAVAILABLE	Table S13B; no target-gene edge matrix in downloaded official workbook
POAG	MG	TFAP2A_extended_+_+_(827r)	401	0.26921316	NA	NA	NA	NA	OFFICIAL_RSS_ONLY_TARGET_GENE_MATRIX_UNAVAILABLE	Table S13B; no target-gene edge matrix in downloaded official workbook
RE	MG	TFAP2A_extended_+_+_(827r)	401	0.26921316	NA	NA	NA	NA	OFFICIAL_RSS_ONLY_TARGET_GENE_MATRIX_UNAVAILABLE	Table S13B; no target-gene edge matrix in downloaded official workbook
AMD	MG	TFAP2A_+_+_(827r)	402	0.26921316	NA	NA	NA	NA	OFFICIAL_RSS_ONLY_TARGET_GENE_MATRIX_UNAVAILABLE	Table S13B; no target-gene edge matrix in downloaded official workbook
POAG	MG	TFAP2A_+_+_(827r)	402	0.26921316	NA	NA	NA	NA	OFFICIAL_RSS_ONLY_TARGET_GENE_MATRIX_UNAVAILABLE	Table S13B; no target-gene edge matrix in downloaded official workbook
RE	MG	TFAP2A_+_+_(827r)	402	0.26921316	NA	NA	NA	NA	OFFICIAL_RSS_ONLY_TARGET_GENE_MATRIX_UNAVAILABLE	Table S13B; no target-gene edge matrix in downloaded official workbook
AMD	MG	MESP2_+_-_(27r)	403	0.26913933	NA	NA	NA	NA	OFFICIAL_RSS_ONLY_TARGET_GENE_MATRIX_UNAVAILABLE	Table S13B; no target-gene edge matrix in downloaded official workbook
POAG	MG	MESP2_+_-_(27r)	403	0.26913933	NA	NA	NA	NA	OFFICIAL_RSS_ONLY_TARGET_GENE_MATRIX_UNAVAILABLE	Table S13B; no target-gene edge matrix in downloaded official workbook
RE	MG	MESP2_+_-_(27r)	403	0.26913933	NA	NA	NA	NA	OFFICIAL_RSS_ONLY_TARGET_GENE_MATRIX_UNAVAILABLE	Table S13B; no target-gene edge matrix in downloaded official workbook
AMD	MG	PKNOX2_+_+_(360r)	404	0.2688012	NA	NA	NA	NA	OFFICIAL_RSS_ONLY_TARGET_GENE_MATRIX_UNAVAILABLE	Table S13B; no target-gene edge matrix in downloaded official workbook
POAG	MG	PKNOX2_+_+_(360r)	404	0.2688012	NA	NA	NA	NA	OFFICIAL_RSS_ONLY_TARGET_GENE_MATRIX_UNAVAILABLE	Table S13B; no target-gene edge matrix in downloaded official workbook
RE	MG	PKNOX2_+_+_(360r)	404	0.2688012	NA	NA	NA	NA	OFFICIAL_RSS_ONLY_TARGET_GENE_MATRIX_UNAVAILABLE	Table S13B; no target-gene edge matrix in downloaded official workbook
AMD	MG	SREBF2_+_+_(2508r)	405	0.26860285	NA	NA	NA	NA	OFFICIAL_RSS_ONLY_TARGET_GENE_MATRIX_UNAVAILABLE	Table S13B; no target-gene edge matrix in downloaded official workbook
POAG	MG	SREBF2_+_+_(2508r)	405	0.26860285	NA	NA	NA	NA	OFFICIAL_RSS_ONLY_TARGET_GENE_MATRIX_UNAVAILABLE	Table S13B; no target-gene edge matrix in downloaded official workbook
RE	MG	SREBF2_+_+_(2508r)	405	0.26860285	NA	NA	NA	NA	OFFICIAL_RSS_ONLY_TARGET_GENE_MATRIX_UNAVAILABLE	Table S13B; no target-gene edge matrix in downloaded official workbook
AMD	MG	SREBF2_extended_+_+_(2668r)	406	0.26828254	NA	NA	NA	NA	OFFICIAL_RSS_ONLY_TARGET_GENE_MATRIX_UNAVAILABLE	Table S13B; no target-gene edge matrix in downloaded official workbook
POAG	MG	SREBF2_extended_+_+_(2668r)	406	0.26828254	NA	NA	NA	NA	OFFICIAL_RSS_ONLY_TARGET_GENE_MATRIX_UNAVAILABLE	Table S13B; no target-gene edge matrix in downloaded official workbook
RE	MG	SREBF2_extended_+_+_(2668r)	406	0.26828254	NA	NA	NA	NA	OFFICIAL_RSS_ONLY_TARGET_GENE_MATRIX_UNAVAILABLE	Table S13B; no target-gene edge matrix in downloaded official workbook
AMD	MG	KLF6_+_+_(1156r)	407	0.26801937	NA	NA	NA	NA	OFFICIAL_RSS_ONLY_TARGET_GENE_MATRIX_UNAVAILABLE	Table S13B; no target-gene edge matrix in downloaded official workbook
POAG	MG	KLF6_+_+_(1156r)	407	0.26801937	NA	NA	NA	NA	OFFICIAL_RSS_ONLY_TARGET_GENE_MATRIX_UNAVAILABLE	Table S13B; no target-gene edge matrix in downloaded official workbook
RE	MG	KLF6_+_+_(1156r)	407	0.26801937	NA	NA	NA	NA	OFFICIAL_RSS_ONLY_TARGET_GENE_MATRIX_UNAVAILABLE	Table S13B; no target-gene edge matrix in downloaded official workbook
AMD	MG	ZNF71_extended_+_+_(31r)	408	0.26752949	NA	NA	NA	NA	OFFICIAL_RSS_ONLY_TARGET_GENE_MATRIX_UNAVAILABLE	Table S13B; no target-gene edge matrix in downloaded official workbook
POAG	MG	ZNF71_extended_+_+_(31r)	408	0.26752949	NA	NA	NA	NA	OFFICIAL_RSS_ONLY_TARGET_GENE_MATRIX_UNAVAILABLE	Table S13B; no target-gene edge matrix in downloaded official workbook
RE	MG	ZNF71_extended_+_+_(31r)	408	0.26752949	NA	NA	NA	NA	OFFICIAL_RSS_ONLY_TARGET_GENE_MATRIX_UNAVAILABLE	Table S13B; no target-gene edge matrix in downloaded official workbook
AMD	MG	ZNF71_+_+_(31r)	409	0.26752949	NA	NA	NA	NA	OFFICIAL_RSS_ONLY_TARGET_GENE_MATRIX_UNAVAILABLE	Table S13B; no target-gene edge matrix in downloaded official workbook
POAG	MG	ZNF71_+_+_(31r)	409	0.26752949	NA	NA	NA	NA	OFFICIAL_RSS_ONLY_TARGET_GENE_MATRIX_UNAVAILABLE	Table S13B; no target-gene edge matrix in downloaded official workbook
RE	MG	ZNF71_+_+_(31r)	409	0.26752949	NA	NA	NA	NA	OFFICIAL_RSS_ONLY_TARGET_GENE_MATRIX_UNAVAILABLE	Table S13B; no target-gene edge matrix in downloaded official workbook
AMD	MG	KLF5_+_+_(34r)	410	0.26549568	NA	NA	NA	NA	OFFICIAL_RSS_ONLY_TARGET_GENE_MATRIX_UNAVAILABLE	Table S13B; no target-gene edge matrix in downloaded official workbook
POAG	MG	KLF5_+_+_(34r)	410	0.26549568	NA	NA	NA	NA	OFFICIAL_RSS_ONLY_TARGET_GENE_MATRIX_UNAVAILABLE	Table S13B; no target-gene edge matrix in downloaded official workbook
RE	MG	KLF5_+_+_(34r)	410	0.26549568	NA	NA	NA	NA	OFFICIAL_RSS_ONLY_TARGET_GENE_MATRIX_UNAVAILABLE	Table S13B; no target-gene edge matrix in downloaded official workbook
AMD	MG	KLF6_extended_+_+_(1299r)	411	0.2647312	NA	NA	NA	NA	OFFICIAL_RSS_ONLY_TARGET_GENE_MATRIX_UNAVAILABLE	Table S13B; no target-gene edge matrix in downloaded official workbook
POAG	MG	KLF6_extended_+_+_(1299r)	411	0.2647312	NA	NA	NA	NA	OFFICIAL_RSS_ONLY_TARGET_GENE_MATRIX_UNAVAILABLE	Table S13B; no target-gene edge matrix in downloaded official workbook
RE	MG	KLF6_extended_+_+_(1299r)	411	0.2647312	NA	NA	NA	NA	OFFICIAL_RSS_ONLY_TARGET_GENE_MATRIX_UNAVAILABLE	Table S13B; no target-gene edge matrix in downloaded official workbook
AMD	MG	ESRRB_extended_+_-_(72r)	412	0.26450859	NA	NA	NA	NA	OFFICIAL_RSS_ONLY_TARGET_GENE_MATRIX_UNAVAILABLE	Table S13B; no target-gene edge matrix in downloaded official workbook
POAG	MG	ESRRB_extended_+_-_(72r)	412	0.26450859	NA	NA	NA	NA	OFFICIAL_RSS_ONLY_TARGET_GENE_MATRIX_UNAVAILABLE	Table S13B; no target-gene edge matrix in downloaded official workbook
RE	MG	ESRRB_extended_+_-_(72r)	412	0.26450859	NA	NA	NA	NA	OFFICIAL_RSS_ONLY_TARGET_GENE_MATRIX_UNAVAILABLE	Table S13B; no target-gene edge matrix in downloaded official workbook
AMD	MG	LHX4_+_+_(206r)	413	0.26207939	NA	NA	NA	NA	OFFICIAL_RSS_ONLY_TARGET_GENE_MATRIX_UNAVAILABLE	Table S13B; no target-gene edge matrix in downloaded official workbook
POAG	MG	LHX4_+_+_(206r)	413	0.26207939	NA	NA	NA	NA	OFFICIAL_RSS_ONLY_TARGET_GENE_MATRIX_UNAVAILABLE	Table S13B; no target-gene edge matrix in downloaded official workbook
RE	MG	LHX4_+_+_(206r)	413	0.26207939	NA	NA	NA	NA	OFFICIAL_RSS_ONLY_TARGET_GENE_MATRIX_UNAVAILABLE	Table S13B; no target-gene edge matrix in downloaded official workbook
AMD	MG	ZNF787_extended_+_+_(177r)	414	0.26006161	NA	NA	NA	NA	OFFICIAL_RSS_ONLY_TARGET_GENE_MATRIX_UNAVAILABLE	Table S13B; no target-gene edge matrix in downloaded official workbook
POAG	MG	ZNF787_extended_+_+_(177r)	414	0.26006161	NA	NA	NA	NA	OFFICIAL_RSS_ONLY_TARGET_GENE_MATRIX_UNAVAILABLE	Table S13B; no target-gene edge matrix in downloaded official workbook
RE	MG	ZNF787_extended_+_+_(177r)	414	0.26006161	NA	NA	NA	NA	OFFICIAL_RSS_ONLY_TARGET_GENE_MATRIX_UNAVAILABLE	Table S13B; no target-gene edge matrix in downloaded official workbook
AMD	MG	PPARG_extended_+_+_(264r)	415	0.25927078	NA	NA	NA	NA	OFFICIAL_RSS_ONLY_TARGET_GENE_MATRIX_UNAVAILABLE	Table S13B; no target-gene edge matrix in downloaded official workbook
POAG	MG	PPARG_extended_+_+_(264r)	415	0.25927078	NA	NA	NA	NA	OFFICIAL_RSS_ONLY_TARGET_GENE_MATRIX_UNAVAILABLE	Table S13B; no target-gene edge matrix in downloaded official workbook
RE	MG	PPARG_extended_+_+_(264r)	415	0.25927078	NA	NA	NA	NA	OFFICIAL_RSS_ONLY_TARGET_GENE_MATRIX_UNAVAILABLE	Table S13B; no target-gene edge matrix in downloaded official workbook
AMD	MG	ZNF281_extended_+_+_(24r)	416	0.2563451	NA	NA	NA	NA	OFFICIAL_RSS_ONLY_TARGET_GENE_MATRIX_UNAVAILABLE	Table S13B; no target-gene edge matrix in downloaded official workbook
POAG	MG	ZNF281_extended_+_+_(24r)	416	0.2563451	NA	NA	NA	NA	OFFICIAL_RSS_ONLY_TARGET_GENE_MATRIX_UNAVAILABLE	Table S13B; no target-gene edge matrix in downloaded official workbook
RE	MG	ZNF281_extended_+_+_(24r)	416	0.2563451	NA	NA	NA	NA	OFFICIAL_RSS_ONLY_TARGET_GENE_MATRIX_UNAVAILABLE	Table S13B; no target-gene edge matrix in downloaded official workbook
AMD	MG	SCRT2_extended_+_-_(40r)	417	0.25627197	NA	NA	NA	NA	OFFICIAL_RSS_ONLY_TARGET_GENE_MATRIX_UNAVAILABLE	Table S13B; no target-gene edge matrix in downloaded official workbook
POAG	MG	SCRT2_extended_+_-_(40r)	417	0.25627197	NA	NA	NA	NA	OFFICIAL_RSS_ONLY_TARGET_GENE_MATRIX_UNAVAILABLE	Table S13B; no target-gene edge matrix in downloaded official workbook
RE	MG	SCRT2_extended_+_-_(40r)	417	0.25627197	NA	NA	NA	NA	OFFICIAL_RSS_ONLY_TARGET_GENE_MATRIX_UNAVAILABLE	Table S13B; no target-gene edge matrix in downloaded official workbook
AMD	MG	ESR2_+_-_(33r)	418	0.25582699	NA	NA	NA	NA	OFFICIAL_RSS_ONLY_TARGET_GENE_MATRIX_UNAVAILABLE	Table S13B; no target-gene edge matrix in downloaded official workbook
POAG	MG	ESR2_+_-_(33r)	418	0.25582699	NA	NA	NA	NA	OFFICIAL_RSS_ONLY_TARGET_GENE_MATRIX_UNAVAILABLE	Table S13B; no target-gene edge matrix in downloaded official workbook
RE	MG	ESR2_+_-_(33r)	418	0.25582699	NA	NA	NA	NA	OFFICIAL_RSS_ONLY_TARGET_GENE_MATRIX_UNAVAILABLE	Table S13B; no target-gene edge matrix in downloaded official workbook
AMD	MG	ZEB2_extended_-_-_(62r)	419	0.25425487	NA	NA	NA	NA	OFFICIAL_RSS_ONLY_TARGET_GENE_MATRIX_UNAVAILABLE	Table S13B; no target-gene edge matrix in downloaded official workbook
POAG	MG	ZEB2_extended_-_-_(62r)	419	0.25425487	NA	NA	NA	NA	OFFICIAL_RSS_ONLY_TARGET_GENE_MATRIX_UNAVAILABLE	Table S13B; no target-gene edge matrix in downloaded official workbook
RE	MG	ZEB2_extended_-_-_(62r)	419	0.25425487	NA	NA	NA	NA	OFFICIAL_RSS_ONLY_TARGET_GENE_MATRIX_UNAVAILABLE	Table S13B; no target-gene edge matrix in downloaded official workbook
AMD	MG	ZEB2_-_-_(62r)	420	0.25425487	NA	NA	NA	NA	OFFICIAL_RSS_ONLY_TARGET_GENE_MATRIX_UNAVAILABLE	Table S13B; no target-gene edge matrix in downloaded official workbook
POAG	MG	ZEB2_-_-_(62r)	420	0.25425487	NA	NA	NA	NA	OFFICIAL_RSS_ONLY_TARGET_GENE_MATRIX_UNAVAILABLE	Table S13B; no target-gene edge matrix in downloaded official workbook
RE	MG	ZEB2_-_-_(62r)	420	0.25425487	NA	NA	NA	NA	OFFICIAL_RSS_ONLY_TARGET_GENE_MATRIX_UNAVAILABLE	Table S13B; no target-gene edge matrix in downloaded official workbook
AMD	MG	TAL1_extended_+_+_(106r)	421	0.25394979	NA	NA	NA	NA	OFFICIAL_RSS_ONLY_TARGET_GENE_MATRIX_UNAVAILABLE	Table S13B; no target-gene edge matrix in downloaded official workbook
POAG	MG	TAL1_extended_+_+_(106r)	421	0.25394979	NA	NA	NA	NA	OFFICIAL_RSS_ONLY_TARGET_GENE_MATRIX_UNAVAILABLE	Table S13B; no target-gene edge matrix in downloaded official workbook
RE	MG	TAL1_extended_+_+_(106r)	421	0.25394979	NA	NA	NA	NA	OFFICIAL_RSS_ONLY_TARGET_GENE_MATRIX_UNAVAILABLE	Table S13B; no target-gene edge matrix in downloaded official workbook
AMD	MG	MAZ_extended_-_+_(37r)	422	0.25359529	NA	NA	NA	NA	OFFICIAL_RSS_ONLY_TARGET_GENE_MATRIX_UNAVAILABLE	Table S13B; no target-gene edge matrix in downloaded official workbook
POAG	MG	MAZ_extended_-_+_(37r)	422	0.25359529	NA	NA	NA	NA	OFFICIAL_RSS_ONLY_TARGET_GENE_MATRIX_UNAVAILABLE	Table S13B; no target-gene edge matrix in downloaded official workbook
RE	MG	MAZ_extended_-_+_(37r)	422	0.25359529	NA	NA	NA	NA	OFFICIAL_RSS_ONLY_TARGET_GENE_MATRIX_UNAVAILABLE	Table S13B; no target-gene edge matrix in downloaded official workbook
AMD	MG	MAZ_-_+_(37r)	423	0.25359529	NA	NA	NA	NA	OFFICIAL_RSS_ONLY_TARGET_GENE_MATRIX_UNAVAILABLE	Table S13B; no target-gene edge matrix in downloaded official workbook
POAG	MG	MAZ_-_+_(37r)	423	0.25359529	NA	NA	NA	NA	OFFICIAL_RSS_ONLY_TARGET_GENE_MATRIX_UNAVAILABLE	Table S13B; no target-gene edge matrix in downloaded official workbook
RE	MG	MAZ_-_+_(37r)	423	0.25359529	NA	NA	NA	NA	OFFICIAL_RSS_ONLY_TARGET_GENE_MATRIX_UNAVAILABLE	Table S13B; no target-gene edge matrix in downloaded official workbook
AMD	MG	HSF4_+_-_(23r)	424	0.25340484	NA	NA	NA	NA	OFFICIAL_RSS_ONLY_TARGET_GENE_MATRIX_UNAVAILABLE	Table S13B; no target-gene edge matrix in downloaded official workbook
POAG	MG	HSF4_+_-_(23r)	424	0.25340484	NA	NA	NA	NA	OFFICIAL_RSS_ONLY_TARGET_GENE_MATRIX_UNAVAILABLE	Table S13B; no target-gene edge matrix in downloaded official workbook
RE	MG	HSF4_+_-_(23r)	424	0.25340484	NA	NA	NA	NA	OFFICIAL_RSS_ONLY_TARGET_GENE_MATRIX_UNAVAILABLE	Table S13B; no target-gene edge matrix in downloaded official workbook
AMD	MG	ZNF485_extended_+_+_(11r)	425	0.25284874	NA	NA	NA	NA	OFFICIAL_RSS_ONLY_TARGET_GENE_MATRIX_UNAVAILABLE	Table S13B; no target-gene edge matrix in downloaded official workbook
POAG	MG	ZNF485_extended_+_+_(11r)	425	0.25284874	NA	NA	NA	NA	OFFICIAL_RSS_ONLY_TARGET_GENE_MATRIX_UNAVAILABLE	Table S13B; no target-gene edge matrix in downloaded official workbook
RE	MG	ZNF485_extended_+_+_(11r)	425	0.25284874	NA	NA	NA	NA	OFFICIAL_RSS_ONLY_TARGET_GENE_MATRIX_UNAVAILABLE	Table S13B; no target-gene edge matrix in downloaded official workbook
AMD	MG	ZNF281_+_+_(22r)	426	0.25253194	NA	NA	NA	NA	OFFICIAL_RSS_ONLY_TARGET_GENE_MATRIX_UNAVAILABLE	Table S13B; no target-gene edge matrix in downloaded official workbook
POAG	MG	ZNF281_+_+_(22r)	426	0.25253194	NA	NA	NA	NA	OFFICIAL_RSS_ONLY_TARGET_GENE_MATRIX_UNAVAILABLE	Table S13B; no target-gene edge matrix in downloaded official workbook
RE	MG	ZNF281_+_+_(22r)	426	0.25253194	NA	NA	NA	NA	OFFICIAL_RSS_ONLY_TARGET_GENE_MATRIX_UNAVAILABLE	Table S13B; no target-gene edge matrix in downloaded official workbook
AMD	MG	TAL1_+_+_(102r)	427	0.25241319	NA	NA	NA	NA	OFFICIAL_RSS_ONLY_TARGET_GENE_MATRIX_UNAVAILABLE	Table S13B; no target-gene edge matrix in downloaded official workbook
POAG	MG	TAL1_+_+_(102r)	427	0.25241319	NA	NA	NA	NA	OFFICIAL_RSS_ONLY_TARGET_GENE_MATRIX_UNAVAILABLE	Table S13B; no target-gene edge matrix in downloaded official workbook
RE	MG	TAL1_+_+_(102r)	427	0.25241319	NA	NA	NA	NA	OFFICIAL_RSS_ONLY_TARGET_GENE_MATRIX_UNAVAILABLE	Table S13B; no target-gene edge matrix in downloaded official workbook
AMD	MG	ZNF611_+_+_(63r)	428	0.25223046	NA	NA	NA	NA	OFFICIAL_RSS_ONLY_TARGET_GENE_MATRIX_UNAVAILABLE	Table S13B; no target-gene edge matrix in downloaded official workbook
POAG	MG	ZNF611_+_+_(63r)	428	0.25223046	NA	NA	NA	NA	OFFICIAL_RSS_ONLY_TARGET_GENE_MATRIX_UNAVAILABLE	Table S13B; no target-gene edge matrix in downloaded official workbook
RE	MG	ZNF611_+_+_(63r)	428	0.25223046	NA	NA	NA	NA	OFFICIAL_RSS_ONLY_TARGET_GENE_MATRIX_UNAVAILABLE	Table S13B; no target-gene edge matrix in downloaded official workbook
AMD	MG	ZNF611_extended_+_+_(63r)	429	0.25223046	NA	NA	NA	NA	OFFICIAL_RSS_ONLY_TARGET_GENE_MATRIX_UNAVAILABLE	Table S13B; no target-gene edge matrix in downloaded official workbook
POAG	MG	ZNF611_extended_+_+_(63r)	429	0.25223046	NA	NA	NA	NA	OFFICIAL_RSS_ONLY_TARGET_GENE_MATRIX_UNAVAILABLE	Table S13B; no target-gene edge matrix in downloaded official workbook
RE	MG	ZNF611_extended_+_+_(63r)	429	0.25223046	NA	NA	NA	NA	OFFICIAL_RSS_ONLY_TARGET_GENE_MATRIX_UNAVAILABLE	Table S13B; no target-gene edge matrix in downloaded official workbook
AMD	MG	NFATC3_+_+_(21r)	430	0.25220918	NA	NA	NA	NA	OFFICIAL_RSS_ONLY_TARGET_GENE_MATRIX_UNAVAILABLE	Table S13B; no target-gene edge matrix in downloaded official workbook
POAG	MG	NFATC3_+_+_(21r)	430	0.25220918	NA	NA	NA	NA	OFFICIAL_RSS_ONLY_TARGET_GENE_MATRIX_UNAVAILABLE	Table S13B; no target-gene edge matrix in downloaded official workbook
RE	MG	NFATC3_+_+_(21r)	430	0.25220918	NA	NA	NA	NA	OFFICIAL_RSS_ONLY_TARGET_GENE_MATRIX_UNAVAILABLE	Table S13B; no target-gene edge matrix in downloaded official workbook
AMD	MG	NFATC3_extended_+_+_(21r)	431	0.25220918	NA	NA	NA	NA	OFFICIAL_RSS_ONLY_TARGET_GENE_MATRIX_UNAVAILABLE	Table S13B; no target-gene edge matrix in downloaded official workbook
POAG	MG	NFATC3_extended_+_+_(21r)	431	0.25220918	NA	NA	NA	NA	OFFICIAL_RSS_ONLY_TARGET_GENE_MATRIX_UNAVAILABLE	Table S13B; no target-gene edge matrix in downloaded official workbook
RE	MG	NFATC3_extended_+_+_(21r)	431	0.25220918	NA	NA	NA	NA	OFFICIAL_RSS_ONLY_TARGET_GENE_MATRIX_UNAVAILABLE	Table S13B; no target-gene edge matrix in downloaded official workbook
AMD	MG	RORA_-_-_(127r)	432	0.25195508	NA	NA	NA	NA	OFFICIAL_RSS_ONLY_TARGET_GENE_MATRIX_UNAVAILABLE	Table S13B; no target-gene edge matrix in downloaded official workbook
POAG	MG	RORA_-_-_(127r)	432	0.25195508	NA	NA	NA	NA	OFFICIAL_RSS_ONLY_TARGET_GENE_MATRIX_UNAVAILABLE	Table S13B; no target-gene edge matrix in downloaded official workbook
RE	MG	RORA_-_-_(127r)	432	0.25195508	NA	NA	NA	NA	OFFICIAL_RSS_ONLY_TARGET_GENE_MATRIX_UNAVAILABLE	Table S13B; no target-gene edge matrix in downloaded official workbook
AMD	MG	DBP_+_+_(79r)	433	0.25062379	NA	NA	NA	NA	OFFICIAL_RSS_ONLY_TARGET_GENE_MATRIX_UNAVAILABLE	Table S13B; no target-gene edge matrix in downloaded official workbook
POAG	MG	DBP_+_+_(79r)	433	0.25062379	NA	NA	NA	NA	OFFICIAL_RSS_ONLY_TARGET_GENE_MATRIX_UNAVAILABLE	Table S13B; no target-gene edge matrix in downloaded official workbook
RE	MG	DBP_+_+_(79r)	433	0.25062379	NA	NA	NA	NA	OFFICIAL_RSS_ONLY_TARGET_GENE_MATRIX_UNAVAILABLE	Table S13B; no target-gene edge matrix in downloaded official workbook
AMD	MG	DBP_extended_+_+_(79r)	434	0.25062379	NA	NA	NA	NA	OFFICIAL_RSS_ONLY_TARGET_GENE_MATRIX_UNAVAILABLE	Table S13B; no target-gene edge matrix in downloaded official workbook
POAG	MG	DBP_extended_+_+_(79r)	434	0.25062379	NA	NA	NA	NA	OFFICIAL_RSS_ONLY_TARGET_GENE_MATRIX_UNAVAILABLE	Table S13B; no target-gene edge matrix in downloaded official workbook
RE	MG	DBP_extended_+_+_(79r)	434	0.25062379	NA	NA	NA	NA	OFFICIAL_RSS_ONLY_TARGET_GENE_MATRIX_UNAVAILABLE	Table S13B; no target-gene edge matrix in downloaded official workbook
AMD	MG	IKZF1_extended_-_+_(148r)	435	0.25050125	NA	NA	NA	NA	OFFICIAL_RSS_ONLY_TARGET_GENE_MATRIX_UNAVAILABLE	Table S13B; no target-gene edge matrix in downloaded official workbook
POAG	MG	IKZF1_extended_-_+_(148r)	435	0.25050125	NA	NA	NA	NA	OFFICIAL_RSS_ONLY_TARGET_GENE_MATRIX_UNAVAILABLE	Table S13B; no target-gene edge matrix in downloaded official workbook
RE	MG	IKZF1_extended_-_+_(148r)	435	0.25050125	NA	NA	NA	NA	OFFICIAL_RSS_ONLY_TARGET_GENE_MATRIX_UNAVAILABLE	Table S13B; no target-gene edge matrix in downloaded official workbook
AMD	MG	ZEB2_+_+_(139r)	436	0.25031346	NA	NA	NA	NA	OFFICIAL_RSS_ONLY_TARGET_GENE_MATRIX_UNAVAILABLE	Table S13B; no target-gene edge matrix in downloaded official workbook
POAG	MG	ZEB2_+_+_(139r)	436	0.25031346	NA	NA	NA	NA	OFFICIAL_RSS_ONLY_TARGET_GENE_MATRIX_UNAVAILABLE	Table S13B; no target-gene edge matrix in downloaded official workbook
RE	MG	ZEB2_+_+_(139r)	436	0.25031346	NA	NA	NA	NA	OFFICIAL_RSS_ONLY_TARGET_GENE_MATRIX_UNAVAILABLE	Table S13B; no target-gene edge matrix in downloaded official workbook
AMD	MG	ZEB2_extended_+_+_(139r)	437	0.25031346	NA	NA	NA	NA	OFFICIAL_RSS_ONLY_TARGET_GENE_MATRIX_UNAVAILABLE	Table S13B; no target-gene edge matrix in downloaded official workbook
POAG	MG	ZEB2_extended_+_+_(139r)	437	0.25031346	NA	NA	NA	NA	OFFICIAL_RSS_ONLY_TARGET_GENE_MATRIX_UNAVAILABLE	Table S13B; no target-gene edge matrix in downloaded official workbook
RE	MG	ZEB2_extended_+_+_(139r)	437	0.25031346	NA	NA	NA	NA	OFFICIAL_RSS_ONLY_TARGET_GENE_MATRIX_UNAVAILABLE	Table S13B; no target-gene edge matrix in downloaded official workbook
AMD	MG	ZNF787_+_+_(171r)	438	0.24994108	NA	NA	NA	NA	OFFICIAL_RSS_ONLY_TARGET_GENE_MATRIX_UNAVAILABLE	Table S13B; no target-gene edge matrix in downloaded official workbook
POAG	MG	ZNF787_+_+_(171r)	438	0.24994108	NA	NA	NA	NA	OFFICIAL_RSS_ONLY_TARGET_GENE_MATRIX_UNAVAILABLE	Table S13B; no target-gene edge matrix in downloaded official workbook
RE	MG	ZNF787_+_+_(171r)	438	0.24994108	NA	NA	NA	NA	OFFICIAL_RSS_ONLY_TARGET_GENE_MATRIX_UNAVAILABLE	Table S13B; no target-gene edge matrix in downloaded official workbook
AMD	MG	ZNF124_+_+_(53r)	439	0.24963548	NA	NA	NA	NA	OFFICIAL_RSS_ONLY_TARGET_GENE_MATRIX_UNAVAILABLE	Table S13B; no target-gene edge matrix in downloaded official workbook
POAG	MG	ZNF124_+_+_(53r)	439	0.24963548	NA	NA	NA	NA	OFFICIAL_RSS_ONLY_TARGET_GENE_MATRIX_UNAVAILABLE	Table S13B; no target-gene edge matrix in downloaded official workbook
RE	MG	ZNF124_+_+_(53r)	439	0.24963548	NA	NA	NA	NA	OFFICIAL_RSS_ONLY_TARGET_GENE_MATRIX_UNAVAILABLE	Table S13B; no target-gene edge matrix in downloaded official workbook
AMD	MG	ZNF124_extended_+_+_(53r)	440	0.24963548	NA	NA	NA	NA	OFFICIAL_RSS_ONLY_TARGET_GENE_MATRIX_UNAVAILABLE	Table S13B; no target-gene edge matrix in downloaded official workbook
POAG	MG	ZNF124_extended_+_+_(53r)	440	0.24963548	NA	NA	NA	NA	OFFICIAL_RSS_ONLY_TARGET_GENE_MATRIX_UNAVAILABLE	Table S13B; no target-gene edge matrix in downloaded official workbook
RE	MG	ZNF124_extended_+_+_(53r)	440	0.24963548	NA	NA	NA	NA	OFFICIAL_RSS_ONLY_TARGET_GENE_MATRIX_UNAVAILABLE	Table S13B; no target-gene edge matrix in downloaded official workbook
AMD	MG	RORA_extended_-_-_(165r)	441	0.24907855	NA	NA	NA	NA	OFFICIAL_RSS_ONLY_TARGET_GENE_MATRIX_UNAVAILABLE	Table S13B; no target-gene edge matrix in downloaded official workbook
POAG	MG	RORA_extended_-_-_(165r)	441	0.24907855	NA	NA	NA	NA	OFFICIAL_RSS_ONLY_TARGET_GENE_MATRIX_UNAVAILABLE	Table S13B; no target-gene edge matrix in downloaded official workbook
RE	MG	RORA_extended_-_-_(165r)	441	0.24907855	NA	NA	NA	NA	OFFICIAL_RSS_ONLY_TARGET_GENE_MATRIX_UNAVAILABLE	Table S13B; no target-gene edge matrix in downloaded official workbook
AMD	MG	ESRRB_+_-_(65r)	442	0.24882526	NA	NA	NA	NA	OFFICIAL_RSS_ONLY_TARGET_GENE_MATRIX_UNAVAILABLE	Table S13B; no target-gene edge matrix in downloaded official workbook
POAG	MG	ESRRB_+_-_(65r)	442	0.24882526	NA	NA	NA	NA	OFFICIAL_RSS_ONLY_TARGET_GENE_MATRIX_UNAVAILABLE	Table S13B; no target-gene edge matrix in downloaded official workbook
RE	MG	ESRRB_+_-_(65r)	442	0.24882526	NA	NA	NA	NA	OFFICIAL_RSS_ONLY_TARGET_GENE_MATRIX_UNAVAILABLE	Table S13B; no target-gene edge matrix in downloaded official workbook
AMD	MG	ZNF219_+_+_(60r)	443	0.24865243	NA	NA	NA	NA	OFFICIAL_RSS_ONLY_TARGET_GENE_MATRIX_UNAVAILABLE	Table S13B; no target-gene edge matrix in downloaded official workbook
POAG	MG	ZNF219_+_+_(60r)	443	0.24865243	NA	NA	NA	NA	OFFICIAL_RSS_ONLY_TARGET_GENE_MATRIX_UNAVAILABLE	Table S13B; no target-gene edge matrix in downloaded official workbook
RE	MG	ZNF219_+_+_(60r)	443	0.24865243	NA	NA	NA	NA	OFFICIAL_RSS_ONLY_TARGET_GENE_MATRIX_UNAVAILABLE	Table S13B; no target-gene edge matrix in downloaded official workbook
AMD	MG	ZNF219_extended_+_+_(60r)	444	0.24865243	NA	NA	NA	NA	OFFICIAL_RSS_ONLY_TARGET_GENE_MATRIX_UNAVAILABLE	Table S13B; no target-gene edge matrix in downloaded official workbook
POAG	MG	ZNF219_extended_+_+_(60r)	444	0.24865243	NA	NA	NA	NA	OFFICIAL_RSS_ONLY_TARGET_GENE_MATRIX_UNAVAILABLE	Table S13B; no target-gene edge matrix in downloaded official workbook
RE	MG	ZNF219_extended_+_+_(60r)	444	0.24865243	NA	NA	NA	NA	OFFICIAL_RSS_ONLY_TARGET_GENE_MATRIX_UNAVAILABLE	Table S13B; no target-gene edge matrix in downloaded official workbook
AMD	MG	CREM_extended_-_+_(17r)	445	0.24853435	NA	NA	NA	NA	OFFICIAL_RSS_ONLY_TARGET_GENE_MATRIX_UNAVAILABLE	Table S13B; no target-gene edge matrix in downloaded official workbook
POAG	MG	CREM_extended_-_+_(17r)	445	0.24853435	NA	NA	NA	NA	OFFICIAL_RSS_ONLY_TARGET_GENE_MATRIX_UNAVAILABLE	Table S13B; no target-gene edge matrix in downloaded official workbook
RE	MG	CREM_extended_-_+_(17r)	445	0.24853435	NA	NA	NA	NA	OFFICIAL_RSS_ONLY_TARGET_GENE_MATRIX_UNAVAILABLE	Table S13B; no target-gene edge matrix in downloaded official workbook
AMD	MG	IKZF1_-_+_(147r)	446	0.24628992	NA	NA	NA	NA	OFFICIAL_RSS_ONLY_TARGET_GENE_MATRIX_UNAVAILABLE	Table S13B; no target-gene edge matrix in downloaded official workbook
POAG	MG	IKZF1_-_+_(147r)	446	0.24628992	NA	NA	NA	NA	OFFICIAL_RSS_ONLY_TARGET_GENE_MATRIX_UNAVAILABLE	Table S13B; no target-gene edge matrix in downloaded official workbook
RE	MG	IKZF1_-_+_(147r)	446	0.24628992	NA	NA	NA	NA	OFFICIAL_RSS_ONLY_TARGET_GENE_MATRIX_UNAVAILABLE	Table S13B; no target-gene edge matrix in downloaded official workbook
AMD	MG	LHX4_extended_+_+_(196r)	447	0.24599491	NA	NA	NA	NA	OFFICIAL_RSS_ONLY_TARGET_GENE_MATRIX_UNAVAILABLE	Table S13B; no target-gene edge matrix in downloaded official workbook
POAG	MG	LHX4_extended_+_+_(196r)	447	0.24599491	NA	NA	NA	NA	OFFICIAL_RSS_ONLY_TARGET_GENE_MATRIX_UNAVAILABLE	Table S13B; no target-gene edge matrix in downloaded official workbook
RE	MG	LHX4_extended_+_+_(196r)	447	0.24599491	NA	NA	NA	NA	OFFICIAL_RSS_ONLY_TARGET_GENE_MATRIX_UNAVAILABLE	Table S13B; no target-gene edge matrix in downloaded official workbook
AMD	MG	RAX_extended_-_+_(522r)	448	0.24476229	NA	NA	NA	NA	OFFICIAL_RSS_ONLY_TARGET_GENE_MATRIX_UNAVAILABLE	Table S13B; no target-gene edge matrix in downloaded official workbook
POAG	MG	RAX_extended_-_+_(522r)	448	0.24476229	NA	NA	NA	NA	OFFICIAL_RSS_ONLY_TARGET_GENE_MATRIX_UNAVAILABLE	Table S13B; no target-gene edge matrix in downloaded official workbook
RE	MG	RAX_extended_-_+_(522r)	448	0.24476229	NA	NA	NA	NA	OFFICIAL_RSS_ONLY_TARGET_GENE_MATRIX_UNAVAILABLE	Table S13B; no target-gene edge matrix in downloaded official workbook
AMD	MG	ZNF138_+_+_(151r)	449	0.2427385	NA	NA	NA	NA	OFFICIAL_RSS_ONLY_TARGET_GENE_MATRIX_UNAVAILABLE	Table S13B; no target-gene edge matrix in downloaded official workbook
POAG	MG	ZNF138_+_+_(151r)	449	0.2427385	NA	NA	NA	NA	OFFICIAL_RSS_ONLY_TARGET_GENE_MATRIX_UNAVAILABLE	Table S13B; no target-gene edge matrix in downloaded official workbook
RE	MG	ZNF138_+_+_(151r)	449	0.2427385	NA	NA	NA	NA	OFFICIAL_RSS_ONLY_TARGET_GENE_MATRIX_UNAVAILABLE	Table S13B; no target-gene edge matrix in downloaded official workbook
AMD	MG	ZNF138_extended_+_+_(151r)	450	0.2427385	NA	NA	NA	NA	OFFICIAL_RSS_ONLY_TARGET_GENE_MATRIX_UNAVAILABLE	Table S13B; no target-gene edge matrix in downloaded official workbook
POAG	MG	ZNF138_extended_+_+_(151r)	450	0.2427385	NA	NA	NA	NA	OFFICIAL_RSS_ONLY_TARGET_GENE_MATRIX_UNAVAILABLE	Table S13B; no target-gene edge matrix in downloaded official workbook
RE	MG	ZNF138_extended_+_+_(151r)	450	0.2427385	NA	NA	NA	NA	OFFICIAL_RSS_ONLY_TARGET_GENE_MATRIX_UNAVAILABLE	Table S13B; no target-gene edge matrix in downloaded official workbook
AMD	MG	RAX2_extended_+_+_(333r)	451	0.24054508	NA	NA	NA	NA	OFFICIAL_RSS_ONLY_TARGET_GENE_MATRIX_UNAVAILABLE	Table S13B; no target-gene edge matrix in downloaded official workbook
POAG	MG	RAX2_extended_+_+_(333r)	451	0.24054508	NA	NA	NA	NA	OFFICIAL_RSS_ONLY_TARGET_GENE_MATRIX_UNAVAILABLE	Table S13B; no target-gene edge matrix in downloaded official workbook
RE	MG	RAX2_extended_+_+_(333r)	451	0.24054508	NA	NA	NA	NA	OFFICIAL_RSS_ONLY_TARGET_GENE_MATRIX_UNAVAILABLE	Table S13B; no target-gene edge matrix in downloaded official workbook
AMD	MG	RAX2_+_+_(333r)	452	0.24054508	NA	NA	NA	NA	OFFICIAL_RSS_ONLY_TARGET_GENE_MATRIX_UNAVAILABLE	Table S13B; no target-gene edge matrix in downloaded official workbook
POAG	MG	RAX2_+_+_(333r)	452	0.24054508	NA	NA	NA	NA	OFFICIAL_RSS_ONLY_TARGET_GENE_MATRIX_UNAVAILABLE	Table S13B; no target-gene edge matrix in downloaded official workbook
RE	MG	RAX2_+_+_(333r)	452	0.24054508	NA	NA	NA	NA	OFFICIAL_RSS_ONLY_TARGET_GENE_MATRIX_UNAVAILABLE	Table S13B; no target-gene edge matrix in downloaded official workbook
AMD	MG	ETV6_+_+_(1889r)	453	0.2405387	NA	NA	NA	NA	OFFICIAL_RSS_ONLY_TARGET_GENE_MATRIX_UNAVAILABLE	Table S13B; no target-gene edge matrix in downloaded official workbook
POAG	MG	ETV6_+_+_(1889r)	453	0.2405387	NA	NA	NA	NA	OFFICIAL_RSS_ONLY_TARGET_GENE_MATRIX_UNAVAILABLE	Table S13B; no target-gene edge matrix in downloaded official workbook
RE	MG	ETV6_+_+_(1889r)	453	0.2405387	NA	NA	NA	NA	OFFICIAL_RSS_ONLY_TARGET_GENE_MATRIX_UNAVAILABLE	Table S13B; no target-gene edge matrix in downloaded official workbook
AMD	MG	ETV6_extended_+_+_(1968r)	454	0.23923931	NA	NA	NA	NA	OFFICIAL_RSS_ONLY_TARGET_GENE_MATRIX_UNAVAILABLE	Table S13B; no target-gene edge matrix in downloaded official workbook
POAG	MG	ETV6_extended_+_+_(1968r)	454	0.23923931	NA	NA	NA	NA	OFFICIAL_RSS_ONLY_TARGET_GENE_MATRIX_UNAVAILABLE	Table S13B; no target-gene edge matrix in downloaded official workbook
RE	MG	ETV6_extended_+_+_(1968r)	454	0.23923931	NA	NA	NA	NA	OFFICIAL_RSS_ONLY_TARGET_GENE_MATRIX_UNAVAILABLE	Table S13B; no target-gene edge matrix in downloaded official workbook
AMD	MG	ETS2_+_+_(3215r)	455	0.2385935	NA	NA	NA	NA	OFFICIAL_RSS_ONLY_TARGET_GENE_MATRIX_UNAVAILABLE	Table S13B; no target-gene edge matrix in downloaded official workbook
POAG	MG	ETS2_+_+_(3215r)	455	0.2385935	NA	NA	NA	NA	OFFICIAL_RSS_ONLY_TARGET_GENE_MATRIX_UNAVAILABLE	Table S13B; no target-gene edge matrix in downloaded official workbook
RE	MG	ETS2_+_+_(3215r)	455	0.2385935	NA	NA	NA	NA	OFFICIAL_RSS_ONLY_TARGET_GENE_MATRIX_UNAVAILABLE	Table S13B; no target-gene edge matrix in downloaded official workbook
AMD	MG	ETS2_extended_+_+_(3215r)	456	0.2385935	NA	NA	NA	NA	OFFICIAL_RSS_ONLY_TARGET_GENE_MATRIX_UNAVAILABLE	Table S13B; no target-gene edge matrix in downloaded official workbook
POAG	MG	ETS2_extended_+_+_(3215r)	456	0.2385935	NA	NA	NA	NA	OFFICIAL_RSS_ONLY_TARGET_GENE_MATRIX_UNAVAILABLE	Table S13B; no target-gene edge matrix in downloaded official workbook
RE	MG	ETS2_extended_+_+_(3215r)	456	0.2385935	NA	NA	NA	NA	OFFICIAL_RSS_ONLY_TARGET_GENE_MATRIX_UNAVAILABLE	Table S13B; no target-gene edge matrix in downloaded official workbook
AMD	MG	ZNF33A_extended_+_-_(13r)	457	0.23791916	NA	NA	NA	NA	OFFICIAL_RSS_ONLY_TARGET_GENE_MATRIX_UNAVAILABLE	Table S13B; no target-gene edge matrix in downloaded official workbook
POAG	MG	ZNF33A_extended_+_-_(13r)	457	0.23791916	NA	NA	NA	NA	OFFICIAL_RSS_ONLY_TARGET_GENE_MATRIX_UNAVAILABLE	Table S13B; no target-gene edge matrix in downloaded official workbook
RE	MG	ZNF33A_extended_+_-_(13r)	457	0.23791916	NA	NA	NA	NA	OFFICIAL_RSS_ONLY_TARGET_GENE_MATRIX_UNAVAILABLE	Table S13B; no target-gene edge matrix in downloaded official workbook
AMD	MG	ZNF33A_+_-_(13r)	458	0.23791916	NA	NA	NA	NA	OFFICIAL_RSS_ONLY_TARGET_GENE_MATRIX_UNAVAILABLE	Table S13B; no target-gene edge matrix in downloaded official workbook
POAG	MG	ZNF33A_+_-_(13r)	458	0.23791916	NA	NA	NA	NA	OFFICIAL_RSS_ONLY_TARGET_GENE_MATRIX_UNAVAILABLE	Table S13B; no target-gene edge matrix in downloaded official workbook
RE	MG	ZNF33A_+_-_(13r)	458	0.23791916	NA	NA	NA	NA	OFFICIAL_RSS_ONLY_TARGET_GENE_MATRIX_UNAVAILABLE	Table S13B; no target-gene edge matrix in downloaded official workbook
AMD	MG	BARHL2_extended_+_+_(35r)	459	0.23766696	NA	NA	NA	NA	OFFICIAL_RSS_ONLY_TARGET_GENE_MATRIX_UNAVAILABLE	Table S13B; no target-gene edge matrix in downloaded official workbook
POAG	MG	BARHL2_extended_+_+_(35r)	459	0.23766696	NA	NA	NA	NA	OFFICIAL_RSS_ONLY_TARGET_GENE_MATRIX_UNAVAILABLE	Table S13B; no target-gene edge matrix in downloaded official workbook
RE	MG	BARHL2_extended_+_+_(35r)	459	0.23766696	NA	NA	NA	NA	OFFICIAL_RSS_ONLY_TARGET_GENE_MATRIX_UNAVAILABLE	Table S13B; no target-gene edge matrix in downloaded official workbook
AMD	MG	MEIS1_extended_-_-_(129r)	460	0.23716068	NA	NA	NA	NA	OFFICIAL_RSS_ONLY_TARGET_GENE_MATRIX_UNAVAILABLE	Table S13B; no target-gene edge matrix in downloaded official workbook
POAG	MG	MEIS1_extended_-_-_(129r)	460	0.23716068	NA	NA	NA	NA	OFFICIAL_RSS_ONLY_TARGET_GENE_MATRIX_UNAVAILABLE	Table S13B; no target-gene edge matrix in downloaded official workbook
RE	MG	MEIS1_extended_-_-_(129r)	460	0.23716068	NA	NA	NA	NA	OFFICIAL_RSS_ONLY_TARGET_GENE_MATRIX_UNAVAILABLE	Table S13B; no target-gene edge matrix in downloaded official workbook
AMD	MG	ELF1_extended_+_+_(3088r)	461	0.23517378	NA	NA	NA	NA	OFFICIAL_RSS_ONLY_TARGET_GENE_MATRIX_UNAVAILABLE	Table S13B; no target-gene edge matrix in downloaded official workbook
POAG	MG	ELF1_extended_+_+_(3088r)	461	0.23517378	NA	NA	NA	NA	OFFICIAL_RSS_ONLY_TARGET_GENE_MATRIX_UNAVAILABLE	Table S13B; no target-gene edge matrix in downloaded official workbook
RE	MG	ELF1_extended_+_+_(3088r)	461	0.23517378	NA	NA	NA	NA	OFFICIAL_RSS_ONLY_TARGET_GENE_MATRIX_UNAVAILABLE	Table S13B; no target-gene edge matrix in downloaded official workbook
AMD	MG	ELF1_+_+_(3088r)	462	0.23517378	NA	NA	NA	NA	OFFICIAL_RSS_ONLY_TARGET_GENE_MATRIX_UNAVAILABLE	Table S13B; no target-gene edge matrix in downloaded official workbook
POAG	MG	ELF1_+_+_(3088r)	462	0.23517378	NA	NA	NA	NA	OFFICIAL_RSS_ONLY_TARGET_GENE_MATRIX_UNAVAILABLE	Table S13B; no target-gene edge matrix in downloaded official workbook
RE	MG	ELF1_+_+_(3088r)	462	0.23517378	NA	NA	NA	NA	OFFICIAL_RSS_ONLY_TARGET_GENE_MATRIX_UNAVAILABLE	Table S13B; no target-gene edge matrix in downloaded official workbook
AMD	MG	RORA_+_+_(1128r)	463	0.23466733	NA	NA	NA	NA	OFFICIAL_RSS_ONLY_TARGET_GENE_MATRIX_UNAVAILABLE	Table S13B; no target-gene edge matrix in downloaded official workbook
POAG	MG	RORA_+_+_(1128r)	463	0.23466733	NA	NA	NA	NA	OFFICIAL_RSS_ONLY_TARGET_GENE_MATRIX_UNAVAILABLE	Table S13B; no target-gene edge matrix in downloaded official workbook
RE	MG	RORA_+_+_(1128r)	463	0.23466733	NA	NA	NA	NA	OFFICIAL_RSS_ONLY_TARGET_GENE_MATRIX_UNAVAILABLE	Table S13B; no target-gene edge matrix in downloaded official workbook
AMD	MG	RUNX2_extended_+_+_(62r)	464	0.23289902	NA	NA	NA	NA	OFFICIAL_RSS_ONLY_TARGET_GENE_MATRIX_UNAVAILABLE	Table S13B; no target-gene edge matrix in downloaded official workbook
POAG	MG	RUNX2_extended_+_+_(62r)	464	0.23289902	NA	NA	NA	NA	OFFICIAL_RSS_ONLY_TARGET_GENE_MATRIX_UNAVAILABLE	Table S13B; no target-gene edge matrix in downloaded official workbook
RE	MG	RUNX2_extended_+_+_(62r)	464	0.23289902	NA	NA	NA	NA	OFFICIAL_RSS_ONLY_TARGET_GENE_MATRIX_UNAVAILABLE	Table S13B; no target-gene edge matrix in downloaded official workbook
AMD	MG	RUNX2_+_+_(62r)	465	0.23289902	NA	NA	NA	NA	OFFICIAL_RSS_ONLY_TARGET_GENE_MATRIX_UNAVAILABLE	Table S13B; no target-gene edge matrix in downloaded official workbook
POAG	MG	RUNX2_+_+_(62r)	465	0.23289902	NA	NA	NA	NA	OFFICIAL_RSS_ONLY_TARGET_GENE_MATRIX_UNAVAILABLE	Table S13B; no target-gene edge matrix in downloaded official workbook
RE	MG	RUNX2_+_+_(62r)	465	0.23289902	NA	NA	NA	NA	OFFICIAL_RSS_ONLY_TARGET_GENE_MATRIX_UNAVAILABLE	Table S13B; no target-gene edge matrix in downloaded official workbook
AMD	MG	SCRT2_extended_+_+_(257r)	466	0.23236348	NA	NA	NA	NA	OFFICIAL_RSS_ONLY_TARGET_GENE_MATRIX_UNAVAILABLE	Table S13B; no target-gene edge matrix in downloaded official workbook
POAG	MG	SCRT2_extended_+_+_(257r)	466	0.23236348	NA	NA	NA	NA	OFFICIAL_RSS_ONLY_TARGET_GENE_MATRIX_UNAVAILABLE	Table S13B; no target-gene edge matrix in downloaded official workbook
RE	MG	SCRT2_extended_+_+_(257r)	466	0.23236348	NA	NA	NA	NA	OFFICIAL_RSS_ONLY_TARGET_GENE_MATRIX_UNAVAILABLE	Table S13B; no target-gene edge matrix in downloaded official workbook
AMD	MG	ONECUT2_+_+_(992r)	467	0.23149416	NA	NA	NA	NA	OFFICIAL_RSS_ONLY_TARGET_GENE_MATRIX_UNAVAILABLE	Table S13B; no target-gene edge matrix in downloaded official workbook
POAG	MG	ONECUT2_+_+_(992r)	467	0.23149416	NA	NA	NA	NA	OFFICIAL_RSS_ONLY_TARGET_GENE_MATRIX_UNAVAILABLE	Table S13B; no target-gene edge matrix in downloaded official workbook
RE	MG	ONECUT2_+_+_(992r)	467	0.23149416	NA	NA	NA	NA	OFFICIAL_RSS_ONLY_TARGET_GENE_MATRIX_UNAVAILABLE	Table S13B; no target-gene edge matrix in downloaded official workbook
AMD	MG	ONECUT2_extended_+_+_(992r)	468	0.23149416	NA	NA	NA	NA	OFFICIAL_RSS_ONLY_TARGET_GENE_MATRIX_UNAVAILABLE	Table S13B; no target-gene edge matrix in downloaded official workbook
POAG	MG	ONECUT2_extended_+_+_(992r)	468	0.23149416	NA	NA	NA	NA	OFFICIAL_RSS_ONLY_TARGET_GENE_MATRIX_UNAVAILABLE	Table S13B; no target-gene edge matrix in downloaded official workbook
RE	MG	ONECUT2_extended_+_+_(992r)	468	0.23149416	NA	NA	NA	NA	OFFICIAL_RSS_ONLY_TARGET_GENE_MATRIX_UNAVAILABLE	Table S13B; no target-gene edge matrix in downloaded official workbook
AMD	MG	RAX_-_+_(487r)	469	0.23132816	NA	NA	NA	NA	OFFICIAL_RSS_ONLY_TARGET_GENE_MATRIX_UNAVAILABLE	Table S13B; no target-gene edge matrix in downloaded official workbook
POAG	MG	RAX_-_+_(487r)	469	0.23132816	NA	NA	NA	NA	OFFICIAL_RSS_ONLY_TARGET_GENE_MATRIX_UNAVAILABLE	Table S13B; no target-gene edge matrix in downloaded official workbook
RE	MG	RAX_-_+_(487r)	469	0.23132816	NA	NA	NA	NA	OFFICIAL_RSS_ONLY_TARGET_GENE_MATRIX_UNAVAILABLE	Table S13B; no target-gene edge matrix in downloaded official workbook
AMD	MG	RXRG_extended_+_+_(1237r)	470	0.23044177	NA	NA	NA	NA	OFFICIAL_RSS_ONLY_TARGET_GENE_MATRIX_UNAVAILABLE	Table S13B; no target-gene edge matrix in downloaded official workbook
POAG	MG	RXRG_extended_+_+_(1237r)	470	0.23044177	NA	NA	NA	NA	OFFICIAL_RSS_ONLY_TARGET_GENE_MATRIX_UNAVAILABLE	Table S13B; no target-gene edge matrix in downloaded official workbook
RE	MG	RXRG_extended_+_+_(1237r)	470	0.23044177	NA	NA	NA	NA	OFFICIAL_RSS_ONLY_TARGET_GENE_MATRIX_UNAVAILABLE	Table S13B; no target-gene edge matrix in downloaded official workbook
AMD	MG	MBNL2_extended_+_-_(77r)	471	0.22941062	NA	NA	NA	NA	OFFICIAL_RSS_ONLY_TARGET_GENE_MATRIX_UNAVAILABLE	Table S13B; no target-gene edge matrix in downloaded official workbook
POAG	MG	MBNL2_extended_+_-_(77r)	471	0.22941062	NA	NA	NA	NA	OFFICIAL_RSS_ONLY_TARGET_GENE_MATRIX_UNAVAILABLE	Table S13B; no target-gene edge matrix in downloaded official workbook
RE	MG	MBNL2_extended_+_-_(77r)	471	0.22941062	NA	NA	NA	NA	OFFICIAL_RSS_ONLY_TARGET_GENE_MATRIX_UNAVAILABLE	Table S13B; no target-gene edge matrix in downloaded official workbook
AMD	MG	MBNL2_+_-_(77r)	472	0.22941062	NA	NA	NA	NA	OFFICIAL_RSS_ONLY_TARGET_GENE_MATRIX_UNAVAILABLE	Table S13B; no target-gene edge matrix in downloaded official workbook
POAG	MG	MBNL2_+_-_(77r)	472	0.22941062	NA	NA	NA	NA	OFFICIAL_RSS_ONLY_TARGET_GENE_MATRIX_UNAVAILABLE	Table S13B; no target-gene edge matrix in downloaded official workbook
RE	MG	MBNL2_+_-_(77r)	472	0.22941062	NA	NA	NA	NA	OFFICIAL_RSS_ONLY_TARGET_GENE_MATRIX_UNAVAILABLE	Table S13B; no target-gene edge matrix in downloaded official workbook
AMD	MG	NFATC2_+_+_(945r)	473	0.22907551	NA	NA	NA	NA	OFFICIAL_RSS_ONLY_TARGET_GENE_MATRIX_UNAVAILABLE	Table S13B; no target-gene edge matrix in downloaded official workbook
POAG	MG	NFATC2_+_+_(945r)	473	0.22907551	NA	NA	NA	NA	OFFICIAL_RSS_ONLY_TARGET_GENE_MATRIX_UNAVAILABLE	Table S13B; no target-gene edge matrix in downloaded official workbook
RE	MG	NFATC2_+_+_(945r)	473	0.22907551	NA	NA	NA	NA	OFFICIAL_RSS_ONLY_TARGET_GENE_MATRIX_UNAVAILABLE	Table S13B; no target-gene edge matrix in downloaded official workbook
AMD	MG	NFATC2_extended_+_+_(945r)	474	0.22907551	NA	NA	NA	NA	OFFICIAL_RSS_ONLY_TARGET_GENE_MATRIX_UNAVAILABLE	Table S13B; no target-gene edge matrix in downloaded official workbook
POAG	MG	NFATC2_extended_+_+_(945r)	474	0.22907551	NA	NA	NA	NA	OFFICIAL_RSS_ONLY_TARGET_GENE_MATRIX_UNAVAILABLE	Table S13B; no target-gene edge matrix in downloaded official workbook
RE	MG	NFATC2_extended_+_+_(945r)	474	0.22907551	NA	NA	NA	NA	OFFICIAL_RSS_ONLY_TARGET_GENE_MATRIX_UNAVAILABLE	Table S13B; no target-gene edge matrix in downloaded official workbook
AMD	MG	RORA_-_+_(132r)	475	0.22886708	NA	NA	NA	NA	OFFICIAL_RSS_ONLY_TARGET_GENE_MATRIX_UNAVAILABLE	Table S13B; no target-gene edge matrix in downloaded official workbook
POAG	MG	RORA_-_+_(132r)	475	0.22886708	NA	NA	NA	NA	OFFICIAL_RSS_ONLY_TARGET_GENE_MATRIX_UNAVAILABLE	Table S13B; no target-gene edge matrix in downloaded official workbook
RE	MG	RORA_-_+_(132r)	475	0.22886708	NA	NA	NA	NA	OFFICIAL_RSS_ONLY_TARGET_GENE_MATRIX_UNAVAILABLE	Table S13B; no target-gene edge matrix in downloaded official workbook
AMD	MG	ZNF462_extended_-_+_(13r)	476	0.22860601	NA	NA	NA	NA	OFFICIAL_RSS_ONLY_TARGET_GENE_MATRIX_UNAVAILABLE	Table S13B; no target-gene edge matrix in downloaded official workbook
POAG	MG	ZNF462_extended_-_+_(13r)	476	0.22860601	NA	NA	NA	NA	OFFICIAL_RSS_ONLY_TARGET_GENE_MATRIX_UNAVAILABLE	Table S13B; no target-gene edge matrix in downloaded official workbook
RE	MG	ZNF462_extended_-_+_(13r)	476	0.22860601	NA	NA	NA	NA	OFFICIAL_RSS_ONLY_TARGET_GENE_MATRIX_UNAVAILABLE	Table S13B; no target-gene edge matrix in downloaded official workbook
AMD	MG	ZNF462_-_+_(13r)	477	0.22860601	NA	NA	NA	NA	OFFICIAL_RSS_ONLY_TARGET_GENE_MATRIX_UNAVAILABLE	Table S13B; no target-gene edge matrix in downloaded official workbook
POAG	MG	ZNF462_-_+_(13r)	477	0.22860601	NA	NA	NA	NA	OFFICIAL_RSS_ONLY_TARGET_GENE_MATRIX_UNAVAILABLE	Table S13B; no target-gene edge matrix in downloaded official workbook
RE	MG	ZNF462_-_+_(13r)	477	0.22860601	NA	NA	NA	NA	OFFICIAL_RSS_ONLY_TARGET_GENE_MATRIX_UNAVAILABLE	Table S13B; no target-gene edge matrix in downloaded official workbook
AMD	MG	RORA_extended_-_+_(134r)	478	0.2280182	NA	NA	NA	NA	OFFICIAL_RSS_ONLY_TARGET_GENE_MATRIX_UNAVAILABLE	Table S13B; no target-gene edge matrix in downloaded official workbook
POAG	MG	RORA_extended_-_+_(134r)	478	0.2280182	NA	NA	NA	NA	OFFICIAL_RSS_ONLY_TARGET_GENE_MATRIX_UNAVAILABLE	Table S13B; no target-gene edge matrix in downloaded official workbook
RE	MG	RORA_extended_-_+_(134r)	478	0.2280182	NA	NA	NA	NA	OFFICIAL_RSS_ONLY_TARGET_GENE_MATRIX_UNAVAILABLE	Table S13B; no target-gene edge matrix in downloaded official workbook
AMD	MG	MEIS3_extended_+_+_(936r)	479	0.22733094	NA	NA	NA	NA	OFFICIAL_RSS_ONLY_TARGET_GENE_MATRIX_UNAVAILABLE	Table S13B; no target-gene edge matrix in downloaded official workbook
POAG	MG	MEIS3_extended_+_+_(936r)	479	0.22733094	NA	NA	NA	NA	OFFICIAL_RSS_ONLY_TARGET_GENE_MATRIX_UNAVAILABLE	Table S13B; no target-gene edge matrix in downloaded official workbook
RE	MG	MEIS3_extended_+_+_(936r)	479	0.22733094	NA	NA	NA	NA	OFFICIAL_RSS_ONLY_TARGET_GENE_MATRIX_UNAVAILABLE	Table S13B; no target-gene edge matrix in downloaded official workbook
AMD	MG	ONECUT1_+_+_(991r)	480	0.22603683	NA	NA	NA	NA	OFFICIAL_RSS_ONLY_TARGET_GENE_MATRIX_UNAVAILABLE	Table S13B; no target-gene edge matrix in downloaded official workbook
POAG	MG	ONECUT1_+_+_(991r)	480	0.22603683	NA	NA	NA	NA	OFFICIAL_RSS_ONLY_TARGET_GENE_MATRIX_UNAVAILABLE	Table S13B; no target-gene edge matrix in downloaded official workbook
RE	MG	ONECUT1_+_+_(991r)	480	0.22603683	NA	NA	NA	NA	OFFICIAL_RSS_ONLY_TARGET_GENE_MATRIX_UNAVAILABLE	Table S13B; no target-gene edge matrix in downloaded official workbook
AMD	MG	ONECUT1_extended_+_+_(991r)	481	0.22603683	NA	NA	NA	NA	OFFICIAL_RSS_ONLY_TARGET_GENE_MATRIX_UNAVAILABLE	Table S13B; no target-gene edge matrix in downloaded official workbook
POAG	MG	ONECUT1_extended_+_+_(991r)	481	0.22603683	NA	NA	NA	NA	OFFICIAL_RSS_ONLY_TARGET_GENE_MATRIX_UNAVAILABLE	Table S13B; no target-gene edge matrix in downloaded official workbook
RE	MG	ONECUT1_extended_+_+_(991r)	481	0.22603683	NA	NA	NA	NA	OFFICIAL_RSS_ONLY_TARGET_GENE_MATRIX_UNAVAILABLE	Table S13B; no target-gene edge matrix in downloaded official workbook
AMD	MG	MEIS3_+_+_(773r)	482	0.22596134	NA	NA	NA	NA	OFFICIAL_RSS_ONLY_TARGET_GENE_MATRIX_UNAVAILABLE	Table S13B; no target-gene edge matrix in downloaded official workbook
POAG	MG	MEIS3_+_+_(773r)	482	0.22596134	NA	NA	NA	NA	OFFICIAL_RSS_ONLY_TARGET_GENE_MATRIX_UNAVAILABLE	Table S13B; no target-gene edge matrix in downloaded official workbook
RE	MG	MEIS3_+_+_(773r)	482	0.22596134	NA	NA	NA	NA	OFFICIAL_RSS_ONLY_TARGET_GENE_MATRIX_UNAVAILABLE	Table S13B; no target-gene edge matrix in downloaded official workbook
AMD	MG	FLI1_extended_+_+_(2494r)	483	0.22595534	NA	NA	NA	NA	OFFICIAL_RSS_ONLY_TARGET_GENE_MATRIX_UNAVAILABLE	Table S13B; no target-gene edge matrix in downloaded official workbook
POAG	MG	FLI1_extended_+_+_(2494r)	483	0.22595534	NA	NA	NA	NA	OFFICIAL_RSS_ONLY_TARGET_GENE_MATRIX_UNAVAILABLE	Table S13B; no target-gene edge matrix in downloaded official workbook
RE	MG	FLI1_extended_+_+_(2494r)	483	0.22595534	NA	NA	NA	NA	OFFICIAL_RSS_ONLY_TARGET_GENE_MATRIX_UNAVAILABLE	Table S13B; no target-gene edge matrix in downloaded official workbook
AMD	MG	FLI1_+_+_(2494r)	484	0.22595534	NA	NA	NA	NA	OFFICIAL_RSS_ONLY_TARGET_GENE_MATRIX_UNAVAILABLE	Table S13B; no target-gene edge matrix in downloaded official workbook
POAG	MG	FLI1_+_+_(2494r)	484	0.22595534	NA	NA	NA	NA	OFFICIAL_RSS_ONLY_TARGET_GENE_MATRIX_UNAVAILABLE	Table S13B; no target-gene edge matrix in downloaded official workbook
RE	MG	FLI1_+_+_(2494r)	484	0.22595534	NA	NA	NA	NA	OFFICIAL_RSS_ONLY_TARGET_GENE_MATRIX_UNAVAILABLE	Table S13B; no target-gene edge matrix in downloaded official workbook
AMD	MG	SPI1_extended_+_+_(407r)	485	0.22580317	NA	NA	NA	NA	OFFICIAL_RSS_ONLY_TARGET_GENE_MATRIX_UNAVAILABLE	Table S13B; no target-gene edge matrix in downloaded official workbook
POAG	MG	SPI1_extended_+_+_(407r)	485	0.22580317	NA	NA	NA	NA	OFFICIAL_RSS_ONLY_TARGET_GENE_MATRIX_UNAVAILABLE	Table S13B; no target-gene edge matrix in downloaded official workbook
RE	MG	SPI1_extended_+_+_(407r)	485	0.22580317	NA	NA	NA	NA	OFFICIAL_RSS_ONLY_TARGET_GENE_MATRIX_UNAVAILABLE	Table S13B; no target-gene edge matrix in downloaded official workbook
AMD	MG	ONECUT3_extended_+_+_(622r)	486	0.22578437	NA	NA	NA	NA	OFFICIAL_RSS_ONLY_TARGET_GENE_MATRIX_UNAVAILABLE	Table S13B; no target-gene edge matrix in downloaded official workbook
POAG	MG	ONECUT3_extended_+_+_(622r)	486	0.22578437	NA	NA	NA	NA	OFFICIAL_RSS_ONLY_TARGET_GENE_MATRIX_UNAVAILABLE	Table S13B; no target-gene edge matrix in downloaded official workbook
RE	MG	ONECUT3_extended_+_+_(622r)	486	0.22578437	NA	NA	NA	NA	OFFICIAL_RSS_ONLY_TARGET_GENE_MATRIX_UNAVAILABLE	Table S13B; no target-gene edge matrix in downloaded official workbook
AMD	MG	ONECUT3_+_+_(622r)	487	0.22578437	NA	NA	NA	NA	OFFICIAL_RSS_ONLY_TARGET_GENE_MATRIX_UNAVAILABLE	Table S13B; no target-gene edge matrix in downloaded official workbook
POAG	MG	ONECUT3_+_+_(622r)	487	0.22578437	NA	NA	NA	NA	OFFICIAL_RSS_ONLY_TARGET_GENE_MATRIX_UNAVAILABLE	Table S13B; no target-gene edge matrix in downloaded official workbook
RE	MG	ONECUT3_+_+_(622r)	487	0.22578437	NA	NA	NA	NA	OFFICIAL_RSS_ONLY_TARGET_GENE_MATRIX_UNAVAILABLE	Table S13B; no target-gene edge matrix in downloaded official workbook
AMD	MG	MXI1_-_+_(31r)	488	0.22482933	NA	NA	NA	NA	OFFICIAL_RSS_ONLY_TARGET_GENE_MATRIX_UNAVAILABLE	Table S13B; no target-gene edge matrix in downloaded official workbook
POAG	MG	MXI1_-_+_(31r)	488	0.22482933	NA	NA	NA	NA	OFFICIAL_RSS_ONLY_TARGET_GENE_MATRIX_UNAVAILABLE	Table S13B; no target-gene edge matrix in downloaded official workbook
RE	MG	MXI1_-_+_(31r)	488	0.22482933	NA	NA	NA	NA	OFFICIAL_RSS_ONLY_TARGET_GENE_MATRIX_UNAVAILABLE	Table S13B; no target-gene edge matrix in downloaded official workbook
AMD	MG	MXI1_extended_-_+_(31r)	489	0.22482933	NA	NA	NA	NA	OFFICIAL_RSS_ONLY_TARGET_GENE_MATRIX_UNAVAILABLE	Table S13B; no target-gene edge matrix in downloaded official workbook
POAG	MG	MXI1_extended_-_+_(31r)	489	0.22482933	NA	NA	NA	NA	OFFICIAL_RSS_ONLY_TARGET_GENE_MATRIX_UNAVAILABLE	Table S13B; no target-gene edge matrix in downloaded official workbook
RE	MG	MXI1_extended_-_+_(31r)	489	0.22482933	NA	NA	NA	NA	OFFICIAL_RSS_ONLY_TARGET_GENE_MATRIX_UNAVAILABLE	Table S13B; no target-gene edge matrix in downloaded official workbook
AMD	MG	SPI1_+_+_(402r)	490	0.22446095	NA	NA	NA	NA	OFFICIAL_RSS_ONLY_TARGET_GENE_MATRIX_UNAVAILABLE	Table S13B; no target-gene edge matrix in downloaded official workbook
POAG	MG	SPI1_+_+_(402r)	490	0.22446095	NA	NA	NA	NA	OFFICIAL_RSS_ONLY_TARGET_GENE_MATRIX_UNAVAILABLE	Table S13B; no target-gene edge matrix in downloaded official workbook
RE	MG	SPI1_+_+_(402r)	490	0.22446095	NA	NA	NA	NA	OFFICIAL_RSS_ONLY_TARGET_GENE_MATRIX_UNAVAILABLE	Table S13B; no target-gene edge matrix in downloaded official workbook
AMD	MG	MEIS1_-_-_(28r)	491	0.22406314	NA	NA	NA	NA	OFFICIAL_RSS_ONLY_TARGET_GENE_MATRIX_UNAVAILABLE	Table S13B; no target-gene edge matrix in downloaded official workbook
POAG	MG	MEIS1_-_-_(28r)	491	0.22406314	NA	NA	NA	NA	OFFICIAL_RSS_ONLY_TARGET_GENE_MATRIX_UNAVAILABLE	Table S13B; no target-gene edge matrix in downloaded official workbook
RE	MG	MEIS1_-_-_(28r)	491	0.22406314	NA	NA	NA	NA	OFFICIAL_RSS_ONLY_TARGET_GENE_MATRIX_UNAVAILABLE	Table S13B; no target-gene edge matrix in downloaded official workbook
AMD	MG	MEIS2_+_+_(1216r)	492	0.22405506	NA	NA	NA	NA	OFFICIAL_RSS_ONLY_TARGET_GENE_MATRIX_UNAVAILABLE	Table S13B; no target-gene edge matrix in downloaded official workbook
POAG	MG	MEIS2_+_+_(1216r)	492	0.22405506	NA	NA	NA	NA	OFFICIAL_RSS_ONLY_TARGET_GENE_MATRIX_UNAVAILABLE	Table S13B; no target-gene edge matrix in downloaded official workbook
RE	MG	MEIS2_+_+_(1216r)	492	0.22405506	NA	NA	NA	NA	OFFICIAL_RSS_ONLY_TARGET_GENE_MATRIX_UNAVAILABLE	Table S13B; no target-gene edge matrix in downloaded official workbook
AMD	MG	NEUROD2_extended_+_+_(131r)	493	0.22399815	NA	NA	NA	NA	OFFICIAL_RSS_ONLY_TARGET_GENE_MATRIX_UNAVAILABLE	Table S13B; no target-gene edge matrix in downloaded official workbook
POAG	MG	NEUROD2_extended_+_+_(131r)	493	0.22399815	NA	NA	NA	NA	OFFICIAL_RSS_ONLY_TARGET_GENE_MATRIX_UNAVAILABLE	Table S13B; no target-gene edge matrix in downloaded official workbook
RE	MG	NEUROD2_extended_+_+_(131r)	493	0.22399815	NA	NA	NA	NA	OFFICIAL_RSS_ONLY_TARGET_GENE_MATRIX_UNAVAILABLE	Table S13B; no target-gene edge matrix in downloaded official workbook
AMD	MG	RUNX3_extended_+_+_(546r)	494	0.22256739	NA	NA	NA	NA	OFFICIAL_RSS_ONLY_TARGET_GENE_MATRIX_UNAVAILABLE	Table S13B; no target-gene edge matrix in downloaded official workbook
POAG	MG	RUNX3_extended_+_+_(546r)	494	0.22256739	NA	NA	NA	NA	OFFICIAL_RSS_ONLY_TARGET_GENE_MATRIX_UNAVAILABLE	Table S13B; no target-gene edge matrix in downloaded official workbook
RE	MG	RUNX3_extended_+_+_(546r)	494	0.22256739	NA	NA	NA	NA	OFFICIAL_RSS_ONLY_TARGET_GENE_MATRIX_UNAVAILABLE	Table S13B; no target-gene edge matrix in downloaded official workbook
AMD	MG	RUNX3_+_+_(546r)	495	0.22256739	NA	NA	NA	NA	OFFICIAL_RSS_ONLY_TARGET_GENE_MATRIX_UNAVAILABLE	Table S13B; no target-gene edge matrix in downloaded official workbook
POAG	MG	RUNX3_+_+_(546r)	495	0.22256739	NA	NA	NA	NA	OFFICIAL_RSS_ONLY_TARGET_GENE_MATRIX_UNAVAILABLE	Table S13B; no target-gene edge matrix in downloaded official workbook
RE	MG	RUNX3_+_+_(546r)	495	0.22256739	NA	NA	NA	NA	OFFICIAL_RSS_ONLY_TARGET_GENE_MATRIX_UNAVAILABLE	Table S13B; no target-gene edge matrix in downloaded official workbook
AMD	MG	SCRT1_extended_+_+_(277r)	496	0.22254092	NA	NA	NA	NA	OFFICIAL_RSS_ONLY_TARGET_GENE_MATRIX_UNAVAILABLE	Table S13B; no target-gene edge matrix in downloaded official workbook
POAG	MG	SCRT1_extended_+_+_(277r)	496	0.22254092	NA	NA	NA	NA	OFFICIAL_RSS_ONLY_TARGET_GENE_MATRIX_UNAVAILABLE	Table S13B; no target-gene edge matrix in downloaded official workbook
RE	MG	SCRT1_extended_+_+_(277r)	496	0.22254092	NA	NA	NA	NA	OFFICIAL_RSS_ONLY_TARGET_GENE_MATRIX_UNAVAILABLE	Table S13B; no target-gene edge matrix in downloaded official workbook
AMD	MG	ZNF385D_-_+_(81r)	497	0.22239833	NA	NA	NA	NA	OFFICIAL_RSS_ONLY_TARGET_GENE_MATRIX_UNAVAILABLE	Table S13B; no target-gene edge matrix in downloaded official workbook
POAG	MG	ZNF385D_-_+_(81r)	497	0.22239833	NA	NA	NA	NA	OFFICIAL_RSS_ONLY_TARGET_GENE_MATRIX_UNAVAILABLE	Table S13B; no target-gene edge matrix in downloaded official workbook
RE	MG	ZNF385D_-_+_(81r)	497	0.22239833	NA	NA	NA	NA	OFFICIAL_RSS_ONLY_TARGET_GENE_MATRIX_UNAVAILABLE	Table S13B; no target-gene edge matrix in downloaded official workbook
AMD	MG	ZNF385D_extended_-_+_(81r)	498	0.22239833	NA	NA	NA	NA	OFFICIAL_RSS_ONLY_TARGET_GENE_MATRIX_UNAVAILABLE	Table S13B; no target-gene edge matrix in downloaded official workbook
POAG	MG	ZNF385D_extended_-_+_(81r)	498	0.22239833	NA	NA	NA	NA	OFFICIAL_RSS_ONLY_TARGET_GENE_MATRIX_UNAVAILABLE	Table S13B; no target-gene edge matrix in downloaded official workbook
RE	MG	ZNF385D_extended_-_+_(81r)	498	0.22239833	NA	NA	NA	NA	OFFICIAL_RSS_ONLY_TARGET_GENE_MATRIX_UNAVAILABLE	Table S13B; no target-gene edge matrix in downloaded official workbook
AMD	MG	PRDM1_extended_+_+_(179r)	499	0.2210055	NA	NA	NA	NA	OFFICIAL_RSS_ONLY_TARGET_GENE_MATRIX_UNAVAILABLE	Table S13B; no target-gene edge matrix in downloaded official workbook
POAG	MG	PRDM1_extended_+_+_(179r)	499	0.2210055	NA	NA	NA	NA	OFFICIAL_RSS_ONLY_TARGET_GENE_MATRIX_UNAVAILABLE	Table S13B; no target-gene edge matrix in downloaded official workbook
RE	MG	PRDM1_extended_+_+_(179r)	499	0.2210055	NA	NA	NA	NA	OFFICIAL_RSS_ONLY_TARGET_GENE_MATRIX_UNAVAILABLE	Table S13B; no target-gene edge matrix in downloaded official workbook
AMD	MG	RUNX1_extended_+_+_(930r)	500	0.2206305	NA	NA	NA	NA	OFFICIAL_RSS_ONLY_TARGET_GENE_MATRIX_UNAVAILABLE	Table S13B; no target-gene edge matrix in downloaded official workbook
POAG	MG	RUNX1_extended_+_+_(930r)	500	0.2206305	NA	NA	NA	NA	OFFICIAL_RSS_ONLY_TARGET_GENE_MATRIX_UNAVAILABLE	Table S13B; no target-gene edge matrix in downloaded official workbook
RE	MG	RUNX1_extended_+_+_(930r)	500	0.2206305	NA	NA	NA	NA	OFFICIAL_RSS_ONLY_TARGET_GENE_MATRIX_UNAVAILABLE	Table S13B; no target-gene edge matrix in downloaded official workbook
AMD	MG	RUNX1_+_+_(930r)	501	0.2206305	NA	NA	NA	NA	OFFICIAL_RSS_ONLY_TARGET_GENE_MATRIX_UNAVAILABLE	Table S13B; no target-gene edge matrix in downloaded official workbook
POAG	MG	RUNX1_+_+_(930r)	501	0.2206305	NA	NA	NA	NA	OFFICIAL_RSS_ONLY_TARGET_GENE_MATRIX_UNAVAILABLE	Table S13B; no target-gene edge matrix in downloaded official workbook
RE	MG	RUNX1_+_+_(930r)	501	0.2206305	NA	NA	NA	NA	OFFICIAL_RSS_ONLY_TARGET_GENE_MATRIX_UNAVAILABLE	Table S13B; no target-gene edge matrix in downloaded official workbook
AMD	MG	TFAP2D_+_+_(41r)	502	0.22020888	NA	NA	NA	NA	OFFICIAL_RSS_ONLY_TARGET_GENE_MATRIX_UNAVAILABLE	Table S13B; no target-gene edge matrix in downloaded official workbook
POAG	MG	TFAP2D_+_+_(41r)	502	0.22020888	NA	NA	NA	NA	OFFICIAL_RSS_ONLY_TARGET_GENE_MATRIX_UNAVAILABLE	Table S13B; no target-gene edge matrix in downloaded official workbook
RE	MG	TFAP2D_+_+_(41r)	502	0.22020888	NA	NA	NA	NA	OFFICIAL_RSS_ONLY_TARGET_GENE_MATRIX_UNAVAILABLE	Table S13B; no target-gene edge matrix in downloaded official workbook
AMD	MG	TFAP2D_extended_+_+_(41r)	503	0.22020888	NA	NA	NA	NA	OFFICIAL_RSS_ONLY_TARGET_GENE_MATRIX_UNAVAILABLE	Table S13B; no target-gene edge matrix in downloaded official workbook
POAG	MG	TFAP2D_extended_+_+_(41r)	503	0.22020888	NA	NA	NA	NA	OFFICIAL_RSS_ONLY_TARGET_GENE_MATRIX_UNAVAILABLE	Table S13B; no target-gene edge matrix in downloaded official workbook
RE	MG	TFAP2D_extended_+_+_(41r)	503	0.22020888	NA	NA	NA	NA	OFFICIAL_RSS_ONLY_TARGET_GENE_MATRIX_UNAVAILABLE	Table S13B; no target-gene edge matrix in downloaded official workbook
AMD	MG	LYL1_+_-_(15r)	504	0.21954567	NA	NA	NA	NA	OFFICIAL_RSS_ONLY_TARGET_GENE_MATRIX_UNAVAILABLE	Table S13B; no target-gene edge matrix in downloaded official workbook
POAG	MG	LYL1_+_-_(15r)	504	0.21954567	NA	NA	NA	NA	OFFICIAL_RSS_ONLY_TARGET_GENE_MATRIX_UNAVAILABLE	Table S13B; no target-gene edge matrix in downloaded official workbook
RE	MG	LYL1_+_-_(15r)	504	0.21954567	NA	NA	NA	NA	OFFICIAL_RSS_ONLY_TARGET_GENE_MATRIX_UNAVAILABLE	Table S13B; no target-gene edge matrix in downloaded official workbook
AMD	MG	LYL1_extended_+_-_(15r)	505	0.21954567	NA	NA	NA	NA	OFFICIAL_RSS_ONLY_TARGET_GENE_MATRIX_UNAVAILABLE	Table S13B; no target-gene edge matrix in downloaded official workbook
POAG	MG	LYL1_extended_+_-_(15r)	505	0.21954567	NA	NA	NA	NA	OFFICIAL_RSS_ONLY_TARGET_GENE_MATRIX_UNAVAILABLE	Table S13B; no target-gene edge matrix in downloaded official workbook
RE	MG	LYL1_extended_+_-_(15r)	505	0.21954567	NA	NA	NA	NA	OFFICIAL_RSS_ONLY_TARGET_GENE_MATRIX_UNAVAILABLE	Table S13B; no target-gene edge matrix in downloaded official workbook
AMD	MG	IKZF1_extended_+_+_(2120r)	506	0.21834709	NA	NA	NA	NA	OFFICIAL_RSS_ONLY_TARGET_GENE_MATRIX_UNAVAILABLE	Table S13B; no target-gene edge matrix in downloaded official workbook
POAG	MG	IKZF1_extended_+_+_(2120r)	506	0.21834709	NA	NA	NA	NA	OFFICIAL_RSS_ONLY_TARGET_GENE_MATRIX_UNAVAILABLE	Table S13B; no target-gene edge matrix in downloaded official workbook
RE	MG	IKZF1_extended_+_+_(2120r)	506	0.21834709	NA	NA	NA	NA	OFFICIAL_RSS_ONLY_TARGET_GENE_MATRIX_UNAVAILABLE	Table S13B; no target-gene edge matrix in downloaded official workbook
AMD	MG	FEZF2_extended_+_+_(21r)	507	0.2182969	NA	NA	NA	NA	OFFICIAL_RSS_ONLY_TARGET_GENE_MATRIX_UNAVAILABLE	Table S13B; no target-gene edge matrix in downloaded official workbook
POAG	MG	FEZF2_extended_+_+_(21r)	507	0.2182969	NA	NA	NA	NA	OFFICIAL_RSS_ONLY_TARGET_GENE_MATRIX_UNAVAILABLE	Table S13B; no target-gene edge matrix in downloaded official workbook
RE	MG	FEZF2_extended_+_+_(21r)	507	0.2182969	NA	NA	NA	NA	OFFICIAL_RSS_ONLY_TARGET_GENE_MATRIX_UNAVAILABLE	Table S13B; no target-gene edge matrix in downloaded official workbook
AMD	MG	MEIS2_extended_+_+_(2056r)	508	0.21814972	NA	NA	NA	NA	OFFICIAL_RSS_ONLY_TARGET_GENE_MATRIX_UNAVAILABLE	Table S13B; no target-gene edge matrix in downloaded official workbook
POAG	MG	MEIS2_extended_+_+_(2056r)	508	0.21814972	NA	NA	NA	NA	OFFICIAL_RSS_ONLY_TARGET_GENE_MATRIX_UNAVAILABLE	Table S13B; no target-gene edge matrix in downloaded official workbook
RE	MG	MEIS2_extended_+_+_(2056r)	508	0.21814972	NA	NA	NA	NA	OFFICIAL_RSS_ONLY_TARGET_GENE_MATRIX_UNAVAILABLE	Table S13B; no target-gene edge matrix in downloaded official workbook
AMD	MG	IKZF1_+_+_(1914r)	509	0.21812528	NA	NA	NA	NA	OFFICIAL_RSS_ONLY_TARGET_GENE_MATRIX_UNAVAILABLE	Table S13B; no target-gene edge matrix in downloaded official workbook
POAG	MG	IKZF1_+_+_(1914r)	509	0.21812528	NA	NA	NA	NA	OFFICIAL_RSS_ONLY_TARGET_GENE_MATRIX_UNAVAILABLE	Table S13B; no target-gene edge matrix in downloaded official workbook
RE	MG	IKZF1_+_+_(1914r)	509	0.21812528	NA	NA	NA	NA	OFFICIAL_RSS_ONLY_TARGET_GENE_MATRIX_UNAVAILABLE	Table S13B; no target-gene edge matrix in downloaded official workbook
AMD	MG	RORA_extended_+_+_(535r)	510	0.21768289	NA	NA	NA	NA	OFFICIAL_RSS_ONLY_TARGET_GENE_MATRIX_UNAVAILABLE	Table S13B; no target-gene edge matrix in downloaded official workbook
POAG	MG	RORA_extended_+_+_(535r)	510	0.21768289	NA	NA	NA	NA	OFFICIAL_RSS_ONLY_TARGET_GENE_MATRIX_UNAVAILABLE	Table S13B; no target-gene edge matrix in downloaded official workbook
RE	MG	RORA_extended_+_+_(535r)	510	0.21768289	NA	NA	NA	NA	OFFICIAL_RSS_ONLY_TARGET_GENE_MATRIX_UNAVAILABLE	Table S13B; no target-gene edge matrix in downloaded official workbook
AMD	MG	LIN28B_extended_+_+_(561r)	511	0.21629108	NA	NA	NA	NA	OFFICIAL_RSS_ONLY_TARGET_GENE_MATRIX_UNAVAILABLE	Table S13B; no target-gene edge matrix in downloaded official workbook
POAG	MG	LIN28B_extended_+_+_(561r)	511	0.21629108	NA	NA	NA	NA	OFFICIAL_RSS_ONLY_TARGET_GENE_MATRIX_UNAVAILABLE	Table S13B; no target-gene edge matrix in downloaded official workbook
RE	MG	LIN28B_extended_+_+_(561r)	511	0.21629108	NA	NA	NA	NA	OFFICIAL_RSS_ONLY_TARGET_GENE_MATRIX_UNAVAILABLE	Table S13B; no target-gene edge matrix in downloaded official workbook
AMD	MG	LIN28B_+_+_(561r)	512	0.21629108	NA	NA	NA	NA	OFFICIAL_RSS_ONLY_TARGET_GENE_MATRIX_UNAVAILABLE	Table S13B; no target-gene edge matrix in downloaded official workbook
POAG	MG	LIN28B_+_+_(561r)	512	0.21629108	NA	NA	NA	NA	OFFICIAL_RSS_ONLY_TARGET_GENE_MATRIX_UNAVAILABLE	Table S13B; no target-gene edge matrix in downloaded official workbook
RE	MG	LIN28B_+_+_(561r)	512	0.21629108	NA	NA	NA	NA	OFFICIAL_RSS_ONLY_TARGET_GENE_MATRIX_UNAVAILABLE	Table S13B; no target-gene edge matrix in downloaded official workbook
AMD	MG	RXRG_+_+_(385r)	513	0.21628582	NA	NA	NA	NA	OFFICIAL_RSS_ONLY_TARGET_GENE_MATRIX_UNAVAILABLE	Table S13B; no target-gene edge matrix in downloaded official workbook
POAG	MG	RXRG_+_+_(385r)	513	0.21628582	NA	NA	NA	NA	OFFICIAL_RSS_ONLY_TARGET_GENE_MATRIX_UNAVAILABLE	Table S13B; no target-gene edge matrix in downloaded official workbook
RE	MG	RXRG_+_+_(385r)	513	0.21628582	NA	NA	NA	NA	OFFICIAL_RSS_ONLY_TARGET_GENE_MATRIX_UNAVAILABLE	Table S13B; no target-gene edge matrix in downloaded official workbook
AMD	MG	ZEB1_+_+_(362r)	514	0.21439789	NA	NA	NA	NA	OFFICIAL_RSS_ONLY_TARGET_GENE_MATRIX_UNAVAILABLE	Table S13B; no target-gene edge matrix in downloaded official workbook
POAG	MG	ZEB1_+_+_(362r)	514	0.21439789	NA	NA	NA	NA	OFFICIAL_RSS_ONLY_TARGET_GENE_MATRIX_UNAVAILABLE	Table S13B; no target-gene edge matrix in downloaded official workbook
RE	MG	ZEB1_+_+_(362r)	514	0.21439789	NA	NA	NA	NA	OFFICIAL_RSS_ONLY_TARGET_GENE_MATRIX_UNAVAILABLE	Table S13B; no target-gene edge matrix in downloaded official workbook
AMD	MG	PRDM1_+_+_(175r)	515	0.21274871	NA	NA	NA	NA	OFFICIAL_RSS_ONLY_TARGET_GENE_MATRIX_UNAVAILABLE	Table S13B; no target-gene edge matrix in downloaded official workbook
POAG	MG	PRDM1_+_+_(175r)	515	0.21274871	NA	NA	NA	NA	OFFICIAL_RSS_ONLY_TARGET_GENE_MATRIX_UNAVAILABLE	Table S13B; no target-gene edge matrix in downloaded official workbook
RE	MG	PRDM1_+_+_(175r)	515	0.21274871	NA	NA	NA	NA	OFFICIAL_RSS_ONLY_TARGET_GENE_MATRIX_UNAVAILABLE	Table S13B; no target-gene edge matrix in downloaded official workbook
AMD	MG	ONECUT3_extended_+_-_(11r)	516	0.2119031	NA	NA	NA	NA	OFFICIAL_RSS_ONLY_TARGET_GENE_MATRIX_UNAVAILABLE	Table S13B; no target-gene edge matrix in downloaded official workbook
POAG	MG	ONECUT3_extended_+_-_(11r)	516	0.2119031	NA	NA	NA	NA	OFFICIAL_RSS_ONLY_TARGET_GENE_MATRIX_UNAVAILABLE	Table S13B; no target-gene edge matrix in downloaded official workbook
RE	MG	ONECUT3_extended_+_-_(11r)	516	0.2119031	NA	NA	NA	NA	OFFICIAL_RSS_ONLY_TARGET_GENE_MATRIX_UNAVAILABLE	Table S13B; no target-gene edge matrix in downloaded official workbook
AMD	MG	ONECUT3_+_-_(11r)	517	0.2119031	NA	NA	NA	NA	OFFICIAL_RSS_ONLY_TARGET_GENE_MATRIX_UNAVAILABLE	Table S13B; no target-gene edge matrix in downloaded official workbook
POAG	MG	ONECUT3_+_-_(11r)	517	0.2119031	NA	NA	NA	NA	OFFICIAL_RSS_ONLY_TARGET_GENE_MATRIX_UNAVAILABLE	Table S13B; no target-gene edge matrix in downloaded official workbook
RE	MG	ONECUT3_+_-_(11r)	517	0.2119031	NA	NA	NA	NA	OFFICIAL_RSS_ONLY_TARGET_GENE_MATRIX_UNAVAILABLE	Table S13B; no target-gene edge matrix in downloaded official workbook
AMD	MG	DRAP1_+_+_(34r)	518	0.21188699	NA	NA	NA	NA	OFFICIAL_RSS_ONLY_TARGET_GENE_MATRIX_UNAVAILABLE	Table S13B; no target-gene edge matrix in downloaded official workbook
POAG	MG	DRAP1_+_+_(34r)	518	0.21188699	NA	NA	NA	NA	OFFICIAL_RSS_ONLY_TARGET_GENE_MATRIX_UNAVAILABLE	Table S13B; no target-gene edge matrix in downloaded official workbook
RE	MG	DRAP1_+_+_(34r)	518	0.21188699	NA	NA	NA	NA	OFFICIAL_RSS_ONLY_TARGET_GENE_MATRIX_UNAVAILABLE	Table S13B; no target-gene edge matrix in downloaded official workbook
AMD	MG	DRAP1_extended_+_+_(34r)	519	0.21188699	NA	NA	NA	NA	OFFICIAL_RSS_ONLY_TARGET_GENE_MATRIX_UNAVAILABLE	Table S13B; no target-gene edge matrix in downloaded official workbook
POAG	MG	DRAP1_extended_+_+_(34r)	519	0.21188699	NA	NA	NA	NA	OFFICIAL_RSS_ONLY_TARGET_GENE_MATRIX_UNAVAILABLE	Table S13B; no target-gene edge matrix in downloaded official workbook
RE	MG	DRAP1_extended_+_+_(34r)	519	0.21188699	NA	NA	NA	NA	OFFICIAL_RSS_ONLY_TARGET_GENE_MATRIX_UNAVAILABLE	Table S13B; no target-gene edge matrix in downloaded official workbook
AMD	MG	ESRRG_extended_-_-_(44r)	520	0.21150562	NA	NA	NA	NA	OFFICIAL_RSS_ONLY_TARGET_GENE_MATRIX_UNAVAILABLE	Table S13B; no target-gene edge matrix in downloaded official workbook
POAG	MG	ESRRG_extended_-_-_(44r)	520	0.21150562	NA	NA	NA	NA	OFFICIAL_RSS_ONLY_TARGET_GENE_MATRIX_UNAVAILABLE	Table S13B; no target-gene edge matrix in downloaded official workbook
RE	MG	ESRRG_extended_-_-_(44r)	520	0.21150562	NA	NA	NA	NA	OFFICIAL_RSS_ONLY_TARGET_GENE_MATRIX_UNAVAILABLE	Table S13B; no target-gene edge matrix in downloaded official workbook
AMD	MG	ESRRG_-_-_(44r)	521	0.21150562	NA	NA	NA	NA	OFFICIAL_RSS_ONLY_TARGET_GENE_MATRIX_UNAVAILABLE	Table S13B; no target-gene edge matrix in downloaded official workbook
POAG	MG	ESRRG_-_-_(44r)	521	0.21150562	NA	NA	NA	NA	OFFICIAL_RSS_ONLY_TARGET_GENE_MATRIX_UNAVAILABLE	Table S13B; no target-gene edge matrix in downloaded official workbook
RE	MG	ESRRG_-_-_(44r)	521	0.21150562	NA	NA	NA	NA	OFFICIAL_RSS_ONLY_TARGET_GENE_MATRIX_UNAVAILABLE	Table S13B; no target-gene edge matrix in downloaded official workbook
AMD	MG	TFEC_extended_+_+_(88r)	522	0.21139108	NA	NA	NA	NA	OFFICIAL_RSS_ONLY_TARGET_GENE_MATRIX_UNAVAILABLE	Table S13B; no target-gene edge matrix in downloaded official workbook
POAG	MG	TFEC_extended_+_+_(88r)	522	0.21139108	NA	NA	NA	NA	OFFICIAL_RSS_ONLY_TARGET_GENE_MATRIX_UNAVAILABLE	Table S13B; no target-gene edge matrix in downloaded official workbook
RE	MG	TFEC_extended_+_+_(88r)	522	0.21139108	NA	NA	NA	NA	OFFICIAL_RSS_ONLY_TARGET_GENE_MATRIX_UNAVAILABLE	Table S13B; no target-gene edge matrix in downloaded official workbook
AMD	MG	TFEC_+_+_(88r)	523	0.21139108	NA	NA	NA	NA	OFFICIAL_RSS_ONLY_TARGET_GENE_MATRIX_UNAVAILABLE	Table S13B; no target-gene edge matrix in downloaded official workbook
POAG	MG	TFEC_+_+_(88r)	523	0.21139108	NA	NA	NA	NA	OFFICIAL_RSS_ONLY_TARGET_GENE_MATRIX_UNAVAILABLE	Table S13B; no target-gene edge matrix in downloaded official workbook
RE	MG	TFEC_+_+_(88r)	523	0.21139108	NA	NA	NA	NA	OFFICIAL_RSS_ONLY_TARGET_GENE_MATRIX_UNAVAILABLE	Table S13B; no target-gene edge matrix in downloaded official workbook
AMD	MG	REL_+_+_(418r)	524	0.21076981	NA	NA	NA	NA	OFFICIAL_RSS_ONLY_TARGET_GENE_MATRIX_UNAVAILABLE	Table S13B; no target-gene edge matrix in downloaded official workbook
POAG	MG	REL_+_+_(418r)	524	0.21076981	NA	NA	NA	NA	OFFICIAL_RSS_ONLY_TARGET_GENE_MATRIX_UNAVAILABLE	Table S13B; no target-gene edge matrix in downloaded official workbook
RE	MG	REL_+_+_(418r)	524	0.21076981	NA	NA	NA	NA	OFFICIAL_RSS_ONLY_TARGET_GENE_MATRIX_UNAVAILABLE	Table S13B; no target-gene edge matrix in downloaded official workbook
AMD	MG	REL_extended_+_+_(418r)	525	0.21076981	NA	NA	NA	NA	OFFICIAL_RSS_ONLY_TARGET_GENE_MATRIX_UNAVAILABLE	Table S13B; no target-gene edge matrix in downloaded official workbook
POAG	MG	REL_extended_+_+_(418r)	525	0.21076981	NA	NA	NA	NA	OFFICIAL_RSS_ONLY_TARGET_GENE_MATRIX_UNAVAILABLE	Table S13B; no target-gene edge matrix in downloaded official workbook
RE	MG	REL_extended_+_+_(418r)	525	0.21076981	NA	NA	NA	NA	OFFICIAL_RSS_ONLY_TARGET_GENE_MATRIX_UNAVAILABLE	Table S13B; no target-gene edge matrix in downloaded official workbook
AMD	MG	EBF3_extended_+_+_(1749r)	526	0.21074624	NA	NA	NA	NA	OFFICIAL_RSS_ONLY_TARGET_GENE_MATRIX_UNAVAILABLE	Table S13B; no target-gene edge matrix in downloaded official workbook
POAG	MG	EBF3_extended_+_+_(1749r)	526	0.21074624	NA	NA	NA	NA	OFFICIAL_RSS_ONLY_TARGET_GENE_MATRIX_UNAVAILABLE	Table S13B; no target-gene edge matrix in downloaded official workbook
RE	MG	EBF3_extended_+_+_(1749r)	526	0.21074624	NA	NA	NA	NA	OFFICIAL_RSS_ONLY_TARGET_GENE_MATRIX_UNAVAILABLE	Table S13B; no target-gene edge matrix in downloaded official workbook
AMD	MG	EBF3_+_+_(1749r)	527	0.21074624	NA	NA	NA	NA	OFFICIAL_RSS_ONLY_TARGET_GENE_MATRIX_UNAVAILABLE	Table S13B; no target-gene edge matrix in downloaded official workbook
POAG	MG	EBF3_+_+_(1749r)	527	0.21074624	NA	NA	NA	NA	OFFICIAL_RSS_ONLY_TARGET_GENE_MATRIX_UNAVAILABLE	Table S13B; no target-gene edge matrix in downloaded official workbook
RE	MG	EBF3_+_+_(1749r)	527	0.21074624	NA	NA	NA	NA	OFFICIAL_RSS_ONLY_TARGET_GENE_MATRIX_UNAVAILABLE	Table S13B; no target-gene edge matrix in downloaded official workbook
AMD	MG	HES1_extended_-_+_(108r)	528	0.21062338	NA	NA	NA	NA	OFFICIAL_RSS_ONLY_TARGET_GENE_MATRIX_UNAVAILABLE	Table S13B; no target-gene edge matrix in downloaded official workbook
POAG	MG	HES1_extended_-_+_(108r)	528	0.21062338	NA	NA	NA	NA	OFFICIAL_RSS_ONLY_TARGET_GENE_MATRIX_UNAVAILABLE	Table S13B; no target-gene edge matrix in downloaded official workbook
RE	MG	HES1_extended_-_+_(108r)	528	0.21062338	NA	NA	NA	NA	OFFICIAL_RSS_ONLY_TARGET_GENE_MATRIX_UNAVAILABLE	Table S13B; no target-gene edge matrix in downloaded official workbook
AMD	MG	NEUROD2_+_+_(124r)	529	0.20989657	NA	NA	NA	NA	OFFICIAL_RSS_ONLY_TARGET_GENE_MATRIX_UNAVAILABLE	Table S13B; no target-gene edge matrix in downloaded official workbook
POAG	MG	NEUROD2_+_+_(124r)	529	0.20989657	NA	NA	NA	NA	OFFICIAL_RSS_ONLY_TARGET_GENE_MATRIX_UNAVAILABLE	Table S13B; no target-gene edge matrix in downloaded official workbook
RE	MG	NEUROD2_+_+_(124r)	529	0.20989657	NA	NA	NA	NA	OFFICIAL_RSS_ONLY_TARGET_GENE_MATRIX_UNAVAILABLE	Table S13B; no target-gene edge matrix in downloaded official workbook
AMD	MG	TCF4_extended_-_+_(206r)	530	0.20964791	NA	NA	NA	NA	OFFICIAL_RSS_ONLY_TARGET_GENE_MATRIX_UNAVAILABLE	Table S13B; no target-gene edge matrix in downloaded official workbook
POAG	MG	TCF4_extended_-_+_(206r)	530	0.20964791	NA	NA	NA	NA	OFFICIAL_RSS_ONLY_TARGET_GENE_MATRIX_UNAVAILABLE	Table S13B; no target-gene edge matrix in downloaded official workbook
RE	MG	TCF4_extended_-_+_(206r)	530	0.20964791	NA	NA	NA	NA	OFFICIAL_RSS_ONLY_TARGET_GENE_MATRIX_UNAVAILABLE	Table S13B; no target-gene edge matrix in downloaded official workbook
AMD	MG	EBF2_+_+_(115r)	531	0.2092904	NA	NA	NA	NA	OFFICIAL_RSS_ONLY_TARGET_GENE_MATRIX_UNAVAILABLE	Table S13B; no target-gene edge matrix in downloaded official workbook
POAG	MG	EBF2_+_+_(115r)	531	0.2092904	NA	NA	NA	NA	OFFICIAL_RSS_ONLY_TARGET_GENE_MATRIX_UNAVAILABLE	Table S13B; no target-gene edge matrix in downloaded official workbook
RE	MG	EBF2_+_+_(115r)	531	0.2092904	NA	NA	NA	NA	OFFICIAL_RSS_ONLY_TARGET_GENE_MATRIX_UNAVAILABLE	Table S13B; no target-gene edge matrix in downloaded official workbook
AMD	MG	TCF4_-_+_(204r)	532	0.20876048	NA	NA	NA	NA	OFFICIAL_RSS_ONLY_TARGET_GENE_MATRIX_UNAVAILABLE	Table S13B; no target-gene edge matrix in downloaded official workbook
POAG	MG	TCF4_-_+_(204r)	532	0.20876048	NA	NA	NA	NA	OFFICIAL_RSS_ONLY_TARGET_GENE_MATRIX_UNAVAILABLE	Table S13B; no target-gene edge matrix in downloaded official workbook
RE	MG	TCF4_-_+_(204r)	532	0.20876048	NA	NA	NA	NA	OFFICIAL_RSS_ONLY_TARGET_GENE_MATRIX_UNAVAILABLE	Table S13B; no target-gene edge matrix in downloaded official workbook
AMD	MG	ZEB1_extended_+_+_(419r)	533	0.20765405	NA	NA	NA	NA	OFFICIAL_RSS_ONLY_TARGET_GENE_MATRIX_UNAVAILABLE	Table S13B; no target-gene edge matrix in downloaded official workbook
POAG	MG	ZEB1_extended_+_+_(419r)	533	0.20765405	NA	NA	NA	NA	OFFICIAL_RSS_ONLY_TARGET_GENE_MATRIX_UNAVAILABLE	Table S13B; no target-gene edge matrix in downloaded official workbook
RE	MG	ZEB1_extended_+_+_(419r)	533	0.20765405	NA	NA	NA	NA	OFFICIAL_RSS_ONLY_TARGET_GENE_MATRIX_UNAVAILABLE	Table S13B; no target-gene edge matrix in downloaded official workbook
AMD	MG	PHF20_+_+_(86r)	534	0.20667798	NA	NA	NA	NA	OFFICIAL_RSS_ONLY_TARGET_GENE_MATRIX_UNAVAILABLE	Table S13B; no target-gene edge matrix in downloaded official workbook
POAG	MG	PHF20_+_+_(86r)	534	0.20667798	NA	NA	NA	NA	OFFICIAL_RSS_ONLY_TARGET_GENE_MATRIX_UNAVAILABLE	Table S13B; no target-gene edge matrix in downloaded official workbook
RE	MG	PHF20_+_+_(86r)	534	0.20667798	NA	NA	NA	NA	OFFICIAL_RSS_ONLY_TARGET_GENE_MATRIX_UNAVAILABLE	Table S13B; no target-gene edge matrix in downloaded official workbook
AMD	MG	PHF20_extended_+_+_(86r)	535	0.20667798	NA	NA	NA	NA	OFFICIAL_RSS_ONLY_TARGET_GENE_MATRIX_UNAVAILABLE	Table S13B; no target-gene edge matrix in downloaded official workbook
POAG	MG	PHF20_extended_+_+_(86r)	535	0.20667798	NA	NA	NA	NA	OFFICIAL_RSS_ONLY_TARGET_GENE_MATRIX_UNAVAILABLE	Table S13B; no target-gene edge matrix in downloaded official workbook
RE	MG	PHF20_extended_+_+_(86r)	535	0.20667798	NA	NA	NA	NA	OFFICIAL_RSS_ONLY_TARGET_GENE_MATRIX_UNAVAILABLE	Table S13B; no target-gene edge matrix in downloaded official workbook
AMD	MG	REL_-_-_(15r)	536	0.20630917	NA	NA	NA	NA	OFFICIAL_RSS_ONLY_TARGET_GENE_MATRIX_UNAVAILABLE	Table S13B; no target-gene edge matrix in downloaded official workbook
POAG	MG	REL_-_-_(15r)	536	0.20630917	NA	NA	NA	NA	OFFICIAL_RSS_ONLY_TARGET_GENE_MATRIX_UNAVAILABLE	Table S13B; no target-gene edge matrix in downloaded official workbook
RE	MG	REL_-_-_(15r)	536	0.20630917	NA	NA	NA	NA	OFFICIAL_RSS_ONLY_TARGET_GENE_MATRIX_UNAVAILABLE	Table S13B; no target-gene edge matrix in downloaded official workbook
AMD	MG	REL_extended_-_-_(15r)	537	0.20630917	NA	NA	NA	NA	OFFICIAL_RSS_ONLY_TARGET_GENE_MATRIX_UNAVAILABLE	Table S13B; no target-gene edge matrix in downloaded official workbook
POAG	MG	REL_extended_-_-_(15r)	537	0.20630917	NA	NA	NA	NA	OFFICIAL_RSS_ONLY_TARGET_GENE_MATRIX_UNAVAILABLE	Table S13B; no target-gene edge matrix in downloaded official workbook
RE	MG	REL_extended_-_-_(15r)	537	0.20630917	NA	NA	NA	NA	OFFICIAL_RSS_ONLY_TARGET_GENE_MATRIX_UNAVAILABLE	Table S13B; no target-gene edge matrix in downloaded official workbook
AMD	MG	BHLHE22_+_+_(272r)	538	0.20614	NA	NA	NA	NA	OFFICIAL_RSS_ONLY_TARGET_GENE_MATRIX_UNAVAILABLE	Table S13B; no target-gene edge matrix in downloaded official workbook
POAG	MG	BHLHE22_+_+_(272r)	538	0.20614	NA	NA	NA	NA	OFFICIAL_RSS_ONLY_TARGET_GENE_MATRIX_UNAVAILABLE	Table S13B; no target-gene edge matrix in downloaded official workbook
RE	MG	BHLHE22_+_+_(272r)	538	0.20614	NA	NA	NA	NA	OFFICIAL_RSS_ONLY_TARGET_GENE_MATRIX_UNAVAILABLE	Table S13B; no target-gene edge matrix in downloaded official workbook
AMD	MG	BHLHE22_extended_+_+_(608r)	539	0.20611598	NA	NA	NA	NA	OFFICIAL_RSS_ONLY_TARGET_GENE_MATRIX_UNAVAILABLE	Table S13B; no target-gene edge matrix in downloaded official workbook
POAG	MG	BHLHE22_extended_+_+_(608r)	539	0.20611598	NA	NA	NA	NA	OFFICIAL_RSS_ONLY_TARGET_GENE_MATRIX_UNAVAILABLE	Table S13B; no target-gene edge matrix in downloaded official workbook
RE	MG	BHLHE22_extended_+_+_(608r)	539	0.20611598	NA	NA	NA	NA	OFFICIAL_RSS_ONLY_TARGET_GENE_MATRIX_UNAVAILABLE	Table S13B; no target-gene edge matrix in downloaded official workbook
AMD	MG	SREBF1_-_+_(113r)	540	0.2058283	NA	NA	NA	NA	OFFICIAL_RSS_ONLY_TARGET_GENE_MATRIX_UNAVAILABLE	Table S13B; no target-gene edge matrix in downloaded official workbook
POAG	MG	SREBF1_-_+_(113r)	540	0.2058283	NA	NA	NA	NA	OFFICIAL_RSS_ONLY_TARGET_GENE_MATRIX_UNAVAILABLE	Table S13B; no target-gene edge matrix in downloaded official workbook
RE	MG	SREBF1_-_+_(113r)	540	0.2058283	NA	NA	NA	NA	OFFICIAL_RSS_ONLY_TARGET_GENE_MATRIX_UNAVAILABLE	Table S13B; no target-gene edge matrix in downloaded official workbook
AMD	MG	SREBF1_extended_-_+_(113r)	541	0.2058283	NA	NA	NA	NA	OFFICIAL_RSS_ONLY_TARGET_GENE_MATRIX_UNAVAILABLE	Table S13B; no target-gene edge matrix in downloaded official workbook
POAG	MG	SREBF1_extended_-_+_(113r)	541	0.2058283	NA	NA	NA	NA	OFFICIAL_RSS_ONLY_TARGET_GENE_MATRIX_UNAVAILABLE	Table S13B; no target-gene edge matrix in downloaded official workbook
RE	MG	SREBF1_extended_-_+_(113r)	541	0.2058283	NA	NA	NA	NA	OFFICIAL_RSS_ONLY_TARGET_GENE_MATRIX_UNAVAILABLE	Table S13B; no target-gene edge matrix in downloaded official workbook
AMD	MG	HES1_-_+_(65r)	542	0.20202858	NA	NA	NA	NA	OFFICIAL_RSS_ONLY_TARGET_GENE_MATRIX_UNAVAILABLE	Table S13B; no target-gene edge matrix in downloaded official workbook
POAG	MG	HES1_-_+_(65r)	542	0.20202858	NA	NA	NA	NA	OFFICIAL_RSS_ONLY_TARGET_GENE_MATRIX_UNAVAILABLE	Table S13B; no target-gene edge matrix in downloaded official workbook
RE	MG	HES1_-_+_(65r)	542	0.20202858	NA	NA	NA	NA	OFFICIAL_RSS_ONLY_TARGET_GENE_MATRIX_UNAVAILABLE	Table S13B; no target-gene edge matrix in downloaded official workbook
AMD	MG	EBF2_extended_+_+_(257r)	543	0.20156493	NA	NA	NA	NA	OFFICIAL_RSS_ONLY_TARGET_GENE_MATRIX_UNAVAILABLE	Table S13B; no target-gene edge matrix in downloaded official workbook
POAG	MG	EBF2_extended_+_+_(257r)	543	0.20156493	NA	NA	NA	NA	OFFICIAL_RSS_ONLY_TARGET_GENE_MATRIX_UNAVAILABLE	Table S13B; no target-gene edge matrix in downloaded official workbook
RE	MG	EBF2_extended_+_+_(257r)	543	0.20156493	NA	NA	NA	NA	OFFICIAL_RSS_ONLY_TARGET_GENE_MATRIX_UNAVAILABLE	Table S13B; no target-gene edge matrix in downloaded official workbook
AMD	MG	NR2E1_+_-_(44r)	544	0.20102836	NA	NA	NA	NA	OFFICIAL_RSS_ONLY_TARGET_GENE_MATRIX_UNAVAILABLE	Table S13B; no target-gene edge matrix in downloaded official workbook
POAG	MG	NR2E1_+_-_(44r)	544	0.20102836	NA	NA	NA	NA	OFFICIAL_RSS_ONLY_TARGET_GENE_MATRIX_UNAVAILABLE	Table S13B; no target-gene edge matrix in downloaded official workbook
RE	MG	NR2E1_+_-_(44r)	544	0.20102836	NA	NA	NA	NA	OFFICIAL_RSS_ONLY_TARGET_GENE_MATRIX_UNAVAILABLE	Table S13B; no target-gene edge matrix in downloaded official workbook
AMD	MG	CRX_extended_-_-_(335r)	545	0.20062681	NA	NA	NA	NA	OFFICIAL_RSS_ONLY_TARGET_GENE_MATRIX_UNAVAILABLE	Table S13B; no target-gene edge matrix in downloaded official workbook
POAG	MG	CRX_extended_-_-_(335r)	545	0.20062681	NA	NA	NA	NA	OFFICIAL_RSS_ONLY_TARGET_GENE_MATRIX_UNAVAILABLE	Table S13B; no target-gene edge matrix in downloaded official workbook
RE	MG	CRX_extended_-_-_(335r)	545	0.20062681	NA	NA	NA	NA	OFFICIAL_RSS_ONLY_TARGET_GENE_MATRIX_UNAVAILABLE	Table S13B; no target-gene edge matrix in downloaded official workbook
AMD	MG	CRX_-_-_(335r)	546	0.20062681	NA	NA	NA	NA	OFFICIAL_RSS_ONLY_TARGET_GENE_MATRIX_UNAVAILABLE	Table S13B; no target-gene edge matrix in downloaded official workbook
POAG	MG	CRX_-_-_(335r)	546	0.20062681	NA	NA	NA	NA	OFFICIAL_RSS_ONLY_TARGET_GENE_MATRIX_UNAVAILABLE	Table S13B; no target-gene edge matrix in downloaded official workbook
RE	MG	CRX_-_-_(335r)	546	0.20062681	NA	NA	NA	NA	OFFICIAL_RSS_ONLY_TARGET_GENE_MATRIX_UNAVAILABLE	Table S13B; no target-gene edge matrix in downloaded official workbook
AMD	MG	ESRRG_+_+_(889r)	547	0.19830427	NA	NA	NA	NA	OFFICIAL_RSS_ONLY_TARGET_GENE_MATRIX_UNAVAILABLE	Table S13B; no target-gene edge matrix in downloaded official workbook
POAG	MG	ESRRG_+_+_(889r)	547	0.19830427	NA	NA	NA	NA	OFFICIAL_RSS_ONLY_TARGET_GENE_MATRIX_UNAVAILABLE	Table S13B; no target-gene edge matrix in downloaded official workbook
RE	MG	ESRRG_+_+_(889r)	547	0.19830427	NA	NA	NA	NA	OFFICIAL_RSS_ONLY_TARGET_GENE_MATRIX_UNAVAILABLE	Table S13B; no target-gene edge matrix in downloaded official workbook
AMD	MG	ESRRG_extended_+_+_(889r)	548	0.19830427	NA	NA	NA	NA	OFFICIAL_RSS_ONLY_TARGET_GENE_MATRIX_UNAVAILABLE	Table S13B; no target-gene edge matrix in downloaded official workbook
POAG	MG	ESRRG_extended_+_+_(889r)	548	0.19830427	NA	NA	NA	NA	OFFICIAL_RSS_ONLY_TARGET_GENE_MATRIX_UNAVAILABLE	Table S13B; no target-gene edge matrix in downloaded official workbook
RE	MG	ESRRG_extended_+_+_(889r)	548	0.19830427	NA	NA	NA	NA	OFFICIAL_RSS_ONLY_TARGET_GENE_MATRIX_UNAVAILABLE	Table S13B; no target-gene edge matrix in downloaded official workbook
AMD	MG	MECP2_+_+_(396r)	549	0.19667931	NA	NA	NA	NA	OFFICIAL_RSS_ONLY_TARGET_GENE_MATRIX_UNAVAILABLE	Table S13B; no target-gene edge matrix in downloaded official workbook
POAG	MG	MECP2_+_+_(396r)	549	0.19667931	NA	NA	NA	NA	OFFICIAL_RSS_ONLY_TARGET_GENE_MATRIX_UNAVAILABLE	Table S13B; no target-gene edge matrix in downloaded official workbook
RE	MG	MECP2_+_+_(396r)	549	0.19667931	NA	NA	NA	NA	OFFICIAL_RSS_ONLY_TARGET_GENE_MATRIX_UNAVAILABLE	Table S13B; no target-gene edge matrix in downloaded official workbook
AMD	MG	MECP2_extended_+_+_(396r)	550	0.19667931	NA	NA	NA	NA	OFFICIAL_RSS_ONLY_TARGET_GENE_MATRIX_UNAVAILABLE	Table S13B; no target-gene edge matrix in downloaded official workbook
POAG	MG	MECP2_extended_+_+_(396r)	550	0.19667931	NA	NA	NA	NA	OFFICIAL_RSS_ONLY_TARGET_GENE_MATRIX_UNAVAILABLE	Table S13B; no target-gene edge matrix in downloaded official workbook
RE	MG	MECP2_extended_+_+_(396r)	550	0.19667931	NA	NA	NA	NA	OFFICIAL_RSS_ONLY_TARGET_GENE_MATRIX_UNAVAILABLE	Table S13B; no target-gene edge matrix in downloaded official workbook
AMD	MG	HSF2_+_-_(22r)	551	0.19645143	NA	NA	NA	NA	OFFICIAL_RSS_ONLY_TARGET_GENE_MATRIX_UNAVAILABLE	Table S13B; no target-gene edge matrix in downloaded official workbook
POAG	MG	HSF2_+_-_(22r)	551	0.19645143	NA	NA	NA	NA	OFFICIAL_RSS_ONLY_TARGET_GENE_MATRIX_UNAVAILABLE	Table S13B; no target-gene edge matrix in downloaded official workbook
RE	MG	HSF2_+_-_(22r)	551	0.19645143	NA	NA	NA	NA	OFFICIAL_RSS_ONLY_TARGET_GENE_MATRIX_UNAVAILABLE	Table S13B; no target-gene edge matrix in downloaded official workbook
AMD	MG	NR2E1_extended_+_-_(52r)	552	0.19488364	NA	NA	NA	NA	OFFICIAL_RSS_ONLY_TARGET_GENE_MATRIX_UNAVAILABLE	Table S13B; no target-gene edge matrix in downloaded official workbook
POAG	MG	NR2E1_extended_+_-_(52r)	552	0.19488364	NA	NA	NA	NA	OFFICIAL_RSS_ONLY_TARGET_GENE_MATRIX_UNAVAILABLE	Table S13B; no target-gene edge matrix in downloaded official workbook
RE	MG	NR2E1_extended_+_-_(52r)	552	0.19488364	NA	NA	NA	NA	OFFICIAL_RSS_ONLY_TARGET_GENE_MATRIX_UNAVAILABLE	Table S13B; no target-gene edge matrix in downloaded official workbook
AMD	MG	SIX3_-_+_(57r)	553	0.1929513	NA	NA	NA	NA	OFFICIAL_RSS_ONLY_TARGET_GENE_MATRIX_UNAVAILABLE	Table S13B; no target-gene edge matrix in downloaded official workbook
POAG	MG	SIX3_-_+_(57r)	553	0.1929513	NA	NA	NA	NA	OFFICIAL_RSS_ONLY_TARGET_GENE_MATRIX_UNAVAILABLE	Table S13B; no target-gene edge matrix in downloaded official workbook
RE	MG	SIX3_-_+_(57r)	553	0.1929513	NA	NA	NA	NA	OFFICIAL_RSS_ONLY_TARGET_GENE_MATRIX_UNAVAILABLE	Table S13B; no target-gene edge matrix in downloaded official workbook
AMD	MG	PEG3_+_+_(28r)	554	0.19285432	NA	NA	NA	NA	OFFICIAL_RSS_ONLY_TARGET_GENE_MATRIX_UNAVAILABLE	Table S13B; no target-gene edge matrix in downloaded official workbook
POAG	MG	PEG3_+_+_(28r)	554	0.19285432	NA	NA	NA	NA	OFFICIAL_RSS_ONLY_TARGET_GENE_MATRIX_UNAVAILABLE	Table S13B; no target-gene edge matrix in downloaded official workbook
RE	MG	PEG3_+_+_(28r)	554	0.19285432	NA	NA	NA	NA	OFFICIAL_RSS_ONLY_TARGET_GENE_MATRIX_UNAVAILABLE	Table S13B; no target-gene edge matrix in downloaded official workbook
AMD	MG	PKNOX1_extended_+_+_(75r)	555	0.19059685	NA	NA	NA	NA	OFFICIAL_RSS_ONLY_TARGET_GENE_MATRIX_UNAVAILABLE	Table S13B; no target-gene edge matrix in downloaded official workbook
POAG	MG	PKNOX1_extended_+_+_(75r)	555	0.19059685	NA	NA	NA	NA	OFFICIAL_RSS_ONLY_TARGET_GENE_MATRIX_UNAVAILABLE	Table S13B; no target-gene edge matrix in downloaded official workbook
RE	MG	PKNOX1_extended_+_+_(75r)	555	0.19059685	NA	NA	NA	NA	OFFICIAL_RSS_ONLY_TARGET_GENE_MATRIX_UNAVAILABLE	Table S13B; no target-gene edge matrix in downloaded official workbook
AMD	MG	CRX_extended_+_+_(2186r)	556	0.19018563	NA	NA	NA	NA	OFFICIAL_RSS_ONLY_TARGET_GENE_MATRIX_UNAVAILABLE	Table S13B; no target-gene edge matrix in downloaded official workbook
POAG	MG	CRX_extended_+_+_(2186r)	556	0.19018563	NA	NA	NA	NA	OFFICIAL_RSS_ONLY_TARGET_GENE_MATRIX_UNAVAILABLE	Table S13B; no target-gene edge matrix in downloaded official workbook
RE	MG	CRX_extended_+_+_(2186r)	556	0.19018563	NA	NA	NA	NA	OFFICIAL_RSS_ONLY_TARGET_GENE_MATRIX_UNAVAILABLE	Table S13B; no target-gene edge matrix in downloaded official workbook
AMD	MG	CRX_+_+_(2186r)	557	0.19018563	NA	NA	NA	NA	OFFICIAL_RSS_ONLY_TARGET_GENE_MATRIX_UNAVAILABLE	Table S13B; no target-gene edge matrix in downloaded official workbook
POAG	MG	CRX_+_+_(2186r)	557	0.19018563	NA	NA	NA	NA	OFFICIAL_RSS_ONLY_TARGET_GENE_MATRIX_UNAVAILABLE	Table S13B; no target-gene edge matrix in downloaded official workbook
RE	MG	CRX_+_+_(2186r)	557	0.19018563	NA	NA	NA	NA	OFFICIAL_RSS_ONLY_TARGET_GENE_MATRIX_UNAVAILABLE	Table S13B; no target-gene edge matrix in downloaded official workbook
AMD	MG	OTX2_-_-_(360r)	558	0.18807085	NA	NA	NA	NA	OFFICIAL_RSS_ONLY_TARGET_GENE_MATRIX_UNAVAILABLE	Table S13B; no target-gene edge matrix in downloaded official workbook
POAG	MG	OTX2_-_-_(360r)	558	0.18807085	NA	NA	NA	NA	OFFICIAL_RSS_ONLY_TARGET_GENE_MATRIX_UNAVAILABLE	Table S13B; no target-gene edge matrix in downloaded official workbook
RE	MG	OTX2_-_-_(360r)	558	0.18807085	NA	NA	NA	NA	OFFICIAL_RSS_ONLY_TARGET_GENE_MATRIX_UNAVAILABLE	Table S13B; no target-gene edge matrix in downloaded official workbook
AMD	MG	OTX2_extended_-_-_(360r)	559	0.18807085	NA	NA	NA	NA	OFFICIAL_RSS_ONLY_TARGET_GENE_MATRIX_UNAVAILABLE	Table S13B; no target-gene edge matrix in downloaded official workbook
POAG	MG	OTX2_extended_-_-_(360r)	559	0.18807085	NA	NA	NA	NA	OFFICIAL_RSS_ONLY_TARGET_GENE_MATRIX_UNAVAILABLE	Table S13B; no target-gene edge matrix in downloaded official workbook
RE	MG	OTX2_extended_-_-_(360r)	559	0.18807085	NA	NA	NA	NA	OFFICIAL_RSS_ONLY_TARGET_GENE_MATRIX_UNAVAILABLE	Table S13B; no target-gene edge matrix in downloaded official workbook
AMD	MG	BHLHE40_+_-_(183r)	560	0.18685795	NA	NA	NA	NA	OFFICIAL_RSS_ONLY_TARGET_GENE_MATRIX_UNAVAILABLE	Table S13B; no target-gene edge matrix in downloaded official workbook
POAG	MG	BHLHE40_+_-_(183r)	560	0.18685795	NA	NA	NA	NA	OFFICIAL_RSS_ONLY_TARGET_GENE_MATRIX_UNAVAILABLE	Table S13B; no target-gene edge matrix in downloaded official workbook
RE	MG	BHLHE40_+_-_(183r)	560	0.18685795	NA	NA	NA	NA	OFFICIAL_RSS_ONLY_TARGET_GENE_MATRIX_UNAVAILABLE	Table S13B; no target-gene edge matrix in downloaded official workbook
AMD	MG	BHLHE40_extended_+_-_(188r)	561	0.18645481	NA	NA	NA	NA	OFFICIAL_RSS_ONLY_TARGET_GENE_MATRIX_UNAVAILABLE	Table S13B; no target-gene edge matrix in downloaded official workbook
POAG	MG	BHLHE40_extended_+_-_(188r)	561	0.18645481	NA	NA	NA	NA	OFFICIAL_RSS_ONLY_TARGET_GENE_MATRIX_UNAVAILABLE	Table S13B; no target-gene edge matrix in downloaded official workbook
RE	MG	BHLHE40_extended_+_-_(188r)	561	0.18645481	NA	NA	NA	NA	OFFICIAL_RSS_ONLY_TARGET_GENE_MATRIX_UNAVAILABLE	Table S13B; no target-gene edge matrix in downloaded official workbook
AMD	MG	NEUROD4_extended_+_+_(637r)	562	0.18349075	NA	NA	NA	NA	OFFICIAL_RSS_ONLY_TARGET_GENE_MATRIX_UNAVAILABLE	Table S13B; no target-gene edge matrix in downloaded official workbook
POAG	MG	NEUROD4_extended_+_+_(637r)	562	0.18349075	NA	NA	NA	NA	OFFICIAL_RSS_ONLY_TARGET_GENE_MATRIX_UNAVAILABLE	Table S13B; no target-gene edge matrix in downloaded official workbook
RE	MG	NEUROD4_extended_+_+_(637r)	562	0.18349075	NA	NA	NA	NA	OFFICIAL_RSS_ONLY_TARGET_GENE_MATRIX_UNAVAILABLE	Table S13B; no target-gene edge matrix in downloaded official workbook
AMD	MG	KLF9_+_-_(23r)	563	0.18292058	NA	NA	NA	NA	OFFICIAL_RSS_ONLY_TARGET_GENE_MATRIX_UNAVAILABLE	Table S13B; no target-gene edge matrix in downloaded official workbook
POAG	MG	KLF9_+_-_(23r)	563	0.18292058	NA	NA	NA	NA	OFFICIAL_RSS_ONLY_TARGET_GENE_MATRIX_UNAVAILABLE	Table S13B; no target-gene edge matrix in downloaded official workbook
RE	MG	KLF9_+_-_(23r)	563	0.18292058	NA	NA	NA	NA	OFFICIAL_RSS_ONLY_TARGET_GENE_MATRIX_UNAVAILABLE	Table S13B; no target-gene edge matrix in downloaded official workbook
AMD	MG	KLF9_extended_+_-_(23r)	564	0.18292058	NA	NA	NA	NA	OFFICIAL_RSS_ONLY_TARGET_GENE_MATRIX_UNAVAILABLE	Table S13B; no target-gene edge matrix in downloaded official workbook
POAG	MG	KLF9_extended_+_-_(23r)	564	0.18292058	NA	NA	NA	NA	OFFICIAL_RSS_ONLY_TARGET_GENE_MATRIX_UNAVAILABLE	Table S13B; no target-gene edge matrix in downloaded official workbook
RE	MG	KLF9_extended_+_-_(23r)	564	0.18292058	NA	NA	NA	NA	OFFICIAL_RSS_ONLY_TARGET_GENE_MATRIX_UNAVAILABLE	Table S13B; no target-gene edge matrix in downloaded official workbook
AMD	MG	OTX2_extended_+_+_(1350r)	565	0.18261133	NA	NA	NA	NA	OFFICIAL_RSS_ONLY_TARGET_GENE_MATRIX_UNAVAILABLE	Table S13B; no target-gene edge matrix in downloaded official workbook
POAG	MG	OTX2_extended_+_+_(1350r)	565	0.18261133	NA	NA	NA	NA	OFFICIAL_RSS_ONLY_TARGET_GENE_MATRIX_UNAVAILABLE	Table S13B; no target-gene edge matrix in downloaded official workbook
RE	MG	OTX2_extended_+_+_(1350r)	565	0.18261133	NA	NA	NA	NA	OFFICIAL_RSS_ONLY_TARGET_GENE_MATRIX_UNAVAILABLE	Table S13B; no target-gene edge matrix in downloaded official workbook
AMD	MG	OTX2_+_+_(1350r)	566	0.18261133	NA	NA	NA	NA	OFFICIAL_RSS_ONLY_TARGET_GENE_MATRIX_UNAVAILABLE	Table S13B; no target-gene edge matrix in downloaded official workbook
POAG	MG	OTX2_+_+_(1350r)	566	0.18261133	NA	NA	NA	NA	OFFICIAL_RSS_ONLY_TARGET_GENE_MATRIX_UNAVAILABLE	Table S13B; no target-gene edge matrix in downloaded official workbook
RE	MG	OTX2_+_+_(1350r)	566	0.18261133	NA	NA	NA	NA	OFFICIAL_RSS_ONLY_TARGET_GENE_MATRIX_UNAVAILABLE	Table S13B; no target-gene edge matrix in downloaded official workbook
AMD	MG	NEUROD1_+_+_(704r)	567	0.18192599	NA	NA	NA	NA	OFFICIAL_RSS_ONLY_TARGET_GENE_MATRIX_UNAVAILABLE	Table S13B; no target-gene edge matrix in downloaded official workbook
POAG	MG	NEUROD1_+_+_(704r)	567	0.18192599	NA	NA	NA	NA	OFFICIAL_RSS_ONLY_TARGET_GENE_MATRIX_UNAVAILABLE	Table S13B; no target-gene edge matrix in downloaded official workbook
RE	MG	NEUROD1_+_+_(704r)	567	0.18192599	NA	NA	NA	NA	OFFICIAL_RSS_ONLY_TARGET_GENE_MATRIX_UNAVAILABLE	Table S13B; no target-gene edge matrix in downloaded official workbook
AMD	MG	LHX2_+_-_(36r)	568	0.18186467	NA	NA	NA	NA	OFFICIAL_RSS_ONLY_TARGET_GENE_MATRIX_UNAVAILABLE	Table S13B; no target-gene edge matrix in downloaded official workbook
POAG	MG	LHX2_+_-_(36r)	568	0.18186467	NA	NA	NA	NA	OFFICIAL_RSS_ONLY_TARGET_GENE_MATRIX_UNAVAILABLE	Table S13B; no target-gene edge matrix in downloaded official workbook
RE	MG	LHX2_+_-_(36r)	568	0.18186467	NA	NA	NA	NA	OFFICIAL_RSS_ONLY_TARGET_GENE_MATRIX_UNAVAILABLE	Table S13B; no target-gene edge matrix in downloaded official workbook
AMD	MG	NEUROD1_extended_+_+_(713r)	569	0.18181724	NA	NA	NA	NA	OFFICIAL_RSS_ONLY_TARGET_GENE_MATRIX_UNAVAILABLE	Table S13B; no target-gene edge matrix in downloaded official workbook
POAG	MG	NEUROD1_extended_+_+_(713r)	569	0.18181724	NA	NA	NA	NA	OFFICIAL_RSS_ONLY_TARGET_GENE_MATRIX_UNAVAILABLE	Table S13B; no target-gene edge matrix in downloaded official workbook
RE	MG	NEUROD1_extended_+_+_(713r)	569	0.18181724	NA	NA	NA	NA	OFFICIAL_RSS_ONLY_TARGET_GENE_MATRIX_UNAVAILABLE	Table S13B; no target-gene edge matrix in downloaded official workbook
AMD	MG	LHX2_extended_+_-_(38r)	570	0.18149406	NA	NA	NA	NA	OFFICIAL_RSS_ONLY_TARGET_GENE_MATRIX_UNAVAILABLE	Table S13B; no target-gene edge matrix in downloaded official workbook
POAG	MG	LHX2_extended_+_-_(38r)	570	0.18149406	NA	NA	NA	NA	OFFICIAL_RSS_ONLY_TARGET_GENE_MATRIX_UNAVAILABLE	Table S13B; no target-gene edge matrix in downloaded official workbook
RE	MG	LHX2_extended_+_-_(38r)	570	0.18149406	NA	NA	NA	NA	OFFICIAL_RSS_ONLY_TARGET_GENE_MATRIX_UNAVAILABLE	Table S13B; no target-gene edge matrix in downloaded official workbook
AMD	MG	NR4A1_extended_+_-_(34r)	571	0.17934635	NA	NA	NA	NA	OFFICIAL_RSS_ONLY_TARGET_GENE_MATRIX_UNAVAILABLE	Table S13B; no target-gene edge matrix in downloaded official workbook
POAG	MG	NR4A1_extended_+_-_(34r)	571	0.17934635	NA	NA	NA	NA	OFFICIAL_RSS_ONLY_TARGET_GENE_MATRIX_UNAVAILABLE	Table S13B; no target-gene edge matrix in downloaded official workbook
RE	MG	NR4A1_extended_+_-_(34r)	571	0.17934635	NA	NA	NA	NA	OFFICIAL_RSS_ONLY_TARGET_GENE_MATRIX_UNAVAILABLE	Table S13B; no target-gene edge matrix in downloaded official workbook
AMD	MG	NR4A1_+_-_(34r)	572	0.17934635	NA	NA	NA	NA	OFFICIAL_RSS_ONLY_TARGET_GENE_MATRIX_UNAVAILABLE	Table S13B; no target-gene edge matrix in downloaded official workbook
POAG	MG	NR4A1_+_-_(34r)	572	0.17934635	NA	NA	NA	NA	OFFICIAL_RSS_ONLY_TARGET_GENE_MATRIX_UNAVAILABLE	Table S13B; no target-gene edge matrix in downloaded official workbook
RE	MG	NR4A1_+_-_(34r)	572	0.17934635	NA	NA	NA	NA	OFFICIAL_RSS_ONLY_TARGET_GENE_MATRIX_UNAVAILABLE	Table S13B; no target-gene edge matrix in downloaded official workbook
AMD	MG	PKNOX2_-_-_(15r)	573	0.17887582	NA	NA	NA	NA	OFFICIAL_RSS_ONLY_TARGET_GENE_MATRIX_UNAVAILABLE	Table S13B; no target-gene edge matrix in downloaded official workbook
POAG	MG	PKNOX2_-_-_(15r)	573	0.17887582	NA	NA	NA	NA	OFFICIAL_RSS_ONLY_TARGET_GENE_MATRIX_UNAVAILABLE	Table S13B; no target-gene edge matrix in downloaded official workbook
RE	MG	PKNOX2_-_-_(15r)	573	0.17887582	NA	NA	NA	NA	OFFICIAL_RSS_ONLY_TARGET_GENE_MATRIX_UNAVAILABLE	Table S13B; no target-gene edge matrix in downloaded official workbook
AMD	MG	PKNOX2_extended_-_-_(15r)	574	0.17887582	NA	NA	NA	NA	OFFICIAL_RSS_ONLY_TARGET_GENE_MATRIX_UNAVAILABLE	Table S13B; no target-gene edge matrix in downloaded official workbook
POAG	MG	PKNOX2_extended_-_-_(15r)	574	0.17887582	NA	NA	NA	NA	OFFICIAL_RSS_ONLY_TARGET_GENE_MATRIX_UNAVAILABLE	Table S13B; no target-gene edge matrix in downloaded official workbook
RE	MG	PKNOX2_extended_-_-_(15r)	574	0.17887582	NA	NA	NA	NA	OFFICIAL_RSS_ONLY_TARGET_GENE_MATRIX_UNAVAILABLE	Table S13B; no target-gene edge matrix in downloaded official workbook
AMD	MG	PKNOX1_+_+_(53r)	575	0.17762976	NA	NA	NA	NA	OFFICIAL_RSS_ONLY_TARGET_GENE_MATRIX_UNAVAILABLE	Table S13B; no target-gene edge matrix in downloaded official workbook
POAG	MG	PKNOX1_+_+_(53r)	575	0.17762976	NA	NA	NA	NA	OFFICIAL_RSS_ONLY_TARGET_GENE_MATRIX_UNAVAILABLE	Table S13B; no target-gene edge matrix in downloaded official workbook
RE	MG	PKNOX1_+_+_(53r)	575	0.17762976	NA	NA	NA	NA	OFFICIAL_RSS_ONLY_TARGET_GENE_MATRIX_UNAVAILABLE	Table S13B; no target-gene edge matrix in downloaded official workbook
AMD	MG	TCF7L2_+_-_(54r)	576	0.17676715	NA	NA	NA	NA	OFFICIAL_RSS_ONLY_TARGET_GENE_MATRIX_UNAVAILABLE	Table S13B; no target-gene edge matrix in downloaded official workbook
POAG	MG	TCF7L2_+_-_(54r)	576	0.17676715	NA	NA	NA	NA	OFFICIAL_RSS_ONLY_TARGET_GENE_MATRIX_UNAVAILABLE	Table S13B; no target-gene edge matrix in downloaded official workbook
RE	MG	TCF7L2_+_-_(54r)	576	0.17676715	NA	NA	NA	NA	OFFICIAL_RSS_ONLY_TARGET_GENE_MATRIX_UNAVAILABLE	Table S13B; no target-gene edge matrix in downloaded official workbook
AMD	MG	NEUROD1_extended_-_-_(11r)	577	0.17168117	NA	NA	NA	NA	OFFICIAL_RSS_ONLY_TARGET_GENE_MATRIX_UNAVAILABLE	Table S13B; no target-gene edge matrix in downloaded official workbook
POAG	MG	NEUROD1_extended_-_-_(11r)	577	0.17168117	NA	NA	NA	NA	OFFICIAL_RSS_ONLY_TARGET_GENE_MATRIX_UNAVAILABLE	Table S13B; no target-gene edge matrix in downloaded official workbook
RE	MG	NEUROD1_extended_-_-_(11r)	577	0.17168117	NA	NA	NA	NA	OFFICIAL_RSS_ONLY_TARGET_GENE_MATRIX_UNAVAILABLE	Table S13B; no target-gene edge matrix in downloaded official workbook
AMD	MG	NEUROD1_-_-_(11r)	578	0.17168117	NA	NA	NA	NA	OFFICIAL_RSS_ONLY_TARGET_GENE_MATRIX_UNAVAILABLE	Table S13B; no target-gene edge matrix in downloaded official workbook
POAG	MG	NEUROD1_-_-_(11r)	578	0.17168117	NA	NA	NA	NA	OFFICIAL_RSS_ONLY_TARGET_GENE_MATRIX_UNAVAILABLE	Table S13B; no target-gene edge matrix in downloaded official workbook
RE	MG	NEUROD1_-_-_(11r)	578	0.17168117	NA	NA	NA	NA	OFFICIAL_RSS_ONLY_TARGET_GENE_MATRIX_UNAVAILABLE	Table S13B; no target-gene edge matrix in downloaded official workbook
AMD	MG	ARNTL2_+_+_(25r)	579	0.16757839	NA	NA	NA	NA	OFFICIAL_RSS_ONLY_TARGET_GENE_MATRIX_UNAVAILABLE	Table S13B; no target-gene edge matrix in downloaded official workbook
POAG	MG	ARNTL2_+_+_(25r)	579	0.16757839	NA	NA	NA	NA	OFFICIAL_RSS_ONLY_TARGET_GENE_MATRIX_UNAVAILABLE	Table S13B; no target-gene edge matrix in downloaded official workbook
RE	MG	ARNTL2_+_+_(25r)	579	0.16757839	NA	NA	NA	NA	OFFICIAL_RSS_ONLY_TARGET_GENE_MATRIX_UNAVAILABLE	Table S13B; no target-gene edge matrix in downloaded official workbook
AMD	MG	ARNTL2_extended_+_+_(28r)	580	0.16756525	NA	NA	NA	NA	OFFICIAL_RSS_ONLY_TARGET_GENE_MATRIX_UNAVAILABLE	Table S13B; no target-gene edge matrix in downloaded official workbook
POAG	MG	ARNTL2_extended_+_+_(28r)	580	0.16756525	NA	NA	NA	NA	OFFICIAL_RSS_ONLY_TARGET_GENE_MATRIX_UNAVAILABLE	Table S13B; no target-gene edge matrix in downloaded official workbook
RE	MG	ARNTL2_extended_+_+_(28r)	580	0.16756525	NA	NA	NA	NA	OFFICIAL_RSS_ONLY_TARGET_GENE_MATRIX_UNAVAILABLE	Table S13B; no target-gene edge matrix in downloaded official workbook
AMD	MG	GLIS3_+_-_(60r)	581	0.16755993	NA	NA	NA	NA	OFFICIAL_RSS_ONLY_TARGET_GENE_MATRIX_UNAVAILABLE	Table S13B; no target-gene edge matrix in downloaded official workbook
POAG	MG	GLIS3_+_-_(60r)	581	0.16755993	NA	NA	NA	NA	OFFICIAL_RSS_ONLY_TARGET_GENE_MATRIX_UNAVAILABLE	Table S13B; no target-gene edge matrix in downloaded official workbook
RE	MG	GLIS3_+_-_(60r)	581	0.16755993	NA	NA	NA	NA	OFFICIAL_RSS_ONLY_TARGET_GENE_MATRIX_UNAVAILABLE	Table S13B; no target-gene edge matrix in downloaded official workbook
AMD	MG	GLIS3_extended_+_-_(60r)	582	0.16755993	NA	NA	NA	NA	OFFICIAL_RSS_ONLY_TARGET_GENE_MATRIX_UNAVAILABLE	Table S13B; no target-gene edge matrix in downloaded official workbook
POAG	MG	GLIS3_extended_+_-_(60r)	582	0.16755993	NA	NA	NA	NA	OFFICIAL_RSS_ONLY_TARGET_GENE_MATRIX_UNAVAILABLE	Table S13B; no target-gene edge matrix in downloaded official workbook
RE	MG	GLIS3_extended_+_-_(60r)	582	0.16755993	NA	NA	NA	NA	OFFICIAL_RSS_ONLY_TARGET_GENE_MATRIX_UNAVAILABLE	Table S13B; no target-gene edge matrix in downloaded official workbook
AMD	MG	TCF7L2_extended_+_-_(27r)	583	0.16748967	NA	NA	NA	NA	OFFICIAL_RSS_ONLY_TARGET_GENE_MATRIX_UNAVAILABLE	Table S13B; no target-gene edge matrix in downloaded official workbook
POAG	MG	TCF7L2_extended_+_-_(27r)	583	0.16748967	NA	NA	NA	NA	OFFICIAL_RSS_ONLY_TARGET_GENE_MATRIX_UNAVAILABLE	Table S13B; no target-gene edge matrix in downloaded official workbook
RE	MG	TCF7L2_extended_+_-_(27r)	583	0.16748967	NA	NA	NA	NA	OFFICIAL_RSS_ONLY_TARGET_GENE_MATRIX_UNAVAILABLE	Table S13B; no target-gene edge matrix in downloaded official workbook
AMD	MG	AHR_-_-_(13r)	584	0.16744539	NA	NA	NA	NA	OFFICIAL_RSS_ONLY_TARGET_GENE_MATRIX_UNAVAILABLE	Table S13B; no target-gene edge matrix in downloaded official workbook
POAG	MG	AHR_-_-_(13r)	584	0.16744539	NA	NA	NA	NA	OFFICIAL_RSS_ONLY_TARGET_GENE_MATRIX_UNAVAILABLE	Table S13B; no target-gene edge matrix in downloaded official workbook
RE	MG	AHR_-_-_(13r)	584	0.16744539	NA	NA	NA	NA	OFFICIAL_RSS_ONLY_TARGET_GENE_MATRIX_UNAVAILABLE	Table S13B; no target-gene edge matrix in downloaded official workbook
AMD	MG	AHR_extended_-_-_(13r)	585	0.16744539	NA	NA	NA	NA	OFFICIAL_RSS_ONLY_TARGET_GENE_MATRIX_UNAVAILABLE	Table S13B; no target-gene edge matrix in downloaded official workbook
POAG	MG	AHR_extended_-_-_(13r)	585	0.16744539	NA	NA	NA	NA	OFFICIAL_RSS_ONLY_TARGET_GENE_MATRIX_UNAVAILABLE	Table S13B; no target-gene edge matrix in downloaded official workbook
RE	MG	AHR_extended_-_-_(13r)	585	0.16744539	NA	NA	NA	NA	OFFICIAL_RSS_ONLY_TARGET_GENE_MATRIX_UNAVAILABLE	Table S13B; no target-gene edge matrix in downloaded official workbook
