trait	chr	region	start	end	n_snps	h2_local	se	p	likelihood_interval_lower	likelihood_interval_upper	warning	eligible_for_bivariate
AMD	1	1	754182	1366830	125	0.0002321996579354		0.116965232440695				True
AMD	1	2	1421531	2211849	201	0.0001049793121564		0.422979923660217				True
AMD	1	3	2220649	2981841	246	2.10205309682897e-05		0.0				True
AMD	1	4	2984087	3580574	228	0.0		0.999999461946885			nonpositive_local_h2	False
AMD	1	5	3586250	4281458	254	0.0005642788170155		0.0				True
AMD	1	6	4282786	4773266	374	2.3436412887364e-05		0.950269080793877				True
AMD	1	7	4774438	5362345	395	0.0		0.999994142877253			nonpositive_local_h2	False
AMD	1	8	5364634	6129835	349	0.000335937664751		0.169319782712437				True
AMD	1	9	6139744	7711758	642	0.0002583617820624		0.160078805422383				True
AMD	1	10	7712132	8580960	289	0.0006963681936631		0.0				True
AMD	1	11	8581015	9466803	333	0.0007640505197251		0.0433419557339405				True
AMD	1	12	9483388	10750432	349	5.72031412857644e-05		0.0				True
AMD	1	13	10757199	11706791	288	7.76427692432824e-05		0.515382094539355				True
AMD	1	14	11710561	12868019	435	0.0008855162512202		0.0				True
AMD	1	15	13782197	14719847	522	0.0007284345678288		0.0689682570618982				True
AMD	1	16	14721450	15754484	547	5.67868853186106e-05		0.834922694726636				True
AMD	1	17	15757044	16729700	370	4.19743249231703e-05		0.730763030008666				True
AMD	1	18	16732860	17557657	190	3.27847167388658e-05		0.755237965017461				True
AMD	1	19	17557837	18425983	415	1.96087580082724e-05		0.0				True
AMD	1	20	18429437	19237107	460	0.0		0.999999341022206			nonpositive_local_h2	False
AMD	1	21	19246539	20556029	569	0.0		0.999999619538993			nonpositive_local_h2	False
AMD	1	22	20556762	21410231	387	0.000273877310715		0.0				True
AMD	1	23	21416435	22141983	283	0.0002081132437786		0.488958335551311				True
AMD	1	24	22147077	22739168	279	0.0001515668443279		0.604217247231101				True
AMD	1	25	22740365	23904345	384	0.0001433459412595		0.0				True
AMD	1	26	23927929	25860915	652	0.0007407477803194		0.0994132495661196				True
AMD	1	27	25889422	27971502	631	0.0012800527939276		7.13134902923214e-05				True
AMD	1	28	28011854	29185093	241	4.93214813057268e-05		0.0				True
AMD	1	29	29190138	30405167	471	0.0001785574048673		0.0				True
AMD	1	30	30405460	31633308	596	0.0		0.0			nonpositive_local_h2	False
AMD	1	31	31650749	33066299	378	0.0003213497130095		0.0				True
AMD	1	32	33068754	34370091	487	0.0		0.0			nonpositive_local_h2	False
AMD	1	33	34375199	35190138	422	0.000667491252194		0.0				True
AMD	1	34	35205742	36847766	230	0.0002976864125686		0.0878325373714966				True
AMD	1	35	36858145	38465315	667	0.0003253865325209		0.268788828305943				True
AMD	1	36	38476519	40199854	575	0.000543673463004		0.0				True
AMD	1	37	40203722	41093830	300	0.0004453308604503		0.0610850072908765				True
AMD	1	38	41093908	41976017	338	0.0		0.999999730973442			nonpositive_local_h2	False
AMD	1	39	41984658	43507898	530	6.86044204599064e-05		0.599688528865596				True
AMD	1	40	43518830	45167143	630	9.91118343493098e-05		0.66195247866214				True
AMD	1	41	45175925	47234335	606	0.0		0.0			nonpositive_local_h2	False
AMD	1	42	47259138	48105228	327	8.00358813683872e-05		0.0				True
AMD	1	43	48106092	49178446	442	0.0		0.999999730973442			nonpositive_local_h2	False
AMD	1	44	49189775	51763952	477	0.0001668073595326		0.0				True
AMD	1	45	51781211	53112410	237	0.0001084212606572		0.498089575149852				True
AMD	1	46	53114318	54769756	602	0.0007257159936872		0.0				True
AMD	1	47	54775203	55725200	394	0.0		0.999999068064667			nonpositive_local_h2	False
AMD	1	48	55727195	56798123	550	0.0		0.999999619538993			nonpositive_local_h2	False
AMD	1	49	56799799	57529551	362	0.0002904788213214		0.233400632362848				True
AMD	1	50	57529790	58387094	472	0.0003833597755014		0.223951651032026				True
AMD	1	51	58387807	59883358	730	0.0		0.999999239077987			nonpositive_local_h2	False
AMD	1	52	59891290	61376228	555	0.0001517859705799		0.665922842101836				True
AMD	1	53	61382409	62774288	611	0.0008010626762015		0.007878986159248				True
AMD	1	54	62782503	64343627	640	0.0		0.0			nonpositive_local_h2	False
AMD	1	55	64345659	65892888	647	0.0		0.999999461946885			nonpositive_local_h2	False
AMD	1	56	65894342	66776954	344	0.0		0.0			nonpositive_local_h2	False
AMD	1	57	66778275	67760140	528	0.0002230763266773		0.0				True
AMD	1	58	67769006	68631792	407	0.000453942681357		0.0				True
AMD	1	59	68634642	69435479	269	0.0005094118297904		0.0782277811746479				True
AMD	1	60	69442664	70992015	510	0.0		0.0			nonpositive_local_h2	False
AMD	1	61	70993695	72512391	485	0.0001140399106788		0.349463948869413				True
AMD	1	62	72515717	73989854	328	0.0002422810649958		0.0				True
AMD	1	63	73993804	75127372	359	0.0		0.0			nonpositive_local_h2	False
AMD	1	64	75138762	76094234	342	0.0003815435018139		0.0392301524545177				True
AMD	1	65	76105757	76976522	399	0.0001293210276106		0.454855873093396				True
AMD	1	66	76978477	77889505	423	0.0		0.0			nonpositive_local_h2	False
AMD	1	67	77895517	79065052	330	0.0		0.999999619538993			nonpositive_local_h2	False
AMD	1	68	79067549	80087456	374	0.0002206609348485		0.428035869838619				True
AMD	1	69	80101805	80772071	271	0.0		0.0			nonpositive_local_h2	False
AMD	1	70	80782665	82120122	579	0.0		0.999999341022206			nonpositive_local_h2	False
AMD	1	71	82123485	83461181	579	0.0		0.999999341022206			nonpositive_local_h2	False
AMD	1	72	83464725	84723109	481	1.51040191501925e-05		0.917752685487261				True
AMD	1	73	84728665	86014249	595	0.0003857898209631		0.0675141689731951				True
AMD	1	74	86017278	86760937	335	6.80338508813506e-05		0.0				True
AMD	1	75	86769951	87663215	311	0.0003890282117048		0.106131651384034				True
AMD	1	76	87667705	88651771	384	0.000246443427392		0.0				True
AMD	1	77	88657007	89748907	310	0.0004987568456123		0.0174264686544276				True
AMD	1	78	89759219	90940570	409	0.0001707786740616		0.0				True
AMD	1	79	90943526	91867046	348	0.0006283175798022		0.0235920313886191				True
AMD	1	80	91872374	92904381	441	0.0001733565062871		0.592832050269279				True
AMD	1	81	92924057	94160787	307	0.0		0.999999809769497			nonpositive_local_h2	False
AMD	1	82	94174519	95122518	426	0.0003779743033679		0.0437326580663913				True
AMD	1	83	95123749	96146782	482	0.0001158907174347		0.524833429802185				True
AMD	1	84	96151539	97720465	626	0.0		0.0			nonpositive_local_h2	False
AMD	1	85	97721392	99424931	640	0.0		0.0			nonpositive_local_h2	False
AMD	1	86	99425374	100268991	339	0.000365991745849		0.13334450362011				True
AMD	1	87	100271638	101188192	291	0.0001379302421402		0.608358683118413				True
AMD	1	88	101198708	102417093	540	1.6262299828883e-05		0.935623139779984				True
AMD	1	89	102425278	103145383	227	0.0		0.999999809769497			nonpositive_local_h2	False
AMD	1	90	103150463	103764640	205	0.0007228035354658		0.0249162813796102				True
AMD	1	91	104017778	104980964	220	0.000103582162573		0.291901390351205				True
AMD	1	92	104986052	106089142	336	9.17991713434037e-05		0.718555108799964				True
AMD	1	93	106091316	106861495	206	0.0		0.0			nonpositive_local_h2	False
AMD	1	94	106865224	107873815	383	0.0003140075081512		0.380642793606509				True
AMD	1	95	107874776	109271037	536	0.0		0.0			nonpositive_local_h2	False
AMD	1	96	109273610	110215178	377	0.0		0.0			nonpositive_local_h2	False
AMD	1	97	110233147	111131424	414	0.0004116584341946		0.0				True
AMD	1	98	111137811	112488820	752	0.0007910701917992		0.0168313828654257				True
AMD	1	99	112489832	113416122	364	0.0005193179727088		0.0410877416603166				True
AMD	1	100	113418834	114662870	455	0.0001018031787781		0.57253132549806				True
AMD	1	101	114664584	116206423	620	0.0001933339328619		0.410276030680608				True
AMD	1	102	116207484	117043044	318	0.0		0.999999398438329			nonpositive_local_h2	False
AMD	1	103	117049676	118118636	361	0.0		0.0			nonpositive_local_h2	False
AMD	1	104	118118765	119406760	438	0.0		0.999999730973442			nonpositive_local_h2	False
AMD	1	105	119410215	120344900	353	0.0		0.0			nonpositive_local_h2	False
AMD	1	106	120347136	145730160	153	0.0		0.999999670511103			nonpositive_local_h2	False
AMD	1	107	146499296	147083744	275	0.0		0.999999730973442			nonpositive_local_h2	False
AMD	1	108	147086504	147826658	157	9.8845537532016e-05		0.701425091362629				True
AMD	1	109	149778729	151144891	335	2.96398364610065e-06		0.0				True
AMD	1	110	151150857	152534954	413	9.59870900761978e-05		0.546158350238136				True
AMD	1	111	152536784	153408831	421	0.0002766050009078		0.116171378998263				True
AMD	1	112	153416036	154685541	399	0.0004483829539304		0.183886076280594				True
AMD	1	113	154685607	156809206	613	0.0018204248120715		9.64430562748066e-06				True
AMD	1	114	156818647	158074220	576	0.0003286045427986		0.23800326683738				True
AMD	1	115	158085565	158900275	376	0.0		0.0			nonpositive_local_h2	False
AMD	1	116	158901127	159880660	367	2.52810421067315e-05		0.905984838924679				True
AMD	1	117	159884109	161054054	497	0.000404581506571		0.147361359296616				True
AMD	1	118	161057909	161943634	331	0.000120899566097		0.614041530134008				True
AMD	1	119	161946727	163138501	645	0.0004007145197545		0.202678701352028				True
AMD	1	120	163142555	163854036	372	0.0		0.999999730973442			nonpositive_local_h2	False
AMD	1	121	163855085	164723835	351	0.0009249295175398		0.0				True
AMD	1	122	164729434	165550009	503	0.0003431894314892		0.227706550481318				True
AMD	1	123	165554575	166457774	387	0.0		0.999999534032333			nonpositive_local_h2	False
AMD	1	124	166458160	167160959	434	0.000205338451299		0.17733510317841				True
AMD	1	125	167168408	168169452	430	0.0003763796001545		0.147416964129381				True
AMD	1	126	168181725	169520688	651	0.000574111396935		0.113146985578538				True
AMD	1	127	169521853	170192022	348	0.0		0.999999670511103			nonpositive_local_h2	False
AMD	1	128	170195231	171040083	308	0.0001611156589144		0.0				True
AMD	1	129	171045317	172464899	711	0.0005182947735174		0.0356997852735236				True
AMD	1	130	172466509	173571432	332	0.0		0.999999619538993			nonpositive_local_h2	False
AMD	1	131	173586804	175381926	613	0.0		0.0			nonpositive_local_h2	False
AMD	1	132	175386594	176449033	365	0.0		0.0			nonpositive_local_h2	False
AMD	1	133	176452220	177745454	549	0.0001444732836454		0.0				True
AMD	1	134	177747199	178913271	469	0.0		0.0			nonpositive_local_h2	False
AMD	1	135	178920026	180221084	586	0.0001600594905638		0.216932754652029				True
AMD	1	136	180225223	181322837	435	0.0		0.0			nonpositive_local_h2	False
AMD	1	137	181329186	182420448	489	0.0001657470492505		0.402091115567689				True
AMD	1	138	182422667	183918820	562	0.0002779715223633		0.299467997250014				True
AMD	1	139	183922435	184953041	449	0.000413759294251		0.43577729451421				True
AMD	1	140	184953113	186178238	328	0.0		0.999999730973442			nonpositive_local_h2	False
AMD	1	141	186181646	187070355	314	0.0		0.999999619538993			nonpositive_local_h2	False
AMD	1	142	187072660	187755025	312	0.0		0.999999730973442			nonpositive_local_h2	False
AMD	1	143	187758485	188624613	360	0.0		0.0			nonpositive_local_h2	False
AMD	1	144	188626346	189903497	328	0.0		0.0			nonpositive_local_h2	False
AMD	1	145	189905175	191409975	541	0.0001314864703664		0.548271010479105				True
AMD	1	146	191420660	192462574	332	0.0		0.0			nonpositive_local_h2	False
AMD	1	147	192478874	193564821	329	0.0		0.0			nonpositive_local_h2	False
AMD	1	148	193583192	194365120	275	0.0001816015773111		0.0				True
AMD	1	149	194368842	195157535	273	0.0001505167669298		0.0				True
AMD	1	150	195164692	196172936	374	0.0010142432509737		0.711425047173129				True
AMD	1	151	196180201	197929497	429	0.0524068415104993		1.44804098363961e-19				True
AMD	1	152	197938330	199260653	425	0.0011064791355132		0.228127600356869				True
AMD	1	153	199265270	200132084	363	6.07896515866481e-05		0.0				True
AMD	1	154	200135564	201067784	416	0.0003368450809782		0.0				True
AMD	1	155	201068298	202570776	730	0.0		0.0			nonpositive_local_h2	False
AMD	1	156	202590813	204082938	622	0.0005279367373564		0.248948976453169				True
AMD	1	157	204094781	205004999	482	2.90220837900878e-06		0.988299311448516				True
AMD	1	158	205011659	205917503	447	9.17233999347943e-05		0.728068299469032				True
AMD	1	159	205921352	208158787	621	0.0010918875234911		0.000604294461215				True
AMD	1	160	208163349	209708608	749	0.0		0.0			nonpositive_local_h2	False
AMD	1	161	209712889	211082285	687	0.0004131749676636		0.0474408590384838				True
AMD	1	162	211088400	212347352	420	0.0		0.0			nonpositive_local_h2	False
AMD	1	163	212348372	213953479	624	0.0006665708923781		0.0271488706100459				True
AMD	1	164	213959095	214774522	396	0.0002058293197291		0.521971195396676				True
AMD	1	165	214786437	215825167	337	0.0001463240405883		0.610744833310736				True
AMD	1	166	215828499	216657848	415	0.0		0.0			nonpositive_local_h2	False
AMD	1	167	216665455	217352068	508	0.0		0.999999341022206			nonpositive_local_h2	False
AMD	1	168	217352414	218562868	544	1.63759616567501e-05		0.0				True
AMD	1	169	218573741	220069860	618	0.0		0.0			nonpositive_local_h2	False
AMD	1	170	220075257	220977965	300	0.0001361859448185		0.460777446610946				True
AMD	1	171	220979247	221855988	321	0.0002029039253506		0.342853492467667				True
AMD	1	172	221860183	222763026	365	8.63613417212668e-05		0.0				True
AMD	1	173	222766609	223653432	298	0.0001067482872542		0.602006270260099				True
AMD	1	174	223655061	224942850	438	0.0		0.999999619538993			nonpositive_local_h2	False
AMD	1	175	224945297	226523560	492	2.60992420736395e-05		0.886256392842012				True
AMD	1	176	226539750	228045508	667	0.0005009934097838		0.251363208993966				True
AMD	1	177	228045748	229074968	333	0.0002481589428264		0.20607438443294				True
AMD	1	178	229076758	230221165	441	0.0002307153795381		0.326274311987377				True
AMD	1	179	230228980	231285646	631	0.0012348968693124		0.0057880797712662				True
AMD	1	180	231290987	232177487	372	2.4132207437799e-05		0.0				True
AMD	1	181	232180343	232953612	423	0.0005874447380824		0.20749612766719				True
AMD	1	182	232958333	233634596	334	0.0		0.999999534032333			nonpositive_local_h2	False
AMD	1	183	233643110	234365086	361	1.19577624839227e-05		0.929758335652885				True
AMD	1	184	234370099	235097045	406	0.0005800059922733		0.0353651305434715				True
AMD	1	185	235099547	236198987	345	0.0002073378050917		0.481381749763649				True
AMD	1	186	236203911	237405093	631	0.0003539312650293		0.345367699919089				True
AMD	1	187	237411254	238094343	371	0.0001756037879877		0.505940500953284				True
AMD	1	188	238096886	238703197	262	0.0		0.0			nonpositive_local_h2	False
AMD	1	189	238705309	239327385	306	0.0		0.999999461946885			nonpositive_local_h2	False
AMD	1	190	239332553	240243920	420	0.0004567194926827		0.0				True
AMD	1	191	240249082	241016693	452	0.0		0.999993877059565			nonpositive_local_h2	False
AMD	1	192	241034693	241812995	435	0.0001667905382671		0.539748169565573				True
AMD	1	193	241813771	242416045	297	0.0002219422596612		0.143680159331898				True
AMD	1	194	242419232	243044002	320	1.66499376070245e-06		0.0				True
AMD	1	195	243054702	244722668	541	0.0007319990335277		0.0059261972282723				True
AMD	1	196	244724092	245969011	556	1.87588491992195e-05		0.960276600895478				True
AMD	1	197	245973612	246603886	299	6.9804603188872e-05		0.750276952546725				True
AMD	1	198	246613039	247524963	365	0.0003181398147373		0.189084263492578				True
AMD	1	199	247535535	248340600	333	0.0002215201525828		0.335129364227071				True
AMD	1	200	248341792	249174682	174	0.0		0.999999809769497			nonpositive_local_h2	False
AMD	2	1	29443	788673	342	0.0001982198574373		0.152234035331961				True
AMD	2	2	792188	1376021	232	0.000276323680624		0.175949328411671				True
AMD	2	3	1376705	1871477	232	0.0		0.0			nonpositive_local_h2	False
AMD	2	4	1875792	2678138	387	0.0		0.999999461946885			nonpositive_local_h2	False
AMD	2	5	2685473	3311400	313	7.06922002743213e-05		0.0				True
AMD	2	6	3320502	4014874	368	4.25924269159656e-05		0.836438495434691				True
AMD	2	7	4018661	4758795	287	0.0003586088830666		0.388464203979584				True
AMD	2	8	4767683	5564064	316	0.0001257871560559		0.570162449188228				True
AMD	2	9	5570049	6306541	397	0.0009780214230367		0.0356175857955833				True
AMD	2	10	6307291	7107455	410	0.0004101095558167		0.0919712287449022				True
AMD	2	11	7108212	7958572	376	0.0022262661341488		1.61500494434927e-05				True
AMD	2	12	7966977	8978676	411	0.0		0.999999239077987			nonpositive_local_h2	False
AMD	2	13	8979659	9957097	373	0.0		0.999999534032333			nonpositive_local_h2	False
AMD	2	14	9964947	10611211	341	0.0		0.999999461946885			nonpositive_local_h2	False
AMD	2	15	10612091	11229946	344	0.0		0.999999619538993			nonpositive_local_h2	False
AMD	2	16	11233323	11992128	287	0.000438793721134		0.165353322871058				True
AMD	2	17	11996680	12729769	394	6.70292893319092e-05		0.722078448154273				True
AMD	2	18	12732821	13623160	325	1.57956589859987e-05		0.91438415576105				True
AMD	2	19	13626114	14691935	389	0.0002646589828938		0.310501951484986				True
AMD	2	20	14692761	15719207	397	0.0		0.0			nonpositive_local_h2	False
AMD	2	21	15722503	17232378	621	0.0005925178259469		0.102238752665227				True
AMD	2	22	17247134	18656321	602	0.0002593251654464		0.0				True
AMD	2	23	18663811	20064337	666	0.0		0.999999461946885			nonpositive_local_h2	False
AMD	2	24	20067295	21084332	487	0.0		0.0			nonpositive_local_h2	False
AMD	2	25	21086693	22426074	297	0.0002201660713836		0.0				True
AMD	2	26	22430795	23527304	450	0.0		0.999999341022206			nonpositive_local_h2	False
AMD	2	27	23538632	24665131	395	0.0003212904557351		0.170890372963433				True
AMD	2	28	24672098	25893740	351	7.11711155760284e-05		0.817771597233565				True
AMD	2	29	25902823	26892931	298	0.0		0.0			nonpositive_local_h2	False
AMD	2	30	26897501	28818931	585	0.0007644887816453		0.0606800810875082				True
AMD	2	31	28820641	29627861	435	0.0005804098899966		0.032370185255524				True
AMD	2	32	29637040	30564611	436	5.40623025231986e-05		0.0				True
AMD	2	33	30577757	31455227	486	0.0		0.999999149263327			nonpositive_local_h2	False
AMD	2	34	31459744	33122143	526	1.77754279136456e-06		0.98492273094065				True
AMD	2	35	33123726	33734126	324	0.0		0.999999149263327			nonpositive_local_h2	False
AMD	2	36	33736077	34238969	285	0.0		0.999999619538993			nonpositive_local_h2	False
AMD	2	37	34242891	34889395	277	0.0		0.0			nonpositive_local_h2	False
AMD	2	38	34891689	35606754	264	2.55744732412741e-05		0.0				True
AMD	2	39	35612621	36120658	267	0.0001239993876459		0.383065746130996				True
AMD	2	40	36120755	36862817	428	6.99503722238118e-05		0.676192444085723				True
AMD	2	41	36874250	37603248	295	1.3763928836344e-05		0.921355628051672				True
AMD	2	42	37603385	38881106	654	0.0002558900378478		0.0				True
AMD	2	43	38893660	40087025	304	5.10688592588177e-05		0.686393865211167				True
AMD	2	44	40089510	40783776	393	0.0		0.999999619538993			nonpositive_local_h2	False
AMD	2	45	40786281	41540405	274	0.0006690738611382		0.0336654991846449				True
AMD	2	46	41540966	42307395	428	0.0		0.999999730973442			nonpositive_local_h2	False
AMD	2	47	42307450	43292832	451	0.0009255020167759		0.0310649461791172				True
AMD	2	48	43299383	44104067	355	0.0005035964525222		0.0106714830628197				True
AMD	2	49	44104925	45189011	490	0.0		0.999999619538993			nonpositive_local_h2	False
AMD	2	50	45189763	45844714	351	0.0		0.999999461946885			nonpositive_local_h2	False
AMD	2	51	45850077	46492759	453	0.0003494332514723		0.0				True
AMD	2	52	46502979	47319320	444	0.0		0.0			nonpositive_local_h2	False
AMD	2	53	47320846	48167631	316	0.0003593457914992		0.145852621041144				True
AMD	2	54	48174157	49112501	358	0.0		0.0			nonpositive_local_h2	False
AMD	2	55	49114231	49849103	386	0.0		0.0			nonpositive_local_h2	False
AMD	2	56	49849268	50754813	429	2.58980295168335e-05		0.0				True
AMD	2	57	50757671	51666313	404	1.15754502099752e-05		0.0				True
AMD	2	58	51673576	52490535	341	0.0		0.999999730973442			nonpositive_local_h2	False
AMD	2	59	52495799	53030336	307	0.0		0.999999534032333			nonpositive_local_h2	False
AMD	2	60	53034853	53852102	405	0.0002919633984614		0.418022421208358				True
AMD	2	61	53852235	54684557	332	0.0005320130749789		0.0336235565153079				True
AMD	2	62	54690542	55662398	488	0.0		0.0			nonpositive_local_h2	False
AMD	2	63	55664121	56394464	304	0.0		0.999999730973442			nonpositive_local_h2	False
AMD	2	64	56394879	57428060	389	0.0		0.0			nonpositive_local_h2	False
AMD	2	65	57435578	57952870	221	0.0		0.0			nonpositive_local_h2	False
AMD	2	66	57961229	59242603	450	0.0001785118269193		0.290732257303066				True
AMD	2	67	59257567	60774773	710	0.0004781570512223		0.0740453320811198				True
AMD	2	68	60783572	62418558	456	6.42676267282169e-05		0.631899728887558				True
AMD	2	69	62430208	63669625	374	3.65219165558267e-05		0.757097415571395				True
AMD	2	70	63678069	64693013	321	0.0002094914493217		0.207313429296352				True
AMD	2	71	64696502	65937745	472	0.000262309279247		0.257107108797511				True
AMD	2	72	65938598	67223326	589	0.0004404591695571		0.252879474149133				True
AMD	2	73	67224057	67978287	442	0.0		0.0			nonpositive_local_h2	False
AMD	2	74	67985674	68869456	374	0.0001755699345234		0.509367054858197				True
AMD	2	75	68880436	70756057	782	0.0005418164192663		0.0066450899886139				True
AMD	2	76	70757358	71382495	333	0.0		0.999999619538993			nonpositive_local_h2	False
AMD	2	77	71400203	72156426	319	0.0005723541664817		0.105431865525032				True
AMD	2	78	72161465	73542685	354	0.000288031081067		0.0				True
AMD	2	79	73552542	75146521	508	0.0		0.999999619538993			nonpositive_local_h2	False
AMD	2	80	75148429	75940599	412	0.0		0.999999619538993			nonpositive_local_h2	False
AMD	2	81	75942725	76643267	277	0.0002836827571307		0.293433589379288				True
AMD	2	82	76649870	77360974	332	0.0001873818926061		0.552839596952977				True
AMD	2	83	77377167	78075083	235	0.0		0.999999398438329			nonpositive_local_h2	False
AMD	2	84	78085004	79013457	313	0.0		0.999999619538993			nonpositive_local_h2	False
AMD	2	85	79021429	79898937	531	0.000423533132298		0.213105542929182				True
AMD	2	86	79902900	80736075	469	0.0		0.999999461946885			nonpositive_local_h2	False
AMD	2	87	80743194	81614229	268	0.0002172157719444		0.380961550963424				True
AMD	2	88	81623974	82941446	394	1.21073241185472e-05		0.937777812313547				True
AMD	2	89	82941825	84385564	396	5.30616530979147e-05		0.0				True
AMD	2	90	84400853	85990847	562	0.000677492474554		0.0				True
AMD	2	91	85995648	86857824	364	0.0		0.999999809769497			nonpositive_local_h2	False
AMD	2	92	86872592	88541315	202	0.0		0.999999730973442			nonpositive_local_h2	False
AMD	2	93	88549952	90112745	153	0.0		0.0			nonpositive_local_h2	False
AMD	2	94	92051490	97333492	220	0.0001203001804443		0.589577150133272				True
AMD	2	95	97339781	98989062	309	0.0006687828760736		0.12761300317962				True
AMD	2	96	98989700	100195156	328	0.0		0.0			nonpositive_local_h2	False
AMD	2	97	100204049	101552095	548	0.0		0.0			nonpositive_local_h2	False
AMD	2	98	101557566	102481023	318	0.00063848012537		0.115559441647287				True
AMD	2	99	102495917	103302367	461	0.0003755770732344		0.336659468024303				True
AMD	2	100	103313018	105118594	451	0.0		0.0			nonpositive_local_h2	False
AMD	2	101	105132332	106541229	669	0.0006803145270259		0.0				True
AMD	2	102	106550301	107411613	295	0.0013824725621889		0.0				True
AMD	2	103	107415763	108415702	372	0.0		0.999999534032333			nonpositive_local_h2	False
AMD	2	104	108422810	110096179	556	8.6605115277338e-06		0.967537587766612				True
AMD	2	105	110102339	112641666	448	0.0010939144676013		0.0003430887313421				True
AMD	2	106	112649794	113925061	582	0.0003684660336721		0.0639834919009812				True
AMD	2	107	113932431	115202256	359	0.0001101522639771		0.506564143922671				True
AMD	2	108	115203917	116415803	380	0.0003660884291368		0.147809246229201				True
AMD	2	109	116419064	117820944	403	0.0021074804580331		0.0				True
AMD	2	110	117822575	118649429	304	0.0		0.999999619538993			nonpositive_local_h2	False
AMD	2	111	118666409	119628722	410	0.0		0.0			nonpositive_local_h2	False
AMD	2	112	119639040	121070811	470	0.0		0.0			nonpositive_local_h2	False
AMD	2	113	121081469	122007858	341	0.0004440713762343		0.319167781870245				True
AMD	2	114	122031769	123218071	367	0.0		0.999999534032333			nonpositive_local_h2	False
AMD	2	115	123224400	123929100	260	2.91884417958862e-05		0.7777728866524				True
AMD	2	116	123929932	124724550	282	0.0		0.0			nonpositive_local_h2	False
AMD	2	117	124739150	125669565	419	0.0007770449258164		0.0436565436250943				True
AMD	2	118	125741700	126752882	316	0.0		0.999999730973442			nonpositive_local_h2	False
AMD	2	119	126757757	127895573	417	0.0		0.999999534032333			nonpositive_local_h2	False
AMD	2	120	127897320	129483106	545	0.0		0.999999461946885			nonpositive_local_h2	False
AMD	2	121	129488506	130483910	429	0.0		0.0			nonpositive_local_h2	False
AMD	2	122	130489419	131756501	179	0.000135193913573		0.397874402774263				True
AMD	2	123	131763953	132595263	134	0.0001893784388944		0.242939573485335				True
AMD	2	124	132637483	133351703	162	0.0002856662496539		0.106556678063935				True
AMD	2	125	133353827	134356844	418	0.0		0.999999239077987			nonpositive_local_h2	False
AMD	2	126	134363032	135158254	433	0.0002514901169358		0.317453308251556				True
AMD	2	127	135160755	137059906	512	9.25089135232538e-05		0.468596629674012				True
AMD	2	128	137061077	138073500	471	0.0		0.0			nonpositive_local_h2	False
AMD	2	129	138073795	139505771	471	0.0001931016335404		0.538269507039977				True
AMD	2	130	139505868	140931289	528	0.0		0.0			nonpositive_local_h2	False
AMD	2	131	140934990	141801011	384	0.0		0.0			nonpositive_local_h2	False
AMD	2	132	141803496	142491507	347	0.0		0.999999619538993			nonpositive_local_h2	False
AMD	2	133	142495019	143247203	348	1.65207750006949e-05		0.923432386905302				True
AMD	2	134	143261959	144503445	413	0.0002414527449456		0.316290361443818				True
AMD	2	135	144503694	145976895	370	0.0002650689868889		0.234730778924849				True
AMD	2	136	145977991	147242774	309	0.0004808580641866		0.165997166721726				True
AMD	2	137	147262273	149568729	573	0.0		0.999999341022206			nonpositive_local_h2	False
AMD	2	138	149573090	151424784	557	0.0004119108762485		0.0				True
AMD	2	139	151429031	152496526	456	1.37836758024874e-05		0.0				True
AMD	2	140	152499580	153999220	556	1.35383996220134e-05		0.949327459083401				True
AMD	2	141	154002152	155206097	466	0.0		0.999999619538993			nonpositive_local_h2	False
AMD	2	142	155211804	156130909	327	0.0001278940338818		0.455574483761812				True
AMD	2	143	156132155	157552987	439	4.09542430046984e-05		0.883245306372971				True
AMD	2	144	157565192	159038336	334	0.0002974760163441		0.121318614540803				True
AMD	2	145	159044007	160186901	482	0.0005561448515949		0.0933964737050364				True
AMD	2	146	160201955	161431604	454	2.40346365123829e-05		0.820190528866898				True
AMD	2	147	161437218	163604529	587	0.000540278453535		0.0				True
AMD	2	148	163623169	164701057	268	0.0001006695125579		0.635779432110465				True
AMD	2	149	164703935	165913564	382	0.0		0.999999192920327			nonpositive_local_h2	False
AMD	2	150	165926663	167484730	622	0.0		0.999999341022206			nonpositive_local_h2	False
AMD	2	151	167490384	168427789	243	0.0		0.0			nonpositive_local_h2	False
AMD	2	152	168438360	169224341	343	0.0002985448618245		0.156418278307732				True
AMD	2	153	169224527	170155322	427	0.0002476886046723		0.309881279509605				True
AMD	2	154	170156880	170863922	256	0.0005455927198869		0.141524159300252				True
AMD	2	155	170865808	171565049	365	9.45046580811526e-05		0.617989457244239				True
AMD	2	156	171566925	172495507	299	0.0		0.0			nonpositive_local_h2	False
AMD	2	157	172510069	173287832	307	0.0		0.0			nonpositive_local_h2	False
AMD	2	158	173289239	174117020	339	0.0		0.999999534032333			nonpositive_local_h2	False
AMD	2	159	174120039	174926751	327	0.0		0.0			nonpositive_local_h2	False
AMD	2	160	174928385	176734022	609	0.0		0.999993912623895			nonpositive_local_h2	False
AMD	2	161	176735728	178149364	588	0.0		0.0			nonpositive_local_h2	False
AMD	2	162	178151626	179216367	431	0.0		0.0			nonpositive_local_h2	False
AMD	2	163	179226290	180335921	390	0.0		0.999999619538993			nonpositive_local_h2	False
AMD	2	164	180336583	181308939	465	0.0005051298689131		0.140314904647994				True
AMD	2	165	181310516	182305424	358	0.0001969322076948		0.279010953368296				True
AMD	2	166	182308352	183351622	352	0.0005013650870035		0.0438026916837916				True
AMD	2	167	183352830	184143715	290	0.0001917806910936		0.0				True
AMD	2	168	184159036	184863746	195	0.0007748959055222		0.019045869746826				True
AMD	2	169	184868938	186240504	378	7.40339337325144e-05		0.66061284945099				True
AMD	2	170	186249405	187496919	334	0.0002146585449332		0.421818282252179				True
AMD	2	171	187498107	188893936	349	5.84415876875955e-05		0.744126536210731				True
AMD	2	172	188896397	189882065	228	0.0001730269436926		0.0				True
AMD	2	173	189882720	191048278	271	0.0001585757933745		0.304966566964587				True
AMD	2	174	191051980	193031842	643	0.0		0.999999619538993			nonpositive_local_h2	False
AMD	2	175	193035023	195299325	357	0.0		0.999999730973442			nonpositive_local_h2	False
AMD	2	176	195300730	196442418	292	0.0001140397336002		0.664093600459577				True
AMD	2	177	196448961	198139103	540	0.0		0.0			nonpositive_local_h2	False
AMD	2	178	198142210	199646763	445	7.74291080164349e-05		0.648841874336671				True
AMD	2	179	199666111	201323885	427	0.0		0.0			nonpositive_local_h2	False
AMD	2	180	201329124	202501448	424	0.000607327275511		0.0				True
AMD	2	181	202509606	203636012	383	0.0		0.0			nonpositive_local_h2	False
AMD	2	182	203639839	205036596	377	4.72682199101332e-06		0.976573466991507				True
AMD	2	183	205041492	206814829	751	0.0		0.0			nonpositive_local_h2	False
AMD	2	184	206821290	207726297	356	0.0006067939791126		0.0				True
AMD	2	185	207732113	208671911	385	0.0		0.999999461946885			nonpositive_local_h2	False
AMD	2	186	208684341	209936469	388	0.0		0.999999534032333			nonpositive_local_h2	False
AMD	2	187	209942078	210825251	260	0.0002026045717982		0.124400364831787				True
AMD	2	188	210845934	212508093	663	6.34780531452842e-05		0.83933015744498				True
AMD	2	189	212521325	213194322	305	0.0		0.999999461946885			nonpositive_local_h2	False
AMD	2	190	213194405	214040425	360	0.0		0.0			nonpositive_local_h2	False
AMD	2	191	214047628	215001226	261	0.0		0.999997916129245			nonpositive_local_h2	False
AMD	2	192	215009358	215893773	342	0.000133937535821		0.281094063508691				True
AMD	2	193	215900087	217563445	696	0.0001196189303239		0.0				True
AMD	2	194	217567718	218392555	370	0.0003942223686388		0.179053041039366				True
AMD	2	195	218396778	219671598	469	0.0		0.0			nonpositive_local_h2	False
AMD	2	196	219681601	220770159	380	0.0006168479490905		0.0455185727214326				True
AMD	2	197	220771575	221442745	347	0.0		0.999999619538993			nonpositive_local_h2	False
AMD	2	198	221445218	222325598	372	0.0012354426389613		0.0169475411513652				True
AMD	2	199	222330122	223353778	395	0.0		0.999999341022206			nonpositive_local_h2	False
AMD	2	200	223354153	224121118	334	0.0003156019265625		0.0890715055313359				True
AMD	2	201	224140247	224932899	261	3.29067239204725e-05		0.891943393520795				True
AMD	2	202	224939748	226242049	531	0.0013443459409138		0.0019400213856212				True
AMD	2	203	226243056	227557495	446	1.68937875703289e-05		0.945052671037926				True
AMD	2	204	227558266	228812298	561	0.0023807857746787		5.52022215646891e-05				True
AMD	2	205	228812878	229763919	309	4.06752489659445e-05		0.749908326484004				True
AMD	2	206	229765702	230538161	379	0.0002501832057231		0.320373975914197				True
AMD	2	207	230545220	231845762	578	0.0012026699433525		0.0087896620621153				True
AMD	2	208	231852394	233348647	472	0.0005649271083631		0.142046018359785				True
AMD	2	209	233360483	234114837	295	0.0001466544659233		0.0				True
AMD	2	210	234115337	234945105	565	0.0		0.999999619538993			nonpositive_local_h2	False
AMD	2	211	234945784	235625587	354	3.76919570952128e-06		0.988004134904371				True
AMD	2	212	235626160	236275140	344	0.000280508699814		0.380384022609859				True
AMD	2	213	236279533	237183463	317	0.0		0.999999730973442			nonpositive_local_h2	False
AMD	2	214	237198025	238179023	378	0.0		0.999999107739849			nonpositive_local_h2	False
AMD	2	215	238189371	238812164	315	3.53449909115071e-05		0.0				True
AMD	2	216	238815252	239632318	323	0.0		0.999999619538993			nonpositive_local_h2	False
AMD	2	217	239636949	240323661	277	0.0003769436124962		0.15040809984309				True
AMD	2	218	240327863	241108545	389	0.0004853622650494		0.0				True
AMD	2	219	241113483	241905779	358	0.0		0.0			nonpositive_local_h2	False
AMD	2	220	241911027	242849135	294	0.0		0.999999398438329			nonpositive_local_h2	False
AMD	3	1	61044	792207	318	0.0		0.0			nonpositive_local_h2	False
AMD	3	2	800548	1428635	389	3.01826158622874e-05		0.8813784750957				True
AMD	3	3	1440124	2138078	474	0.0001000310595115		0.575113910353611				True
AMD	3	4	2141411	3126050	683	0.0006440638572384		0.0533164341419465				True
AMD	3	5	3128195	4108928	591	0.0004005456497443		0.0				True
AMD	3	6	4109700	4829732	397	0.0001266289366083		0.455242793713148				True
AMD	3	7	4837269	5493753	310	0.0003879346535528		0.0548305001502903				True
AMD	3	8	5497476	6420269	524	0.0002023625934231		0.0				True
AMD	3	9	6423912	7527372	544	9.40877515060939e-05		0.561391857507407				True
AMD	3	10	7529555	8664738	715	0.0		0.0			nonpositive_local_h2	False
AMD	3	11	8667896	9969328	677	0.0003512803194646		0.0				True
AMD	3	12	9972493	11217969	672	0.0005028402272737		0.248136819807714				True
AMD	3	13	11227460	11997514	306	0.0		0.999999239077987			nonpositive_local_h2	False
AMD	3	14	11998856	12857823	342	0.000642964166291		0.0315993419844676				True
AMD	3	15	12860988	14311273	664	0.0006624146801643		0.100719499831932				True
AMD	3	16	14318853	15147989	458	9.79791919057348e-05		0.0				True
AMD	3	17	15152062	16077847	301	0.0002099589746453		0.311289749961541				True
AMD	3	18	16084689	17181947	547	0.000476588475591		0.115915255962226				True
AMD	3	19	17182697	19027293	499	0.0		0.0			nonpositive_local_h2	False
AMD	3	20	19040447	20752492	551	0.0001694466961687		0.49641974866904				True
AMD	3	21	20754875	21789570	539	0.0003690447921201		0.247165365710198				True
AMD	3	22	21794174	22646735	522	0.0		0.999999619538993			nonpositive_local_h2	False
AMD	3	23	22648091	23418587	280	0.0001335007164389		0.337608026505414				True
AMD	3	24	23426332	24269601	340	0.0		0.999999619538993			nonpositive_local_h2	False
AMD	3	25	24270796	25515361	661	0.0002303583723606		0.37667375720435				True
AMD	3	26	25516922	26898495	518	0.0002160862366163		0.44034351839487				True
AMD	3	27	26905587	27614316	209	0.0		0.0			nonpositive_local_h2	False
AMD	3	28	27615796	28645278	358	0.0001309641757909		0.50697669283248				True
AMD	3	29	28650238	29876233	646	0.0003096276510637		0.0				True
AMD	3	30	29877387	31258586	616	0.0003066885530171		0.191510657344467				True
AMD	3	31	31273355	32378176	451	0.0001379123043678		0.0				True
AMD	3	32	32382748	33020035	190	6.93212916896755e-05		0.731132042440069				True
AMD	3	33	33024206	33991854	333	0.000248198298315		0.152800706611462				True
AMD	3	34	33997535	35003314	369	0.0001458624854047		0.449609578492106				True
AMD	3	35	35015022	35912089	316	5.17246027404477e-05		0.799933168223787				True
AMD	3	36	35932494	36830901	396	0.0001872722601589		0.0				True
AMD	3	37	36842884	38727614	691	0.0002050235800661		0.0				True
AMD	3	38	38730117	39604954	369	0.0006878670356722		0.177877823457269				True
AMD	3	39	39607256	40892119	356	0.0		0.0			nonpositive_local_h2	False
AMD	3	40	40899164	42298550	459	9.57700395854381e-05		0.827316171478692				True
AMD	3	41	42303037	44138031	652	0.0003907507652393		0.140782378321988				True
AMD	3	42	44147477	45843439	619	0.0008454634600917		0.0176256823921604				True
AMD	3	43	45844295	47582724	541	2.10765792928634e-05		0.877096339951682				True
AMD	3	44	47598663	50380661	681	0.0003257576425822		0.102636979316638				True
AMD	3	45	50388607	51936193	312	6.29477488663119e-05		0.538918424335821				True
AMD	3	46	52013883	54074534	751	0.0014969612685664		0.0030597024383151				True
AMD	3	47	54077256	54891599	402	0.0006022515758952		0.024061753902897				True
AMD	3	48	54894304	55615260	415	0.0		0.999999619538993			nonpositive_local_h2	False
AMD	3	49	55624464	56949816	508	0.000353423516684		0.0658531563013499				True
AMD	3	50	56958358	58556841	613	0.0002439349464228		0.114226576229169				True
AMD	3	51	58560043	59996946	679	0.0004387506470423		0.226351366569248				True
AMD	3	52	59999690	60568253	497	0.0004604648855615		0.145816888465881				True
AMD	3	53	60571772	61273564	390	0.0		0.999999149263327			nonpositive_local_h2	False
AMD	3	54	61277745	62608121	610	3.95629270483181e-05		0.894241941598974				True
AMD	3	55	62611998	63670783	614	0.0007192024658355		0.0292174246387508				True
AMD	3	56	63672752	64658413	471	0.0003265298912588		0.0				True
AMD	3	57	64673815	65326224	410	0.0017024435978559		0.0001898070013519				True
AMD	3	58	65326802	66700959	478	0.0001260817074829		0.741285856087579				True
AMD	3	59	66703685	67454047	350	0.0		0.999996771681307			nonpositive_local_h2	False
AMD	3	60	67454918	68318256	261	0.0001949435183441		0.218451959839821				True
AMD	3	61	68320679	69784265	645	0.0		0.999999619538993			nonpositive_local_h2	False
AMD	3	62	69787714	71215499	424	1.97457106605733e-05		0.904960128844486				True
AMD	3	63	71224429	72332608	545	0.0009793471408597		0.0171625058503697				True
AMD	3	64	72334772	73606063	517	0.0		0.999999239077987			nonpositive_local_h2	False
AMD	3	65	73612949	74380566	375	0.0		0.0			nonpositive_local_h2	False
AMD	3	66	74383222	75374095	279	0.0		0.999999619538993			nonpositive_local_h2	False
AMD	3	67	75379085	76154453	92	0.0001923997849356		0.185868240788329				True
AMD	3	68	76163422	77507524	521	0.0		0.999999461946885			nonpositive_local_h2	False
AMD	3	69	77509454	79021396	483	0.0002194846080616		0.300280673612298				True
AMD	3	70	79024541	80385552	321	0.0		0.999999534032333			nonpositive_local_h2	False
AMD	3	71	80393506	81428061	284	0.0		0.999999809769497			nonpositive_local_h2	False
AMD	3	72	81433234	82532568	298	2.04681483967114e-06		0.982329784800858				True
AMD	3	73	82538109	83515994	243	0.0		0.999999619538993			nonpositive_local_h2	False
AMD	3	74	83532973	84696539	293	0.0003709115671052		0.101813187871119				True
AMD	3	75	84707940	85804321	318	0.0002245872148209		0.261836722407582				True
AMD	3	76	85811233	86660917	218	0.0		0.999999809769497			nonpositive_local_h2	False
AMD	3	77	86662155	87408634	233	0.0002637879112155		0.0				True
AMD	3	78	87417191	88365939	259	0.0004817554132922		0.105216455896326				True
AMD	3	79	88376106	89604774	349	0.0001630932165574		0.0				True
AMD	3	80	89616901	94248114	206	0.0		0.0			nonpositive_local_h2	False
AMD	3	81	94256654	95087271	199	0.000146644759816		0.0928520670459245				True
AMD	3	82	95094716	96054611	244	0.0		0.999999670511103			nonpositive_local_h2	False
AMD	3	83	96056259	97350763	184	0.0		0.999999809769497			nonpositive_local_h2	False
AMD	3	84	97356400	98212517	321	0.0		0.999999730973442			nonpositive_local_h2	False
AMD	3	85	98215950	99041232	274	2.32136557629669e-05		0.888374297002687				True
AMD	3	86	99052147	100550650	519	0.0018756478063584		0.0				True
AMD	3	87	100558416	101906861	526	6.77349921907172e-05		0.727558956757267				True
AMD	3	88	101909291	103440905	399	0.0002128960795118		0.192229715711803				True
AMD	3	89	103450591	104112018	236	0.0004260825800541		0.0421840035725295				True
AMD	3	90	104121004	104878270	314	4.22959486578646e-05		0.767207255690126				True
AMD	3	91	104881936	106159984	444	0.0		0.999999619538993			nonpositive_local_h2	False
AMD	3	92	106175524	107733600	518	3.03718797506345e-05		0.938589998713942				True
AMD	3	93	107737386	108637430	333	0.0		0.0			nonpositive_local_h2	False
AMD	3	94	108639119	109512762	272	3.49549379739551e-05		0.0				True
AMD	3	95	109524067	110934660	343	0.0		0.999999619538993			nonpositive_local_h2	False
AMD	3	96	110938375	111692693	339	0.0		0.0			nonpositive_local_h2	False
AMD	3	97	111695124	112408401	303	0.0		0.999999619538993			nonpositive_local_h2	False
AMD	3	98	112416937	113654705	437	0.0001708229985256		0.532326013036144				True
AMD	3	99	113657720	115649660	611	5.1786071416361e-05		0.0				True
AMD	3	100	115650402	116498380	370	0.0		0.0			nonpositive_local_h2	False
AMD	3	101	116498715	117239883	335	0.0003222897606215		0.187051575077546				True
AMD	3	102	117248700	118081025	296	0.0		0.0			nonpositive_local_h2	False
AMD	3	103	118089714	118902844	311	0.0		0.999999730973442			nonpositive_local_h2	False
AMD	3	104	118903100	119758796	404	0.0		0.0			nonpositive_local_h2	False
AMD	3	105	119760168	120573295	311	5.87696238991355e-05		0.73630756316572				True
AMD	3	106	120575852	121361646	195	0.0		0.999999809769497			nonpositive_local_h2	False
AMD	3	107	121364236	122340626	403	2.61310304487029e-05		0.824434722744977				True
AMD	3	108	122341401	123516240	426	0.0		0.999999461946885			nonpositive_local_h2	False
AMD	3	109	123526911	124820822	593	8.89324898010982e-06		0.0				True
AMD	3	110	124831414	125462329	226	0.0001831602144185		0.0				True
AMD	3	111	125477762	125992478	188	0.0		0.999999730973442			nonpositive_local_h2	False
AMD	3	112	125993159	127494953	636	0.0003093482163607		0.0				True
AMD	3	113	127495915	129090995	462	0.0		0.999999730973442			nonpositive_local_h2	False
AMD	3	114	129099946	130239724	324	0.0		0.0			nonpositive_local_h2	False
AMD	3	115	130243249	131372693	318	0.0		0.999999398438329			nonpositive_local_h2	False
AMD	3	116	131374802	132111524	426	0.0001649878783968		0.427178902985845				True
AMD	3	117	132124118	132916760	314	0.0		0.999999619538993			nonpositive_local_h2	False
AMD	3	118	132925993	133718415	376	0.0011002357669352		0.0231974115585134				True
AMD	3	119	133718619	135288025	727	0.0009347800222863		0.0009407424203257				True
AMD	3	120	135289273	137372132	564	0.0004481307267604		0.0				True
AMD	3	121	137372151	138693471	371	0.0002145191063807		0.326018478050487				True
AMD	3	122	138696439	139827472	508	0.0001392997120009		0.55440398719916				True
AMD	3	123	139832777	141029860	489	0.0		0.999992953763552			nonpositive_local_h2	False
AMD	3	124	141039349	141896684	293	0.0008530140348185		0.0				True
AMD	3	125	141898980	142973077	402	0.0004273335970859		0.807937364399109				True
AMD	3	126	142976751	144407872	554	0.000168984903435		0.507259857231114				True
AMD	3	127	144409973	145209160	244	0.0		0.999999619538993			nonpositive_local_h2	False
AMD	3	128	145213484	145903426	284	0.0		0.999999730973442			nonpositive_local_h2	False
AMD	3	129	145910430	147357799	485	0.0002750246104535		0.327587257043787				True
AMD	3	130	147361799	148637771	442	0.0001503472265051		0.0				True
AMD	3	131	148640368	149996703	555	0.0004351161128994		0.268494906237447				True
AMD	3	132	150004455	151131222	436	6.55310691563222e-05		0.754501179751591				True
AMD	3	133	151133737	151900719	287	0.0		0.999999730973442			nonpositive_local_h2	False
AMD	3	134	151904190	153404708	515	0.000114345415452		0.0				True
AMD	3	135	153409421	155042640	498	8.19301072928074e-05		0.78450535619469				True
AMD	3	136	155046798	155924474	279	0.0		0.999999730973442			nonpositive_local_h2	False
AMD	3	137	155932977	156789192	317	0.0		0.999999398438329			nonpositive_local_h2	False
AMD	3	138	156797648	157613783	338	0.0		0.0			nonpositive_local_h2	False
AMD	3	139	157633907	158459976	242	0.0		0.999999865486721			nonpositive_local_h2	False
AMD	3	140	158463046	159477493	363	0.0004173925571425		0.205926387276929				True
AMD	3	141	159486139	160580103	328	0.0003825670524199		0.0303353983205931				True
AMD	3	142	160588285	161613899	340	0.0001184819359463		0.494225178647832				True
AMD	3	143	161633104	162511139	386	2.83745091843013e-06		0.984846944953074				True
AMD	3	144	162626585	163250087	188	8.2863733947586e-05		0.297775811915704				True
AMD	3	145	163258818	164035915	258	0.0		0.999999865486721			nonpositive_local_h2	False
AMD	3	146	164037502	165040863	274	6.67620327227622e-05		0.675194496328951				True
AMD	3	147	165077292	165931222	226	0.0		0.999999670511103			nonpositive_local_h2	False
AMD	3	148	165936570	167117143	312	0.0		0.999999730973442			nonpositive_local_h2	False
AMD	3	149	167119945	168971231	582	0.0		0.99999579767083			nonpositive_local_h2	False
AMD	3	150	168972802	170172774	401	0.0		0.999999341022206			nonpositive_local_h2	False
AMD	3	151	170176173	171131640	369	0.0002749104579871		0.0				True
AMD	3	152	171135807	172004670	331	0.000241052595889		0.0				True
AMD	3	153	172011088	173410323	544	0.0		0.0			nonpositive_local_h2	False
AMD	3	154	173418466	174684649	501	0.0		0.999999461946885			nonpositive_local_h2	False
AMD	3	155	174685535	175670278	418	0.0004613692684117		0.112276087611669				True
AMD	3	156	175672207	176925740	438	9.45580240336203e-05		0.625559890346266				True
AMD	3	157	176940408	178109218	375	0.0		0.999999461946885			nonpositive_local_h2	False
AMD	3	158	178115884	179350391	456	0.0		0.0			nonpositive_local_h2	False
AMD	3	159	179379602	181422854	498	0.0		0.99999451291333			nonpositive_local_h2	False
AMD	3	160	181426554	183200368	518	0.0002111501494657		0.576847565323701				True
AMD	3	161	183203289	184523185	590	0.0002923682868021		0.0				True
AMD	3	162	184525951	185709709	374	0.0		0.999991081455145			nonpositive_local_h2	False
AMD	3	163	185711599	186600420	406	0.0		0.0			nonpositive_local_h2	False
AMD	3	164	186609682	187923715	702	0.0012828431893199		0.0116761228461897				True
AMD	3	165	187940893	189450567	596	0.0002268070100009		0.48414687503755				True
AMD	3	166	189452211	190588704	557	0.0		0.999999619538993			nonpositive_local_h2	False
AMD	3	167	190591911	191228990	276	0.0005164703668669		0.0123640761990349				True
AMD	3	168	191232772	192046571	331	0.0002860590666347		0.0				True
AMD	3	169	192054241	193117009	394	0.0		0.0			nonpositive_local_h2	False
AMD	3	170	193127035	194215878	468	0.0003703942724022		0.375267260416353				True
AMD	3	171	194217544	195189666	433	0.0		0.0			nonpositive_local_h2	False
AMD	3	172	195235695	195656731	98	0.0001849460969763		0.0				True
AMD	3	173	195734915	196381138	227	0.0001552520335565		0.238592915039821				True
AMD	3	174	196383215	197147486	332	0.0002718181554335		0.100319152017696				True
AMD	3	175	197148984	197834191	183	0.0		0.0			nonpositive_local_h2	False
AMD	4	1	69713	809787	188	0.0		0.999999619538993			nonpositive_local_h2	False
AMD	4	2	812598	1527766	257	0.0		0.999999730973442			nonpositive_local_h2	False
AMD	4	3	1533976	2463064	251	0.0		0.999999398438329			nonpositive_local_h2	False
AMD	4	4	2469981	3536112	355	0.0001123330211378		0.40520420627571				True
AMD	4	5	3599450	4263579	130	0.0		0.999999730973442			nonpositive_local_h2	False
AMD	4	6	4267129	5047695	418	0.0		0.0			nonpositive_local_h2	False
AMD	4	7	5053674	5971152	533	0.0004722724921851		0.164558366698281				True
AMD	4	8	5974228	7135500	534	0.0		0.0			nonpositive_local_h2	False
AMD	4	9	7135912	7720919	406	0.0004288982741223		0.0				True
AMD	4	10	7726847	8306349	346	0.0002379345298304		0.123881919442578				True
AMD	4	11	8310257	8731330	210	0.0002066964117382		0.39599368713826				True
AMD	4	12	9485300	9915850	92	0.0002817788854233		0.324233989386814				True
AMD	4	13	9916180	10365093	331	0.0001139133205258		0.666628568814918				True
AMD	4	14	10372966	11044254	333	0.0003470296911343		0.0				True
AMD	4	15	11050853	12201002	537	6.54862759563638e-05		0.803254467419865				True
AMD	4	16	12212637	13124794	423	0.0		0.0			nonpositive_local_h2	False
AMD	4	17	13127578	14394016	531	0.0		0.999999461946885			nonpositive_local_h2	False
AMD	4	18	14395985	14962496	263	0.0		0.999999534032333			nonpositive_local_h2	False
AMD	4	19	14967266	15910385	347	0.0		0.0			nonpositive_local_h2	False
AMD	4	20	15914034	17289857	710	0.000586618826085		0.0822920043327932				True
AMD	4	21	17290361	18752760	473	0.0002824545268013		0.0250343030671334				True
AMD	4	22	18753305	20079274	428	0.0001973358199883		0.406430206996338				True
AMD	4	23	20088468	21415503	584	0.0		0.999999461946885			nonpositive_local_h2	False
AMD	4	24	21418622	22832447	534	0.0002439380564925		0.401123013307417				True
AMD	4	25	22843458	23857235	329	0.0		0.999999619538993			nonpositive_local_h2	False
AMD	4	26	23859482	24762301	404	0.0		0.999999149263327			nonpositive_local_h2	False
AMD	4	27	24765819	25825415	486	0.0005083997593902		0.0973001819168587				True
AMD	4	28	25837310	27384699	553	0.0008580768792091		0.0167003208232596				True
AMD	4	29	27388554	28176713	290	0.0		0.999999619538993			nonpositive_local_h2	False
AMD	4	30	28182874	28926321	285	0.0		0.999999809769497			nonpositive_local_h2	False
AMD	4	31	28928041	29757034	291	0.0		0.999999619538993			nonpositive_local_h2	False
AMD	4	32	29763473	30455150	189	2.85910735644639e-05		0.793961866509036				True
AMD	4	33	30455662	31394457	349	0.00014595446056		0.392323890178547				True
AMD	4	34	31399060	32259530	274	0.0		0.999999619538993			nonpositive_local_h2	False
AMD	4	35	32264997	32745997	163	0.0		0.0			nonpositive_local_h2	False
AMD	4	36	32749519	33581520	154	0.0		0.0			nonpositive_local_h2	False
AMD	4	37	33642614	34720856	238	9.73142649005626e-05		0.358427204160467				True
AMD	4	38	34723501	35410631	218	0.0006347685957518		0.0				True
AMD	4	39	35415742	35992101	205	0.0		0.0			nonpositive_local_h2	False
AMD	4	40	35995064	36669864	300	0.0002519083985368		0.240755402380717				True
AMD	4	41	36679326	37875512	601	0.0002701370693391		0.420275666140967				True
AMD	4	42	37882167	38982755	569	0.0004787020366796		0.259527331822539				True
AMD	4	44	39820563	40589717	297	0.0		0.0			nonpositive_local_h2	False
AMD	4	45	40594008	41359965	320	3.52234743547911e-06		0.985219235913034				True
AMD	4	46	41363729	42184829	296	0.0002378243204588		0.429502215165747				True
AMD	4	47	42197205	43192298	434	0.0		0.0			nonpositive_local_h2	False
AMD	4	48	43199190	43960180	215	1.14568099982559e-05		0.0				True
AMD	4	49	43962569	45184442	412	0.0		0.999999534032333			nonpositive_local_h2	False
AMD	4	50	45186832	46358331	247	4.30380962355377e-05		0.0				True
AMD	4	51	46366067	47406635	303	0.0002399084669417		0.217452328621243				True
AMD	4	52	47408665	49091782	553	0.0		0.999999534032333			nonpositive_local_h2	False
AMD	4	53	52683607	53879152	298	7.01855077093537e-05		0.73721570715302				True
AMD	4	54	53879742	54656948	314	0.000109110984384		0.377815167384141				True
AMD	4	55	54661158	55673133	389	0.0		0.999999068064667			nonpositive_local_h2	False
AMD	4	56	55683735	57102779	508	0.000961404714772		0.0				True
AMD	4	57	57110592	58005785	405	0.0017827863400687		0.000840619057424				True
AMD	4	58	58012501	58933960	432	0.0		0.999999461946885			nonpositive_local_h2	False
AMD	4	59	58940551	59692343	232	0.0017505323381181		0.0014739581196455				True
AMD	4	60	59692979	60741765	331	0.0		0.0			nonpositive_local_h2	False
AMD	4	61	60751868	61966273	372	0.0		0.0			nonpositive_local_h2	False
AMD	4	62	61975141	63331949	414	8.47622405250511e-05		0.694827597240136				True
AMD	4	63	63338415	64109527	189	5.06849547927106e-05		0.0				True
AMD	4	64	64118963	65561716	336	0.0		0.0			nonpositive_local_h2	False
AMD	4	65	65563678	66596857	367	0.0002598978227161		0.363988950889869				True
AMD	4	66	66597539	67615172	341	0.0		0.0			nonpositive_local_h2	False
AMD	4	67	67616419	68738664	414	4.25944414534967e-05		0.806558646878005				True
AMD	4	68	68744117	69598506	138	5.65640613622017e-06		0.0				True
AMD	4	69	69893854	70516671	284	0.0002139316315683		0.153887797460177				True
AMD	4	70	70517143	71467710	403	0.0		0.999999619538993			nonpositive_local_h2	False
AMD	4	71	71468611	73255740	363	0.000270051978193		0.240538665023962				True
AMD	4	72	73268874	74881968	446	0.0		0.0			nonpositive_local_h2	False
AMD	4	73	74903134	76496817	508	0.0002700560316307		0.0				True
AMD	4	74	76497433	78042151	677	0.0008827989689819		0.0188907379856252				True
AMD	4	75	78053975	78967046	390	0.0		0.999999398438329			nonpositive_local_h2	False
AMD	4	76	78968798	79878231	372	0.0001172820591914		0.529388053573975				True
AMD	4	77	79885263	81202382	408	0.0		0.999999534032333			nonpositive_local_h2	False
AMD	4	78	81207039	82654242	406	0.0002453865711046		0.0895416906984542				True
AMD	4	79	82659400	83998014	544	0.0		0.0			nonpositive_local_h2	False
AMD	4	80	84008262	85436869	507	0.0		0.999999239077987			nonpositive_local_h2	False
AMD	4	81	85439002	86931091	485	0.0		0.0			nonpositive_local_h2	False
AMD	4	82	86933060	88502669	498	0.0003257253390565		0.11155136690609				True
AMD	4	83	88502776	89244007	351	0.0001157670562898		0.0				True
AMD	4	84	89249372	90228238	347	0.0003461734502068		0.486806791381111				True
AMD	4	85	90238073	91308986	350	0.0		0.999999619538993			nonpositive_local_h2	False
AMD	4	86	91315436	92218323	292	0.0001889927467584		0.307088119141918				True
AMD	4	87	92224069	93451321	273	4.392718782464e-05		0.659193295592762				True
AMD	4	88	93455905	94755142	386	0.0		0.999997040707865			nonpositive_local_h2	False
AMD	4	89	94757317	96181034	508	0.0007428875884556		0.0				True
AMD	4	90	96193699	97539089	585	5.52869704498308e-05		0.790745538652792				True
AMD	4	91	97543099	98444547	249	0.0003506228619753		0.0				True
AMD	4	92	98446792	99528449	273	0.0		0.999999809769497			nonpositive_local_h2	False
AMD	4	93	99532946	100333267	362	0.0003076655416839		0.0				True
AMD	4	94	100333556	101132253	276	0.0		0.999999619538993			nonpositive_local_h2	False
AMD	4	95	101133509	102528133	492	0.0001197623686381		0.0				True
AMD	4	96	102547238	104384192	628	0.0007408338574079		0.0050246516150222				True
AMD	4	97	104385495	105318917	265	0.0		0.0			nonpositive_local_h2	False
AMD	4	98	105324203	106479010	388	0.0		0.999999730973442			nonpositive_local_h2	False
AMD	4	99	106479425	108127486	507	0.0003342394214655		0.772748288876056				True
AMD	4	100	108132331	109119628	318	1.77567684741682e-05		0.928863477040121				True
AMD	4	101	109126764	109978825	346	0.0		0.0			nonpositive_local_h2	False
AMD	4	102	109979131	111732536	635	0.0023851163861949		1.09119339129831e-07				True
AMD	4	103	111735539	112830208	305	0.000106556133924		0.522672853710928				True
AMD	4	104	112831922	113915647	365	0.0001748960008629		0.384685238334837				True
AMD	4	105	113917110	115305849	579	0.0008530153082751		0.0				True
AMD	4	106	115306803	116194139	251	6.23383154989616e-05		0.644415383715807				True
AMD	4	107	116211711	117280184	285	0.0		0.999999809769497			nonpositive_local_h2	False
AMD	4	108	117315701	118394656	372	0.0		0.999999619538993			nonpositive_local_h2	False
AMD	4	109	118395930	119134308	314	0.0		0.0			nonpositive_local_h2	False
AMD	4	110	119142770	119922111	233	0.0		0.999999534032333			nonpositive_local_h2	False
AMD	4	111	119927268	120563053	254	0.0006178370272159		0.179216964586081				True
AMD	4	112	120563833	121387642	259	0.0		0.0			nonpositive_local_h2	False
AMD	4	113	121395169	121980471	240	0.0002596081788761		0.587408681020328				True
AMD	4	114	121982122	122654843	292	0.0		0.0			nonpositive_local_h2	False
AMD	4	115	122657875	123767943	294	0.0001041811421842		0.0				True
AMD	4	116	123771828	124533487	242	0.0005088399266951		0.33460860831832				True
AMD	4	117	124538705	125486359	303	5.89988668869349e-05		0.62257578610689				True
AMD	4	118	125496652	126475381	364	0.0		0.999999619538993			nonpositive_local_h2	False
AMD	4	119	126480268	127273449	271	0.0001047304716185		0.53662569434445				True
AMD	4	120	127281188	128313686	327	0.0		0.0			nonpositive_local_h2	False
AMD	4	121	128336520	129612864	295	0.00011711655432		0.218183148606528				True
AMD	4	122	129629250	131097850	483	0.0		0.999999619538993			nonpositive_local_h2	False
AMD	4	123	131101468	131869250	286	0.0		0.0			nonpositive_local_h2	False
AMD	4	124	131880266	132783846	191	0.0		0.0			nonpositive_local_h2	False
AMD	4	125	132826565	133519301	177	0.0		0.0			nonpositive_local_h2	False
AMD	4	126	133526708	134105004	158	0.0		0.0			nonpositive_local_h2	False
AMD	4	127	134112602	135807875	455	0.0004162510404371		0.0940986598815283				True
AMD	4	128	135814505	137397046	407	0.0002156761236786		0.502034925526809				True
AMD	4	129	137400046	138535862	458	0.0		0.999999619538993			nonpositive_local_h2	False
AMD	4	130	138545488	139552686	422	0.0003285137619976		0.0621489094290603				True
AMD	4	131	139555962	141083754	590	2.77892978773949e-05		0.931499368032887				True
AMD	4	132	141087987	142806060	571	0.0011708430117655		0.0057068893242097				True
AMD	4	133	142810258	144400351	494	0.0001685710931049		0.0				True
AMD	4	134	144406061	146167657	386	0.0001880180898135		0.223205924560495				True
AMD	4	135	146174921	147160700	301	0.0005408256946034		0.140949070861139				True
AMD	4	136	147162483	148461073	374	0.0		0.999999730973442			nonpositive_local_h2	False
AMD	4	137	148464771	149994228	511	2.96885109310382e-05		0.0				True
AMD	4	138	150001085	151010740	220	9.85069776849009e-06		0.95031891588408				True
AMD	4	139	151015661	152161625	282	4.9015710028011e-05		0.715851167631006				True
AMD	4	140	152164786	153520279	426	0.0002897897235679		0.251423285624383				True
AMD	4	141	153532240	155042470	575	9.86412686959308e-05		0.596126057978939				True
AMD	4	142	155047033	156519123	538	0.0006170554992714		0.0				True
AMD	4	143	156523316	157594988	453	0.0002614805925522		0.421545175154711				True
AMD	4	144	157598182	159173102	463	0.0		0.0			nonpositive_local_h2	False
AMD	4	145	159179862	160825866	449	5.04344532343775e-05		0.0				True
AMD	4	146	160834831	161665059	304	0.0		0.999999730973442			nonpositive_local_h2	False
AMD	4	147	161666367	162238278	231	0.0		0.999999809769497			nonpositive_local_h2	False
AMD	4	148	162244482	163245174	371	0.0		0.0			nonpositive_local_h2	False
AMD	4	149	163247886	163934676	221	0.0001579221537924		0.0				True
AMD	4	150	163939622	164781772	277	0.0		0.999999619538993			nonpositive_local_h2	False
AMD	4	151	164788551	165823437	411	0.0002143891709332		0.606312541661108				True
AMD	4	152	165827749	166699491	362	0.0003348787152756		0.0775963303087577				True
AMD	4	153	166708955	167635674	249	0.0		0.999999730973442			nonpositive_local_h2	False
AMD	4	154	167644949	168621364	320	0.0001025785250416		0.0				True
AMD	4	155	168626439	169551542	378	0.0001143117767523		0.586338871864336				True
AMD	4	156	169558119	170676328	405	0.0		0.999999239077987			nonpositive_local_h2	False
AMD	4	157	170686188	171642456	285	0.0		0.999994211238588			nonpositive_local_h2	False
AMD	4	158	171644884	172552959	248	0.0003403733005518		0.254793736187224				True
AMD	4	159	172557879	174468670	491	0.0007467074316936		0.0				True
AMD	4	160	174471671	175284241	280	0.0009998702561775		0.0				True
AMD	4	161	175300604	175954859	294	0.0		0.999999619538993			nonpositive_local_h2	False
AMD	4	162	175964181	177129266	299	0.0001630419431531		0.35328088412127				True
AMD	4	163	177134283	178313514	534	0.0		0.0			nonpositive_local_h2	False
AMD	4	164	178314542	179232789	300	0.000138396325295		0.0				True
AMD	4	165	179238565	179932194	255	0.0		0.0			nonpositive_local_h2	False
AMD	4	166	179932414	180537663	260	4.57431743027616e-05		0.69586078238394				True
AMD	4	167	180542136	181119137	243	0.0		0.999999341022206			nonpositive_local_h2	False
AMD	4	168	181123228	182065314	486	0.0003587569119777		0.301197216377614				True
AMD	4	169	182066869	182942414	550	0.0		0.0			nonpositive_local_h2	False
AMD	4	170	182958954	183602252	370	0.000301066853692		0.12406248487204				True
AMD	4	171	183605088	184335306	288	0.0003803772280909		0.168434905651465				True
AMD	4	172	184338589	185482878	521	0.0010192329286016		0.018118581392338				True
AMD	4	173	185490816	186232142	330	0.0		0.999999149263327			nonpositive_local_h2	False
AMD	4	174	186235548	186881436	336	0.0		0.999999461946885			nonpositive_local_h2	False
AMD	4	175	186881570	187980880	513	0.0002118624106553		0.445340712069271				True
AMD	4	176	187991086	189151984	447	0.0002323434360858		0.372390857933654				True
AMD	4	177	189158163	189896929	344	0.0002059348184873		0.646954064475158				True
AMD	4	178	189910956	190895386	262	0.0001727743174521		0.317792326089177				True
AMD	5	1	27564	598224	217	0.0003651955884422		0.0				True
AMD	5	2	598643	1206462	151	4.99274859877465e-05		0.566034906267542				True
AMD	5	3	1211363	2106236	469	0.0		0.999999461946885			nonpositive_local_h2	False
AMD	5	4	2109901	2960058	556	0.0		0.0			nonpositive_local_h2	False
AMD	5	5	2960267	3671754	491	0.0002312830550889		0.429398375491225				True
AMD	5	6	3684777	4634162	402	1.53646808493606e-05		0.963649471913239				True
AMD	5	7	4638885	5828684	643	0.0002584272225805		0.425963578959287				True
AMD	5	8	5828805	6935286	655	0.0003571590527096		0.45980623733778				True
AMD	5	9	6938972	8077509	569	0.0003083562893068		0.314095312874579				True
AMD	5	10	8083187	9201631	529	7.14516056187339e-05		0.66150838267837				True
AMD	5	11	9204142	10547032	754	0.0003114529888222		0.281084031632269				True
AMD	5	12	10550838	11843303	656	0.0001153146653169		0.625012356282819				True
AMD	5	13	11854197	12849201	246	2.11182905136174e-05		0.0				True
AMD	5	14	12888815	13603883	215	0.0		0.0			nonpositive_local_h2	False
AMD	5	15	13609488	14902925	676	0.0		0.999999461946885			nonpositive_local_h2	False
AMD	5	16	14911568	16591093	560	2.12194328425661e-06		0.990943640348708				True
AMD	5	17	16594203	17802524	430	1.67978628050586e-05		0.945232375494857				True
AMD	5	18	17804017	18791387	319	0.0007974590038789		0.0351006432229763				True
AMD	5	19	18791434	20392735	535	0.0		0.0			nonpositive_local_h2	False
AMD	5	20	20397544	21209128	212	0.0		0.0			nonpositive_local_h2	False
AMD	5	21	21211438	22141555	225	5.50715081807616e-05		0.383419959135772				True
AMD	5	22	22162727	23244025	402	0.0		0.0			nonpositive_local_h2	False
AMD	5	23	23247790	24358026	349	0.0007746118005555		0.0131082830370129				True
AMD	5	24	24365309	25720302	418	0.0004536769267318		0.132674916319234				True
AMD	5	25	25723068	26932005	397	0.0001808985658037		0.0				True
AMD	5	26	26942688	28310093	353	0.0		0.999999730973442			nonpositive_local_h2	False
AMD	5	27	28316657	29591400	389	0.0		0.0			nonpositive_local_h2	False
AMD	5	28	29596136	30415061	276	0.0		0.999999619538993			nonpositive_local_h2	False
AMD	5	29	30423321	31679344	581	0.0002235886133963		0.0				True
AMD	5	30	31679565	32726637	462	0.0001371173127856		0.720354257959079				True
AMD	5	31	32733418	33969628	514	0.0		0.999999461946885			nonpositive_local_h2	False
AMD	5	32	33983044	35147574	401	0.0		0.999999619538993			nonpositive_local_h2	False
AMD	5	33	35161332	36426707	516	0.0004963818073847		0.16420868511403				True
AMD	5	34	36431978	37925457	470	6.87909495378552e-05		0.758306268994079				True
AMD	5	35	37925518	39438575	610	0.0005897734924986		0.131464544120356				True
AMD	5	36	39439306	40288878	357	6.22299519579292e-05		0.522767125325065				True
AMD	5	37	40293104	41278513	432	0.0		0.999999619538993			nonpositive_local_h2	False
AMD	5	38	41280364	42856315	469	0.0009625528129462		0.0004337477514135				True
AMD	5	39	42856350	44026232	244	0.0		0.999999809769497			nonpositive_local_h2	False
AMD	5	40	44051305	45301035	265	3.77261108017223e-05		0.787791697541849				True
AMD	5	41	45305615	46383335	157	0.0		0.999999809769497			nonpositive_local_h2	False
AMD	5	42	49462228	50163085	159	9.42963481753568e-05		0.344695190126514				True
AMD	5	43	50165489	51199109	288	0.0		0.0			nonpositive_local_h2	False
AMD	5	44	51203737	52139462	375	0.0		0.0			nonpositive_local_h2	False
AMD	5	45	52141943	52835755	350	0.0		0.0			nonpositive_local_h2	False
AMD	5	46	52842569	53747307	386	0.000199535767362		0.430386514915743				True
AMD	5	47	53750530	55220819	630	0.000346002112201		0.311024194594307				True
AMD	5	48	55223929	55968018	354	0.0002986641314879		0.29359225205905				True
AMD	5	49	55970422	56890354	375	0.0002448625724606		0.260329917290661				True
AMD	5	50	56896963	57894922	482	0.000173038816929		0.48548271071106				True
AMD	5	51	57895094	58719893	476	0.0		0.0			nonpositive_local_h2	False
AMD	5	52	58728915	59862743	340	0.0		0.0			nonpositive_local_h2	False
AMD	5	53	59873709	60930584	303	0.0001324742449214		0.549162034440027				True
AMD	5	54	60936095	62175815	504	0.0		0.999999619538993			nonpositive_local_h2	False
AMD	5	55	62182985	63211974	350	0.0001861523966822		0.325178467075316				True
AMD	5	56	63216232	64433911	368	8.34321230579451e-05		0.458873045845955				True
AMD	5	57	64440243	65603639	421	0.0004265946974417		0.169778719178776				True
AMD	5	58	65614238	67096077	664	0.0001962611717571		0.434013103200747				True
AMD	5	59	67096208	68006543	408	0.0011295273764448		0.015876930440589				True
AMD	5	60	68007803	71467670	583	7.21708526835313e-07		0.0				True
AMD	5	61	71471329	73313974	711	0.0010675347230286		0.0096354466749285				True
AMD	5	62	73317202	74242852	517	1.84496751239544e-05		0.920782036684736				True
AMD	5	63	74252376	75239130	305	0.0003860275305405		0.0814179250194824				True
AMD	5	64	75240116	75959469	363	0.0		0.999999461946885			nonpositive_local_h2	False
AMD	5	65	75959705	77285142	616	0.0002233704614497		0.280756648669926				True
AMD	5	66	77290902	78998903	588	0.0		0.999999461946885			nonpositive_local_h2	False
AMD	5	67	79010573	80447626	735	0.0		0.0			nonpositive_local_h2	False
AMD	5	68	80459446	81710048	444	0.0		0.999999619538993			nonpositive_local_h2	False
AMD	5	69	81710227	82720112	361	0.0		0.999999341022206			nonpositive_local_h2	False
AMD	5	70	82720422	84093450	447	0.0		0.999992902591954			nonpositive_local_h2	False
AMD	5	71	84096780	84696828	226	0.0002569964121035		0.0				True
AMD	5	72	84701663	85309578	201	2.58971795014858e-05		0.871420172447721				True
AMD	5	73	85311792	86490293	315	0.0001387503011401		0.642534489664888				True
AMD	5	74	86493926	87942868	268	0.0012154824856919		0.0003671510460476				True
AMD	5	75	87950290	89574726	389	0.0009785574638325		0.0				True
AMD	5	76	89587251	90790526	429	1.09318699852166e-05		0.0				True
AMD	5	77	90794518	91956285	227	0.0003627600739432		0.146979448801137				True
AMD	5	78	91965961	93810208	477	0.0010433881879535		0.0				True
AMD	5	79	93823951	95117215	479	0.0		0.0			nonpositive_local_h2	False
AMD	5	80	95119408	96466616	583	0.0006343601081609		0.14946209955228				True
AMD	5	81	96467756	97315918	198	0.0002962216461471		0.0682271346314732				True
AMD	5	82	97317922	98566596	408	0.0002051731567209		0.126373650302103				True
AMD	5	83	98574953	99257992	190	0.0		0.999999809769497			nonpositive_local_h2	False
AMD	5	84	99258130	100592459	350	0.0007993854104892		0.0				True
AMD	5	85	100599227	101574885	284	0.0		0.0			nonpositive_local_h2	False
AMD	5	86	101584499	102899161	361	7.43060002175793e-05		0.781951691701024				True
AMD	5	87	102913746	103781963	347	0.0		0.999992642234308			nonpositive_local_h2	False
AMD	5	88	103788551	104845257	348	0.0		0.999999730973442			nonpositive_local_h2	False
AMD	5	89	104860193	106389374	396	4.25770098958229e-06		0.979876799799301				True
AMD	5	90	106391438	107265792	469	0.0		0.999999619538993			nonpositive_local_h2	False
AMD	5	91	107266840	108641351	481	0.0		0.0			nonpositive_local_h2	False
AMD	5	92	108642367	109603332	379	0.0		0.0			nonpositive_local_h2	False
AMD	5	93	109610219	110815311	378	3.82804754129074e-05		0.759019463592475				True
AMD	5	94	110822500	111978946	466	0.000311491707821		0.149453216485788				True
AMD	5	95	111983180	113115477	494	0.0001114242288609		0.0				True
AMD	5	96	113128986	113997778	405	0.0		0.999999461946885			nonpositive_local_h2	False
AMD	5	97	113999670	115117353	421	0.0		0.0			nonpositive_local_h2	False
AMD	5	98	115118442	116207953	581	0.0002554696437265		0.0				True
AMD	5	99	116208147	117345425	448	0.0		0.999999619538993			nonpositive_local_h2	False
AMD	5	100	117353820	118605023	435	0.0001237621990181		0.565154648233989				True
AMD	5	101	118605660	119661088	397	0.0004842956441375		0.140240689137398				True
AMD	5	102	119669457	120369695	252	0.0001138032924598		0.74336555254427				True
AMD	5	103	120373318	120955493	250	7.44356796795834e-05		0.669359737283156				True
AMD	5	104	120960853	122005153	314	0.0007564880854225		0.0004746750219442				True
AMD	5	105	122007862	123182944	521	0.0002581774210815		0.579466757078752				True
AMD	5	106	123200792	124097421	398	0.0		0.999999341022206			nonpositive_local_h2	False
AMD	5	107	124110646	125129150	466	0.0004541965472096		0.192980951139509				True
AMD	5	108	125131805	126045921	430	0.0		0.999999398438329			nonpositive_local_h2	False
AMD	5	109	126056440	126992734	283	0.0002637809966803		0.516327815501112				True
AMD	5	110	126993922	128063276	356	8.13897904680964e-05		0.0				True
AMD	5	111	128071740	128732672	293	0.0002188101453258		0.220892968067495				True
AMD	5	112	128735170	130572861	455	0.000302546153726		0.268925305584544				True
AMD	5	113	130575413	132550830	613	0.0011737130396007		0.0				True
AMD	5	114	132558754	134556555	801	6.48959406026127e-05		0.849133740955245				True
AMD	5	115	134557037	135344163	394	0.0002153557948916		0.295312387988314				True
AMD	5	116	135348376	136948607	633	0.0003310105138717		0.0				True
AMD	5	117	136950107	139408104	631	0.0		0.0			nonpositive_local_h2	False
AMD	5	118	139410510	141252048	684	0.0003293581614961		0.0				True
AMD	5	119	141254063	142532696	558	0.0		0.0			nonpositive_local_h2	False
AMD	5	120	142532995	143605039	479	4.37785694244513e-05		0.835703711238558				True
AMD	5	121	143608442	145313920	586	0.0001283379834223		0.0				True
AMD	5	122	145319127	147177325	697	9.90016903193987e-06		0.975783453291086				True
AMD	5	123	147180483	148659664	609	4.14780623551096e-05		0.806463902278363				True
AMD	5	124	148663788	149842399	612	6.06945689714752e-05		0.829641571227228				True
AMD	5	125	149857460	150981259	550	0.0		0.999999461946885			nonpositive_local_h2	False
AMD	5	126	150982156	151888663	413	0.0		0.0			nonpositive_local_h2	False
AMD	5	127	151893373	152877008	323	0.0		0.0			nonpositive_local_h2	False
AMD	5	128	152878727	153734373	442	0.0001289706936916		0.706310823910701				True
AMD	5	129	153734582	154596267	347	0.0		0.999999341022206			nonpositive_local_h2	False
AMD	5	130	154601557	155458803	348	0.0		0.999999461946885			nonpositive_local_h2	False
AMD	5	131	155462260	156336987	301	0.0		0.0			nonpositive_local_h2	False
AMD	5	132	156345735	157190745	425	0.0008305183110549		0.0087497847028465				True
AMD	5	133	157191954	158483282	565	0.0004520198691515		0.146880739591716				True
AMD	5	134	158486993	159656194	456	0.0		0.0			nonpositive_local_h2	False
AMD	5	135	159665599	160517449	414	0.0001309084374745		0.767279716222773				True
AMD	5	136	160519563	161477923	337	0.0		0.999999730973442			nonpositive_local_h2	False
AMD	5	137	161479553	162384064	308	0.0006404352394949		0.0				True
AMD	5	138	162389158	163780571	553	0.0		0.999999619538993			nonpositive_local_h2	False
AMD	5	139	163782385	165288921	544	0.0		0.999999341022206			nonpositive_local_h2	False
AMD	5	140	165293654	166852229	566	0.0001512556427664		0.640773288278378				True
AMD	5	141	166866356	168338054	721	0.001510503743195		0.0139198324486138				True
AMD	5	142	168344280	169504995	626	0.0004311211465358		0.0				True
AMD	5	143	169507067	170886927	661	0.0003825879701788		0.17893083549824				True
AMD	5	144	170905672	172285605	670	0.0003752900503506		0.438084428243571				True
AMD	5	145	172286508	173605878	634	2.83088107628555e-05		0.0				True
AMD	5	146	173616630	174662058	547	0.0002059953612204		0.0				True
AMD	5	147	174662935	176176383	543	0.0006987385801719		0.0				True
AMD	5	148	176212290	177655512	328	0.0001477528719548		0.464109256954739				True
AMD	5	149	177660119	178592302	482	0.0		0.999999239077987			nonpositive_local_h2	False
AMD	5	150	178599617	179794208	520	0.0005263556799098		0.121651087730597				True
AMD	5	151	179802190	180693127	281	1.14269919603542e-05		0.0				True
AMD	6	1	202452	1375100	660	0.0003591399750158		0.0				True
AMD	6	2	1380746	2743674	726	0.0003054440897679		0.218087701155314				True
AMD	6	3	2747530	3958481	612	0.0002985159913713		0.0				True
AMD	6	4	3964457	4656097	405	0.0		0.999999461946885			nonpositive_local_h2	False
AMD	6	5	4662666	5377362	380	0.0		0.0			nonpositive_local_h2	False
AMD	6	6	5379058	6621508	783	0.0003114666098049		0.436687563613206				True
AMD	6	7	6621962	7804377	650	0.0		0.999998796876658			nonpositive_local_h2	False
AMD	6	8	7810021	9020424	547	1.89512845087079e-05		0.0				True
AMD	6	9	9021418	10403650	610	0.0002697001261028		0.425466856038963				True
AMD	6	10	10424468	11789917	654	0.0005061638077642		0.0				True
AMD	6	11	11792273	13351124	801	0.0003062341188497		0.343379692201792				True
AMD	6	12	13353734	15067521	692	0.0001032849345884		0.0				True
AMD	6	13	15071178	16565192	676	0.0001518933508221		0.526707374799179				True
AMD	6	14	16567559	17391785	355	0.0		0.999995695575077			nonpositive_local_h2	False
AMD	6	15	17392304	18208319	300	3.05765058604448e-05		0.853469835452531				True
AMD	6	16	18209582	18773152	288	9.40641654848677e-06		0.949356804297401				True
AMD	6	17	18775937	19445811	286	0.0001149274549676		0.358366991490295				True
AMD	6	18	19449968	20417976	418	0.0011042499030441		0.0002161282319406				True
AMD	6	19	20418329	21295785	420	0.0		0.999999619538993			nonpositive_local_h2	False
AMD	6	20	21296403	22198273	350	0.0001147309520345		0.71349055809149				True
AMD	6	21	22200384	23191842	514	0.0		0.0			nonpositive_local_h2	False
AMD	6	22	23193054	23938426	372	0.0		0.999999619538993			nonpositive_local_h2	False
AMD	6	23	23941877	24947772	499	0.0001644220775708		0.499083493254151				True
AMD	6	24	24950599	25684405	447	3.83565340448069e-05		0.886078879023278				True
AMD	6	25	25686405	26394320	413	0.0003879337570565		0.0179960759423084				True
AMD	6	26	26396203	27256102	280	0.0002467762441849		0.0				True
AMD	6	27	27261324	28473325	475	0.0001194350219132		0.390276274749156				True
AMD	6	28	33464061	33864237	291	0.0009948708220932		0.0				True
AMD	6	29	33864998	34977375	324	0.0005437149491466		0.149030409337203				True
AMD	6	30	34980601	36345977	472	6.30998084666204e-05		0.803799145165808				True
AMD	6	31	36348689	37569632	589	0.0005699583356597		0.0305386179199199				True
AMD	6	32	37571453	38686222	421	0.0		0.999999619538993			nonpositive_local_h2	False
AMD	6	33	38689875	39784703	586	0.0002892643745094		0.356605628940969				True
AMD	6	34	39787679	40778147	507	0.0		0.0			nonpositive_local_h2	False
AMD	6	35	40781232	42101676	579	0.0002340020252856		0.463300767968415				True
AMD	6	36	42104149	43770512	503	0.000447339678299		0.240123256901074				True
AMD	6	37	43775838	44596435	376	0.0023784141335281		0.0035350484165073				True
AMD	6	38	44596900	45402445	241	0.0		0.0			nonpositive_local_h2	False
AMD	6	39	45410312	46429665	410	3.72401226942521e-05		0.811325676229687				True
AMD	6	40	46433812	47311898	432	0.0001610184660937		0.0				True
AMD	6	41	47316389	48387129	413	0.0001628063243103		0.174679454296649				True
AMD	6	42	48394045	49522865	333	0.0		0.999999730973442			nonpositive_local_h2	False
AMD	6	43	49533287	50933504	453	0.0011862008856537		0.126770576608726				True
AMD	6	44	50942550	51826281	387	0.0004698716447013		0.0				True
AMD	6	45	51829707	52598582	391	0.0002398859787605		0.420671985725405				True
AMD	6	46	52599135	53420503	348	0.0001122857195787		0.672092277065752				True
AMD	6	47	53429272	54442960	485	0.0		0.999999730973442			nonpositive_local_h2	False
AMD	6	48	54452797	55463633	430	0.0		0.99999463293703			nonpositive_local_h2	False
AMD	6	49	55470865	56199071	296	0.0003138084125193		0.25241090775299				True
AMD	6	50	56202104	57226182	333	0.0005142421992074		0.0171859694807989				True
AMD	6	51	57359149	58075480	74	0.0		0.999999904884748			nonpositive_local_h2	False
AMD	6	52	58144557	58770624	102	7.34856940398734e-05		0.0				True
AMD	6	53	61891638	62690680	198	0.0		0.0			nonpositive_local_h2	False
AMD	6	54	62697746	64010216	356	1.12258364898517e-05		0.907853686062984				True
AMD	6	55	64014812	65759576	418	0.0		0.999999730973442			nonpositive_local_h2	False
AMD	6	56	65760585	66442797	247	0.0002109460889759		0.403018356616106				True
AMD	6	57	66446703	67008286	232	0.0001432605169646		0.0				True
AMD	6	58	67049406	67558321	227	0.0		0.999999730973442			nonpositive_local_h2	False
AMD	6	59	67559927	68545861	377	2.95008711075244e-05		0.0				True
AMD	6	60	68548907	69293240	292	9.78753284000056e-05		0.0				True
AMD	6	61	69296762	70363194	393	3.4630911617642e-05		0.732660074907391				True
AMD	6	62	70364668	71609707	540	0.0		0.0			nonpositive_local_h2	False
AMD	6	63	71610796	72289651	276	0.000533552992405		0.0456064413171667				True
AMD	6	64	72291184	73169177	352	0.0002875120641847		0.147538986089367				True
AMD	6	65	73173514	74382213	400	0.0002958193845373		0.371972651099388				True
AMD	6	66	74403248	75460501	373	0.0		0.999999619538993			nonpositive_local_h2	False
AMD	6	67	75461657	77268990	467	2.44368248464579e-05		0.902898587156729				True
AMD	6	68	77275598	78166945	340	0.0		0.0			nonpositive_local_h2	False
AMD	6	69	78171124	78958666	317	0.0		0.0			nonpositive_local_h2	False
AMD	6	70	78959888	79859877	287	0.000133467335641		0.136591281318315				True
AMD	6	71	79872281	80692007	401	0.0		0.0			nonpositive_local_h2	False
AMD	6	72	80699741	81565351	309	0.0		0.999999619538993			nonpositive_local_h2	False
AMD	6	73	81576456	82379575	258	1.12932961047056e-05		0.952185218789117				True
AMD	6	74	82390960	83559409	408	7.99532595120175e-05		0.0				True
AMD	6	75	83573836	85038095	385	1.38562512143035e-06		0.991370123750856				True
AMD	6	76	85038293	85834204	380	0.0002333669439687		0.360450458330789				True
AMD	6	77	85837288	86808618	330	0.0		0.999999730973442			nonpositive_local_h2	False
AMD	6	78	86830507	87509113	257	0.0		0.0			nonpositive_local_h2	False
AMD	6	79	87530372	88499661	339	0.0		0.999999619538993			nonpositive_local_h2	False
AMD	6	80	88510409	89974066	631	0.0003435435245983		0.2615019905529				True
AMD	6	81	89974626	91092690	423	0.000149854632679		0.0				True
AMD	6	82	91105349	92012043	436	0.0003484454599246		0.202980858831402				True
AMD	6	83	92019086	92950534	346	0.0002395392329424		0.369762547525773				True
AMD	6	84	92954254	93689951	250	0.0		0.999999730973442			nonpositive_local_h2	False
AMD	6	85	93697732	95173764	571	0.0002596629783937		0.215843916962247				True
AMD	6	86	95179912	96479757	313	0.0		0.999999730973442			nonpositive_local_h2	False
AMD	6	87	96481452	98172848	539	0.0		0.999999288222632			nonpositive_local_h2	False
AMD	6	88	98179726	99675908	473	0.0		0.0			nonpositive_local_h2	False
AMD	6	89	99679578	100878267	484	0.0		0.999999461946885			nonpositive_local_h2	False
AMD	6	90	100879651	101791131	212	0.0		0.0			nonpositive_local_h2	False
AMD	6	91	101799259	102635841	284	0.000127259804572		0.623547176026068				True
AMD	6	92	102639153	103612054	297	0.0		0.999999809769497			nonpositive_local_h2	False
AMD	6	93	103612659	104209117	228	5.84953559969562e-05		0.0				True
AMD	6	94	104217420	104948139	281	0.0001571872562684		0.0				True
AMD	6	95	104952471	106052529	360	7.20886047424837e-05		0.738284135753656				True
AMD	6	96	106059644	107307003	642	0.0003081596717547		0.0				True
AMD	6	97	107324218	109042459	565	0.001533086884062		0.0160159031923464				True
AMD	6	98	109048366	110645562	519	0.0008073167894446		0.0045692182913838				True
AMD	6	99	110647920	111361944	246	0.0		0.999999619538993			nonpositive_local_h2	False
AMD	6	100	111366465	112342709	327	0.0013048964537571		0.0902157437680192				True
AMD	6	101	112347732	113696524	526	0.0003909501964055		0.0				True
AMD	6	102	113708819	115058847	479	0.0005081078629918		0.0418139794347295				True
AMD	6	103	115063381	116131731	291	0.0001602431016182		0.49850241650786				True
AMD	6	104	116137635	117668989	542	0.0003677452030594		0.0				True
AMD	6	105	117674087	118528493	303	0.0001161264520586		0.0				True
AMD	6	106	118532549	119451257	286	0.0		0.999999730973442			nonpositive_local_h2	False
AMD	6	107	119455554	120336680	351	0.0		0.999999461946885			nonpositive_local_h2	False
AMD	6	108	120350095	121084577	229	0.0		0.999999809769497			nonpositive_local_h2	False
AMD	6	109	121087489	121907968	259	0.0		0.999999809769497			nonpositive_local_h2	False
AMD	6	110	121914029	122928126	319	0.0		0.999999809769497			nonpositive_local_h2	False
AMD	6	111	122935161	123853556	391	0.0		0.999999534032333			nonpositive_local_h2	False
AMD	6	112	123860153	125365005	636	0.0		0.999999239077987			nonpositive_local_h2	False
AMD	6	113	125365295	127529209	561	0.0002903193309139		0.267448054734908				True
AMD	6	114	127545492	128763333	305	0.0		0.999999730973442			nonpositive_local_h2	False
AMD	6	115	128769272	129849833	388	0.0		0.999999619538993			nonpositive_local_h2	False
AMD	6	116	129850455	130550063	374	0.0006470953269648		0.0				True
AMD	6	117	130550421	131451282	390	0.0002600265682879		0.111092764552443				True
AMD	6	118	131457657	132890341	522	0.000256507269753		0.0				True
AMD	6	119	132890748	134313643	618	8.73139601945391e-05		0.741123025893038				True
AMD	6	120	134313785	135543927	484	2.72542077594215e-05		0.917724430825004				True
AMD	6	121	135545460	137551037	481	0.0		0.999999149263327			nonpositive_local_h2	False
AMD	6	122	137554245	138825687	558	0.0003436809655309		0.305630194044305				True
AMD	6	123	138828134	139714492	330	0.0		0.0			nonpositive_local_h2	False
AMD	6	124	139716715	141442825	473	0.0001889654530896		0.394361938309763				True
AMD	6	125	141453145	143083063	490	0.0		0.999999534032333			nonpositive_local_h2	False
AMD	6	126	143086596	144788370	678	0.0		0.999999068064667			nonpositive_local_h2	False
AMD	6	127	144792772	145774684	375	1.14170637774304e-05		0.0				True
AMD	6	128	145781916	147015780	314	0.0		0.0			nonpositive_local_h2	False
AMD	6	129	147017697	148183190	432	0.0		0.999999149263327			nonpositive_local_h2	False
AMD	6	130	148185587	149278507	637	4.25035705106649e-05		0.0				True
AMD	6	131	149279188	150634383	616	0.0		0.999999619538993			nonpositive_local_h2	False
AMD	6	132	150637115	151629865	623	0.0005010558560123		0.0586084813988855				True
AMD	6	133	151631090	152376475	346	0.0002816287632823		0.0992080259948769				True
AMD	6	134	152377180	153080061	417	3.13591211637653e-05		0.870455838919844				True
AMD	6	135	153083426	153787225	345	0.0		0.999999619538993			nonpositive_local_h2	False
AMD	6	136	153793659	154461822	313	0.000151340816844		0.627820934555794				True
AMD	6	137	154462086	155519888	449	0.0001764762345751		0.0				True
AMD	6	138	155525921	156754606	597	0.0		0.0			nonpositive_local_h2	False
AMD	6	139	156763643	158219013	498	0.0004885762233734		0.313823322202066				True
AMD	6	140	158221885	158951075	366	0.0001973879094608		0.363566300811281				True
AMD	6	141	158966179	159599952	292	0.0002584642447653		0.18937123191266				True
AMD	6	142	159606873	160583904	489	0.0003478858000806		0.18675621046056				True
AMD	6	143	160584853	161369806	394	1.69551876974693e-05		0.88514017029394				True
AMD	6	144	161371105	162254146	496	0.0		0.0			nonpositive_local_h2	False
AMD	6	145	162255535	163333585	550	9.13255442309754e-05		0.0				True
AMD	6	146	163338231	164687295	744	0.0003779905045919		0.250213623959161				True
AMD	6	147	164690459	165832227	566	0.0001558701173616		0.499549761786993				True
AMD	6	148	165836746	166850798	603	2.72724720730048e-05		0.918778237172573				True
AMD	6	149	166853513	167714737	518	0.0002381970031516		0.358028105543387				True
AMD	6	150	167715405	168705006	352	0.0006987929411053		0.025577358321483				True
AMD	6	151	168707435	169667234	591	0.0		0.999996410738043			nonpositive_local_h2	False
AMD	6	152	169668998	170907734	508	0.0004210718023696		0.156484075418088				True
AMD	7	1	44935	230878	63	0.0003393580736137		0.0				True
AMD	7	2	668723	1363454	286	0.0		0.999999461946885			nonpositive_local_h2	False
AMD	7	3	1376857	2457709	330	0.0001636530625637		0.390781146891294				True
AMD	7	4	2479029	3099853	292	0.0001831946261592		0.468027801096051				True
AMD	7	5	3100838	4137575	551	0.0006232409265935		0.0151434860072074				True
AMD	7	6	4139470	4937930	374	0.0004756333523045		0.181379169032873				True
AMD	7	7	4939360	5943210	306	0.0001719693833454		0.450618279881971				True
AMD	7	8	6026775	6713985	205	0.0001880951147707		0.0				True
AMD	7	9	6720341	7163442	93	0.0001370874764048		0.0				True
AMD	7	10	7167990	7926413	502	0.0		0.0			nonpositive_local_h2	False
AMD	7	11	7929851	8718080	449	0.0002792842752288		0.0				True
AMD	7	12	8720903	9224481	308	0.0005044593997268		0.0				True
AMD	7	13	9229882	9899380	331	0.0		0.0			nonpositive_local_h2	False
AMD	7	14	9903357	10481065	247	0.0		0.999999534032333			nonpositive_local_h2	False
AMD	7	15	10488614	11232243	290	0.000129113092478		0.447312914544045				True
AMD	7	16	11233115	11853008	402	0.0		0.999999239077987			nonpositive_local_h2	False
AMD	7	17	11855636	12694083	492	0.0		0.0			nonpositive_local_h2	False
AMD	7	18	12695507	13211495	239	0.0002498344494099		0.0				True
AMD	7	19	13218051	13674355	232	0.0		0.999999534032333			nonpositive_local_h2	False
AMD	7	20	13678247	15012831	694	0.0003239902371322		0.0				True
AMD	7	21	15019381	15877548	402	0.0		0.0			nonpositive_local_h2	False
AMD	7	22	15880136	16734891	427	9.73271905524834e-05		0.634302422199346				True
AMD	7	23	16740101	17593328	470	0.0		0.0			nonpositive_local_h2	False
AMD	7	24	17599438	19070930	629	0.0		0.0			nonpositive_local_h2	False
AMD	7	25	19133072	20120813	429	6.33309082353657e-05		0.827216068183364				True
AMD	7	26	20122811	21387797	635	0.0005043799279668		0.0				True
AMD	7	27	21392007	22164444	497	0.0		0.0			nonpositive_local_h2	False
AMD	7	28	22165180	23106669	441	3.71118920506729e-05		0.905947735089949				True
AMD	7	29	23106692	24149942	388	0.000188432932458		0.293503593495953				True
AMD	7	30	24151175	24893147	438	0.0		0.999999341022206			nonpositive_local_h2	False
AMD	7	31	24894255	25669627	492	0.0009602905342566		0.0275790224358803				True
AMD	7	32	25671576	27349479	662	0.0002594166465184		0.321370120953321				True
AMD	7	33	27351298	28888086	758	0.0		0.999991734271201			nonpositive_local_h2	False
AMD	7	34	28893354	30165896	712	0.0		0.0			nonpositive_local_h2	False
AMD	7	35	30179394	31730048	670	0.0009818227823176		0.0304149498762218				True
AMD	7	36	31730696	32455882	417	2.86764566953575e-05		0.858416379188998				True
AMD	7	37	32460233	33155385	235	7.76734744676202e-05		0.630382138017563				True
AMD	7	38	33165147	34111660	364	0.0002745315104392		0.111910372066822				True
AMD	7	39	34131919	35353014	459	0.0003497762230744		0.0429246425313456				True
AMD	7	40	35356265	36504070	583	0.0003679052228668		0.0				True
AMD	7	41	36510043	37977116	755	0.0		0.999991848894856			nonpositive_local_h2	False
AMD	7	42	37986332	38965611	514	0.0005688504579371		0.158634656947687				True
AMD	7	43	38970166	40259553	448	0.0001264597405797		0.519090730793903				True
AMD	7	44	40271224	41414212	385	0.0004769773415451		0.0672848855134627				True
AMD	7	45	41416071	42494497	417	0.0002660911535729		0.30110209131291				True
AMD	7	46	42495555	43447936	373	0.0		0.0			nonpositive_local_h2	False
AMD	7	47	43451203	44989199	505	5.29518785217716e-05		0.741137687776319				True
AMD	7	48	44995327	46242583	514	0.0004787454940522		0.0				True
AMD	7	49	46251401	47253441	464	0.0002517822381682		0.0				True
AMD	7	50	47254394	48361784	546	0.0004672911448132		0.0				True
AMD	7	51	48367798	48984046	274	0.0		0.0			nonpositive_local_h2	False
AMD	7	52	48984670	49629291	251	0.0005740565687439		0.0				True
AMD	7	53	49637607	50894054	555	0.0003486733710519		0.0				True
AMD	7	54	50896266	51949727	420	0.0		0.999999619538993			nonpositive_local_h2	False
AMD	7	55	51951935	52633483	324	1.27566183555906e-05		0.915451421396934				True
AMD	7	56	52635223	53175158	299	0.0		0.999996575850941			nonpositive_local_h2	False
AMD	7	57	53177183	54084878	360	0.0		0.999999619538993			nonpositive_local_h2	False
AMD	7	58	54087762	54544248	157	0.0002049418898373		0.145182438100076				True
AMD	7	59	54550678	55160538	274	0.0004617684668109		0.150651526638398				True
AMD	7	60	55162336	56301242	422	0.0008628148419057		0.0300020205213793				True
AMD	7	61	56306726	57377065	187	0.0		0.999999730973442			nonpositive_local_h2	False
AMD	7	62	57385635	61852895	98	0.0		0.999999809769497			nonpositive_local_h2	False
AMD	7	63	61994170	63302111	109	0.0013651889902638		0.012235202313788				True
AMD	7	64	63314453	64211341	240	0.0		0.99999699821329			nonpositive_local_h2	False
AMD	7	65	64221817	65282322	175	0.0		0.999999809769497			nonpositive_local_h2	False
AMD	7	66	65300423	66452054	258	0.0		0.999999904884748			nonpositive_local_h2	False
AMD	7	67	66457626	66913933	124	0.0		0.999999809769497			nonpositive_local_h2	False
AMD	7	68	66931015	67473550	246	0.0		0.0			nonpositive_local_h2	False
AMD	7	69	67482110	68564589	458	0.0		0.999999341022206			nonpositive_local_h2	False
AMD	7	70	68569292	70143677	461	2.03078888393097e-05		0.927643691206265				True
AMD	7	71	70144848	71211570	435	0.0001659706564631		0.0				True
AMD	7	72	71223694	73125263	408	2.90692599821309e-05		0.825386317662502				True
AMD	7	73	73133241	75240915	303	0.0005676447032825		0.0402977337328551				True
AMD	7	74	75243991	76446091	273	0.0002828309240745		0.0				True
AMD	7	75	76461796	77663486	357	0.0003746088367971		0.0933148370061917				True
AMD	7	76	77664569	78680726	695	0.0005969630550858		0.0				True
AMD	7	77	78687119	80053909	452	4.98796143354166e-05		0.0				True
AMD	7	78	80055910	81533495	512	0.0004334082041016		0.20588438589837				True
AMD	7	79	81534837	82755546	526	6.78317741901113e-06		0.978534586500515				True
AMD	7	80	82766601	83941201	522	0.0		0.999994155247115			nonpositive_local_h2	False
AMD	7	81	83954737	85347664	377	0.0		0.999999730973442			nonpositive_local_h2	False
AMD	7	82	85356747	86444931	317	0.0		0.0			nonpositive_local_h2	False
AMD	7	83	86447703	87836113	436	0.0003988636980817		0.124637668209183				True
AMD	7	84	87839528	89321472	570	0.0		0.999999619538993			nonpositive_local_h2	False
AMD	7	85	89332304	90660684	562	0.0		0.999999534032333			nonpositive_local_h2	False
AMD	7	86	90661545	92489813	552	0.0005142326149182		0.0				True
AMD	7	87	92530918	93689033	366	0.0002151083586982		0.0				True
AMD	7	88	93691744	95173570	479	0.0		0.999999239077987			nonpositive_local_h2	False
AMD	7	89	95175372	96562958	538	0.0001902008644304		0.0				True
AMD	7	90	96569280	97414110	285	0.0001077610002279		0.0				True
AMD	7	91	97423394	98162961	210	0.000122526668755		0.300837495202847				True
AMD	7	92	98182505	99460458	314	5.91030724303625e-05		0.0				True
AMD	7	93	99466558	100844011	399	0.0010462226745902		0.0				True
AMD	7	94	100849804	101950500	372	9.07059725069163e-05		0.807046499867811				True
AMD	7	95	101951419	103190840	247	0.0		0.999999619538993			nonpositive_local_h2	False
AMD	7	96	103191428	104107936	503	0.0		0.999999341022206			nonpositive_local_h2	False
AMD	7	97	104110492	105308640	423	0.0008090390822874		0.000226638816226				True
AMD	7	98	105312942	106398362	544	0.0003975904345963		0.0				True
AMD	7	99	106399948	107655604	449	0.0002165619937296		0.271987962911543				True
AMD	7	100	107673078	109085999	533	0.0		0.0			nonpositive_local_h2	False
AMD	7	101	109096390	110477566	467	0.000337171792207		0.0				True
AMD	7	102	110479535	111795130	399	7.39480821366883e-05		0.0				True
AMD	7	103	111795896	113333114	438	8.987302482253e-05		0.616894351614231				True
AMD	7	104	113346826	115317894	477	0.0		0.999999534032333			nonpositive_local_h2	False
AMD	7	105	115323654	116834863	452	1.07318990986531e-06		0.998364814571681				True
AMD	7	106	116837610	118338267	476	0.0008141073376378		0.0				True
AMD	7	107	118345178	119565056	200	0.0009381535238964		0.128918430269687				True
AMD	7	108	119577292	121033191	363	0.0001905653982813		0.348253049539134				True
AMD	7	109	121066105	121944527	284	0.0007084260977592		0.0243302276730884				True
AMD	7	110	121947456	123859390	627	0.0004454831378832		0.0077075319845297				True
AMD	7	111	123860214	125388062	506	5.25265242020843e-05		0.606171505084997				True
AMD	7	112	125392358	126640633	480	0.0		0.0			nonpositive_local_h2	False
AMD	7	113	126641643	127903539	541	0.0		0.999999619538993			nonpositive_local_h2	False
AMD	7	114	127905557	128769030	267	0.0003084985732248		0.0				True
AMD	7	115	128785008	130416394	544	0.0		0.0			nonpositive_local_h2	False
AMD	7	116	130419958	131855368	621	0.0		0.999999239077987			nonpositive_local_h2	False
AMD	7	117	131856536	133803962	663	0.0		0.0			nonpositive_local_h2	False
AMD	7	118	133810818	134942965	502	0.0		0.0			nonpositive_local_h2	False
AMD	7	119	134944039	136107238	489	0.0		0.999999341022206			nonpositive_local_h2	False
AMD	7	120	136123543	137655829	499	0.0		0.999999461946885			nonpositive_local_h2	False
AMD	7	121	137658446	138751616	410	0.0		0.0			nonpositive_local_h2	False
AMD	7	122	138758992	140213880	506	0.000512706177988		0.0				True
AMD	7	123	140217670	142044047	656	0.0		0.999999619538993			nonpositive_local_h2	False
AMD	7	124	142099013	144321911	651	0.0001443751669222		0.58583134634373				True
AMD	7	125	144334808	145415320	359	0.0002737146644086		0.0				True
AMD	7	126	145422195	146572276	332	0.0002212457193246		0.142422660092052				True
AMD	7	127	146578167	147351071	381	0.0		0.999999619538993			nonpositive_local_h2	False
AMD	7	128	147354931	148615643	563	0.0011013228079942		0.0				True
AMD	7	129	148628362	149824341	364	0.0001935644462266		0.185970493851694				True
AMD	7	130	149855335	150896223	463	0.000387592980934		0.307594515707599				True
AMD	7	131	150901609	152248829	440	0.0004990180697752		0.0				True
AMD	7	132	152255539	153240425	405	0.0003028839654973		0.349849731566104				True
AMD	7	133	153248772	154406965	430	8.26161125509333e-05		0.830690073242798				True
AMD	7	134	154411908	155280528	525	6.48570526370571e-05		0.81370825663985				True
AMD	7	135	155280693	156343926	482	0.0001145967480256		0.0				True
AMD	7	136	156347201	157198266	293	0.0		0.999999730973442			nonpositive_local_h2	False
AMD	7	137	157201080	158028901	347	0.0		0.999999619538993			nonpositive_local_h2	False
AMD	7	138	158031556	159119486	416	0.0		0.999999619538993			nonpositive_local_h2	False
AMD	8	1	164984	657650	287	0.0		0.999999149263327			nonpositive_local_h2	False
AMD	8	2	662139	1161443	250	0.0001227708922021		0.42803258518763				True
AMD	8	3	1163713	1627174	264	4.28172277031466e-05		0.0				True
AMD	8	4	1632525	2070062	320	0.0003728720154488		0.224417916731533				True
AMD	8	5	2072342	2395110	162	0.0		0.999996851124874			nonpositive_local_h2	False
AMD	8	6	2403261	2970477	374	0.0		0.0			nonpositive_local_h2	False
AMD	8	7	2970539	3385757	395	0.0		0.999999239077987			nonpositive_local_h2	False
AMD	8	8	3387299	3781893	495	0.000198815783936		0.439091047867409				True
AMD	8	9	3790267	4272581	626	0.0006038939305778		0.0				True
AMD	8	10	4277173	4893071	640	0.0002585398021393		0.0				True
AMD	8	11	4893353	5554620	562	0.0		0.999992943499546			nonpositive_local_h2	False
AMD	8	12	5566444	6017670	385	0.0		0.999999239077987			nonpositive_local_h2	False
AMD	8	13	6021203	6660502	523	0.0002279418916898		0.328288519793296				True
AMD	8	14	6664969	7007415	189	4.02678829121336e-05		0.767267386177799				True
AMD	8	15	8092025	8589687	313	0.0002779020855072		0.0				True
AMD	8	16	8589783	9165654	344	5.85259822560707e-05		0.0				True
AMD	8	17	9171735	9834862	344	0.0002537659539629		0.0242335290656151				True
AMD	8	18	9836320	10478745	441	0.0003688212266336		0.0				True
AMD	8	19	10486652	11463230	547	0.0009918268399427		0.0175293600756549				True
AMD	8	20	11469622	11891593	217	1.3393660361039e-05		0.978292646555086				True
AMD	8	21	12491639	12944950	239	0.0005107354492252		0.0328198380816923				True
AMD	8	22	12948275	13390938	296	0.0005615990879178		0.0				True
AMD	8	23	13395662	13947515	398	0.0		0.0			nonpositive_local_h2	False
AMD	8	24	13950615	14388093	218	0.0		0.0			nonpositive_local_h2	False
AMD	8	25	14389481	14870921	300	0.0001502464814082		0.553614156617696				True
AMD	8	26	14873709	15359174	381	0.0		0.999999461946885			nonpositive_local_h2	False
AMD	8	27	15359762	15999039	414	0.0		0.999994938295522			nonpositive_local_h2	False
AMD	8	28	15999486	16985962	358	5.25100634173194e-07		0.998509014715009				True
AMD	8	29	16988955	17491730	340	6.10920276609959e-05		0.0				True
AMD	8	30	17494886	17945818	310	0.0001980874016208		0.0543441294807037				True
AMD	8	31	17948008	18668608	489	0.0		0.999999461946885			nonpositive_local_h2	False
AMD	8	32	18670235	19487700	526	0.0001340470752127		0.458522222169251				True
AMD	8	33	19489046	20134377	404	0.0		0.0			nonpositive_local_h2	False
AMD	8	34	20138047	20810194	367	9.75029124237686e-05		0.0				True
AMD	8	35	20812112	21618317	407	0.0		0.0			nonpositive_local_h2	False
AMD	8	36	21662306	22893034	548	0.0007945096557135		0.0099596053788542				True
AMD	8	37	22900701	23787759	505	0.0005921524487236		0.0				True
AMD	8	38	23797763	24859836	361	0.0010673789131588		0.0250786504306386				True
AMD	8	39	24865117	25858692	448	0.0		0.999999619538993			nonpositive_local_h2	False
AMD	8	40	25863992	26674936	480	0.0003681344024624		0.0689864696665874				True
AMD	8	41	26679578	27405809	411	0.0004349904443554		0.181857990324537				True
AMD	8	42	27415476	28341974	490	0.0		0.0			nonpositive_local_h2	False
AMD	8	43	28347283	29744518	527	0.0001100264950782		0.0				True
AMD	8	44	29745193	31133658	423	0.0		0.0			nonpositive_local_h2	False
AMD	8	45	31135931	32453358	557	0.0		0.999999619538993			nonpositive_local_h2	False
AMD	8	46	32456182	33982495	360	0.0		0.999999398438329			nonpositive_local_h2	False
AMD	8	47	33984800	34792116	223	0.0		0.999999670511103			nonpositive_local_h2	False
AMD	8	48	34792235	36633318	316	0.0		0.0			nonpositive_local_h2	False
AMD	8	49	36642472	38799057	584	0.0		0.999999341022206			nonpositive_local_h2	False
AMD	8	50	38808752	40179515	430	0.0		0.999999534032333			nonpositive_local_h2	False
AMD	8	51	40179891	40973567	396	0.0		0.999999461946885			nonpositive_local_h2	False
AMD	8	52	40978059	41723550	320	0.0		0.999999619538993			nonpositive_local_h2	False
AMD	8	53	41727195	43791691	317	0.0		0.999999730973442			nonpositive_local_h2	False
AMD	8	54	46936840	49039681	199	0.0004222996969117		0.154758745866074				True
AMD	8	55	49046707	50287180	327	0.0		0.999999730973442			nonpositive_local_h2	False
AMD	8	56	50290167	51461440	310	0.0		0.999999730973442			nonpositive_local_h2	False
AMD	8	57	51461513	52325767	245	0.0		0.999999809769497			nonpositive_local_h2	False
AMD	8	58	52331018	53103663	263	0.0		0.999999730973442			nonpositive_local_h2	False
AMD	8	59	53110206	54119214	375	0.0008720135716891		0.0411926448913833				True
AMD	8	60	54119394	55269940	348	0.0003468599168329		0.12955980357718				True
AMD	8	61	55275406	56339361	403	0.0		0.0			nonpositive_local_h2	False
AMD	8	62	56346965	57436577	382	0.0002786523028291		0.215343840637902				True
AMD	8	63	57440366	58671521	484	0.0001890768110177		0.466054442390738				True
AMD	8	64	58675166	59544413	359	0.000135827695703		0.554311069501773				True
AMD	8	65	59562087	60470686	321	0.0001936989163351		0.339507833315727				True
AMD	8	66	60478117	61324092	276	0.0		0.0			nonpositive_local_h2	False
AMD	8	67	61330269	62330609	360	0.0002803892998939		0.359677100289376				True
AMD	8	68	62337601	63249830	335	6.11635334919493e-05		0.749623117393862				True
AMD	8	69	63254413	64215259	403	0.0		0.999999730973442			nonpositive_local_h2	False
AMD	8	70	64216591	66013163	488	0.0		0.999999239077987			nonpositive_local_h2	False
AMD	8	71	66019046	66960324	317	0.0		0.999999534032333			nonpositive_local_h2	False
AMD	8	72	66963989	68683252	321	0.0009965214524884		0.0316831465520181				True
AMD	8	73	68683874	70003448	626	0.0003936993279143		0.15255166384969				True
AMD	8	74	70005353	70871068	384	0.0		0.0			nonpositive_local_h2	False
AMD	8	75	70883360	72012331	323	0.0		0.999999534032333			nonpositive_local_h2	False
AMD	8	76	72017177	72913114	491	1.53925042925647e-05		0.950419963658843				True
AMD	8	77	72917890	73832242	474	0.0		0.999999461946885			nonpositive_local_h2	False
AMD	8	78	73838986	75008787	480	0.0001245446953094		0.602453584538452				True
AMD	8	79	75014430	76293967	486	0.000478792860866		0.157338906291091				True
AMD	8	80	76296789	77377945	366	0.0002239172487612		0.0				True
AMD	8	81	77382703	78633267	368	0.0		0.999999730973442			nonpositive_local_h2	False
AMD	8	82	78637869	79753010	331	9.44077467062617e-05		0.408009320812127				True
AMD	8	83	79756515	81339142	535	0.0002683279760299		0.264279536458597				True
AMD	8	84	81347419	82869630	523	0.0006715259311746		0.150929494241612				True
AMD	8	85	82879546	83729215	264	0.0002678513989501		0.204947548230487				True
AMD	8	86	83733865	85113675	385	0.0		0.999995278603074			nonpositive_local_h2	False
AMD	8	87	85117456	86250709	261	1.11001549111689e-05		0.963758810027766				True
AMD	8	88	86253982	87562330	300	0.0		0.999999809769497			nonpositive_local_h2	False
AMD	8	89	87563878	89079023	538	0.000139289514268		0.0				True
AMD	8	90	89083979	90363990	373	0.0		0.0			nonpositive_local_h2	False
AMD	8	91	90369994	91457626	335	0.0001241957793567		0.0				True
AMD	8	92	91460670	92873618	355	0.0		0.999999730973442			nonpositive_local_h2	False
AMD	8	93	92878400	94998256	660	0.0		0.999993344650519			nonpositive_local_h2	False
AMD	8	94	94999197	96172490	483	0.0		0.999995309361687			nonpositive_local_h2	False
AMD	8	95	96179145	96900502	444	0.0005552103825765		0.0				True
AMD	8	96	96901070	98130180	462	0.0		0.999999619538993			nonpositive_local_h2	False
AMD	8	97	98134018	99387729	540	0.0		0.0			nonpositive_local_h2	False
AMD	8	98	99389200	101448416	552	0.000518193409937		0.441138201921407				True
AMD	8	99	101452935	102544575	466	0.0013904379002694		0.0236268179149752				True
AMD	8	100	102548864	103714346	519	0.0		0.0			nonpositive_local_h2	False
AMD	8	101	103716991	104466543	356	0.0001926777215061		0.0				True
AMD	8	102	104467990	105367785	285	3.39264158566599e-05		0.782561628558722				True
AMD	8	103	105371276	106498422	451	5.18780270356921e-05		0.849670216974779				True
AMD	8	104	106503845	107785488	492	6.8264297947603e-05		0.0				True
AMD	8	105	107789571	108646193	398	0.0004521883825181		0.123580893386857				True
AMD	8	106	108649072	109917023	431	0.0003529233553458		0.0				True
AMD	8	107	109921525	111187061	393	0.0		0.999999534032333			nonpositive_local_h2	False
AMD	8	108	111218857	112598361	289	0.0002108338896826		0.0190094341182151				True
AMD	8	109	112604086	113648931	294	0.0001181240611323		0.172964300274419				True
AMD	8	110	113652365	114776941	305	0.0		0.999999809769497			nonpositive_local_h2	False
AMD	8	111	114785889	115328387	241	0.0001550687718148		0.217128146859682				True
AMD	8	112	115335219	116081696	232	0.0003738100748027		0.0732336707112257				True
AMD	8	113	116105620	118294316	684	0.0		0.999999149263327			nonpositive_local_h2	False
AMD	8	114	118300497	119421020	456	0.0		0.0			nonpositive_local_h2	False
AMD	8	115	119426375	120215645	358	0.0003011424890959		0.240519271260559				True
AMD	8	116	120218302	121550719	500	0.0007896302350919		0.00449914128331				True
AMD	8	117	121561369	122622697	432	0.0		0.0			nonpositive_local_h2	False
AMD	8	118	122632611	124000951	534	0.0002251610872204		0.526709160300058				True
AMD	8	119	124001089	125450473	639	0.0003304894321458		0.0				True
AMD	8	120	125456928	126766585	564	0.0012323721203282		0.0				True
AMD	8	121	126772563	128072019	551	0.0005209554863806		0.0				True
AMD	8	122	128075690	129289556	633	0.00067195832792		0.0				True
AMD	8	123	129299649	130383311	403	0.0		0.0			nonpositive_local_h2	False
AMD	8	124	130383854	131545671	494	0.0002972463390727		0.0				True
AMD	8	125	131550333	132533730	507	0.0003110615597524		0.0				True
AMD	8	126	132538742	133459111	457	0.0		0.999999341022206			nonpositive_local_h2	False
AMD	8	127	133463731	134509215	644	0.000519911910921		0.0				True
AMD	8	128	134512809	135308849	493	1.9576546298696e-05		0.939472023242221				True
AMD	8	129	135313764	136217862	475	3.31810649835002e-07		0.997983503143381				True
AMD	8	130	136220935	137527129	554	0.0		0.0			nonpositive_local_h2	False
AMD	8	131	137529123	138562411	380	0.0003088378165066		0.118169489935103				True
AMD	8	132	138569398	139403283	452	0.0		0.0			nonpositive_local_h2	False
AMD	8	133	139405963	140354986	515	0.0004957629799571		0.17506243789314				True
AMD	8	134	140358213	141527306	609	3.96381161597627e-05		0.843614404876869				True
AMD	8	135	141530057	142609665	429	0.0006254729505088		0.219705661838186				True
AMD	8	136	142613054	143609913	338	0.0		0.999999068064667			nonpositive_local_h2	False
AMD	8	137	143612149	144929811	493	0.0005450518662653		0.129660301139408				True
AMD	8	138	144945191	146293414	257	0.0007373292100362		0.0019457749882798				True
AMD	9	1	186603	653505	385	0.0		0.999999461946885			nonpositive_local_h2	False
AMD	9	2	656736	1103477	311	0.0005034839087334		0.0233039969747211				True
AMD	9	3	1107806	1870197	628	0.0002931470332472		0.273420064233495				True
AMD	9	4	1880152	2432800	419	0.0001647672979628		0.426431494268889				True
AMD	9	5	2447910	3077843	380	0.0003796660637042		0.0				True
AMD	9	6	3080838	4024539	464	2.91890237660539e-05		0.892080683485127				True
AMD	9	7	4028842	4591655	475	0.0001476589226074		0.566253078521269				True
AMD	9	8	4598379	5436461	399	7.38077566496728e-05		0.0				True
AMD	9	9	5445990	6858156	572	0.0		0.0			nonpositive_local_h2	False
AMD	9	10	6865386	7387977	437	0.0003273150953372		0.0				True
AMD	9	11	7388656	8261551	618	0.0006707637258621		0.0				True
AMD	9	12	8262469	9165805	610	0.0005334131229852		0.165310084637235				True
AMD	9	13	9171635	9917049	449	6.22577633436211e-05		0.0				True
AMD	9	14	9926888	10673850	421	0.0		0.0			nonpositive_local_h2	False
AMD	9	15	10678556	11262118	253	0.0		0.999999619538993			nonpositive_local_h2	False
AMD	9	16	11275227	12042535	280	0.000449390971435		0.0				True
AMD	9	17	12044969	12663561	310	0.0		0.999999461946885			nonpositive_local_h2	False
AMD	9	18	12667049	13511067	350	0.0001185798619958		0.617585821660917				True
AMD	9	19	13516313	14244413	438	0.0002904645493077		0.355983405632715				True
AMD	9	20	14244753	14901322	461	1.17506694982616e-05		0.0				True
AMD	9	21	14903275	15830506	341	0.0001709337733208		0.32728227014468				True
AMD	9	22	15841937	16656653	473	0.0004870921506253		0.0868738543676209				True
AMD	9	23	16658807	17391531	357	5.24499333233707e-06		0.964634979479042				True
AMD	9	24	17394465	17987408	321	0.0001743830165539		0.0				True
AMD	9	25	17990785	18751638	435	0.000164777317734		0.440107371023139				True
AMD	9	26	18754211	19458939	400	1.82180232354286e-05		0.919523836332734				True
AMD	9	27	19465900	20482380	471	0.0002419635974452		0.199536258403021				True
AMD	9	28	20484604	21673608	510	0.0		0.0			nonpositive_local_h2	False
AMD	9	29	21674147	23083305	561	0.0010352482999765		0.0				True
AMD	9	30	23091742	23859363	289	0.0002732247601112		0.217450394034345				True
AMD	9	31	23859906	24757627	228	0.0004351697334933		0.0502622547366265				True
AMD	9	32	24757755	25956931	480	0.0		0.0			nonpositive_local_h2	False
AMD	9	33	25963989	26746590	340	0.0		0.999999461946885			nonpositive_local_h2	False
AMD	9	34	26750142	27366436	327	0.0004299366759562		0.0				True
AMD	9	35	27367278	28064791	360	4.82701125397984e-05		0.777149702188006				True
AMD	9	36	28067491	28761593	348	0.0		0.999999239077987			nonpositive_local_h2	False
AMD	9	37	28771619	29594558	383	0.0		0.0			nonpositive_local_h2	False
AMD	9	38	29597552	30409103	300	0.0		0.999999670511103			nonpositive_local_h2	False
AMD	9	39	30420638	31113720	215	0.0001080689280382		0.699881274536589				True
AMD	9	40	31119647	32247145	430	0.0		0.999999619538993			nonpositive_local_h2	False
AMD	9	41	32255125	33193935	448	7.53351165241652e-05		0.0				True
AMD	9	42	33195478	34695469	495	0.0		0.0			nonpositive_local_h2	False
AMD	9	43	34710338	36748641	664	7.14082273659247e-07		0.99763212759679				True
AMD	9	44	36749333	37686417	420	0.0001332335094027		0.396284033985119				True
AMD	9	45	37688817	38772575	486	0.0		0.999999341022206			nonpositive_local_h2	False
AMD	9	46	70984372	72282172	468	0.0		0.999999149263327			nonpositive_local_h2	False
AMD	9	47	72291978	73914369	766	0.0024981031800275		3.63861172283565e-06				True
AMD	9	48	73915535	74950213	389	0.0		0.0			nonpositive_local_h2	False
AMD	9	49	74952171	76193770	404	0.0		0.0			nonpositive_local_h2	False
AMD	9	50	76198452	77858578	575	0.0014531328424985		0.0				True
AMD	9	51	77877793	78630894	404	0.0006986925298288		0.0				True
AMD	9	52	78631123	79450930	492	7.05948692526647e-05		0.7907355615621				True
AMD	9	53	79451050	80136533	303	0.0004605140199084		0.0366521931018885				True
AMD	9	54	80137434	81154501	361	0.0		0.999999534032333			nonpositive_local_h2	False
AMD	9	55	81161599	82598985	706	0.000631815314616		0.0553175632759883				True
AMD	9	56	82602724	83455332	429	0.0		0.999999730973442			nonpositive_local_h2	False
AMD	9	57	83460025	85135643	551	0.0		0.999999068064667			nonpositive_local_h2	False
AMD	9	58	85135915	86763217	706	0.0016823028406512		0.0003009918728714				True
AMD	9	59	86770003	87811640	544	0.0005154832189685		0.183659854711274				True
AMD	9	60	87820457	89168700	461	0.0		0.999999149263327			nonpositive_local_h2	False
AMD	9	61	89172667	90134690	480	4.89522495252365e-05		0.813116256499676				True
AMD	9	62	90136246	90887268	397	0.0001868265812798		0.347877553463923				True
AMD	9	63	90891114	91637304	258	0.0		0.999999730973442			nonpositive_local_h2	False
AMD	9	64	91644665	92499803	333	0.000182002706048		0.352243097546716				True
AMD	9	65	92500586	93439259	401	0.0		0.999999398438329			nonpositive_local_h2	False
AMD	9	66	93441498	94169155	333	0.0		0.999999534032333			nonpositive_local_h2	False
AMD	9	67	94176261	94923148	289	0.0		0.999999730973442			nonpositive_local_h2	False
AMD	9	68	94925680	95854695	331	5.31914669743058e-05		0.606828078633123				True
AMD	9	69	95857333	96668352	357	7.53253886530436e-05		0.38144542463899				True
AMD	9	70	96670213	97415909	295	0.0		0.999999461946885			nonpositive_local_h2	False
AMD	9	71	97419146	98885767	526	0.0008466676462079		0.0325912898048159				True
AMD	9	72	98888628	100310501	372	0.0		0.0			nonpositive_local_h2	False
AMD	9	73	100310711	101593825	632	0.000153165888725		0.654574865038831				True
AMD	9	74	101598609	103161860	516	0.001348227120502		0.0				True
AMD	9	75	103168997	104221235	410	0.0		0.999999619538993			nonpositive_local_h2	False
AMD	9	76	104223252	105042946	477	0.0		0.999999461946885			nonpositive_local_h2	False
AMD	9	77	105043748	105845247	373	0.0001303133284232		0.669056078076521				True
AMD	9	78	105846940	107059946	530	5.67652432709698e-05		0.793356636867385				True
AMD	9	79	107063817	108166638	565	0.0016285678752478		0.0573058810522129				True
AMD	9	80	108205262	109150651	318	0.0		0.0			nonpositive_local_h2	False
AMD	9	81	109151075	110628820	685	0.0001597264953981		0.0				True
AMD	9	82	110632626	111367630	442	0.0001171080514064		0.471574608041447				True
AMD	9	83	111368151	112072419	439	0.0		0.999999730973442			nonpositive_local_h2	False
AMD	9	84	112080128	112862214	422	0.0		0.0			nonpositive_local_h2	False
AMD	9	85	112868321	113644930	487	0.0		0.999999461946885			nonpositive_local_h2	False
AMD	9	86	113646264	114439510	349	0.0007480992032512		0.0145057482787636				True
AMD	9	87	114444565	115383332	426	0.000903919525901		0.0				True
AMD	9	88	115399064	116159423	409	0.0001457359654277		0.585873187451163				True
AMD	9	89	116160220	117053273	499	0.0012534623691051		0.0009779793994072				True
AMD	9	90	117056851	117988366	517	0.000625342341482		0.0324131204407548				True
AMD	9	91	117989062	118996950	403	0.0		0.999999341022206			nonpositive_local_h2	False
AMD	9	92	119003933	119887714	516	0.0		0.999999461946885			nonpositive_local_h2	False
AMD	9	93	119891290	121008432	579	0.0004169247743526		0.0866166773684007				True
AMD	9	94	121010732	122676538	783	0.0004311705842897		0.0339425082448266				True
AMD	9	95	122681580	124118776	419	0.0001372727567191		0.0				True
AMD	9	96	124125324	125136884	364	0.0003050867774171		0.0				True
AMD	9	97	125138695	126091085	306	0.0		0.999997419587908			nonpositive_local_h2	False
AMD	9	98	126094458	127184067	396	0.0006359520984623		0.0283727287808752				True
AMD	9	99	127190340	128784665	403	0.0		0.999999730973442			nonpositive_local_h2	False
AMD	9	100	128785910	129617253	405	6.40275215661706e-05		0.0				True
AMD	9	101	129619875	130891060	408	0.0001075830831713		0.444129546154881				True
AMD	9	102	130906848	132192986	327	0.0007196414352096		0.0				True
AMD	9	103	132194098	132996875	313	0.0		0.999999619538993			nonpositive_local_h2	False
AMD	9	104	133000282	134139458	420	0.0		0.0			nonpositive_local_h2	False
AMD	9	105	134142444	135132930	388	0.0005714855180988		0.0				True
AMD	9	106	135137364	136039936	414	0.0001449234437283		0.497261008119494				True
AMD	9	107	136042694	136769348	394	0.0010728951662682		0.0050405270593908				True
AMD	9	108	136771319	137587768	353	0.0014923015923476		8.6258464748073e-06				True
AMD	9	109	137595066	138199317	384	0.0003615938468248		0.0				True
AMD	9	110	138217797	138992466	311	0.0002742861915677		0.328221876279871				True
AMD	9	111	138999710	140024846	257	9.98818808030387e-05		0.608687309820083				True
AMD	10	1	98481	1327807	423	5.4035842220834e-05		0.745741344012145				True
AMD	10	2	1332768	1872726	336	0.0		0.999999341022206			nonpositive_local_h2	False
AMD	10	3	1874354	2636063	509	0.0		0.999999619538993			nonpositive_local_h2	False
AMD	10	4	2639732	3223179	438	0.0		0.999999341022206			nonpositive_local_h2	False
AMD	10	5	3245325	3877968	387	0.0		0.0			nonpositive_local_h2	False
AMD	10	6	3882497	4813154	496	4.07921512364413e-05		0.0				True
AMD	10	7	4813211	5396157	355	0.0001969030718735		0.0				True
AMD	10	8	5396439	6233955	486	0.0		0.999999239077987			nonpositive_local_h2	False
AMD	10	9	6236332	6893905	417	0.0006945247910245		0.0				True
AMD	10	10	6898219	7654808	472	0.000731595802264		0.0				True
AMD	10	11	7660466	8770847	700	9.61010289606184e-05		0.0				True
AMD	10	12	8773922	10078042	563	0.0		0.999999619538993			nonpositive_local_h2	False
AMD	10	13	10081372	10969223	448	0.0005205531658537		0.0				True
AMD	10	14	10973316	11855599	452	0.0		0.999999341022206			nonpositive_local_h2	False
AMD	10	15	11861758	12580664	322	4.83786738882099e-05		0.838999436940604				True
AMD	10	16	12582689	13203772	419	0.0		0.0			nonpositive_local_h2	False
AMD	10	17	13208063	14006391	499	0.0003606320537255		0.519121099389715				True
AMD	10	18	14008445	14818646	543	5.80638608319756e-05		0.892921030112837				True
AMD	10	19	14820959	15944137	442	0.0		0.0			nonpositive_local_h2	False
AMD	10	20	15950149	17064992	538	0.0001939617752415		0.361727298843528				True
AMD	10	21	17068112	18529646	562	0.0001288130650806		0.694087851855169				True
AMD	10	22	18530839	19421315	463	0.0001003357252689		0.43718795176752				True
AMD	10	23	19422749	19964913	298	0.0		0.0			nonpositive_local_h2	False
AMD	10	24	19970957	20609931	365	0.0		0.999999461946885			nonpositive_local_h2	False
AMD	10	25	20618481	21477482	449	0.0003257517131715		0.287440154025475				True
AMD	10	26	21480273	23364720	413	0.0002404076094424		0.0				True
AMD	10	27	23368845	24487557	343	0.0		0.999999619538993			nonpositive_local_h2	False
AMD	10	28	24491058	25576492	437	0.0011497557763217		0.0				True
AMD	10	29	25581177	26158386	281	0.0003660934829819		0.140674633615465				True
AMD	10	30	26162766	26880857	328	0.0		0.0			nonpositive_local_h2	False
AMD	10	31	26889823	27669479	278	4.73876910226929e-05		0.751413134343368				True
AMD	10	32	27669655	28731618	501	0.0002970094878064		0.336310488048149				True
AMD	10	33	28736560	29393640	382	0.0003159880054998		0.332691817027626				True
AMD	10	34	29399300	29993344	381	0.0		0.999999341022206			nonpositive_local_h2	False
AMD	10	35	30001433	30918424	493	0.0		0.0			nonpositive_local_h2	False
AMD	10	36	30921287	32456826	516	7.11573867096039e-05		0.763260026107757				True
AMD	10	37	32457370	33654716	479	0.0		0.999999730973442			nonpositive_local_h2	False
AMD	10	38	33656119	35174635	619	0.000513523221987		0.0273569087746628				True
AMD	10	39	35185496	36474822	390	0.0006666041808851		0.0140249414232879				True
AMD	10	40	36476571	37559338	390	0.0		0.999999730973442			nonpositive_local_h2	False
AMD	10	41	37564987	38556338	281	0.0		0.999999515005476			nonpositive_local_h2	False
AMD	10	42	42433540	42983525	72	0.0		0.999999767016167			nonpositive_local_h2	False
AMD	10	43	42984952	43769560	290	0.0		0.999999534032333			nonpositive_local_h2	False
AMD	10	44	43769891	44893756	464	3.75606975242562e-05		0.0				True
AMD	10	45	44893864	46215431	506	0.0		0.999999461946885			nonpositive_local_h2	False
AMD	10	46	47559903	48663340	155	2.76486263524697e-05		0.0				True
AMD	10	47	49390308	50141332	387	0.0003527374855623		0.197355194618494				True
AMD	10	48	50155130	51594462	465	0.0004502197403246		0.145826706765896				True
AMD	10	49	51779449	53129579	480	0.5		0.0				True
AMD	10	50	53130564	53910521	471	0.0		0.999999619538993			nonpositive_local_h2	False
AMD	10	51	53929658	55093531	578	3.55750382575812e-05		0.0				True
AMD	10	52	55104497	55866082	374	0.0		0.999999534032333			nonpositive_local_h2	False
AMD	10	53	55867735	57039062	522	0.0		0.999999149263327			nonpositive_local_h2	False
AMD	10	54	57045932	57955570	319	3.29443185312338e-05		0.814486452905908				True
AMD	10	55	57955791	58804299	303	0.0002131720117867		0.027398496448074				True
AMD	10	56	58809636	59821183	396	0.0001395562023723		0.0				True
AMD	10	57	59823837	61469538	580	0.0008723997882509		0.216717384842177				True
AMD	10	58	61477697	62624576	584	0.0		0.999999619538993			nonpositive_local_h2	False
AMD	10	59	62626874	64069035	512	0.0001132091838253		0.0				True
AMD	10	60	64075136	65399851	476	0.0		0.0			nonpositive_local_h2	False
AMD	10	61	65404572	66509895	341	0.0		0.999999730973442			nonpositive_local_h2	False
AMD	10	62	66512626	67144421	284	0.0002103270788984		0.367113075645798				True
AMD	10	63	67147477	67767418	273	1.47921043522674e-05		0.946878625739867				True
AMD	10	64	67770279	68621346	481	0.0		0.999999534032333			nonpositive_local_h2	False
AMD	10	65	68623412	69903889	407	0.0		0.999999730973442			nonpositive_local_h2	False
AMD	10	66	69904641	71049098	445	0.0		0.999999398438329			nonpositive_local_h2	False
AMD	10	67	71052508	71672879	447	0.0002568164453912		0.53939665330433				True
AMD	10	68	71673928	72654600	562	0.0001104226553571		0.0				True
AMD	10	69	72660718	73512933	523	0.0002063312319904		0.576414561988922				True
AMD	10	70	73514554	75693932	606	4.24248283475872e-05		0.552395996396742				True
AMD	10	71	75732444	77143467	328	0.0001659331504235		0.384907766689443				True
AMD	10	72	77157489	78664629	550	0.0002305788146725		0.135589582162141				True
AMD	10	73	78667191	79952934	631	0.0		0.999995579442573			nonpositive_local_h2	False
AMD	10	74	79955120	81189551	663	0.0		0.999999461946885			nonpositive_local_h2	False
AMD	10	75	81191488	81761489	85	0.0002532703774291		0.0				True
AMD	10	76	81764081	82377997	312	0.0001503815450622		0.440237063971949				True
AMD	10	77	82382102	83594473	492	0.0002815934105815		0.468083570760617				True
AMD	10	78	83600968	84678512	488	0.0		0.999999239077987			nonpositive_local_h2	False
AMD	10	79	84680499	85463030	361	0.0		0.999999534032333			nonpositive_local_h2	False
AMD	10	80	85464091	86459792	471	2.52463194776374e-05		0.955461012129684				True
AMD	10	81	86461085	87287808	341	0.0001409837485849		0.0				True
AMD	10	82	87290629	88443302	475	0.0		0.999999619538993			nonpositive_local_h2	False
AMD	10	83	88446254	89970800	421	0.0003021574917146		0.363183147630541				True
AMD	10	84	89971647	91018520	506	0.0002021967229405		0.325320514286577				True
AMD	10	85	91021645	91959144	401	0.0003775105733403		0.292672950196578				True
AMD	10	86	91960473	92909779	419	0.0003839691915622		0.162342352810917				True
AMD	10	87	92912588	94502738	419	0.0		0.999999534032333			nonpositive_local_h2	False
AMD	10	88	94506628	95526044	528	0.0		0.999998993394793			nonpositive_local_h2	False
AMD	10	89	95528185	97037578	526	0.0005882328648379		0.186973509456293				True
AMD	10	90	97040743	98002866	433	8.1254267404872e-05		0.689366902058014				True
AMD	10	91	98010908	99366769	556	0.0012721966988595		0.0				True
AMD	10	92	99369013	100335093	457	0.0002035515979204		0.441291201528582				True
AMD	10	93	100338139	101264162	347	3.39070915844409e-05		0.78018387441902				True
AMD	10	94	101271789	102501571	444	0.0017620589277686		0.141318396060229				True
AMD	10	95	102511959	104204140	536	0.0009099960477545		0.0261615897929986				True
AMD	10	96	104207799	106139294	672	0.0005405943794475		0.0491801508101607				True
AMD	10	97	106144393	107873989	728	0.0001748462843793		0.509292731965377				True
AMD	10	98	107883946	108725495	307	7.42832677541786e-05		0.54648618285616				True
AMD	10	99	108729960	109579127	410	0.0		0.999999288222632			nonpositive_local_h2	False
AMD	10	100	109579550	110356935	326	0.0		0.0			nonpositive_local_h2	False
AMD	10	101	110363973	112164639	537	8.9804117064054e-05		0.737926846343383				True
AMD	10	102	112166708	113116998	418	0.0010417162597284		0.0044213848905142				True
AMD	10	103	113117827	114244744	475	0.0011573253659402		0.0022168269788109				True
AMD	10	104	114258451	115587010	655	2.98371372616257e-05		0.936693283002846				True
AMD	10	105	115589161	116843474	480	1.72278187087967e-05		0.931721070490226				True
AMD	10	106	116856071	118416020	550	3.21945680069937e-05		0.807961029655132				True
AMD	10	107	118416207	119528591	461	0.0006144497861979		0.0				True
AMD	10	108	119529361	120592015	472	0.0		0.999999619538993			nonpositive_local_h2	False
AMD	10	109	120594481	121874157	542	0.0002688659086139		0.0				True
AMD	10	110	121874555	122803238	464	0.000154078935157		0.58542195178934				True
AMD	10	111	122805351	123853004	510	0.0001209144399224		0.661094284176977				True
AMD	10	112	123858724	124891395	527	0.0462381366604504		3.1533817001776703e-20				True
AMD	10	113	124894169	125796933	521	0.0004721846692257		0.0				True
AMD	10	114	125802888	126875396	518	0.0005557195879159		0.125965849829512				True
AMD	10	115	126875920	127997303	564	7.8449933116649e-05		0.697510565165072				True
AMD	10	116	127997728	129129348	569	0.0		0.0			nonpositive_local_h2	False
AMD	10	117	129136409	129831119	459	0.0004662043677273		0.157372457199506				True
AMD	10	118	129834886	130686938	472	0.0003758299193013		0.193761320528984				True
AMD	10	119	130698337	131694085	531	0.0002406036731465		0.0				True
AMD	10	120	131697627	132576400	480	0.0		0.999999239077987			nonpositive_local_h2	False
AMD	10	121	132583456	133108761	371	0.0		0.999999461946885			nonpositive_local_h2	False
AMD	10	122	133114209	133817742	345	0.0009975165720605		0.0159782499192598				True
AMD	10	123	133829719	134847430	424	0.0012988972601675		0.0				True
AMD	10	124	134862552	135434988	201	8.89804204274705e-05		0.696722192941377				True
AMD	11	1	199256	1060934	368	0.0001135672835236		0.0				True
AMD	11	2	1061718	1857270	287	0.0005866658788107		0.0386677645730516				True
AMD	11	3	1858262	2475150	248	0.0		0.0			nonpositive_local_h2	False
AMD	11	4	2479195	3266133	385	0.0		0.999999619538993			nonpositive_local_h2	False
AMD	11	5	3364358	4404192	326	0.0		0.999999730973442			nonpositive_local_h2	False
AMD	11	6	4407725	4946047	408	0.0		0.0			nonpositive_local_h2	False
AMD	11	7	4948160	5529152	483	0.0004574222081257		0.0				True
AMD	11	8	5533402	6179462	435	0.0		0.999999730973442			nonpositive_local_h2	False
AMD	11	9	6189084	7189003	561	0.0007659877591498		0.0021972208570138				True
AMD	11	10	7195494	7913940	440	0.000524486846881		0.111408818236789				True
AMD	11	11	7916712	9077652	557	0.0006713655725702		0.0				True
AMD	11	12	9081926	10369340	426	0.0001263253024098		0.32053764488127				True
AMD	11	13	10370420	11076056	392	0.000452240761485		0.0				True
AMD	11	14	11081854	11632640	514	0.0001918736464446		0.355865847019438				True
AMD	11	15	11632713	12470449	556	0.0004247446790488		0.0226785858166364				True
AMD	11	16	12470469	13364712	472	0.0		0.999999239077987			nonpositive_local_h2	False
AMD	11	17	13367750	15126447	615	0.0002248720430995		0.315646605442482				True
AMD	11	18	15126792	16379226	461	0.0001146282127395		0.504372793862884				True
AMD	11	19	16383430	17580050	499	0.0		0.999999619538993			nonpositive_local_h2	False
AMD	11	20	17586381	18739358	457	0.0002351500155086		0.0				True
AMD	11	21	18741165	19776660	506	0.0003645829111008		0.0484967159060152				True
AMD	11	22	19782191	20684132	581	0.0007137927832107		0.0132671280980198				True
AMD	11	23	20689486	21441271	482	0.0		0.0			nonpositive_local_h2	False
AMD	11	24	21443083	22368301	362	0.0		0.999999730973442			nonpositive_local_h2	False
AMD	11	25	22370108	23164090	312	4.13563378780737e-05		0.855141799551423				True
AMD	11	26	23166339	24090083	383	0.0001815158797717		0.0				True
AMD	11	27	24091682	24892277	356	0.0		0.0			nonpositive_local_h2	False
AMD	11	28	24893890	25655220	268	9.93688065137287e-05		0.0				True
AMD	11	29	25671657	26356083	276	0.0002552586697004		0.122533106289387				True
AMD	11	30	26357170	27018019	336	0.0		0.999995061328893			nonpositive_local_h2	False
AMD	11	31	27020461	28575986	487	0.0002346890005896		0.0				True
AMD	11	32	28577867	29530247	291	8.08267572534021e-05		0.663053948450968				True
AMD	11	33	29534277	30569684	353	0.0		0.999999619538993			nonpositive_local_h2	False
AMD	11	34	30571347	32065256	439	0.000571968034279		0.0				True
AMD	11	35	32066548	32830362	324	0.0		0.999999730973442			nonpositive_local_h2	False
AMD	11	36	32830564	33905285	375	0.0006777676048993		0.0048212232778504				True
AMD	11	37	33905371	34672161	403	0.0001262041437579		0.395790989304179				True
AMD	11	38	34674475	35500365	499	0.0		0.999999534032333			nonpositive_local_h2	False
AMD	11	39	35500592	36329456	421	0.000257399942787		0.603804636348072				True
AMD	11	40	36334103	37115656	368	0.0		0.999999619538993			nonpositive_local_h2	False
AMD	11	41	37119431	37950922	242	0.0001326836287997		0.31712890588995				True
AMD	11	42	37954947	39328525	249	0.0003628986527221		0.185425570687266				True
AMD	11	43	39353212	40362590	321	4.77520221819754e-05		0.854375968899745				True
AMD	11	44	40363614	41603185	517	0.0001488421310204		0.545382323814749				True
AMD	11	45	41611349	42856020	469	0.0		0.999993794868767			nonpositive_local_h2	False
AMD	11	46	42859152	43949008	479	0.0		0.999999288222632			nonpositive_local_h2	False
AMD	11	47	43949511	45015345	566	0.0008311041908522		0.0				True
AMD	11	48	45023786	46309968	491	0.0		0.999999461946885			nonpositive_local_h2	False
AMD	11	49	46320679	48066048	423	0.0001156225344229		0.468428917961691				True
AMD	11	50	48085189	48744425	162	3.97907449149918e-05		0.0				True
AMD	11	51	48783130	49377760	96	0.00011515496574		0.256580835436109				True
AMD	11	52	49390619	50205927	174	0.0003167894924992		0.0203889901460726				True
AMD	11	53	50217658	50713402	83	0.0003060579269986		0.129153279149575				True
AMD	11	54	51200820	51563636	64	1.40374946107132e-05		0.940012102005822				True
AMD	11	55	54801549	55474227	141	8.34357285653669e-05		0.576673614910153				True
AMD	11	56	55478441	55944474	221	0.0001293886699812		0.20407682654929				True
AMD	11	57	55948184	56623156	291	9.08406722251494e-05		0.47425622988573				True
AMD	11	58	56623529	57675410	383	5.21288635058658e-05		0.709790765336165				True
AMD	11	59	57681828	58452608	323	3.4291787082005e-05		0.8609900596199				True
AMD	11	60	58452810	59256054	220	0.0		0.999999809769497			nonpositive_local_h2	False
AMD	11	61	59257636	60508898	401	0.0		0.0			nonpositive_local_h2	False
AMD	11	62	60517887	61712131	394	0.0007484392487188		0.0				True
AMD	11	63	61717607	62794074	350	7.24965691836099e-05		0.793934947504848				True
AMD	11	64	62801148	64594393	511	0.0		0.999999619538993			nonpositive_local_h2	False
AMD	11	65	64596916	66782594	627	0.0004709802577797		0.0				True
AMD	11	66	66784715	68000579	228	0.0001815077287973		0.344308613046104				True
AMD	11	67	68010721	68886179	327	0.0006500003650918		0.0				True
AMD	11	68	68888456	69703103	335	0.0		0.999999461946885			nonpositive_local_h2	False
AMD	11	69	69806270	71242461	591	0.0		0.0			nonpositive_local_h2	False
AMD	11	70	71243244	72867912	327	0.0003811483924901		0.146598408907723				True
AMD	11	71	72877964	74398125	503	0.0002450503330109		0.522347469630598				True
AMD	11	72	74399425	75444605	401	0.0002460014097948		0.773737411670901				True
AMD	11	73	75445338	76518550	369	0.000386356050822		0.0				True
AMD	11	74	76519899	77714746	388	0.0001446206028881		0.747580907936753				True
AMD	11	75	77721537	78911432	496	0.0003637369583047		0.0243180346519776				True
AMD	11	76	78914741	79799549	482	0.0007438628860631		0.0169096949703759				True
AMD	11	77	79802317	80722309	417	0.0002286838207303		0.121731204839964				True
AMD	11	78	80726364	81657804	549	0.0001845536685987		0.383047644085319				True
AMD	11	79	81658745	82829768	450	0.0002001668282762		0.376294602191305				True
AMD	11	80	82850052	83676761	336	0.0		0.999999730973442			nonpositive_local_h2	False
AMD	11	81	83678920	84610503	371	0.0		0.0			nonpositive_local_h2	False
AMD	11	82	84615848	85868640	415	0.0		0.999999341022206			nonpositive_local_h2	False
AMD	11	83	85869737	86629236	404	0.0009783435161474		0.0				True
AMD	11	84	86631331	87676739	476	0.0004040545755107		0.428369035575762				True
AMD	11	85	87677069	88359223	323	0.0		0.0			nonpositive_local_h2	False
AMD	11	86	88365298	89207232	222	0.000122273953495		0.0760558045237681				True
AMD	11	87	89209985	90191908	203	0.0		0.0			nonpositive_local_h2	False
AMD	11	88	90203176	90966877	279	4.46255475443757e-05		0.774006066723635				True
AMD	11	89	90969158	92201077	475	9.9594005783042e-05		0.0				True
AMD	11	90	92209853	93575238	531	0.0001350586900737		0.0				True
AMD	11	91	93578713	94383998	309	0.0		0.999999730973442			nonpositive_local_h2	False
AMD	11	92	94385461	95327130	389	0.000183471438802		0.515602559594481				True
AMD	11	93	95327374	96138412	419	0.0004517960245946		0.0080421808770724				True
AMD	11	94	96155649	97083331	300	0.0004217909271581		0.353409591688294				True
AMD	11	95	97102604	98144089	418	0.0001643318507919		0.412876089533847				True
AMD	11	96	98148532	98927114	339	0.0		0.999999730973442			nonpositive_local_h2	False
AMD	11	97	98930151	99618600	405	2.44752418473304e-05		0.980245104288965				True
AMD	11	98	99619383	100423278	398	0.0		0.999999149263327			nonpositive_local_h2	False
AMD	11	99	100427659	101149368	377	0.0004292423235655		0.0892716222168632				True
AMD	11	100	101160958	101880768	316	0.0002761330970758		0.0				True
AMD	11	101	101882379	102669409	373	0.0008280489430415		0.064748358226773				True
AMD	11	102	102680229	103493096	365	0.0		0.999999730973442			nonpositive_local_h2	False
AMD	11	103	103496422	104875261	542	0.0		0.999999619538993			nonpositive_local_h2	False
AMD	11	104	104877803	105927178	324	0.0		0.999999809769497			nonpositive_local_h2	False
AMD	11	105	105937044	107053192	414	0.0007799016852049		0.182633565113288				True
AMD	11	106	107054642	107841291	336	8.06456291474635e-07		0.995246612730337				True
AMD	11	107	107847983	109888898	557	0.0		0.999999461946885			nonpositive_local_h2	False
AMD	11	108	109899405	111112246	537	0.0004281921836936		0.221629406907096				True
AMD	11	109	111124487	112742098	575	0.0001037563266779		0.431948723890216				True
AMD	11	110	112759458	113887138	502	5.06882995037286e-05		0.0				True
AMD	11	111	113890125	114741577	463	0.0004785556109881		0.0615729445990551				True
AMD	11	112	114747965	116245350	661	0.0		0.999999341022206			nonpositive_local_h2	False
AMD	11	113	116247759	117294973	494	0.0005558153590539		0.0422096440046312				True
AMD	11	114	117295791	118898319	770	3.39254685071133e-05		0.887225825202289				True
AMD	11	115	118913993	120057343	498	7.57722484351221e-05		0.0				True
AMD	11	116	120075284	121204601	542	0.0003605454540479		0.120052553257424				True
AMD	11	117	121208310	122589092	509	0.0009560814136409		0.0				True
AMD	11	118	122591233	123398825	400	0.0		0.999990861013009			nonpositive_local_h2	False
AMD	11	119	123398941	124400611	558	0.0001602855098469		0.484130473524462				True
AMD	11	120	124404297	125265142	359	1.2917727749229e-05		0.957250131355469				True
AMD	11	121	125266893	126303742	551	0.0		0.0			nonpositive_local_h2	False
AMD	11	122	126305755	127306712	600	0.0		0.999998993394793			nonpositive_local_h2	False
AMD	11	123	127307694	128261411	367	0.0002447904619198		0.0				True
AMD	11	124	128266104	129447968	596	0.000663736124167		0.0715008211952199				True
AMD	11	125	129453148	130500705	423	0.0001726491877418		0.441907577564499				True
AMD	11	126	130502290	131422176	509	0.0001973972940485		0.0				True
AMD	11	127	131430031	132581927	720	0.0		0.999999619538993			nonpositive_local_h2	False
AMD	11	128	132584448	133521396	534	0.0007988354089701		0.0				True
AMD	11	129	133521666	134349754	386	0.0001561971044878		0.572138047847624				True
AMD	11	130	134351885	134942626	364	0.0		0.0			nonpositive_local_h2	False
AMD	12	1	191619	1077894	356	0.0005812841235517		0.0				True
AMD	12	2	1079168	1941932	287	0.0003381724613082		0.0				True
AMD	12	3	1942752	3060224	481	0.0007147786598059		0.0516051038766342				True
AMD	12	4	3073149	3868309	490	0.0004718075061439		0.0632439923102669				True
AMD	12	5	3871581	4967533	540	0.0006381391890641		0.0179853685908456				True
AMD	12	6	4972112	6008714	667	0.0003364694714779		0.404499303039828				True
AMD	12	7	6024263	6948899	389	0.0011174973327026		0.0478422851583442				True
AMD	12	8	6954624	8123306	352	0.0012046247953577		0.008657606054216				True
AMD	12	9	8125745	8759936	149	1.75999257313576e-05		0.905951322397621				True
AMD	12	10	8761674	10176700	573	0.0		0.999999239077987			nonpositive_local_h2	False
AMD	12	11	10176728	10930076	343	3.98776800193206e-05		0.86308735962325				True
AMD	12	12	10947853	11741965	244	6.44681032051122e-05		0.0				True
AMD	12	13	11747116	12721298	452	0.0		0.0			nonpositive_local_h2	False
AMD	12	14	12728803	13559367	431	0.0		0.0			nonpositive_local_h2	False
AMD	12	15	13559539	14653867	504	9.51520273938774e-05		0.0				True
AMD	12	16	14658341	16130942	432	0.0		0.999999461946885			nonpositive_local_h2	False
AMD	12	17	16138806	17373739	425	0.0001523204350213		0.0				True
AMD	12	18	17375514	18468906	433	0.0		0.999999730973442			nonpositive_local_h2	False
AMD	12	19	18473729	19531997	367	0.0003870621497105		0.200499402015634				True
AMD	12	20	19535453	20073537	273	8.48404330374724e-05		0.711763686431392				True
AMD	12	21	20076358	20865301	346	0.0007990500941023		0.0				True
AMD	12	22	20866736	21571978	418	0.0		0.0			nonpositive_local_h2	False
AMD	12	23	21578559	22927253	473	0.0008805756555151		0.0041984924796095				True
AMD	12	24	22930568	23923719	404	0.0		0.0			nonpositive_local_h2	False
AMD	12	25	23929026	25058697	589	0.0		0.999999461946885			nonpositive_local_h2	False
AMD	12	26	25061338	25989205	443	0.0		0.999999341022206			nonpositive_local_h2	False
AMD	12	27	25991709	26957496	527	0.0007176198400289		0.0135138701136475				True
AMD	12	28	26958323	27788474	389	0.0004265260245482		0.0374011359168777				True
AMD	12	29	27804712	28753400	377	0.0001688982068593		0.208449677318504				True
AMD	12	30	28754858	29647030	433	0.0005912000070685		0.238293773199891				True
AMD	12	31	29647331	30358082	424	0.0002085752922139		0.0				True
AMD	12	32	30358496	31064673	388	0.0		0.999999619538993			nonpositive_local_h2	False
AMD	12	33	31068998	31796881	234	0.0		0.999999730973442			nonpositive_local_h2	False
AMD	12	34	31797967	32361233	297	0.0002342790102279		0.0				True
AMD	12	35	32370224	33073853	346	0.000109836629128		0.508614930778755				True
AMD	12	36	33080406	34337026	413	7.66231156016031e-05		0.0				True
AMD	12	37	34343752	37984531	53	0.0001454797328334		0.0056497360681645				True
AMD	12	38	38132172	38736725	68	0.0002906687600821		0.0043309476770609				True
AMD	12	39	38748408	40015286	336	0.0		0.999999809769497			nonpositive_local_h2	False
AMD	12	40	40017522	41198144	563	0.0		0.0			nonpositive_local_h2	False
AMD	12	41	41199139	42117440	431	0.0001584840919517		0.0				True
AMD	12	42	42118062	43072340	376	2.83826518133749e-05		0.799504958514203				True
AMD	12	43	43073062	43980459	416	0.0		0.0			nonpositive_local_h2	False
AMD	12	44	43986916	44923334	207	6.13327322575829e-05		0.465620795518885				True
AMD	12	45	44927227	46034937	328	0.0		0.999999534032333			nonpositive_local_h2	False
AMD	12	46	46039883	47499567	458	0.0		0.0			nonpositive_local_h2	False
AMD	12	47	47504095	48215749	323	0.0		0.0			nonpositive_local_h2	False
AMD	12	48	48231430	48960058	381	0.0		0.999999730973442			nonpositive_local_h2	False
AMD	12	49	48960274	50343862	376	0.0		0.0			nonpositive_local_h2	False
AMD	12	50	50344976	51768664	403	0.0		0.999997951154777			nonpositive_local_h2	False
AMD	12	51	51774134	53037416	710	0.0007553549841043		0.0				True
AMD	12	52	53040411	54371396	557	0.0001557690494819		0.572582517773928				True
AMD	12	53	54384387	55413630	374	0.0002716380389954		0.0				True
AMD	12	54	55417725	56984606	417	0.0004463038248549		0.265885149924112				True
AMD	12	55	56987179	58746882	537	0.0001345430380074		0.0				True
AMD	12	56	58753187	59992844	443	0.0		0.0			nonpositive_local_h2	False
AMD	12	57	60007747	61737063	492	0.0		0.999999461946885			nonpositive_local_h2	False
AMD	12	58	61741715	63052601	532	0.0002425087457183		0.17599490763936				True
AMD	12	59	63060342	63759333	353	0.0		0.999999461946885			nonpositive_local_h2	False
AMD	12	60	63769159	64402510	153	0.0002835300494222		0.0				True
AMD	12	61	64403934	66114630	495	0.000103669773313		0.621703998175193				True
AMD	12	62	66115201	67178282	469	0.0		0.999999619538993			nonpositive_local_h2	False
AMD	12	63	67187320	68006669	387	0.0		0.999999288222632			nonpositive_local_h2	False
AMD	12	64	68010297	68838267	451	0.0		0.999999461946885			nonpositive_local_h2	False
AMD	12	65	68841276	70095569	544	0.0006286694518808		0.0643634077182654				True
AMD	12	66	70097865	71175464	570	0.0012191646881687		0.0001302071574255				True
AMD	12	67	71186455	71947173	301	5.86607330703417e-05		0.688649675751063				True
AMD	12	68	71950749	73153191	404	7.3102161665641e-05		0.60357802510825				True
AMD	12	69	73156831	74077317	251	5.70591011619751e-05		0.759971649007048				True
AMD	12	70	74081016	75558283	427	2.57480063302814e-05		0.0				True
AMD	12	71	75564057	76523861	431	0.0		0.999999149263327			nonpositive_local_h2	False
AMD	12	72	76536570	77799416	526	0.0001073202772469		0.652631265654419				True
AMD	12	73	77806686	79314725	618	0.000160023506369		0.434302058658248				True
AMD	12	74	79315180	80948325	390	0.0		0.0			nonpositive_local_h2	False
AMD	12	75	80968400	81843128	302	0.0		0.999999730973442			nonpositive_local_h2	False
AMD	12	76	81848800	82575933	268	2.22664879735996e-05		0.894877598160792				True
AMD	12	77	82578417	83542946	298	6.64199358863021e-05		0.723154576377809				True
AMD	12	78	83551292	84354367	254	0.0002827656134072		0.156912447633341				True
AMD	12	79	84357221	85339254	355	0.0		0.999999809769497			nonpositive_local_h2	False
AMD	12	80	85348686	86929340	374	0.0001651385912334		0.346219873888841				True
AMD	12	81	86939017	88335960	327	0.0		0.999999730973442			nonpositive_local_h2	False
AMD	12	82	88347157	90566978	556	0.0002372001978941		0.563373971210374				True
AMD	12	83	90571042	92059192	478	0.0002233205635266		0.618527336862586				True
AMD	12	84	92066467	93486184	576	0.0002905351486111		0.282643398590508				True
AMD	12	85	93493349	94385712	366	0.0008873466684307		0.0006555405921104				True
AMD	12	86	94385954	95147436	421	0.0001715292228706		0.53222114322129				True
AMD	12	87	95148378	96017678	464	4.72384966724595e-05		0.790232621720113				True
AMD	12	88	96023363	96826250	402	0.0001174728943548		0.645384110632612				True
AMD	12	89	96830278	97807827	500	0.0		0.0			nonpositive_local_h2	False
AMD	12	90	97814055	99244049	620	0.0		0.0			nonpositive_local_h2	False
AMD	12	91	99244826	100885107	519	0.0		0.0			nonpositive_local_h2	False
AMD	12	92	100945252	101824506	427	0.0		0.999999619538993			nonpositive_local_h2	False
AMD	12	93	101825294	102965329	419	0.0008580691802001		0.00331519029569				True
AMD	12	94	102968299	104140517	517	0.0002253359216331		0.416645358463796				True
AMD	12	95	104143082	105077284	680	0.0		0.0			nonpositive_local_h2	False
AMD	12	96	105079669	106153769	546	0.0		0.999999239077987			nonpositive_local_h2	False
AMD	12	97	106154088	106962360	412	0.0007414926416761		0.0139511573482229				True
AMD	12	98	106965482	108179234	472	0.0005577734265033		0.0				True
AMD	12	99	108187451	109028341	375	0.0		0.0			nonpositive_local_h2	False
AMD	12	100	109032489	110110563	410	0.0		0.0			nonpositive_local_h2	False
AMD	12	101	110115286	111592380	274	0.0001732580546482		0.0				True
AMD	12	102	111598202	113945818	608	0.0004678843595044		0.0074933810312384				True
AMD	12	103	113949341	114681662	444	0.0		0.999999341022206			nonpositive_local_h2	False
AMD	12	104	114686840	115438082	349	0.0009101495168781		0.0219056755670664				True
AMD	12	105	115439578	116196721	481	0.0001241239187445		0.820585489592571				True
AMD	12	106	116197943	117090452	394	0.0		0.999999461946885			nonpositive_local_h2	False
AMD	12	107	117093237	118255232	572	7.39704358395876e-05		0.823722693253877				True
AMD	12	108	118256853	119301030	424	0.0002711580097522		0.0				True
AMD	12	109	119301245	120567406	562	0.0005181254020083		0.0601770037112032				True
AMD	12	110	120576265	121810194	466	0.0006163182789984		0.073225079588291				True
AMD	12	111	121821867	123394850	430	0.0		0.999999619538993			nonpositive_local_h2	False
AMD	12	112	123403710	124839540	455	0.0003379772728405		0.0701697132445036				True
AMD	12	113	124844986	126079565	561	0.0005753780697423		0.145779723420715				True
AMD	12	114	126081380	126870208	421	0.0002111925872924		0.0				True
AMD	12	115	126871835	127531395	320	0.0002187827920516		0.42476812975424				True
AMD	12	116	127546002	128371453	420	0.0		0.99999885861698			nonpositive_local_h2	False
AMD	12	117	128373594	129167086	452	0.0002474264367025		0.0				True
AMD	12	118	129171159	129885628	467	0.0003161196425157		0.0				True
AMD	12	119	129888558	130629335	464	0.0004785659710777		0.219902628515136				True
AMD	12	120	130630030	131401591	458	0.0004856156611873		0.0				True
AMD	12	121	131404625	132011715	331	0.0002730969654641		0.306814925165287				True
AMD	12	122	132014206	132939425	279	0.0014327204905298		0.0431026825215823				True
AMD	12	123	132962509	133778796	217	0.0		0.0			nonpositive_local_h2	False
AMD	13	1	19210426	19648358	101	0.0		0.999999809769497			nonpositive_local_h2	False
AMD	13	2	19655333	20488212	240	0.0001870280295201		0.65990705791873				True
AMD	13	3	20493020	21539147	415	0.0001096239793572		0.729903429190551				True
AMD	13	4	21547317	22794240	610	0.001588687786922		6.33397429909383e-05				True
AMD	13	5	22795864	23728680	495	0.0006957934504082		0.0741380400090313				True
AMD	13	6	23729094	24818013	764	0.0001106947093331		0.679545338669446				True
AMD	13	7	24818984	25974427	534	0.0		0.999999068064667			nonpositive_local_h2	False
AMD	13	8	25977959	26676554	288	0.0		0.999999461946885			nonpositive_local_h2	False
AMD	13	9	26683192	27391249	327	4.75588641451487e-05		0.670658426779489				True
AMD	13	10	27392267	28579477	623	0.0003513988267049		0.0				True
AMD	13	11	28589509	30067933	650	0.0		0.0			nonpositive_local_h2	False
AMD	13	12	30071245	31433110	643	1.18057416584964e-05		0.977625383808762				True
AMD	13	13	31435076	32986219	733	0.0005764674643433		0.0				True
AMD	13	14	32989794	34722390	680	0.0		0.0			nonpositive_local_h2	False
AMD	13	15	34722748	35744126	327	0.0006306676080183		0.0291269287229212				True
AMD	13	16	35748755	36578703	399	0.0		0.999999730973442			nonpositive_local_h2	False
AMD	13	17	36581020	37499597	379	0.0003256803943757		0.0				True
AMD	13	18	37500101	38290340	400	0.0		0.0			nonpositive_local_h2	False
AMD	13	19	38291011	39379038	390	0.0002740634716979		0.422076378734959				True
AMD	13	20	39391722	40091615	364	0.0005951343094925		0.0232753328910352				True
AMD	13	21	40091633	41003022	454	0.0003570321937812		0.0				True
AMD	13	22	41004833	42036147	298	5.37775244228069e-05		0.676088593699353				True
AMD	13	23	42037920	42950035	409	0.0005275691655548		0.0142007982428539				True
AMD	13	24	42952145	43930337	498	0.0001586907684433		0.0				True
AMD	13	25	43932798	45475976	604	0.0005915168940145		0.0909775391327681				True
AMD	13	26	45476808	46489744	386	4.10161175410177e-05		0.0				True
AMD	13	27	46497628	47432610	400	0.0		0.999999461946885			nonpositive_local_h2	False
AMD	13	28	47437216	48136736	330	0.0		0.999999461946885			nonpositive_local_h2	False
AMD	13	29	48155616	49375072	363	0.0006011071302273		0.0436535719419013				True
AMD	13	30	49383447	50419158	401	0.0		0.999999619538993			nonpositive_local_h2	False
AMD	13	31	50421855	51548355	418	0.0		0.999999341022206			nonpositive_local_h2	False
AMD	13	32	51554836	53332352	587	0.0003680356411368		0.0327624233760334				True
AMD	13	33	53340133	54681048	587	0.0		0.0			nonpositive_local_h2	False
AMD	13	34	54685168	55575383	293	2.62949738698568e-05		0.828723225986047				True
AMD	13	35	55581949	56431150	231	0.0		0.999999809769497			nonpositive_local_h2	False
AMD	13	36	56443223	58245151	403	0.0		0.999999670511103			nonpositive_local_h2	False
AMD	13	37	58251987	59750997	491	0.0		0.999999534032333			nonpositive_local_h2	False
AMD	13	38	59753426	61267736	599	0.0001947373428954		0.351055506927038				True
AMD	13	39	61272403	62131957	389	5.0849276237142e-06		0.0				True
AMD	13	40	62138153	63206067	316	0.0001824472204336		0.125927746186154				True
AMD	13	41	63206567	63972811	229	2.03950553404585e-05		0.947600346434482				True
AMD	13	42	63974125	65183779	365	0.0001030669367253		0.27911058945885				True
AMD	13	43	65188443	66375596	385	0.0		0.999999730973442			nonpositive_local_h2	False
AMD	13	44	66383558	67718484	501	0.0		0.999999619538993			nonpositive_local_h2	False
AMD	13	45	67720601	69004632	369	0.0		0.999999730973442			nonpositive_local_h2	False
AMD	13	46	69004773	69751089	359	0.0		0.999999730973442			nonpositive_local_h2	False
AMD	13	47	69757288	70426650	234	0.0		0.999999809769497			nonpositive_local_h2	False
AMD	13	48	70428150	71009927	272	0.0		0.999999534032333			nonpositive_local_h2	False
AMD	13	49	71015109	71976629	420	0.000338814787527		0.153861422419005				True
AMD	13	50	71977661	73113646	440	0.0001240657991672		0.935179896627833				True
AMD	13	51	73114587	74436156	579	0.0001286847852309		0.689121835438866				True
AMD	13	52	74440000	75881080	651	0.0011091528606465		0.0056869194070304				True
AMD	13	53	75882495	76668715	402	0.0003991599963784		0.158911254001124				True
AMD	13	54	76672849	77458228	395	0.000248135985616		0.195147578098545				True
AMD	13	55	77463236	78692881	400	0.0		0.0			nonpositive_local_h2	False
AMD	13	56	78693732	79474878	378	0.000238644181468		0.335576656843113				True
AMD	13	57	79490052	80775495	450	0.0		0.0			nonpositive_local_h2	False
AMD	13	58	80778953	81722228	324	0.0001728266074078		0.470245898947616				True
AMD	13	59	81729384	82580041	309	5.31188893217657e-05		0.769903157345505				True
AMD	13	60	82584630	83829445	417	0.0		0.0			nonpositive_local_h2	False
AMD	13	61	83837154	85033933	357	4.91469116735466e-05		0.755489364193521				True
AMD	13	62	85040002	85646068	282	8.06844530125936e-05		0.0				True
AMD	13	63	85653556	86321211	256	0.000249630744559		0.0				True
AMD	13	64	86321512	87042907	243	4.76923478824934e-06		0.96281443224171				True
AMD	13	65	87044016	88028375	255	0.0009021396224804		0.0300321718458185				True
AMD	13	66	88030689	88963676	254	0.0004103471906529		0.044761408068437				True
AMD	13	67	88973413	89763281	233	0.0		0.999999619538993			nonpositive_local_h2	False
AMD	13	68	89764963	90517628	234	0.0		0.999999670511103			nonpositive_local_h2	False
AMD	13	69	90522970	91763380	485	0.0		0.999999461946885			nonpositive_local_h2	False
AMD	13	70	91769463	93284783	570	0.0007792886039241		0.0092681336671271				True
AMD	13	71	93288992	94920256	719	1.98236522752249e-06		0.989523402918549				True
AMD	13	72	94932614	96132624	760	0.0001356990174136		0.654770548607097				True
AMD	13	73	96132701	97515455	396	7.04952826480525e-05		0.563692725579564				True
AMD	13	74	97517119	98525890	336	0.0001763374501615		0.291360833717639				True
AMD	13	75	98527439	99401848	470	0.0004993811097087		0.0593208590435404				True
AMD	13	76	99403611	100469248	494	3.38681799631912e-05		0.0				True
AMD	13	77	100477386	101573401	441	0.0		0.999999461946885			nonpositive_local_h2	False
AMD	13	78	101573778	103049968	808	0.0002407169188051		0.0				True
AMD	13	79	103058594	104378348	741	0.0		0.999999619538993			nonpositive_local_h2	False
AMD	13	80	104384163	105672487	549	9.69634753136667e-05		0.0				True
AMD	13	81	105675862	106291063	321	0.0003580583777922		0.0				True
AMD	13	82	106319372	107037850	413	0.0		0.999999341022206			nonpositive_local_h2	False
AMD	13	83	107039041	108518444	724	0.0		0.0			nonpositive_local_h2	False
AMD	13	84	108522521	109152972	294	0.0005952357453875		0.0045037147345803				True
AMD	13	85	109158526	109813327	353	3.6387189703856e-06		0.988688036166174				True
AMD	13	86	109814635	110995210	616	0.0011565060187827		0.010398791001382				True
AMD	13	87	110995767	111615709	401	7.36472578927981e-05		0.0				True
AMD	13	88	111621305	112316277	396	0.0		0.999999461946885			nonpositive_local_h2	False
AMD	13	89	112324912	113572999	468	0.0005975746173621		0.0295355146176081				True
AMD	13	90	113573372	114302502	275	0.0		0.999999619538993			nonpositive_local_h2	False
AMD	13	91	114302622	115106996	212	0.0003024549530091		0.140972751198822				True
AMD	14	1	20425051	20873524	248	0.0		0.999999619538993			nonpositive_local_h2	False
AMD	14	2	20876253	21982632	547	0.0002525146979796		0.487485512235667				True
AMD	14	3	21982677	22758493	474	0.0		0.999999149263327			nonpositive_local_h2	False
AMD	14	4	22761250	23983329	611	0.0004999473172883		0.215449863303683				True
AMD	14	5	23985973	24905548	338	5.15607068346922e-06		0.0				True
AMD	14	6	24907288	25580659	393	0.0001111488970266		0.637579314654081				True
AMD	14	7	25587842	26390775	319	0.0		0.999999461946885			nonpositive_local_h2	False
AMD	14	8	26395815	27714462	508	0.0		0.999999461946885			nonpositive_local_h2	False
AMD	14	9	27720455	29028946	387	0.0		0.999999619538993			nonpositive_local_h2	False
AMD	14	10	29031899	30831116	517	0.0002576476057319		0.515481521888871				True
AMD	14	11	30831229	32377760	426	0.0002762574182716		0.0				True
AMD	14	12	32384626	33589938	590	0.0010897125116702		0.008647476606445				True
AMD	14	13	33591760	34695159	664	0.0013228850965583		0.0548114034399369				True
AMD	14	14	34695448	35376082	247	0.0005323522010556		0.0				True
AMD	14	15	35381137	36420032	299	0.0001223381257751		0.25069115092321				True
AMD	14	16	36422275	37281866	404	0.0002086606392495		0.0				True
AMD	14	17	37282531	38721995	462	0.000277262949827		0.295168167491014				True
AMD	14	18	38722278	40343703	595	0.0		0.999999534032333			nonpositive_local_h2	False
AMD	14	19	40345437	40965354	223	0.0		0.999999730973442			nonpositive_local_h2	False
AMD	14	20	40967762	41606899	216	0.0		0.999999730973442			nonpositive_local_h2	False
AMD	14	21	41670102	42560347	310	0.0		0.999999809769497			nonpositive_local_h2	False
AMD	14	22	42564162	43317669	266	0.0003972647014634		0.0926777606149838				True
AMD	14	23	43323031	44623260	417	0.0004885081712093		0.109563823179948				True
AMD	14	24	44625326	45801705	299	0.0		0.999999619538993			nonpositive_local_h2	False
AMD	14	25	45828979	46745130	255	0.0003759613264449		0.0				True
AMD	14	26	46750607	48173325	498	0.0001135601393367		0.558080877690808				True
AMD	14	27	48180090	49001226	337	0.0001022964831925		0.596817391754996				True
AMD	14	28	49006348	50499916	535	0.0006289524320546		0.160085256874444				True
AMD	14	29	50505211	51417886	360	0.0004263935739459		0.0731768384474956				True
AMD	14	30	51426327	52205481	452	0.0005554686193959		0.126480023785093				True
AMD	14	31	52230362	52757941	317	0.0		0.999994389006273			nonpositive_local_h2	False
AMD	14	32	52761693	54358224	585	0.0		0.999999149263327			nonpositive_local_h2	False
AMD	14	33	54360238	55288924	342	0.0003401691139237		0.18191720613396				True
AMD	14	34	55302219	56204571	303	0.0		0.0			nonpositive_local_h2	False
AMD	14	35	56207914	57459136	735	0.0008144113848379		0.0				True
AMD	14	36	57462256	58447752	361	0.0		0.999999619538993			nonpositive_local_h2	False
AMD	14	37	58448681	59447241	441	0.0		0.999999239077987			nonpositive_local_h2	False
AMD	14	38	59447625	60098368	347	0.0003578311627532		0.0				True
AMD	14	39	60100967	61652619	342	0.0021585836671708		0.0031110758647245				True
AMD	14	40	61653468	62715790	430	0.0		0.999999461946885			nonpositive_local_h2	False
AMD	14	41	62718847	64032310	557	7.82260217701691e-05		0.833601013718718				True
AMD	14	42	64044097	65229364	375	0.0		0.999999730973442			nonpositive_local_h2	False
AMD	14	43	65230059	66299595	399	0.0		0.999999398438329			nonpositive_local_h2	False
AMD	14	44	66300153	67890322	421	0.0		0.999999730973442			nonpositive_local_h2	False
AMD	14	45	67894029	68975374	373	0.0017156421834751		0.0				True
AMD	14	46	68976971	69793624	491	0.0014444643263235		0.0050006339085785				True
AMD	14	47	69795199	71139626	549	0.0012753199233098		0.000751145204059				True
AMD	14	48	71142480	72662313	599	0.0003693223578596		0.134818258261566				True
AMD	14	49	72665431	73373206	390	0.0008342203506481		0.0089926811861837				True
AMD	14	50	73375673	74241688	276	0.000651034711848		0.0				True
AMD	14	51	74248739	75699438	525	0.0003078865347163		0.0				True
AMD	14	52	75701221	76692843	420	0.0		0.0			nonpositive_local_h2	False
AMD	14	53	76694877	77424276	324	0.0		0.999999619538993			nonpositive_local_h2	False
AMD	14	54	77426525	78373092	496	0.0002000514255357		0.216353201168641				True
AMD	14	55	78374327	79198368	459	0.0		0.0			nonpositive_local_h2	False
AMD	14	56	79202326	80999842	670	0.0004931920184592		0.196778377564967				True
AMD	14	57	81002263	82522739	585	0.0006715101631268		0.0389416039834446				True
AMD	14	58	82533415	84085606	572	0.000463837574064		0.0842961097441647				True
AMD	14	59	84094388	85562683	534	0.0001532550590385		0.486215682039999				True
AMD	14	60	85563760	86651078	454	0.0003090694654592		0.0				True
AMD	14	61	86658674	87347122	292	0.0		0.999999730973442			nonpositive_local_h2	False
AMD	14	62	87357329	88206607	212	0.0002184723561998		0.0				True
AMD	14	63	88212948	89477403	528	0.0003542573342445		0.0930068138295368				True
AMD	14	64	89484373	90660139	492	0.0007068656718057		0.0				True
AMD	14	65	90671138	92098144	514	0.0001395903564561		0.512793987482321				True
AMD	14	66	92102759	93384453	618	0.0		0.0			nonpositive_local_h2	False
AMD	14	67	93388106	94892219	716	0.0007309142527556		0.0997666748814527				True
AMD	14	68	94892344	95946375	752	0.0009180467884585		0.0				True
AMD	14	69	95949056	97174247	665	0.0001389503765901		0.0				True
AMD	14	70	97176603	98267909	431	0.0		0.999999461946885			nonpositive_local_h2	False
AMD	14	71	98273349	98883853	313	0.0004112495713262		0.0500755266072243				True
AMD	14	72	98886128	99474228	321	0.000200223793766		0.490568941119435				True
AMD	14	73	99475374	100781877	532	0.0001510374073507		0.588614905058534				True
AMD	14	74	100787564	101999598	500	0.0006958300602751		0.134700994793433				True
AMD	14	75	102005523	103617118	424	0.0003185392764658		0.1428679865333				True
AMD	14	76	103617809	104436931	271	0.0004378376533698		0.0				True
AMD	14	77	104448221	105090350	200	0.0		0.999999619538993			nonpositive_local_h2	False
AMD	14	78	105100021	106199579	228	0.0		0.999999730973442			nonpositive_local_h2	False
AMD	14	79	106926025	107287663	59	0.0		0.999999865486721			nonpositive_local_h2	False
AMD	15	1	22799945	24098594	299	0.0003286291307458		0.173757238474188				True
AMD	15	2	24104152	24526247	143	5.44808284860028e-05		0.672550657288124				True
AMD	15	3	24547421	25380656	239	0.0002438944429349		0.253657330938781				True
AMD	15	4	25385630	26391165	478	0.0		0.999999068064667			nonpositive_local_h2	False
AMD	15	5	26393202	27544861	488	3.72413625079014e-05		0.94802409760844				True
AMD	15	6	27566453	29050198	347	0.0		0.999999461946885			nonpositive_local_h2	False
AMD	15	7	29220980	30369914	478	0.0005366515101779		0.179986381704917				True
AMD	15	8	30950529	32176304	459	0.0005101011768305		0.0				True
AMD	15	9	32185610	33484228	485	1.92660379227307e-05		0.928816675373961				True
AMD	15	10	33491163	34407467	572	0.0001043758092509		0.801856779472862				True
AMD	15	11	34416394	35117508	242	0.0003780001602641		0.0751487698933736				True
AMD	15	12	35119748	36575790	579	0.0004697035261789		0.0727676621504919				True
AMD	15	13	36587959	37962429	634	0.0003783911619956		0.468540824818375				True
AMD	15	14	37962946	39237995	577	0.0005862782311958		0.0725477100219418				True
AMD	15	15	39238863	40598941	596	0.0001428060610441		0.518603849506278				True
AMD	15	16	40604862	42332616	536	0.0002064288196406		0.444859666068236				True
AMD	15	17	42332749	44959132	558	0.0001539423264093		0.163088687674391				True
AMD	15	18	44988610	46022639	309	0.0		0.999999730973442			nonpositive_local_h2	False
AMD	15	19	46024351	46880795	339	0.000136379040295		0.0				True
AMD	15	20	46886109	47690723	291	0.0		0.0			nonpositive_local_h2	False
AMD	15	21	47695113	49257201	571	0.0		0.0			nonpositive_local_h2	False
AMD	15	22	49260601	50195344	244	0.0		0.999999809769497			nonpositive_local_h2	False
AMD	15	23	50196943	51594972	548	0.0007683828299887		0.0174279575963151				True
AMD	15	24	51606710	53262935	601	0.0002129358222745		0.377932113166593				True
AMD	15	25	53264922	54329978	561	0.0004074359966341		0.0312871143012338				True
AMD	15	26	54340070	55136506	380	0.0		0.999999534032333			nonpositive_local_h2	False
AMD	15	27	55136755	56321854	462	0.0		0.999999239077987			nonpositive_local_h2	False
AMD	15	28	56323052	57635719	359	0.0001079263223954		0.384084302304737				True
AMD	15	29	57644267	58710627	680	0.0017442576236071		0.0				True
AMD	15	30	58712965	59898307	487	0.002206707380242		0.0012548641759657				True
AMD	15	31	59919844	61130045	546	0.0006461548275839		0.0336296797341966				True
AMD	15	32	61130639	62102570	578	0.0002040270421993		0.620684077301455				True
AMD	15	33	62106862	63218537	508	0.0		0.999999461946885			nonpositive_local_h2	False
AMD	15	34	63219090	64339939	432	2.39896097102101e-05		0.929285504120043				True
AMD	15	35	64348858	66348389	491	0.0005168677999557		0.0403608944189803				True
AMD	15	36	66358474	67394384	550	0.0013738944540135		0.0221508303959896				True
AMD	15	37	67399084	69086564	646	0.0006777305527137		0.02920284634978				True
AMD	15	38	69094581	70767939	588	0.0003247500397284		0.378725619564806				True
AMD	15	39	70768152	72041639	543	0.0006885088386604		0.0				True
AMD	15	40	72060049	73370467	263	0.0		0.0			nonpositive_local_h2	False
AMD	15	41	73375847	74458024	335	0.0005355764255681		0.100268746018112				True
AMD	15	42	74460875	76398206	464	0.0006983481792891		0.0020415094389225				True
AMD	15	43	76403787	77891940	407	0.0		0.999999730973442			nonpositive_local_h2	False
AMD	15	44	77897197	78510819	214	0.0		0.0			nonpositive_local_h2	False
AMD	15	45	78520204	79292521	279	0.0004092434043266		0.0492677658756431				True
AMD	15	46	79293526	79994582	392	0.0005929633646105		0.0269307956222138				True
AMD	15	47	79999217	81075935	503	0.0001029686894808		0.721743004202856				True
AMD	15	48	81077055	82190654	398	7.75194959691374e-06		0.969328046066852				True
AMD	15	49	82193782	84208798	490	0.0001489615172985		0.728961940767844				True
AMD	15	50	84218315	85494062	420	0.0		0.0			nonpositive_local_h2	False
AMD	15	51	85494203	86340525	379	6.59463182845684e-05		0.621244619304363				True
AMD	15	52	86341632	87157514	418	0.0		0.999999461946885			nonpositive_local_h2	False
AMD	15	53	87158605	88032107	421	0.0002223923114419		0.431386509649748				True
AMD	15	54	88035812	89383663	542	0.0002432558723726		0.0				True
AMD	15	55	89385494	90631255	466	0.0006790033239728		0.008442470462853				True
AMD	15	56	90632720	91592893	393	0.002161090859607		1.29094725991323e-05				True
AMD	15	57	91594955	92672853	528	0.0002239175343134		0.509647259527849				True
AMD	15	58	92677444	93706522	614	0.000903800090054		0.0				True
AMD	15	59	93709177	94565232	498	0.0003408219425034		0.251482359199568				True
AMD	15	60	94574008	95654541	606	7.77392490280896e-06		0.975689116012474				True
AMD	15	61	95663613	96857621	583	0.0002458385728907		0.0				True
AMD	15	62	96865270	98023782	435	0.0		0.999998796876658			nonpositive_local_h2	False
AMD	15	63	98025836	98827964	404	0.0		0.0			nonpositive_local_h2	False
AMD	15	64	98830849	99925192	538	7.963249739076e-05		0.827921373055554				True
AMD	15	65	99926440	100742087	372	0.00033544848623		0.18348381301448				True
AMD	15	66	100742786	101547631	409	0.0008519406421326		0.0063531712165607				True
AMD	15	67	101551714	102400037	462	0.0006459278669655		0.0462712727215594				True
AMD	16	1	86671	1049075	377	0.0001104517873952		0.431845524090426				True
AMD	16	2	1049431	1994980	399	0.0		0.0			nonpositive_local_h2	False
AMD	16	3	1997614	3378450	409	0.0007166060838121		0.0049376315617606				True
AMD	16	4	3398013	4812816	457	0.0006327859921949		0.0475247397770504				True
AMD	16	5	4819496	5781347	491	0.000695481269126		0.026586096498243				True
AMD	16	6	5785307	6441935	495	0.0016848829732765		0.0137958971430794				True
AMD	16	7	6447771	7044788	451	0.0001090357315533		0.0				True
AMD	16	8	7052774	7704203	605	0.0005653139074262		0.0360798036495811				True
AMD	16	9	7704363	8340940	424	4.90997968514107e-05		0.819412167061314				True
AMD	16	10	8341184	9103926	381	0.0027291715835947		0.0				True
AMD	16	11	9106215	9754737	366	0.0007482422709584		0.0171091129500088				True
AMD	16	12	9754812	10350560	403	0.0002801852833038		0.122730047526881				True
AMD	16	13	10352295	11011728	280	0.0		0.999999619538993			nonpositive_local_h2	False
AMD	16	14	11023208	11913383	432	0.0		0.999999461946885			nonpositive_local_h2	False
AMD	16	15	11919959	12789593	499	0.0		0.999999149263327			nonpositive_local_h2	False
AMD	16	16	12793839	13892907	553	0.0		0.999999068064667			nonpositive_local_h2	False
AMD	16	17	13894030	15920502	417	0.0001000894143927		0.614106137044885				True
AMD	16	18	15925211	17342924	467	0.0002561268946044		0.208149939559486				True
AMD	16	19	17344480	19095374	424	0.0004088616742647		0.074443132251478				True
AMD	16	20	19109992	20351231	456	4.59886326433454e-05		0.888625540226639				True
AMD	16	21	20351937	22435811	445	8.6101218885493e-05		0.0				True
AMD	16	22	22712979	24014611	524	0.0003115187155256		0.104160500872504				True
AMD	16	23	24015066	25211679	485	0.0003569714006574		0.0				True
AMD	16	24	25236025	26147911	473	0.0009358845285953		0.0021367206539161				True
AMD	16	25	26154187	27441283	656	0.0008688361766174		0.0759403062677203				True
AMD	16	26	27444030	29042014	434	0.0		0.999999341022206			nonpositive_local_h2	False
AMD	16	27	29043450	31376849	417	8.29261396971506e-05		0.40011614799275				True
AMD	16	28	31386862	31957368	128	0.0		0.999999809769497			nonpositive_local_h2	False
AMD	16	29	46539392	49009390	321	0.0001062873078286		0.403272975896471				True
AMD	16	30	49011249	50463530	589	0.0		0.0			nonpositive_local_h2	False
AMD	16	31	50469038	52039210	618	0.0		0.999999461946885			nonpositive_local_h2	False
AMD	16	32	52051302	53377045	510	0.0008133311241921		0.0023456390730864				True
AMD	16	33	53395441	54860249	708	0.000932492916336		0.0				True
AMD	16	34	54873802	55907228	561	0.0005525604390795		0.17414446264846				True
AMD	16	35	55907811	57118736	543	0.0063040514939861		9.52231542040889e-10				True
AMD	16	36	57128388	58505871	555	0.0		0.0			nonpositive_local_h2	False
AMD	16	37	58510319	59884620	517	0.0		0.999999461946885			nonpositive_local_h2	False
AMD	16	38	59885737	61092758	427	0.0002209889273243		0.240442552785434				True
AMD	16	39	61094615	62606438	411	8.92648900122497e-05		0.776440813846665				True
AMD	16	40	62610317	64196917	562	0.0		0.999999239077987			nonpositive_local_h2	False
AMD	16	41	64207981	65070923	340	0.0		0.999999461946885			nonpositive_local_h2	False
AMD	16	42	65072539	65881527	363	0.0002276873487763		0.277280622367072				True
AMD	16	43	65884735	66738839	394	0.0003575785167932		0.146035005668864				True
AMD	16	44	66740072	68435204	309	0.0002997085402788		0.0792908474516285				True
AMD	16	45	68436154	69548788	316	0.0005225728535737		0.055954485128671				True
AMD	16	46	69554881	70978362	288	0.0		0.999999461946885			nonpositive_local_h2	False
AMD	16	47	71070698	72088331	357	5.5936396611444e-05		0.745606255349261				True
AMD	16	48	72089740	73140753	295	9.87027028634281e-05		0.635148951016225				True
AMD	16	49	73142618	74134311	491	0.0		0.999999461946885			nonpositive_local_h2	False
AMD	16	50	74140113	74889084	256	0.0		0.999999619538993			nonpositive_local_h2	False
AMD	16	51	74897248	75521030	204	0.0015379038154233		6.02957475044509e-05				True
AMD	16	52	75528511	76629678	453	0.0004322854827862		0.0				True
AMD	16	53	76635963	77268935	296	0.0		0.999999730973442			nonpositive_local_h2	False
AMD	16	54	77272582	77738161	382	0.0		0.999999534032333			nonpositive_local_h2	False
AMD	16	55	77741580	78280445	424	0.0002840913788874		0.174727022230927				True
AMD	16	56	78280647	78972995	568	0.0002170470533163		0.712617479823736				True
AMD	16	57	78973829	79661912	560	0.000284298568973		0.0				True
AMD	16	58	79667015	80554948	628	0.0		0.999999619538993			nonpositive_local_h2	False
AMD	16	59	80563695	81437197	497	0.0		0.0			nonpositive_local_h2	False
AMD	16	60	81438355	82307919	524	0.0007496591392315		0.0316045269364963				True
AMD	16	61	82312950	83077536	653	0.0		0.0			nonpositive_local_h2	False
AMD	16	62	83078358	83777938	626	0.0		0.999999461946885			nonpositive_local_h2	False
AMD	16	63	83782302	84440081	511	0.0		0.0			nonpositive_local_h2	False
AMD	16	64	84441700	85146585	521	0.0002033960232197		0.630871689976642				True
AMD	16	65	85147633	86057221	427	0.0001613298349645		0.0				True
AMD	16	66	86062049	86748256	632	0.0004089929845383		0.352820210700185				True
AMD	16	67	86750547	87668579	442	0.0		0.999999461946885			nonpositive_local_h2	False
AMD	16	68	87669407	88381254	274	0.000255179783251		0.418785472870557				True
AMD	16	69	88440878	89094243	251	0.0004991096063229		0.0588090396999157				True
AMD	16	70	89110920	90149922	400	0.0		0.999995763365533			nonpositive_local_h2	False
AMD	17	1	3587	814529	283	0.0001359286124927		0.285146543635521				True
AMD	17	2	816250	1477619	228	0.0002692055474618		0.297441224439959				True
AMD	17	3	1492513	2696336	473	0.0019096740127943		1.79002163236069e-06				True
AMD	17	4	2699322	3429303	347	0.0009782668468698		0.0				True
AMD	17	5	3430757	4463796	435	0.0003795191130964		0.0217456094412284				True
AMD	17	6	4465502	5571485	422	0.0001878704121633		0.565770596539559				True
AMD	17	7	5576885	6301562	416	0.000343554106849		0.2413637792806				True
AMD	17	8	6305509	7259668	430	0.0005862216265905		0.0				True
AMD	17	9	7269373	8553853	495	0.0003902416299336		0.257021898221667				True
AMD	17	10	8555306	9614556	455	0.0002182010147535		0.613323931994998				True
AMD	17	11	9619933	10571980	536	0.0004000778553709		0.188844782836145				True
AMD	17	12	10574159	11778156	532	0.0		0.999989912400881			nonpositive_local_h2	False
AMD	17	13	11778240	12676332	346	0.0003005943841645		0.195052467716422				True
AMD	17	14	12676507	13644471	497	0.0008671523618644		0.0345548604710575				True
AMD	17	15	13649327	14497092	455	2.71216409287158e-05		0.921955200860584				True
AMD	17	16	14508792	15308683	497	0.0		0.0			nonpositive_local_h2	False
AMD	17	17	15308844	16404247	284	0.0		0.999999619538993			nonpositive_local_h2	False
AMD	17	18	16407478	17326363	248	0.0		0.999999619538993			nonpositive_local_h2	False
AMD	17	19	17326605	18900788	464	4.85155676962331e-05		0.686612003595839				True
AMD	17	20	18905375	20384920	265	0.0		0.999999730973442			nonpositive_local_h2	False
AMD	17	21	20417975	21425273	185	0.0		0.999999730973442			nonpositive_local_h2	False
AMD	17	22	21434560	25872089	255	2.51018422077556e-05		0.865442564295943				True
AMD	17	23	25872185	27344104	392	0.0010893200344862		1.94601852894775e-05				True
AMD	17	24	27344430	29777029	659	5.51740552521336e-05		0.754108701956718				True
AMD	17	25	29783244	31318492	458	0.0002986378908085		0.19632105820357				True
AMD	17	26	31318829	32356013	681	0.0004255765049734		0.32800192581572				True
AMD	17	27	32356968	33613677	656	0.0003302243836149		0.122350304938893				True
AMD	17	28	33622774	34436708	304	0.0		0.999999534032333			nonpositive_local_h2	False
AMD	17	29	34815551	36112268	477	0.0004421939399148		0.154081683898159				True
AMD	17	30	36122227	37357034	338	0.0005916721615293		0.0547924879524689				True
AMD	17	31	37363793	38880214	387	0.000716414165044		0.0045297136030842				True
AMD	17	32	38880531	40224118	591	0.0		0.999999341022206			nonpositive_local_h2	False
AMD	17	33	40239619	42345979	584	6.23244835589248e-05		0.644568920315975				True
AMD	17	34	42348725	43383100	365	0.0001204224214758		0.493227645908552				True
AMD	17	35	43513441	44862613	62	0.0		0.999999904884748			nonpositive_local_h2	False
AMD	17	36	44868187	45880748	289	0.0		0.999999670511103			nonpositive_local_h2	False
AMD	17	37	45884372	47514039	628	6.6016291248754e-05		0.745809121011961				True
AMD	17	38	47520053	48719889	441	0.0		0.999998738153594			nonpositive_local_h2	False
AMD	17	39	48723123	49908261	463	0.0001032643060857		0.518062396493134				True
AMD	17	40	49909329	51105543	462	3.46376243941637e-05		0.0				True
AMD	17	41	51112697	52099834	329	0.0		0.999999534032333			nonpositive_local_h2	False
AMD	17	42	52103231	53458404	502	0.0005683337598761		0.0409211949200364				True
AMD	17	43	53468213	54946194	561	0.0		0.999999619538993			nonpositive_local_h2	False
AMD	17	44	54951417	56243860	608	0.0		0.999998796876658			nonpositive_local_h2	False
AMD	17	45	56246317	58592033	600	0.0001753526634266		0.143685178012689				True
AMD	17	46	58828402	60452799	411	0.0003209479329568		0.0209155905910138				True
AMD	17	47	60455076	62109123	360	0.0		0.999994105923431			nonpositive_local_h2	False
AMD	17	48	62116449	63541497	338	0.0002989690874329		0.236036428524591				True
AMD	17	49	63549261	64438011	355	4.3513814402257e-05		0.0				True
AMD	17	50	64440066	65580271	510	0.0002997706762171		0.352662108420306				True
AMD	17	51	65587499	66756130	393	0.0002577180402015		0.332661493007243				True
AMD	17	52	66760025	68176215	509	0.0		0.999999461946885			nonpositive_local_h2	False
AMD	17	53	68176889	69244731	511	1.56809297724279e-05		0.936049563623511				True
AMD	17	54	69245735	70494389	583	0.0003287582929498		0.222225035027739				True
AMD	17	55	70499516	71460143	458	0.0008241206976211		0.0				True
AMD	17	56	71467391	72382917	458	0.0005484898445696		0.0				True
AMD	17	57	72389282	73732522	477	0.0		0.999999461946885			nonpositive_local_h2	False
AMD	17	58	73746146	74905595	433	0.0		0.999999341022206			nonpositive_local_h2	False
AMD	17	59	74909099	75615507	363	0.0		0.0			nonpositive_local_h2	False
AMD	17	60	75621704	76595131	435	0.0005927437582245		0.0				True
AMD	17	61	76597776	77404094	416	0.0008586469533224		0.0481845719873815				True
AMD	17	62	77413429	78435577	371	0.0		0.0			nonpositive_local_h2	False
AMD	17	63	78440293	79333703	380	0.0004045061057888		0.0910759523863974				True
AMD	17	64	79338469	80456621	299	0.0017109977121197		1.36412486327577e-06				True
AMD	17	65	80464705	81046413	250	0.0		0.999999619538993			nonpositive_local_h2	False
AMD	18	1	69836	847307	421	0.0008665128116667		0.0196034699493327				True
AMD	18	2	849178	1908848	449	0.0002943011902916		0.0				True
AMD	18	3	1986214	2831496	389	4.22026498162669e-06		0.0				True
AMD	18	4	2841862	3718160	358	0.0004666231733727		0.0287323732860976				True
AMD	18	5	3723036	4601573	430	2.0238863819187e-05		0.93456965794608				True
AMD	18	6	4608852	5572368	379	0.0004067902302203		0.187969267064603				True
AMD	18	7	5577047	6753738	517	0.0004846411671276		0.0				True
AMD	18	8	6758921	7859757	493	2.79467838493771e-05		0.905723988426682				True
AMD	18	9	7870864	8788498	502	0.0		0.999999461946885			nonpositive_local_h2	False
AMD	18	10	8788967	9815099	509	0.0013943822754343		0.0006785452772781				True
AMD	18	11	9816271	10674815	520	0.0		0.0			nonpositive_local_h2	False
AMD	18	12	10676435	11871030	522	0.0005153855589355		0.0				True
AMD	18	13	11872825	12733705	330	0.0		0.999999398438329			nonpositive_local_h2	False
AMD	18	14	12736491	13640802	373	0.000179475679525		0.17033475353868				True
AMD	18	15	13642721	14429096	226	0.0005225273238319		0.0132484766195928				True
AMD	18	16	14504059	15158341	93	0.0		0.999999809769497			nonpositive_local_h2	False
AMD	18	17	18570235	20009691	277	0.0		0.999999730973442			nonpositive_local_h2	False
AMD	18	18	20010336	21622632	424	0.0003071836140804		0.0				True
AMD	18	19	21622994	22745505	540	0.0		0.999992612783493			nonpositive_local_h2	False
AMD	18	20	22751758	24087236	475	0.0004129115545775		0.154607963998723				True
AMD	18	21	24088187	25305246	611	0.0		0.999999068064667			nonpositive_local_h2	False
AMD	18	22	25305464	26855696	575	0.0		0.999999619538993			nonpositive_local_h2	False
AMD	18	23	26862410	27819663	298	0.0		0.999999730973442			nonpositive_local_h2	False
AMD	18	24	27827586	28790989	433	0.0002134595534731		0.495455656898934				True
AMD	18	25	28795283	30399763	653	0.0006921690423465		0.0160939107194563				True
AMD	18	26	30463820	32456354	545	0.0		0.0			nonpositive_local_h2	False
AMD	18	27	32459704	34153170	662	0.0006424316039208		0.113667109994628				True
AMD	18	28	34154176	36054349	793	0.0		0.999999461946885			nonpositive_local_h2	False
AMD	18	29	36060187	37675866	521	0.0		0.999999534032333			nonpositive_local_h2	False
AMD	18	30	37679216	38492100	420	7.48125756279827e-05		0.653974305253018				True
AMD	18	31	38499957	39410039	290	0.0		0.999999619538993			nonpositive_local_h2	False
AMD	18	32	39410982	40470953	348	0.000308911447556		0.196231167588771				True
AMD	18	33	40472564	41422451	332	0.000253285114669		0.206359557844702				True
AMD	18	34	41426379	42974150	600	0.0		0.0			nonpositive_local_h2	False
AMD	18	35	42974182	44297911	706	0.0001393863542424		0.0				True
AMD	18	36	44300281	45718309	562	0.0002480349417284		0.540983002428114				True
AMD	18	37	45719662	46554787	429	0.0005889942395892		0.187152258933469				True
AMD	18	38	46559879	47455923	381	0.0006207784210118		0.128885447511071				True
AMD	18	39	47456441	48226917	424	2.56106976586263e-05		0.900138445390407				True
AMD	18	40	48228968	49789847	546	0.0		0.999999461946885			nonpositive_local_h2	False
AMD	18	41	49795502	50372475	297	0.0		0.0			nonpositive_local_h2	False
AMD	18	42	50373807	51059163	250	0.0		0.999999809769497			nonpositive_local_h2	False
AMD	18	43	51063768	52504498	469	0.0		0.999999398438329			nonpositive_local_h2	False
AMD	18	44	52517906	53762829	466	0.0005413406588846		0.0414223197536858				True
AMD	18	45	53763024	54953136	445	9.21745333464039e-05		0.0				True
AMD	18	46	54959143	55808797	436	0.0007305880186042		0.0				True
AMD	18	47	55810733	56831986	529	0.0		0.999999239077987			nonpositive_local_h2	False
AMD	18	48	56832775	57633654	459	0.0		0.0			nonpositive_local_h2	False
AMD	18	49	57638330	58521035	348	1.69532878323187e-05		0.0				True
AMD	18	50	58529953	59444681	349	8.5775284423128e-05		0.734726093400817				True
AMD	18	51	59452224	60779878	558	0.0004755736573676		0.0048419528508193				True
AMD	18	52	60781023	62065532	577	0.0		0.999999461946885			nonpositive_local_h2	False
AMD	18	53	62075853	63109072	378	0.0		0.999999619538993			nonpositive_local_h2	False
AMD	18	54	63110093	64252801	395	0.0001098512030642		0.543519063021765				True
AMD	18	55	64253268	65290652	416	0.0001825227120175		0.353984195951088				True
AMD	18	56	65297045	66407942	591	7.60832964758694e-05		0.792686307971913				True
AMD	18	57	66408427	67195441	283	0.0		0.0			nonpositive_local_h2	False
AMD	18	58	67196583	68047277	326	4.89214268591675e-05		0.0				True
AMD	18	59	68052952	69308022	505	0.0		0.999999239077987			nonpositive_local_h2	False
AMD	18	60	69311999	70538889	543	0.0001179001328503		0.0				True
AMD	18	61	70546687	71487700	498	0.0002925748671334		0.309341585521652				True
AMD	18	62	71492461	72784717	605	0.0002040741137585		0.319499975796889				True
AMD	18	63	72785291	73565887	388	0.0		0.999994938295522			nonpositive_local_h2	False
AMD	18	64	73574403	74471031	443	4.7079702647109e-05		0.796723161243705				True
AMD	18	65	74475370	75239655	456	0.0001803133040508		0.0				True
AMD	18	66	75240956	76228700	490	0.0003898337420712		0.237577570864324				True
AMD	18	67	76234522	77147472	363	9.45013292909975e-05		0.637954677235421				True
AMD	18	68	77155184	78015180	318	0.0002311224328434		0.0				True
AMD	19	1	260912	757412	204	0.000416734193699		0.156554666326853				True
AMD	19	2	764389	1505874	257	0.0013620505144205		0.0066506384610191				True
AMD	19	3	1516997	2246652	217	0.0002070585389487		0.365207226848941				True
AMD	19	4	2258223	3084944	298	4.68736267994508e-05		0.808577186636191				True
AMD	19	5	3093163	3890641	275	0.0004740194635302		0.169066554887522				True
AMD	19	6	3893993	4738679	263	0.0006264162158062		0.0599864620310358				True
AMD	19	7	4742465	5477883	293	0.0002821793373785		0.253444716295109				True
AMD	19	8	5479216	6455414	275	2.84578440373977e-05		0.0				True
AMD	19	9	6456062	7244884	337	0.0057314969573763		0.0				True
AMD	19	10	7262569	8196499	334	0.0001616860827853		0.549247042753725				True
AMD	19	11	8201051	9105106	310	8.94772412525791e-05		0.829753544426517				True
AMD	19	12	9107432	10026550	283	0.0		0.999999619538993			nonpositive_local_h2	False
AMD	19	13	10050184	11674294	538	0.0002257916322966		0.690795720367876				True
AMD	19	14	11687195	13212128	349	7.94342582942477e-05		0.688242583603948				True
AMD	19	15	13225729	13960562	249	0.0008211278248507		0.0				True
AMD	19	16	13970625	14887596	268	0.0001213269725242		0.708126465682073				True
AMD	19	17	14893513	15649509	305	4.93089135872141e-05		0.0				True
AMD	19	18	15655168	16077272	325	6.03090778850921e-05		0.67347653133249				True
AMD	19	19	16084699	17041172	294	0.000403530814855		0.212678403258943				True
AMD	19	20	17046191	17739330	271	0.0004339230992812		0.175119786179531				True
AMD	19	21	17752689	18503019	300	0.0001581808924026		0.578542735598193				True
AMD	19	22	18512932	19746151	361	0.0		0.999999619538993			nonpositive_local_h2	False
AMD	19	23	19751456	20481452	184	0.0006306087701149		0.0086277956772785				True
AMD	19	24	20490028	21153079	124	9.48022367609606e-05		0.610501807978872				True
AMD	19	25	21158134	21821537	158	7.35384587195673e-05		0.504251126809797				True
AMD	19	26	21832567	22729318	262	9.3354703791969e-07		0.0				True
AMD	19	27	22730026	23468966	186	6.75222991545e-06		0.0				True
AMD	19	28	23484776	24505637	204	0.0		0.0			nonpositive_local_h2	False
AMD	19	29	27824088	28552413	170	0.0		0.0			nonpositive_local_h2	False
AMD	19	30	28556284	29388987	384	6.65010464091909e-05		0.0				True
AMD	19	31	29389111	30371748	480	0.0		0.999999341022206			nonpositive_local_h2	False
AMD	19	32	30376718	31760629	448	2.90405604880368e-05		0.907403834955837				True
AMD	19	33	31764851	33025354	438	0.0005954925454452		0.0504652688632176				True
AMD	19	34	33031719	33780483	297	0.0		0.999999619538993			nonpositive_local_h2	False
AMD	19	35	33789010	34627319	341	0.0008206047210079		0.0				True
AMD	19	36	34636572	35648365	329	0.0004838303290066		0.145099929510085				True
AMD	19	37	35650593	36621643	385	0.0004013228254713		0.0				True
AMD	19	38	36640319	38472722	504	0.0003309424458888		0.210915701545282				True
AMD	19	39	38474060	39369369	296	0.0002797152400215		0.289189267354542				True
AMD	19	40	39378804	40170103	298	0.0		0.999999534032333			nonpositive_local_h2	False
AMD	19	41	40173502	41004075	265	0.0003350379215623		0.0441467319149524				True
AMD	19	42	41004136	41732423	278	0.0012459706359326		0.0053955206628547				True
AMD	19	43	41734059	43285368	298	0.0003565767748455		0.177561643858787				True
AMD	19	44	43964028	45040449	466	0.0		0.999999619538993			nonpositive_local_h2	False
AMD	19	45	45042495	45876967	258	0.0063843459736232		0.0				True
AMD	19	46	45904759	46761026	303	0.0008587498466539		0.0190382342891744				True
AMD	19	47	46767173	47742310	299	0.001143927674574		0.00098764350078				True
AMD	19	48	47759873	48571072	319	0.0003082725328121		0.330363637716636				True
AMD	19	49	48578889	49410191	338	0.0007168346043412		0.0				True
AMD	19	50	49416456	50451508	348	0.0016003619717972		0.0511660610157625				True
AMD	19	51	50453317	51254550	237	0.0006108666170254		0.0074006155709449				True
AMD	19	52	51260687	51899747	338	0.0012703382576642		0.0043276771918198				True
AMD	19	53	51903884	52678171	424	0.0		0.0			nonpositive_local_h2	False
AMD	19	54	52679063	53420358	300	0.0005217804384731		0.0946245843141122				True
AMD	19	55	53431994	54040412	291	0.0		0.999999239077987			nonpositive_local_h2	False
AMD	19	56	54043068	54596619	169	7.56530032499332e-05		0.787851123700456				True
AMD	19	57	54604319	55182696	252	0.0		0.0			nonpositive_local_h2	False
AMD	19	58	55186255	55710074	191	0.0		0.0			nonpositive_local_h2	False
AMD	19	59	55721241	56410340	303	0.0007387344422116		0.0595439758392447				True
AMD	19	60	56411757	57137038	349	0.0019325913401341		0.0				True
AMD	19	61	57158194	57956828	351	1.44839487556117e-05		0.0				True
AMD	19	62	57961219	59095126	468	7.70949177857432e-05		0.689528715218106				True
AMD	20	1	61795	884070	422	0.0		0.999999461946885			nonpositive_local_h2	False
AMD	20	2	886002	1771284	552	0.0001747440218153		0.555947181709411				True
AMD	20	3	1776193	2667729	554	0.0001513463444286		0.0				True
AMD	20	4	2677566	3735601	421	0.0		0.0			nonpositive_local_h2	False
AMD	20	5	3741800	4591715	451	0.0001042566718666		0.640492919776609				True
AMD	20	6	4593976	5378864	424	0.0008091128992875		0.0				True
AMD	20	7	5379548	6128223	398	2.79194823394789e-05		0.924498697509198				True
AMD	20	8	6128868	7230441	518	0.0002481612140862		0.239135305284027				True
AMD	20	9	7232828	7959777	343	2.54382695725668e-05		0.92250259393817				True
AMD	20	10	7960865	9278451	690	0.0		0.0			nonpositive_local_h2	False
AMD	20	11	9288522	10277621	574	0.0		0.999999461946885			nonpositive_local_h2	False
AMD	20	12	10279797	11255390	515	1.5261846097018e-05		0.968468107238931				True
AMD	20	13	11257091	12346236	502	0.0004430524163393		0.0				True
AMD	20	14	12358420	13199299	497	0.0		0.999999341022206			nonpositive_local_h2	False
AMD	20	15	13205338	14194579	340	0.0		0.999999730973442			nonpositive_local_h2	False
AMD	20	16	14205048	15237895	485	0.0		0.0			nonpositive_local_h2	False
AMD	20	17	15245334	15961689	452	0.0005469336959965		0.0				True
AMD	20	18	15965919	16660162	540	0.0002406428103767		0.0				True
AMD	20	19	16664558	17358778	407	0.0008046848006905		0.0300260926985524				True
AMD	20	20	17360298	18058178	413	0.0002749851545048		0.0				True
AMD	20	21	18063552	18959197	398	0.0002031513638297		0.0				True
AMD	20	22	18959491	19953719	604	0.000279760306384		0.187805967660489				True
AMD	20	23	19958000	21679930	597	0.0004603255031073		0.215224615994671				True
AMD	20	24	21714807	22779467	360	0.0		0.999999730973442			nonpositive_local_h2	False
AMD	20	25	22780999	23808324	500	0.0		0.999999461946885			nonpositive_local_h2	False
AMD	20	26	23811039	24487003	248	0.0		0.999999619538993			nonpositive_local_h2	False
AMD	20	27	24488084	25178119	314	0.0		0.999999461946885			nonpositive_local_h2	False
AMD	20	28	25181074	26289925	214	0.0		0.999999809769497			nonpositive_local_h2	False
AMD	20	29	29529825	30567677	224	7.06322514281925e-05		0.414624077127338				True
AMD	20	30	30569865	32482632	598	0.0001853803869866		0.385592215033558				True
AMD	20	31	32485650	33887983	438	0.0002423476106898		0.0				True
AMD	20	32	33890061	35986653	409	0.0		0.999999461946885			nonpositive_local_h2	False
AMD	20	33	35990792	37253191	491	0.0004429799538226		0.271387570362243				True
AMD	20	34	37253950	38426442	445	0.0		0.999999534032333			nonpositive_local_h2	False
AMD	20	35	38428911	40267070	656	0.0014589735610206		0.0022901243621066				True
AMD	20	36	40274626	41351028	627	2.7967883944041e-05		0.897647499575547				True
AMD	20	37	41353289	42185536	349	0.0001106995093002		0.703261957103299				True
AMD	20	38	42187297	43005015	392	0.0002162488933473		0.0				True
AMD	20	39	43010825	44072196	386	0.0		0.999999149263327			nonpositive_local_h2	False
AMD	20	40	44072226	45673584	720	0.0013483801377047		0.0014697941835162				True
AMD	20	41	45674219	46484678	313	0.0004300823790936		0.0				True
AMD	20	42	46486174	47201039	395	0.0003863202155688		0.24386292801107				True
AMD	20	43	47209445	48210099	442	0.0003831120507533		0.0680005293904077				True
AMD	20	44	48220012	49232359	409	0.0		0.999999341022206			nonpositive_local_h2	False
AMD	20	45	49236478	50648464	643	9.03986990726913e-05		0.709183022252292				True
AMD	20	46	50657049	51533441	358	0.0		0.999999461946885			nonpositive_local_h2	False
AMD	20	47	51535828	52409008	414	0.0007545391312224		0.0257520901086809				True
AMD	20	48	52412710	53109839	364	0.0005782789241836		0.0995821221833125				True
AMD	20	49	53124595	53878373	328	8.55106461156473e-05		0.508943030985692				True
AMD	20	50	53883417	54741135	384	0.0		0.0			nonpositive_local_h2	False
AMD	20	51	54744138	55445097	343	0.0		0.0			nonpositive_local_h2	False
AMD	20	52	55450623	56169863	430	0.0004879284117316		0.0716089797341464				True
AMD	20	53	56175752	56942557	407	0.002986474952851		1.53284943770424e-05				True
AMD	20	54	56953293	57921566	445	0.0		0.999999239077987			nonpositive_local_h2	False
AMD	20	55	57924354	58780147	386	0.0008870034526516		0.0497952616580625				True
AMD	20	56	58784498	59559536	449	0.0007353098031706		0.0354715709765696				True
AMD	20	57	59562538	60120633	346	0.0006799624351416		0.0516343561945504				True
AMD	20	58	60126157	60765422	307	0.0		0.0			nonpositive_local_h2	False
AMD	20	59	60766599	61470725	292	0.0		0.999999619538993			nonpositive_local_h2	False
AMD	20	60	61472073	62173925	304	1.0176843067859e-05		0.0				True
AMD	20	61	62180117	62912463	296	0.0004154438528178		0.186879505043692				True
AMD	21	1	15203801	15833826	245	0.0002264364923926		0.0				True
AMD	21	2	15845052	16869936	478	1.60073992912472e-05		0.0				True
AMD	21	3	16883021	18220019	400	0.0011446006658738		0.0008076322210232				True
AMD	21	4	18224738	19478147	481	7.97304224859894e-05		0.748072207366119				True
AMD	21	5	19481308	20406410	469	3.26705702942376e-05		0.874354654327852				True
AMD	21	6	20410051	21624371	482	0.0008613584899048		0.0043780643694973				True
AMD	21	7	21636664	22201791	287	8.92218543270637e-05		0.696297893393714				True
AMD	21	8	22203055	23266339	515	0.0		0.0			nonpositive_local_h2	False
AMD	21	9	23267032	24048803	290	0.0001157368464145		0.689021929094195				True
AMD	21	10	24057868	25241036	503	0.0		0.999999341022206			nonpositive_local_h2	False
AMD	21	11	25253339	26464530	510	0.0		0.999999461946885			nonpositive_local_h2	False
AMD	21	12	26476184	27772077	484	0.0004217479084499		0.0844088610987378				True
AMD	21	13	27774870	28611275	504	2.62703790061074e-05		0.892969117805625				True
AMD	21	14	28620731	29449806	363	0.0002879189647753		0.0				True
AMD	21	15	29451195	30847259	581	0.0		0.999999619538993			nonpositive_local_h2	False
AMD	21	16	30868064	32200972	495	0.0		0.0			nonpositive_local_h2	False
AMD	21	17	32202309	33259510	427	0.0		0.0			nonpositive_local_h2	False
AMD	21	18	33273162	34381769	513	0.0		0.0			nonpositive_local_h2	False
AMD	21	19	34383849	35726754	551	0.000754255070714		0.0				True
AMD	21	20	35729280	37302308	723	0.0		0.0			nonpositive_local_h2	False
AMD	21	21	37307002	38042539	375	8.89556490356796e-05		0.0				True
AMD	21	22	38047345	39251602	560	0.0001780192820675		0.616867452746041				True
AMD	21	23	39253134	40473899	659	0.000221515579218		0.0				True
AMD	21	24	40484010	41344565	506	0.0004297884226452		0.061578649161873				True
AMD	21	25	41344753	42183983	511	0.0		0.999999461946885			nonpositive_local_h2	False
AMD	21	26	42187416	43081222	453	0.000490819599318		0.0527539119970496				True
AMD	21	27	43081619	43810084	528	0.0		0.999998796876658			nonpositive_local_h2	False
AMD	21	28	43813530	44810802	542	5.19208966547458e-05		0.81125555839763				True
AMD	21	29	44815113	46042282	439	0.0006079936447659		0.0				True
AMD	21	30	46046919	47007320	503	0.0001005950468742		0.757775539961271				True
AMD	21	31	47015512	48090629	491	0.0		0.999999619538993			nonpositive_local_h2	False
AMD	22	1	16886873	17586471	185	0.0001679532819264		0.468212340877418				True
AMD	22	2	17587680	18533434	468	5.84243386769306e-05		0.835556127888198				True
AMD	22	3	18537041	19634330	372	0.0		0.999999619538993			nonpositive_local_h2	False
AMD	22	4	19636858	20966547	465	0.0002834995248059		0.234301787590531				True
AMD	22	5	20970175	22402103	436	0.0		0.0			nonpositive_local_h2	False
AMD	22	6	22413165	23060694	191	0.0		0.999999534032333			nonpositive_local_h2	False
AMD	22	7	23249040	23950646	310	0.0		0.999999461946885			nonpositive_local_h2	False
AMD	22	8	23951753	25275393	467	0.0001151153205588		0.795934244520146				True
AMD	22	9	25283602	26164413	272	0.0001907715352707		0.451002448852112				True
AMD	22	10	26167085	27191942	705	0.0001916834311349		0.706622978760514				True
AMD	22	11	27198719	27951176	636	0.0		0.0			nonpositive_local_h2	False
AMD	22	12	27953418	29454477	453	0.0007336532653806		0.0288819006820108				True
AMD	22	13	29457622	30961645	557	0.0		0.0			nonpositive_local_h2	False
AMD	22	14	30970972	31904170	319	0.0001838034648379		0.226661077165472				True
AMD	22	15	31905703	32657397	259	0.0005672364761134		0.0				True
AMD	22	16	32663153	33501556	531	0.0023017108047936		0.0020174600886485				True
AMD	22	17	33501743	34361131	485	0.0		0.0			nonpositive_local_h2	False
AMD	22	18	34365442	35366230	497	0.000552100523276		0.0413594495316019				True
AMD	22	19	35369739	36132832	391	0.0		0.999999461946885			nonpositive_local_h2	False
AMD	22	20	36136945	37363964	531	0.0001500772889794		0.624688328054832				True
AMD	22	21	37365274	38715222	623	0.0020479358829567		0.0005725922954322				True
AMD	22	22	38719189	40363778	541	0.0017416061138538		0.0011890674886334				True
AMD	22	23	40388308	41720697	339	0.0		0.999999809769497			nonpositive_local_h2	False
AMD	22	24	41722864	42867898	343	6.30472169077853e-05		0.612795153480195				True
AMD	22	25	42869453	43573946	287	0.0		0.0			nonpositive_local_h2	False
AMD	22	26	43575616	44409176	493	0.0006704931501426		0.0828259975521004				True
AMD	22	27	44409993	45169376	489	0.0016255613558899		0.0001357511067701				True
AMD	22	28	45171729	46347922	631	0.0001734974043057		0.562721200774453				True
AMD	22	29	46362396	47296574	383	0.0006035088985967		0.0058878869578483				True
AMD	22	30	47301789	48257296	541	0.0001341624337387		0.607267807196043				True
AMD	22	31	48270745	48968698	494	0.0003897945623675		0.194712836528093				True
AMD	22	32	48988885	49550794	400	0.0		0.0			nonpositive_local_h2	False
AMD	22	33	49559351	50333415	473	0.0001156601637151		0.0				True
AMD	22	34	50350971	51219006	300	0.0002844374172524		0.25587109160101				True
POAG	1	1	754182	1366830	125	0.0001337644167009		0.0845493569241901				True
POAG	1	2	1421531	2211849	201	0.0001364178271867		0.0				True
POAG	1	3	2220649	2981841	246	0.0		0.0			nonpositive_local_h2	False
POAG	1	4	2984087	3580574	228	0.00030087895175		0.248666842426749				True
POAG	1	5	3586250	4281458	254	0.0		0.0			nonpositive_local_h2	False
POAG	1	6	4282786	4773266	374	0.0		0.0			nonpositive_local_h2	False
POAG	1	7	4774438	5362345	395	0.0		0.0			nonpositive_local_h2	False
POAG	1	8	5364634	6129835	349	0.0		0.999999461946885			nonpositive_local_h2	False
POAG	1	9	6139744	7711758	642	0.0		0.999999239077987			nonpositive_local_h2	False
POAG	1	10	7712132	8580960	289	0.0007402731098395		0.0				True
POAG	1	11	8581015	9466803	333	0.0		0.0			nonpositive_local_h2	False
POAG	1	12	9483388	10750432	349	1.40122674832761e-05		0.0				True
POAG	1	13	10757199	11706791	288	7.76820822653507e-05		0.479281674027155				True
POAG	1	14	11710561	12868019	435	0.0		0.0			nonpositive_local_h2	False
POAG	1	15	13782197	14719847	522	0.0003707935484649		0.215072849628593				True
POAG	1	16	14721450	15754484	547	0.0		0.999999461946885			nonpositive_local_h2	False
POAG	1	17	15757044	16729700	370	0.0		0.0			nonpositive_local_h2	False
POAG	1	18	16732860	17557657	190	0.0		0.999999730973442			nonpositive_local_h2	False
POAG	1	19	17557837	18425983	415	0.0		0.999999341022206			nonpositive_local_h2	False
POAG	1	20	18429437	19237107	460	0.0		0.999999239077987			nonpositive_local_h2	False
POAG	1	21	19246539	20556029	569	0.0		0.999999619538993			nonpositive_local_h2	False
POAG	1	22	20556762	21410231	387	7.71312370042836e-05		0.500175739239394				True
POAG	1	23	21416435	22141983	283	0.0001002815974063		0.488051220917954				True
POAG	1	24	22147077	22739168	279	0.0		0.999996661468217			nonpositive_local_h2	False
POAG	1	25	22740365	23904345	384	0.0		0.999999149263327			nonpositive_local_h2	False
POAG	1	26	23927929	25860915	652	6.09733042008958e-05		0.654251953478334				True
POAG	1	27	25889422	27971502	631	7.19343773427091e-05		0.0				True
POAG	1	28	28011854	29185093	241	0.0		0.999999730973442			nonpositive_local_h2	False
POAG	1	29	29190138	30405167	471	0.0		0.999999461946885			nonpositive_local_h2	False
POAG	1	30	30405460	31633308	596	0.0001383946543952		0.0				True
POAG	1	31	31650749	33066299	378	8.4357679256679e-05		0.484977603583159				True
POAG	1	32	33068754	34370091	487	0.0004623064117074		0.0				True
POAG	1	33	34375199	35190138	422	0.0		0.0			nonpositive_local_h2	False
POAG	1	34	35205742	36847766	230	0.000323137600453		0.0275633564426821				True
POAG	1	35	36858145	38465315	667	0.0006803467128311		0.0090989093981178				True
POAG	1	36	38476519	40199854	575	0.0		0.0			nonpositive_local_h2	False
POAG	1	37	40203722	41093830	300	0.0		0.999999461946885			nonpositive_local_h2	False
POAG	1	38	41093908	41976017	338	7.47276211170794e-05		0.0				True
POAG	1	39	41984658	43507898	530	0.0002401657310146		0.246931924504259				True
POAG	1	40	43518830	45167143	630	0.0001452730389547		0.0				True
POAG	1	41	45175925	47234335	606	0.0001146165642673		0.55075623285707				True
POAG	1	42	47259138	48105228	327	0.0		0.999999619538993			nonpositive_local_h2	False
POAG	1	43	48106092	49178446	442	0.0001476067246007		0.363053462180418				True
POAG	1	44	49189775	51763952	477	0.0		0.999999730973442			nonpositive_local_h2	False
POAG	1	45	51781211	53112410	237	0.0		0.999999730973442			nonpositive_local_h2	False
POAG	1	46	53114318	54769756	602	0.0005025570950932		0.046260457077966				True
POAG	1	47	54775203	55725200	394	0.0		0.999999461946885			nonpositive_local_h2	False
POAG	1	48	55727195	56798123	550	0.0		0.999999398438329			nonpositive_local_h2	False
POAG	1	49	56799799	57529551	362	0.0		0.0			nonpositive_local_h2	False
POAG	1	50	57529790	58387094	472	0.0		0.999999619538993			nonpositive_local_h2	False
POAG	1	51	58387807	59883358	730	0.0		0.999998993394793			nonpositive_local_h2	False
POAG	1	52	59891290	61376228	555	0.000431975826828		0.0905996616478256				True
POAG	1	53	61382409	62774288	611	0.0		0.0			nonpositive_local_h2	False
POAG	1	54	62782503	64343627	640	0.0		0.999999619538993			nonpositive_local_h2	False
POAG	1	55	64345659	65892888	647	0.0001584665991421		0.394752427924139				True
POAG	1	56	65894342	66776954	344	0.0		0.999999534032333			nonpositive_local_h2	False
POAG	1	57	66778275	67760140	528	2.58535235593493e-05		0.811844361746107				True
POAG	1	58	67769006	68631792	407	0.0		0.0			nonpositive_local_h2	False
POAG	1	59	68634642	69435479	269	0.0004541825988227		0.0691617504385796				True
POAG	1	60	69442664	70992015	510	0.0		0.999999149263327			nonpositive_local_h2	False
POAG	1	61	70993695	72512391	485	6.18266622644296e-05		0.703648674427295				True
POAG	1	62	72515717	73989854	328	0.0		0.999999809769497			nonpositive_local_h2	False
POAG	1	63	73993804	75127372	359	0.0		0.999999619538993			nonpositive_local_h2	False
POAG	1	64	75138762	76094234	342	0.0		0.999999730973442			nonpositive_local_h2	False
POAG	1	65	76105757	76976522	399	0.0		0.999999619538993			nonpositive_local_h2	False
POAG	1	66	76978477	77889505	423	0.0		0.999999341022206			nonpositive_local_h2	False
POAG	1	67	77895517	79065052	330	0.0		0.999999341022206			nonpositive_local_h2	False
POAG	1	68	79067549	80087456	374	0.0		0.999998454560086			nonpositive_local_h2	False
POAG	1	69	80101805	80772071	271	0.0		0.999999730973442			nonpositive_local_h2	False
POAG	1	70	80782665	82120122	579	0.0		0.999999461946885			nonpositive_local_h2	False
POAG	1	71	82123485	83461181	579	0.0001381779437321		0.460974588827046				True
POAG	1	72	83464725	84723109	481	0.0		0.0			nonpositive_local_h2	False
POAG	1	73	84728665	86014249	595	3.10237160012919e-05		0.820392403593317				True
POAG	1	74	86017278	86760937	335	0.0002904967247223		0.0284042884568224				True
POAG	1	75	86769951	87663215	311	0.0		0.0			nonpositive_local_h2	False
POAG	1	76	87667705	88651771	384	0.0006637963967481		0.0089022310345918				True
POAG	1	77	88657007	89748907	310	9.97483925650583e-05		0.431001803652527				True
POAG	1	78	89759219	90940570	409	0.0		0.0			nonpositive_local_h2	False
POAG	1	79	90943526	91867046	348	0.0		0.999999534032333			nonpositive_local_h2	False
POAG	1	80	91872374	92904381	441	0.0002050341832461		0.0				True
POAG	1	81	92924057	94160787	307	0.0001029575955746		0.449696817148085				True
POAG	1	82	94174519	95122518	426	0.0		0.999999341022206			nonpositive_local_h2	False
POAG	1	83	95123749	96146782	482	5.12370141852661e-05		0.743734069315811				True
POAG	1	84	96151539	97720465	626	0.0		0.999999619538993			nonpositive_local_h2	False
POAG	1	85	97721392	99424931	640	1.0408712424301e-05		0.934462547503008				True
POAG	1	86	99425374	100268991	339	3.23709141396772e-05		0.81726046094127				True
POAG	1	87	100271638	101188192	291	0.0008847230032225		0.0002477733646362				True
POAG	1	88	101198708	102417093	540	0.0		0.999999619538993			nonpositive_local_h2	False
POAG	1	89	102425278	103145383	227	0.0001761413750174		0.626420319305551				True
POAG	1	90	103150463	103764640	205	0.0005530030907472		0.0003939572936686				True
POAG	1	91	104017778	104980964	220	0.0		0.0			nonpositive_local_h2	False
POAG	1	92	104986052	106089142	336	3.26576200894152e-05		0.813612176673645				True
POAG	1	93	106091316	106861495	206	1.94250771408118e-05		0.769222419830797				True
POAG	1	94	106865224	107873815	383	0.0		0.0			nonpositive_local_h2	False
POAG	1	95	107874776	109271037	536	4.47127275539893e-05		0.737844336983723				True
POAG	1	96	109273610	110215178	377	0.0		0.0			nonpositive_local_h2	False
POAG	1	97	110233147	111131424	414	6.53141680020047e-05		0.6880964962298				True
POAG	1	98	111137811	112488820	752	0.0		0.999999068064667			nonpositive_local_h2	False
POAG	1	99	112489832	113416122	364	0.0002584626160921		0.18147179841155				True
POAG	1	100	113418834	114662870	455	0.0		0.999999341022206			nonpositive_local_h2	False
POAG	1	101	114664584	116206423	620	0.0		0.999999619538993			nonpositive_local_h2	False
POAG	1	102	116207484	117043044	318	5.58307026653128e-05		0.800167270659777				True
POAG	1	103	117049676	118118636	361	0.0		0.999999288222632			nonpositive_local_h2	False
POAG	1	104	118118765	119406760	438	0.0		0.999999461946885			nonpositive_local_h2	False
POAG	1	105	119410215	120344900	353	0.0		0.999999534032333			nonpositive_local_h2	False
POAG	1	106	120347136	145730160	153	0.0		0.999999809769497			nonpositive_local_h2	False
POAG	1	107	146499296	147083744	275	0.0		0.0			nonpositive_local_h2	False
POAG	1	108	147086504	147826658	157	0.0001391424520232		0.0				True
POAG	1	109	149778729	151144891	335	0.0002003075018025		0.288470411692541				True
POAG	1	110	151150857	152534954	413	0.0		0.999999730973442			nonpositive_local_h2	False
POAG	1	111	152536784	153408831	421	0.0		0.999999619538993			nonpositive_local_h2	False
POAG	1	112	153416036	154685541	399	0.0		0.999999534032333			nonpositive_local_h2	False
POAG	1	113	154685607	156809206	613	0.0002556979873415		0.0				True
POAG	1	114	156818647	158074220	576	0.0		0.999999239077987			nonpositive_local_h2	False
POAG	1	115	158085565	158900275	376	0.0		0.999999730973442			nonpositive_local_h2	False
POAG	1	116	158901127	159880660	367	0.0002799594408498		0.288928152010683				True
POAG	1	117	159884109	161054054	497	0.0		0.999999239077987			nonpositive_local_h2	False
POAG	1	118	161057909	161943634	331	0.0		0.999999398438329			nonpositive_local_h2	False
POAG	1	119	161946727	163138501	645	0.0003816307648788		0.103018755243399				True
POAG	1	120	163142555	163854036	372	0.0001198968304097		0.470471837583065				True
POAG	1	121	163855085	164723835	351	6.92965974991126e-05		0.64592716548606				True
POAG	1	122	164729434	165550009	503	0.0		0.0			nonpositive_local_h2	False
POAG	1	123	165554575	166457774	387	0.0047848260762484		7.309949210598319e-11				True
POAG	1	124	166458160	167160959	434	0.0		0.0			nonpositive_local_h2	False
POAG	1	125	167168408	168169452	430	0.0		0.999999619538993			nonpositive_local_h2	False
POAG	1	126	168181725	169520688	651	2.64594530624359e-05		0.844432166774625				True
POAG	1	127	169521853	170192022	348	0.0		0.0			nonpositive_local_h2	False
POAG	1	128	170195231	171040083	308	0.0001405200311881		0.0				True
POAG	1	129	171045317	172464899	711	0.0007236911242052		0.0				True
POAG	1	130	172466509	173571432	332	0.0		0.999999398438329			nonpositive_local_h2	False
POAG	1	131	173586804	175381926	613	0.0002086681644108		0.47786871328095				True
POAG	1	132	175386594	176449033	365	0.0		0.999999461946885			nonpositive_local_h2	False
POAG	1	133	176452220	177745454	549	4.0378525533195e-06		0.969013207492051				True
POAG	1	134	177747199	178913271	469	0.0001232975815667		0.278537996298367				True
POAG	1	135	178920026	180221084	586	0.0		0.999999619538993			nonpositive_local_h2	False
POAG	1	136	180225223	181322837	435	0.0		0.999999730973442			nonpositive_local_h2	False
POAG	1	137	181329186	182420448	489	0.0001124206869626		0.555125856304962				True
POAG	1	138	182422667	183918820	562	2.98914282854545e-05		0.740071515677573				True
POAG	1	139	183922435	184953041	449	0.0003838667314629		0.0085260949625109				True
POAG	1	140	184953113	186178238	328	0.0001436916191564		0.0				True
POAG	1	141	186181646	187070355	314	0.0		0.0			nonpositive_local_h2	False
POAG	1	142	187072660	187755025	312	0.0		0.999999730973442			nonpositive_local_h2	False
POAG	1	143	187758485	188624613	360	0.0		0.0			nonpositive_local_h2	False
POAG	1	144	188626346	189903497	328	0.0		0.0			nonpositive_local_h2	False
POAG	1	145	189905175	191409975	541	0.0		0.0			nonpositive_local_h2	False
POAG	1	146	191420660	192462574	332	5.46120940052856e-05		0.461980495331391				True
POAG	1	147	192478874	193564821	329	0.0		0.999999398438329			nonpositive_local_h2	False
POAG	1	148	193583192	194365120	275	0.0		0.0			nonpositive_local_h2	False
POAG	1	149	194368842	195157535	273	0.0		0.999997249869517			nonpositive_local_h2	False
POAG	1	150	195164692	196172936	374	0.0		0.999999461946885			nonpositive_local_h2	False
POAG	1	151	196180201	197929497	429	0.0		0.0			nonpositive_local_h2	False
POAG	1	152	197938330	199260653	425	0.0		0.999999534032333			nonpositive_local_h2	False
POAG	1	153	199265270	200132084	363	0.0		0.999999534032333			nonpositive_local_h2	False
POAG	1	154	200135564	201067784	416	0.0001243303272597		0.329001124788003				True
POAG	1	155	201068298	202570776	730	0.000168210331211		0.0				True
POAG	1	156	202590813	204082938	622	0.0002938104807667		0.192460834760492				True
POAG	1	157	204094781	205004999	482	0.0		0.0			nonpositive_local_h2	False
POAG	1	158	205011659	205917503	447	0.0001806207254793		0.2926308350657				True
POAG	1	159	205921352	208158787	621	0.0		0.0			nonpositive_local_h2	False
POAG	1	160	208163349	209708608	749	0.0		0.0			nonpositive_local_h2	False
POAG	1	161	209712889	211082285	687	3.98796734033853e-05		0.877133358269713				True
POAG	1	162	211088400	212347352	420	0.0		0.999998993394793			nonpositive_local_h2	False
POAG	1	163	212348372	213953479	624	0.0		0.0			nonpositive_local_h2	False
POAG	1	164	213959095	214774522	396	0.0		0.0			nonpositive_local_h2	False
POAG	1	165	214786437	215825167	337	0.0		0.0			nonpositive_local_h2	False
POAG	1	166	215828499	216657848	415	1.9573319730808e-05		0.0				True
POAG	1	167	216665455	217352068	508	0.0		0.999999619538993			nonpositive_local_h2	False
POAG	1	168	217352414	218562868	544	0.0		0.999997052961715			nonpositive_local_h2	False
POAG	1	169	218573741	220069860	618	0.0007925586030759		0.0002098989244146				True
POAG	1	170	220075257	220977965	300	0.0		0.999999619538993			nonpositive_local_h2	False
POAG	1	171	220979247	221855988	321	0.0		0.0			nonpositive_local_h2	False
POAG	1	172	221860183	222763026	365	0.0		0.999999398438329			nonpositive_local_h2	False
POAG	1	173	222766609	223653432	298	0.0001389068424428		0.0				True
POAG	1	174	223655061	224942850	438	0.0		0.0			nonpositive_local_h2	False
POAG	1	175	224945297	226523560	492	0.0		0.0			nonpositive_local_h2	False
POAG	1	176	226539750	228045508	667	0.0002901135653521		0.0				True
POAG	1	177	228045748	229074968	333	0.0		0.999999534032333			nonpositive_local_h2	False
POAG	1	178	229076758	230221165	441	0.0		0.999999619538993			nonpositive_local_h2	False
POAG	1	179	230228980	231285646	631	0.0		0.0			nonpositive_local_h2	False
POAG	1	180	231290987	232177487	372	0.0		0.999999619538993			nonpositive_local_h2	False
POAG	1	181	232180343	232953612	423	4.3053600570871e-05		0.7392580851761				True
POAG	1	182	232958333	233634596	334	0.0		0.0			nonpositive_local_h2	False
POAG	1	183	233643110	234365086	361	0.0		0.999999341022206			nonpositive_local_h2	False
POAG	1	184	234370099	235097045	406	6.68288561607326e-05		0.707343615473589				True
POAG	1	185	235099547	236198987	345	0.0		0.999999398438329			nonpositive_local_h2	False
POAG	1	186	236203911	237405093	631	0.0		0.0			nonpositive_local_h2	False
POAG	1	187	237411254	238094343	371	0.0		0.999999619538993			nonpositive_local_h2	False
POAG	1	188	238096886	238703197	262	0.0		0.999999619538993			nonpositive_local_h2	False
POAG	1	189	238705309	239327385	306	0.0		0.999999730973442			nonpositive_local_h2	False
POAG	1	190	239332553	240243920	420	0.0		0.999999461946885			nonpositive_local_h2	False
POAG	1	191	240249082	241016693	452	0.0002098579062019		0.415350550793352				True
POAG	1	192	241034693	241812995	435	0.0		0.999999619538993			nonpositive_local_h2	False
POAG	1	193	241813771	242416045	297	0.0		0.999999619538993			nonpositive_local_h2	False
POAG	1	194	242419232	243044002	320	0.0		0.999999730973442			nonpositive_local_h2	False
POAG	1	195	243054702	244722668	541	0.0		0.0			nonpositive_local_h2	False
POAG	1	196	244724092	245969011	556	0.0		0.0			nonpositive_local_h2	False
POAG	1	197	245973612	246603886	299	1.4481305354272e-05		0.854476809662394				True
POAG	1	198	246613039	247524963	365	7.84606011026825e-05		0.579210432403165				True
POAG	1	199	247535535	248340600	333	8.47887509617564e-05		0.497519293079192				True
POAG	1	200	248341792	249174682	174	6.31260599312665e-05		0.293828462749564				True
POAG	2	1	29443	788673	342	0.0		0.999999534032333			nonpositive_local_h2	False
POAG	2	2	792188	1376021	232	0.0002089509363228		0.0862932378729569				True
POAG	2	3	1376705	1871477	232	0.0		0.999999239077987			nonpositive_local_h2	False
POAG	2	4	1875792	2678138	387	0.0		0.0			nonpositive_local_h2	False
POAG	2	5	2685473	3311400	313	0.0		0.0			nonpositive_local_h2	False
POAG	2	6	3320502	4014874	368	2.91870844090355e-05		0.803287035689996				True
POAG	2	7	4018661	4758795	287	0.0		0.0			nonpositive_local_h2	False
POAG	2	8	4767683	5564064	316	0.0		0.999999730973442			nonpositive_local_h2	False
POAG	2	9	5570049	6306541	397	0.000120551053052		0.490483561276194				True
POAG	2	10	6307291	7107455	410	0.0		0.0			nonpositive_local_h2	False
POAG	2	11	7108212	7958572	376	0.0001032609366589		0.0				True
POAG	2	12	7966977	8978676	411	0.000205872508484		0.175533875058415				True
POAG	2	13	8979659	9957097	373	0.0		0.999999619538993			nonpositive_local_h2	False
POAG	2	14	9964947	10611211	341	0.0		0.999999341022206			nonpositive_local_h2	False
POAG	2	15	10612091	11229946	344	4.86259675638449e-06		0.964456306833398				True
POAG	2	16	11233323	11992128	287	0.0002294659514946		0.0				True
POAG	2	17	11996680	12729769	394	0.0		0.999999619538993			nonpositive_local_h2	False
POAG	2	18	12732821	13623160	325	0.000351833653105		0.0				True
POAG	2	19	13626114	14691935	389	0.0001198859468102		0.427374712915071				True
POAG	2	20	14692761	15719207	397	0.0001424251954218		0.270622272751784				True
POAG	2	21	15722503	17232378	621	4.4440137260246e-05		0.762549896403613				True
POAG	2	22	17247134	18656321	602	0.0001964714896952		0.370867637391962				True
POAG	2	23	18663811	20064337	666	0.0003149014837558		0.413372232401451				True
POAG	2	24	20067295	21084332	487	0.0		0.999999619538993			nonpositive_local_h2	False
POAG	2	25	21086693	22426074	297	0.0		0.0			nonpositive_local_h2	False
POAG	2	26	22430795	23527304	450	0.0		0.999999341022206			nonpositive_local_h2	False
POAG	2	27	23538632	24665131	395	0.0003209202008281		0.151324590822009				True
POAG	2	28	24672098	25893740	351	0.0		0.0			nonpositive_local_h2	False
POAG	2	29	25902823	26892931	298	0.0		0.999999239077987			nonpositive_local_h2	False
POAG	2	30	26897501	28818931	585	0.0		0.999999341022206			nonpositive_local_h2	False
POAG	2	31	28820641	29627861	435	1.40798637667243e-05		0.901799934078061				True
POAG	2	32	29637040	30564611	436	0.0		0.0			nonpositive_local_h2	False
POAG	2	33	30577757	31455227	486	0.0		0.999999619538993			nonpositive_local_h2	False
POAG	2	34	31459744	33122143	526	7.76744605990608e-05		0.570398977904933				True
POAG	2	35	33123726	33734126	324	0.0		0.999999149263327			nonpositive_local_h2	False
POAG	2	36	33736077	34238969	285	0.0		0.999999341022206			nonpositive_local_h2	False
POAG	2	37	34242891	34889395	277	0.0		0.0			nonpositive_local_h2	False
POAG	2	38	34891689	35606754	264	0.0		0.999999534032333			nonpositive_local_h2	False
POAG	2	39	35612621	36120658	267	8.77566550362273e-05		0.542399758780887				True
POAG	2	40	36120755	36862817	428	2.42025818720083e-06		0.983581444386299				True
POAG	2	41	36874250	37603248	295	0.0		0.0			nonpositive_local_h2	False
POAG	2	42	37603385	38881106	654	0.0003884945491197		0.0				True
POAG	2	43	38893660	40087025	304	0.0		0.999997814417913			nonpositive_local_h2	False
POAG	2	44	40089510	40783776	393	5.34628156158739e-05		0.634475952098916				True
POAG	2	45	40786281	41540405	274	0.0		0.999999534032333			nonpositive_local_h2	False
POAG	2	46	41540966	42307395	428	0.0		0.0			nonpositive_local_h2	False
POAG	2	47	42307450	43292832	451	9.39449532745672e-05		0.744474698176712				True
POAG	2	48	43299383	44104067	355	0.0		0.999999239077987			nonpositive_local_h2	False
POAG	2	49	44104925	45189011	490	0.0		0.0			nonpositive_local_h2	False
POAG	2	50	45189763	45844714	351	0.0		0.0			nonpositive_local_h2	False
POAG	2	51	45850077	46492759	453	0.0005141850162313		0.0				True
POAG	2	52	46502979	47319320	444	0.0		0.999999461946885			nonpositive_local_h2	False
POAG	2	53	47320846	48167631	316	0.0		0.999998993394793			nonpositive_local_h2	False
POAG	2	54	48174157	49112501	358	0.0		0.999999461946885			nonpositive_local_h2	False
POAG	2	55	49114231	49849103	386	7.57535755487053e-06		0.948357899266261				True
POAG	2	56	49849268	50754813	429	0.0		0.0			nonpositive_local_h2	False
POAG	2	57	50757671	51666313	404	0.0		0.999999461946885			nonpositive_local_h2	False
POAG	2	58	51673576	52490535	341	0.0		0.0			nonpositive_local_h2	False
POAG	2	59	52495799	53030336	307	0.0		0.999999461946885			nonpositive_local_h2	False
POAG	2	60	53034853	53852102	405	0.0		0.999999068064667			nonpositive_local_h2	False
POAG	2	61	53852235	54684557	332	0.0003176100188756		0.0				True
POAG	2	62	54690542	55662398	488	0.0		0.999999149263327			nonpositive_local_h2	False
POAG	2	63	55664121	56394464	304	0.0002903642549865		0.0				True
POAG	2	64	56394879	57428060	389	1.01460044494153e-05		0.897084423400343				True
POAG	2	65	57435578	57952870	221	0.0		0.999999670511103			nonpositive_local_h2	False
POAG	2	66	57961229	59242603	450	0.0		0.0			nonpositive_local_h2	False
POAG	2	67	59257567	60774773	710	6.16503821673123e-05		0.0				True
POAG	2	68	60783572	62418558	456	0.0		0.0			nonpositive_local_h2	False
POAG	2	69	62430208	63669625	374	2.21005427453747e-05		0.0				True
POAG	2	70	63678069	64693013	321	3.40517791142253e-05		0.775256018763262				True
POAG	2	71	64696502	65937745	472	9.00491509261645e-05		0.633764827176297				True
POAG	2	72	65938598	67223326	589	0.0007676593012425		0.0				True
POAG	2	73	67224057	67978287	442	0.0		0.999999619538993			nonpositive_local_h2	False
POAG	2	74	67985674	68869456	374	0.0		0.0			nonpositive_local_h2	False
POAG	2	75	68880436	70756057	782	7.51553307188652e-05		0.68260893031213				True
POAG	2	76	70757358	71382495	333	1.12903022624289e-06		0.993761248627892				True
POAG	2	77	71400203	72156426	319	0.0002334768101808		0.199585086305298				True
POAG	2	78	72161465	73542685	354	0.0		0.999999619538993			nonpositive_local_h2	False
POAG	2	79	73552542	75146521	508	2.26054805985338e-05		0.865458494654807				True
POAG	2	80	75148429	75940599	412	7.16116361849884e-05		0.672949068239607				True
POAG	2	81	75942725	76643267	277	0.0		0.999998363575335			nonpositive_local_h2	False
POAG	2	82	76649870	77360974	332	0.0		0.999999398438329			nonpositive_local_h2	False
POAG	2	83	77377167	78075083	235	7.24708363609735e-05		0.71418735914961				True
POAG	2	84	78085004	79013457	313	2.2947722765048e-05		0.794408240847683				True
POAG	2	85	79021429	79898937	531	0.0		0.0			nonpositive_local_h2	False
POAG	2	86	79902900	80736075	469	0.0		0.0			nonpositive_local_h2	False
POAG	2	87	80743194	81614229	268	0.0		0.999999730973442			nonpositive_local_h2	False
POAG	2	88	81623974	82941446	394	0.0		0.0			nonpositive_local_h2	False
POAG	2	89	82941825	84385564	396	4.74124513620809e-05		0.597253743201364				True
POAG	2	90	84400853	85990847	562	0.0		0.999999149263327			nonpositive_local_h2	False
POAG	2	91	85995648	86857824	364	0.0		0.0			nonpositive_local_h2	False
POAG	2	92	86872592	88541315	202	8.57883413906882e-05		0.521347101114328				True
POAG	2	93	88549952	90112745	153	5.27302749087729e-06		0.0				True
POAG	2	94	92051490	97333492	220	7.84246889678438e-05		0.410073111075292				True
POAG	2	95	97339781	98989062	309	1.56953900573348e-05		0.0				True
POAG	2	96	98989700	100195156	328	0.0		0.0			nonpositive_local_h2	False
POAG	2	97	100204049	101552095	548	0.0001830229551862		0.238967833749698				True
POAG	2	98	101557566	102481023	318	0.0001166110462232		0.469752703200529				True
POAG	2	99	102495917	103302367	461	0.0		0.999999730973442			nonpositive_local_h2	False
POAG	2	100	103313018	105118594	451	0.0		0.0			nonpositive_local_h2	False
POAG	2	101	105132332	106541229	669	4.28005798856836e-05		0.825168131201412				True
POAG	2	102	106550301	107411613	295	0.0		0.999999534032333			nonpositive_local_h2	False
POAG	2	103	107415763	108415702	372	0.0		0.999999730973442			nonpositive_local_h2	False
POAG	2	104	108422810	110096179	556	0.0		0.999998923893769			nonpositive_local_h2	False
POAG	2	105	110102339	112641666	448	0.0001004782920059		0.0				True
POAG	2	106	112649794	113925061	582	0.0		0.0			nonpositive_local_h2	False
POAG	2	107	113932431	115202256	359	3.63728720729066e-05		0.0				True
POAG	2	108	115203917	116415803	380	0.0		0.0			nonpositive_local_h2	False
POAG	2	109	116419064	117820944	403	0.0		0.999999730973442			nonpositive_local_h2	False
POAG	2	110	117822575	118649429	304	0.0		0.999996816834842			nonpositive_local_h2	False
POAG	2	111	118666409	119628722	410	0.0		0.999999619538993			nonpositive_local_h2	False
POAG	2	112	119639040	121070811	470	0.0007067973486367		0.0043054593992585				True
POAG	2	113	121081469	122007858	341	0.0005401207282796		0.0				True
POAG	2	114	122031769	123218071	367	0.0		0.999999534032333			nonpositive_local_h2	False
POAG	2	115	123224400	123929100	260	3.20337766711172e-05		0.680873470459582				True
POAG	2	116	123929932	124724550	282	0.0		0.999999809769497			nonpositive_local_h2	False
POAG	2	117	124739150	125669565	419	0.0		0.999999730973442			nonpositive_local_h2	False
POAG	2	118	125741700	126752882	316	0.0		0.0			nonpositive_local_h2	False
POAG	2	119	126757757	127895573	417	0.0		0.999999730973442			nonpositive_local_h2	False
POAG	2	120	127897320	129483106	545	0.0		0.999999239077987			nonpositive_local_h2	False
POAG	2	121	129488506	130483910	429	0.0		0.999999730973442			nonpositive_local_h2	False
POAG	2	122	130489419	131756501	179	0.0		0.999998363575335			nonpositive_local_h2	False
POAG	2	123	131763953	132595263	134	5.18120530104801e-05		0.478841812451733				True
POAG	2	124	132637483	133351703	162	0.0		0.999999670511103			nonpositive_local_h2	False
POAG	2	125	133353827	134356844	418	0.0		0.0			nonpositive_local_h2	False
POAG	2	126	134363032	135158254	433	0.0		0.999999461946885			nonpositive_local_h2	False
POAG	2	127	135160755	137059906	512	9.71014261198739e-05		0.137868525262768				True
POAG	2	128	137061077	138073500	471	0.0002810738801822		0.0935281118211934				True
POAG	2	129	138073795	139505771	471	0.0001080730323554		0.487355623023906				True
POAG	2	130	139505868	140931289	528	0.0		0.0			nonpositive_local_h2	False
POAG	2	131	140934990	141801011	384	0.0		0.999999534032333			nonpositive_local_h2	False
POAG	2	132	141803496	142491507	347	0.0		0.0			nonpositive_local_h2	False
POAG	2	133	142495019	143247203	348	0.0		0.999999534032333			nonpositive_local_h2	False
POAG	2	134	143261959	144503445	413	1.82278333801176e-05		0.870773444993704				True
POAG	2	135	144503694	145976895	370	0.0		0.0			nonpositive_local_h2	False
POAG	2	136	145977991	147242774	309	0.0001845131027302		0.196864818095119				True
POAG	2	137	147262273	149568729	573	4.75523663560099e-05		0.597912553955893				True
POAG	2	138	149573090	151424784	557	0.0		0.999999619538993			nonpositive_local_h2	False
POAG	2	139	151429031	152496526	456	0.0001903500824806		0.111330643214439				True
POAG	2	140	152499580	153999220	556	0.0006733004550239		0.0				True
POAG	2	141	154002152	155206097	466	0.0		0.999999461946885			nonpositive_local_h2	False
POAG	2	142	155211804	156130909	327	0.0		0.999999730973442			nonpositive_local_h2	False
POAG	2	143	156132155	157552987	439	0.0		0.999999619538993			nonpositive_local_h2	False
POAG	2	144	157565192	159038336	334	0.0		0.999999341022206			nonpositive_local_h2	False
POAG	2	145	159044007	160186901	482	0.000130922577407		0.542804418691788				True
POAG	2	146	160201955	161431604	454	0.0001889855178047		0.0627666514878887				True
POAG	2	147	161437218	163604529	587	0.0		0.999999461946885			nonpositive_local_h2	False
POAG	2	148	163623169	164701057	268	0.0		0.0			nonpositive_local_h2	False
POAG	2	149	164703935	165913564	382	0.0003400242344833		0.0304819486067273				True
POAG	2	150	165926663	167484730	622	0.0		0.999999461946885			nonpositive_local_h2	False
POAG	2	151	167490384	168427789	243	0.0		0.999999730973442			nonpositive_local_h2	False
POAG	2	152	168438360	169224341	343	0.0		0.999999461946885			nonpositive_local_h2	False
POAG	2	153	169224527	170155322	427	1.12181644268669e-05		0.933613196265741				True
POAG	2	154	170156880	170863922	256	0.0		0.0			nonpositive_local_h2	False
POAG	2	155	170865808	171565049	365	0.0		0.0			nonpositive_local_h2	False
POAG	2	156	171566925	172495507	299	0.0		0.999999534032333			nonpositive_local_h2	False
POAG	2	157	172510069	173287832	307	3.60065765771834e-05		0.754029935615346				True
POAG	2	158	173289239	174117020	339	0.0		0.999999398438329			nonpositive_local_h2	False
POAG	2	159	174120039	174926751	327	0.0		0.0			nonpositive_local_h2	False
POAG	2	160	174928385	176734022	609	0.0		0.999999461946885			nonpositive_local_h2	False
POAG	2	161	176735728	178149364	588	0.0		0.999994242580244			nonpositive_local_h2	False
POAG	2	162	178151626	179216367	431	0.0		0.0			nonpositive_local_h2	False
POAG	2	163	179226290	180335921	390	0.0001127104294508		0.0				True
POAG	2	164	180336583	181308939	465	0.0		0.999997052961715			nonpositive_local_h2	False
POAG	2	165	181310516	182305424	358	0.0		0.999999619538993			nonpositive_local_h2	False
POAG	2	166	182308352	183351622	352	2.45200157472754e-05		0.861359822895871				True
POAG	2	167	183352830	184143715	290	0.0		0.0			nonpositive_local_h2	False
POAG	2	168	184159036	184863746	195	0.0		0.999999670511103			nonpositive_local_h2	False
POAG	2	169	184868938	186240504	378	0.0		0.999999534032333			nonpositive_local_h2	False
POAG	2	170	186249405	187496919	334	0.0		0.999998628228333			nonpositive_local_h2	False
POAG	2	171	187498107	188893936	349	0.0002339593186494		0.0580708346649754				True
POAG	2	172	188896397	189882065	228	0.0001339027226962		0.0				True
POAG	2	173	189882720	191048278	271	0.000207464915578		0.0795386740022353				True
POAG	2	174	191051980	193031842	643	0.0		0.999999149263327			nonpositive_local_h2	False
POAG	2	175	193035023	195299325	357	0.0		0.999999619538993			nonpositive_local_h2	False
POAG	2	176	195300730	196442418	292	0.0		0.999999730973442			nonpositive_local_h2	False
POAG	2	177	196448961	198139103	540	0.0		0.0			nonpositive_local_h2	False
POAG	2	178	198142210	199646763	445	0.0		0.0			nonpositive_local_h2	False
POAG	2	179	199666111	201323885	427	0.0001139931022574		0.0				True
POAG	2	180	201329124	202501448	424	8.61989632145541e-06		0.919711288721409				True
POAG	2	181	202509606	203636012	383	0.0001251359000042		0.359968205638628				True
POAG	2	182	203639839	205036596	377	0.0		0.999999461946885			nonpositive_local_h2	False
POAG	2	183	205041492	206814829	751	0.0002113956879638		0.254932566165934				True
POAG	2	184	206821290	207726297	356	0.0		0.0			nonpositive_local_h2	False
POAG	2	185	207732113	208671911	385	0.0		0.999999619538993			nonpositive_local_h2	False
POAG	2	186	208684341	209936469	388	9.64961451243225e-05		0.375668409974447				True
POAG	2	187	209942078	210825251	260	1.40884350099476e-05		0.0				True
POAG	2	188	210845934	212508093	663	0.0		0.999998682044413			nonpositive_local_h2	False
POAG	2	189	212521325	213194322	305	0.0001284310834994		0.597529817450865				True
POAG	2	190	213194405	214040425	360	0.0002185503538605		0.343661427167113				True
POAG	2	191	214047628	215001226	261	0.0		0.999999809769497			nonpositive_local_h2	False
POAG	2	192	215009358	215893773	342	0.0		0.999998993394793			nonpositive_local_h2	False
POAG	2	193	215900087	217563445	696	7.5489313383505e-05		0.649304975004506				True
POAG	2	194	217567718	218392555	370	0.0001667396508603		0.223874182345179				True
POAG	2	195	218396778	219671598	469	0.0		0.0			nonpositive_local_h2	False
POAG	2	196	219681601	220770159	380	0.0001033348332258		0.0				True
POAG	2	197	220771575	221442745	347	0.0002259891493154		0.25899686164562				True
POAG	2	198	221445218	222325598	372	0.0		0.0			nonpositive_local_h2	False
POAG	2	199	222330122	223353778	395	5.2588570399066e-06		0.0				True
POAG	2	200	223354153	224121118	334	0.0		0.999998256508638			nonpositive_local_h2	False
POAG	2	201	224140247	224932899	261	0.0		0.0			nonpositive_local_h2	False
POAG	2	202	224939748	226242049	531	0.0		0.0			nonpositive_local_h2	False
POAG	2	203	226243056	227557495	446	0.0		0.999999534032333			nonpositive_local_h2	False
POAG	2	204	227558266	228812298	561	0.0007949844243282		0.0331975253018132				True
POAG	2	205	228812878	229763919	309	0.0		0.0			nonpositive_local_h2	False
POAG	2	206	229765702	230538161	379	0.0		0.999999341022206			nonpositive_local_h2	False
POAG	2	207	230545220	231845762	578	2.8665552916494e-05		0.87137929778262				True
POAG	2	208	231852394	233348647	472	4.88990812104167e-06		0.0				True
POAG	2	209	233360483	234114837	295	0.0		0.0			nonpositive_local_h2	False
POAG	2	210	234115337	234945105	565	0.0		0.999999619538993			nonpositive_local_h2	False
POAG	2	211	234945784	235625587	354	0.0		0.0			nonpositive_local_h2	False
POAG	2	212	235626160	236275140	344	0.0		0.0			nonpositive_local_h2	False
POAG	2	213	236279533	237183463	317	0.0		0.999999619538993			nonpositive_local_h2	False
POAG	2	214	237198025	238179023	378	0.0		0.999998431319084			nonpositive_local_h2	False
POAG	2	215	238189371	238812164	315	7.20510299162909e-05		0.564571256893157				True
POAG	2	216	238815252	239632318	323	0.0001333122960982		0.254665857903751				True
POAG	2	217	239636949	240323661	277	0.0003117237671698		0.165464864936067				True
POAG	2	218	240327863	241108545	389	9.88194570322135e-05		0.0				True
POAG	2	219	241113483	241905779	358	0.0		0.999999619538993			nonpositive_local_h2	False
POAG	2	220	241911027	242849135	294	0.0003989668447922		0.039327599335008				True
POAG	3	1	61044	792207	318	0.0		0.0			nonpositive_local_h2	False
POAG	3	2	800548	1428635	389	0.0		0.0			nonpositive_local_h2	False
POAG	3	3	1440124	2138078	474	0.0		0.999998993394793			nonpositive_local_h2	False
POAG	3	4	2141411	3126050	683	0.0		0.999999461946885			nonpositive_local_h2	False
POAG	3	5	3128195	4108928	591	0.0		0.999999068064667			nonpositive_local_h2	False
POAG	3	6	4109700	4829732	397	2.57996954285511e-05		0.87154000678014				True
POAG	3	7	4837269	5493753	310	0.0		0.0			nonpositive_local_h2	False
POAG	3	8	5497476	6420269	524	0.0		0.0			nonpositive_local_h2	False
POAG	3	9	6423912	7527372	544	0.0		0.999999149263327			nonpositive_local_h2	False
POAG	3	10	7529555	8664738	715	0.0		0.0			nonpositive_local_h2	False
POAG	3	11	8667896	9969328	677	0.0001211371636968		0.459441624512388				True
POAG	3	12	9972493	11217969	672	0.0		0.0			nonpositive_local_h2	False
POAG	3	13	11227460	11997514	306	0.0001622094155889		0.303386697776289				True
POAG	3	14	11998856	12857823	342	0.0		0.999999461946885			nonpositive_local_h2	False
POAG	3	15	12860988	14311273	664	0.0002022491527437		0.438567462284961				True
POAG	3	16	14318853	15147989	458	0.0001267283494262		0.0				True
POAG	3	17	15152062	16077847	301	0.0		0.999999534032333			nonpositive_local_h2	False
POAG	3	18	16084689	17181947	547	0.0		0.999999341022206			nonpositive_local_h2	False
POAG	3	19	17182697	19027293	499	0.0		0.0			nonpositive_local_h2	False
POAG	3	20	19040447	20752492	551	0.0		0.0			nonpositive_local_h2	False
POAG	3	21	20754875	21789570	539	0.0		0.0			nonpositive_local_h2	False
POAG	3	22	21794174	22646735	522	6.31171808552524e-05		0.737845373336213				True
POAG	3	23	22648091	23418587	280	0.0001326919762538		0.325051683029197				True
POAG	3	24	23426332	24269601	340	0.0001293003418589		0.0				True
POAG	3	25	24270796	25515361	661	0.0002622955976441		0.251710925176419				True
POAG	3	26	25516922	26898495	518	0.0003901996640883		0.0				True
POAG	3	27	26905587	27614316	209	0.0		0.999999619538993			nonpositive_local_h2	False
POAG	3	28	27615796	28645278	358	5.99020224303251e-05		0.796495384923965				True
POAG	3	29	28650238	29876233	646	0.0		0.999999461946885			nonpositive_local_h2	False
POAG	3	30	29877387	31258586	616	9.2349981480598e-05		0.626653415579577				True
POAG	3	31	31273355	32378176	451	4.24300879799289e-05		0.790121197115103				True
POAG	3	32	32382748	33020035	190	0.0		0.999997670161667			nonpositive_local_h2	False
POAG	3	33	33024206	33991854	333	0.0		0.999999619538993			nonpositive_local_h2	False
POAG	3	34	33997535	35003314	369	0.0001697561580988		0.20505169571153				True
POAG	3	35	35015022	35912089	316	0.0		0.999999619538993			nonpositive_local_h2	False
POAG	3	36	35932494	36830901	396	0.0		0.999999534032333			nonpositive_local_h2	False
POAG	3	37	36842884	38727614	691	0.0		0.999999461946885			nonpositive_local_h2	False
POAG	3	38	38730117	39604954	369	4.84341201905647e-05		0.673183100404382				True
POAG	3	39	39607256	40892119	356	0.0		0.999999398438329			nonpositive_local_h2	False
POAG	3	40	40899164	42298550	459	0.0		0.999999619538993			nonpositive_local_h2	False
POAG	3	41	42303037	44138031	652	0.0		0.999999341022206			nonpositive_local_h2	False
POAG	3	42	44147477	45843439	619	0.0		0.999999619538993			nonpositive_local_h2	False
POAG	3	43	45844295	47582724	541	0.0		0.0			nonpositive_local_h2	False
POAG	3	44	47598663	50380661	681	5.21420182521824e-05		0.0				True
POAG	3	45	50388607	51936193	312	0.0		0.999999809769497			nonpositive_local_h2	False
POAG	3	46	52013883	54074534	751	0.000138521565383		0.0				True
POAG	3	47	54077256	54891599	402	0.0		0.0			nonpositive_local_h2	False
POAG	3	48	54894304	55615260	415	0.0002173623907899		0.321249792581822				True
POAG	3	49	55624464	56949816	508	0.0003341091658005		0.315148698701297				True
POAG	3	50	56958358	58556841	613	0.0002700177240807		0.135351583731702				True
POAG	3	51	58560043	59996946	679	3.21360602260755e-05		0.84113119734096				True
POAG	3	52	59999690	60568253	497	0.0		0.999999239077987			nonpositive_local_h2	False
POAG	3	53	60571772	61273564	390	0.0		0.999999239077987			nonpositive_local_h2	False
POAG	3	54	61277745	62608121	610	0.0		0.999999068064667			nonpositive_local_h2	False
POAG	3	55	62611998	63670783	614	2.27149856442842e-05		0.0				True
POAG	3	56	63672752	64658413	471	1.5353742928532e-05		0.0				True
POAG	3	57	64673815	65326224	410	0.0		0.999999461946885			nonpositive_local_h2	False
POAG	3	58	65326802	66700959	478	0.0001724285148527		0.362938132019374				True
POAG	3	59	66703685	67454047	350	0.0004126649583396		0.0226472515455837				True
POAG	3	60	67454918	68318256	261	0.0		0.999999619538993			nonpositive_local_h2	False
POAG	3	61	68320679	69784265	645	0.0		0.0			nonpositive_local_h2	False
POAG	3	62	69787714	71215499	424	0.0002631598804706		0.0				True
POAG	3	63	71224429	72332608	545	0.0002883099171189		0.0				True
POAG	3	64	72334772	73606063	517	0.0		0.999999239077987			nonpositive_local_h2	False
POAG	3	65	73612949	74380566	375	0.0		0.999999461946885			nonpositive_local_h2	False
POAG	3	66	74383222	75374095	279	0.0		0.999999730973442			nonpositive_local_h2	False
POAG	3	67	75379085	76154453	92	3.59876334262113e-05		0.670438494584556				True
POAG	3	68	76163422	77507524	521	0.0		0.0			nonpositive_local_h2	False
POAG	3	69	77509454	79021396	483	0.0		0.999999461946885			nonpositive_local_h2	False
POAG	3	70	79024541	80385552	321	0.0		0.999999730973442			nonpositive_local_h2	False
POAG	3	71	80393506	81428061	284	0.0		0.999998165483462			nonpositive_local_h2	False
POAG	3	72	81433234	82532568	298	0.0		0.999999809769497			nonpositive_local_h2	False
POAG	3	73	82538109	83515994	243	3.80567374165542e-05		0.0				True
POAG	3	74	83532973	84696539	293	0.0		0.999999730973442			nonpositive_local_h2	False
POAG	3	75	84707940	85804321	318	0.0005628792709582		0.0				True
POAG	3	76	85811233	86660917	218	0.0001097280504688		0.0				True
POAG	3	77	86662155	87408634	233	0.0		0.999999730973442			nonpositive_local_h2	False
POAG	3	78	87417191	88365939	259	0.0		0.0			nonpositive_local_h2	False
POAG	3	79	88376106	89604774	349	0.0		0.999999461946885			nonpositive_local_h2	False
POAG	3	80	89616901	94248114	206	3.27100033975654e-08		0.999545962132882				True
POAG	3	81	94256654	95087271	199	0.0		0.999999670511103			nonpositive_local_h2	False
POAG	3	82	95094716	96054611	244	0.0		0.999999809769497			nonpositive_local_h2	False
POAG	3	83	96056259	97350763	184	0.0		0.0			nonpositive_local_h2	False
POAG	3	84	97356400	98212517	321	0.0		0.0			nonpositive_local_h2	False
POAG	3	85	98215950	99041232	274	0.0003019927494264		0.0326947110637814				True
POAG	3	86	99052147	100550650	519	0.0006501867863244		0.0310695078048432				True
POAG	3	87	100558416	101906861	526	0.0002607977124711		0.0683260803414688				True
POAG	3	88	101909291	103440905	399	0.0		0.0			nonpositive_local_h2	False
POAG	3	89	103450591	104112018	236	0.0		0.0			nonpositive_local_h2	False
POAG	3	90	104121004	104878270	314	0.0		0.0			nonpositive_local_h2	False
POAG	3	91	104881936	106159984	444	0.0002537713145134		0.126249449782246				True
POAG	3	92	106175524	107733600	518	0.0		0.0			nonpositive_local_h2	False
POAG	3	93	107737386	108637430	333	5.74566957929819e-05		0.0				True
POAG	3	94	108639119	109512762	272	0.0		0.0			nonpositive_local_h2	False
POAG	3	95	109524067	110934660	343	2.48522593186136e-05		0.747439823124098				True
POAG	3	96	110938375	111692693	339	0.0		0.999999730973442			nonpositive_local_h2	False
POAG	3	97	111695124	112408401	303	6.19028516858479e-05		0.540594217938146				True
POAG	3	98	112416937	113654705	437	0.0		0.999999149263327			nonpositive_local_h2	False
POAG	3	99	113657720	115649660	611	0.0003068764319637		0.0				True
POAG	3	100	115650402	116498380	370	0.0		0.0			nonpositive_local_h2	False
POAG	3	101	116498715	117239883	335	0.0		0.999999239077987			nonpositive_local_h2	False
POAG	3	102	117248700	118081025	296	0.0		0.0			nonpositive_local_h2	False
POAG	3	103	118089714	118902844	311	0.0		0.999999341022206			nonpositive_local_h2	False
POAG	3	104	118903100	119758796	404	2.30908162701586e-05		0.889299065583795				True
POAG	3	105	119760168	120573295	311	0.0002026966892524		0.0				True
POAG	3	106	120575852	121361646	195	6.71383515659953e-05		0.0				True
POAG	3	107	121364236	122340626	403	0.0001827153928243		0.193199667326283				True
POAG	3	108	122341401	123516240	426	0.0		0.0			nonpositive_local_h2	False
POAG	3	109	123526911	124820822	593	0.000918734615864		0.0001544238348156				True
POAG	3	110	124831414	125462329	226	6.35700937763707e-05		0.0				True
POAG	3	111	125477762	125992478	188	0.0		0.0			nonpositive_local_h2	False
POAG	3	112	125993159	127494953	636	0.000455358747163		0.0085032535463521				True
POAG	3	113	127495915	129090995	462	0.0		0.0			nonpositive_local_h2	False
POAG	3	114	129099946	130239724	324	3.31148718734442e-05		0.752494701628764				True
POAG	3	115	130243249	131372693	318	0.0		0.999999461946885			nonpositive_local_h2	False
POAG	3	116	131374802	132111524	426	0.0		0.0			nonpositive_local_h2	False
POAG	3	117	132124118	132916760	314	7.20347775284524e-05		0.0				True
POAG	3	118	132925993	133718415	376	0.0001186794400093		0.543275397450931				True
POAG	3	119	133718619	135288025	727	0.0		0.999999461946885			nonpositive_local_h2	False
POAG	3	120	135289273	137372132	564	0.0		0.0			nonpositive_local_h2	False
POAG	3	121	137372151	138693471	371	3.2580523371556e-05		0.745914633544728				True
POAG	3	122	138696439	139827472	508	0.0		0.999999619538993			nonpositive_local_h2	False
POAG	3	123	139832777	141029860	489	0.0002810671934141		0.0358034308132942				True
POAG	3	124	141039349	141896684	293	0.0001378441232814		0.351679987508719				True
POAG	3	125	141898980	142973077	402	0.0		0.999999461946885			nonpositive_local_h2	False
POAG	3	126	142976751	144407872	554	0.0		0.999999619538993			nonpositive_local_h2	False
POAG	3	127	144409973	145209160	244	0.0		0.999999730973442			nonpositive_local_h2	False
POAG	3	128	145213484	145903426	284	0.0002343465276525		0.205445227191842				True
POAG	3	129	145910430	147357799	485	0.0		0.0			nonpositive_local_h2	False
POAG	3	130	147361799	148637771	442	0.0		0.999999461946885			nonpositive_local_h2	False
POAG	3	131	148640368	149996703	555	0.0007212110995859		0.0027456188202356				True
POAG	3	132	150004455	151131222	436	0.0001496645255601		0.0				True
POAG	3	133	151133737	151900719	287	0.0001436620206776		0.500024250871576				True
POAG	3	134	151904190	153404708	515	0.0		0.999999619538993			nonpositive_local_h2	False
POAG	3	135	153409421	155042640	498	0.0		0.999999619538993			nonpositive_local_h2	False
POAG	3	136	155046798	155924474	279	0.0		0.0			nonpositive_local_h2	False
POAG	3	137	155932977	156789192	317	7.04790207107002e-05		0.499558979662498				True
POAG	3	138	156797648	157613783	338	2.83075970204498e-05		0.824178694361849				True
POAG	3	139	157633907	158459976	242	0.0		0.999999865486721			nonpositive_local_h2	False
POAG	3	140	158463046	159477493	363	0.0004594483135541		0.0573809844814183				True
POAG	3	141	159486139	160580103	328	6.86366070727549e-06		0.0				True
POAG	3	142	160588285	161613899	340	0.0		0.999999670511103			nonpositive_local_h2	False
POAG	3	143	161633104	162511139	386	8.67454814263111e-06		0.927843740325449				True
POAG	3	144	162626585	163250087	188	0.0		0.999999865486721			nonpositive_local_h2	False
POAG	3	145	163258818	164035915	258	4.37567174096866e-05		0.349898273053982				True
POAG	3	146	164037502	165040863	274	6.18007810465312e-05		0.443159242746958				True
POAG	3	147	165077292	165931222	226	0.0		0.999999670511103			nonpositive_local_h2	False
POAG	3	148	165936570	167117143	312	0.0		0.0			nonpositive_local_h2	False
POAG	3	149	167119945	168971231	582	0.0		0.0			nonpositive_local_h2	False
POAG	3	150	168972802	170172774	401	0.0009080893264656		0.0060693711387953				True
POAG	3	151	170176173	171131640	369	8.8990160524285e-05		0.452628782327589				True
POAG	3	152	171135807	172004670	331	0.0004781889842307		0.0				True
POAG	3	153	172011088	173410323	544	3.82470089078545e-05		0.855968809358229				True
POAG	3	154	173418466	174684649	501	0.0001903142752974		0.0				True
POAG	3	155	174685535	175670278	418	0.0		0.999999619538993			nonpositive_local_h2	False
POAG	3	156	175672207	176925740	438	0.0		0.999999730973442			nonpositive_local_h2	False
POAG	3	157	176940408	178109218	375	0.0		0.0			nonpositive_local_h2	False
POAG	3	158	178115884	179350391	456	0.0		0.999999534032333			nonpositive_local_h2	False
POAG	3	159	179379602	181422854	498	0.0		0.999999619538993			nonpositive_local_h2	False
POAG	3	160	181426554	183200368	518	0.0001212744574941		0.466268542942625				True
POAG	3	161	183203289	184523185	590	0.0001177841874879		0.0				True
POAG	3	162	184525951	185709709	374	2.63349985449778e-05		0.787058547463806				True
POAG	3	163	185711599	186600420	406	0.0008475395766769		0.0173505310741333				True
POAG	3	164	186609682	187923715	702	7.13972276526495e-06		0.972485368586563				True
POAG	3	165	187940893	189450567	596	0.0		0.999999461946885			nonpositive_local_h2	False
POAG	3	166	189452211	190588704	557	8.27600789805374e-05		0.0				True
POAG	3	167	190591911	191228990	276	0.0		0.999999730973442			nonpositive_local_h2	False
POAG	3	168	191232772	192046571	331	0.0		0.0			nonpositive_local_h2	False
POAG	3	169	192054241	193117009	394	0.0002170740872005		0.0				True
POAG	3	170	193127035	194215878	468	0.0003521583438356		0.0				True
POAG	3	171	194217544	195189666	433	4.80233980613292e-05		0.680547831557471				True
POAG	3	172	195235695	195656731	98	0.0		0.0			nonpositive_local_h2	False
POAG	3	173	195734915	196381138	227	0.0007594964874833		0.028302048339495				True
POAG	3	174	196383215	197147486	332	9.24740742100584e-05		0.381061516898362				True
POAG	3	175	197148984	197834191	183	3.7463373403353e-05		0.7271933815549				True
POAG	4	1	69713	809787	188	0.0		0.999999534032333			nonpositive_local_h2	False
POAG	4	2	812598	1527766	257	0.0004788941060611		0.0215056530529219				True
POAG	4	3	1533976	2463064	251	0.0		0.0			nonpositive_local_h2	False
POAG	4	4	2469981	3536112	355	0.000102814063837		0.33991487577998				True
POAG	4	5	3599450	4263579	130	0.0003651144948332		0.0570663508965514				True
POAG	4	6	4267129	5047695	418	0.0		0.0			nonpositive_local_h2	False
POAG	4	7	5053674	5971152	533	0.0		0.999999461946885			nonpositive_local_h2	False
POAG	4	8	5974228	7135500	534	0.0001049713909716		0.56103840875454				True
POAG	4	9	7135912	7720919	406	0.0		0.999998682044413			nonpositive_local_h2	False
POAG	4	10	7726847	8306349	346	0.0020631513865918		3.7694509129345696e-11				True
POAG	4	11	8310257	8731330	210	0.0		0.0			nonpositive_local_h2	False
POAG	4	12	9485300	9915850	92	0.0		0.999997534330871			nonpositive_local_h2	False
POAG	4	13	9916180	10365093	331	0.0001375337601231		0.091895509115445				True
POAG	4	14	10372966	11044254	333	9.3345777550772e-05		0.518435036988683				True
POAG	4	15	11050853	12201002	537	2.08770196764956e-05		0.820624903420907				True
POAG	4	16	12212637	13124794	423	0.0		0.999999619538993			nonpositive_local_h2	False
POAG	4	17	13127578	14394016	531	5.80590820204571e-05		0.776875402188437				True
POAG	4	18	14395985	14962496	263	2.55471027709943e-05		0.822835694406151				True
POAG	4	19	14967266	15910385	347	0.000270573834403		0.227511136526767				True
POAG	4	20	15914034	17289857	710	0.0		0.0			nonpositive_local_h2	False
POAG	4	21	17290361	18752760	473	0.0		0.999999619538993			nonpositive_local_h2	False
POAG	4	22	18753305	20079274	428	0.0		0.999999619538993			nonpositive_local_h2	False
POAG	4	23	20088468	21415503	584	0.0		0.0			nonpositive_local_h2	False
POAG	4	24	21418622	22832447	534	0.0		0.999999341022206			nonpositive_local_h2	False
POAG	4	25	22843458	23857235	329	0.0		0.999999730973442			nonpositive_local_h2	False
POAG	4	26	23859482	24762301	404	9.30345465412358e-05		0.764729471459928				True
POAG	4	27	24765819	25825415	486	0.0		0.999997127582392			nonpositive_local_h2	False
POAG	4	28	25837310	27384699	553	0.0		0.0			nonpositive_local_h2	False
POAG	4	29	27388554	28176713	290	0.0001574306373671		0.0				True
POAG	4	30	28182874	28926321	285	3.29891207908819e-06		0.948709901821598				True
POAG	4	31	28928041	29757034	291	0.0		0.0			nonpositive_local_h2	False
POAG	4	32	29763473	30455150	189	0.0		0.999999809769497			nonpositive_local_h2	False
POAG	4	33	30455662	31394457	349	0.0		0.999999730973442			nonpositive_local_h2	False
POAG	4	34	31399060	32259530	274	0.00014055083885		0.0				True
POAG	4	35	32264997	32745997	163	0.0001093198095866		0.33963567378744				True
POAG	4	36	32749519	33581520	154	0.0		0.0			nonpositive_local_h2	False
POAG	4	37	33642614	34720856	238	0.0		0.999999107739849			nonpositive_local_h2	False
POAG	4	38	34723501	35410631	218	0.0		0.999999730973442			nonpositive_local_h2	False
POAG	4	39	35415742	35992101	205	1.43112149613907e-06		0.991678445048545				True
POAG	4	40	35995064	36669864	300	2.54655122743452e-05		0.821119034727413				True
POAG	4	41	36679326	37875512	601	0.0		0.0			nonpositive_local_h2	False
POAG	4	42	37882167	38982755	569	0.0006930037298658		0.0047971786956847				True
POAG	4	43	38984852	39819773	295	0.0		0.0			nonpositive_local_h2	False
POAG	4	44	39820563	40589717	297	0.0		0.0			nonpositive_local_h2	False
POAG	4	45	40594008	41359965	320	0.0		0.0			nonpositive_local_h2	False
POAG	4	46	41363729	42184829	296	0.0001144263335972		0.0				True
POAG	4	47	42197205	43192298	434	0.0		0.999999619538993			nonpositive_local_h2	False
POAG	4	48	43199190	43960180	215	3.2243564398299e-05		0.652245527388437				True
POAG	4	49	43962569	45184442	412	0.0		0.999999730973442			nonpositive_local_h2	False
POAG	4	50	45186832	46358331	247	0.0		0.999999730973442			nonpositive_local_h2	False
POAG	4	51	46366067	47406635	303	0.0		0.999999730973442			nonpositive_local_h2	False
POAG	4	52	47408665	49091782	553	0.0		0.0			nonpositive_local_h2	False
POAG	4	53	52683607	53879152	298	0.0		0.0			nonpositive_local_h2	False
POAG	4	54	53879742	54656948	314	0.0006512525650023		0.121944950210181				True
POAG	4	55	54661158	55673133	389	0.0003322482811621		0.0885279876687182				True
POAG	4	56	55683735	57102779	508	0.0		0.999999619538993			nonpositive_local_h2	False
POAG	4	57	57110592	58005785	405	0.0		0.0			nonpositive_local_h2	False
POAG	4	58	58012501	58933960	432	0.0		0.0			nonpositive_local_h2	False
POAG	4	59	58940551	59692343	232	0.0		0.0			nonpositive_local_h2	False
POAG	4	60	59692979	60741765	331	0.0		0.999999730973442			nonpositive_local_h2	False
POAG	4	61	60751868	61966273	372	0.0		0.0			nonpositive_local_h2	False
POAG	4	62	61975141	63331949	414	4.58311505975024e-05		0.829727294234032				True
POAG	4	63	63338415	64109527	189	0.0		0.999999574631663			nonpositive_local_h2	False
POAG	4	64	64118963	65561716	336	3.01965055426445e-05		0.0				True
POAG	4	65	65563678	66596857	367	0.0		0.0			nonpositive_local_h2	False
POAG	4	66	66597539	67615172	341	0.0		0.999996794178576			nonpositive_local_h2	False
POAG	4	67	67616419	68738664	414	0.0		0.0			nonpositive_local_h2	False
POAG	4	68	68744117	69598506	138	0.0001438647115961		0.44122963070992				True
POAG	4	69	69893854	70516671	284	0.0		0.0			nonpositive_local_h2	False
POAG	4	70	70517143	71467710	403	0.0		0.0			nonpositive_local_h2	False
POAG	4	71	71468611	73255740	363	0.000247476017392		0.214540482934638				True
POAG	4	72	73268874	74881968	446	0.0001192253863091		0.240367268146706				True
POAG	4	73	74903134	76496817	508	0.0		0.0			nonpositive_local_h2	False
POAG	4	74	76497433	78042151	677	0.0002435638753157		0.0894597226333121				True
POAG	4	75	78053975	78967046	390	0.0001021982444596		0.28505270972523				True
POAG	4	76	78968798	79878231	372	0.0		0.0			nonpositive_local_h2	False
POAG	4	77	79885263	81202382	408	0.0		0.999999619538993			nonpositive_local_h2	False
POAG	4	78	81207039	82654242	406	0.0002227951957019		0.284915002106718				True
POAG	4	79	82659400	83998014	544	0.0		0.999997951154777			nonpositive_local_h2	False
POAG	4	80	84008262	85436869	507	0.0		0.999999149263327			nonpositive_local_h2	False
POAG	4	81	85439002	86931091	485	0.0		0.999999534032333			nonpositive_local_h2	False
POAG	4	82	86933060	88502669	498	2.36847575159812e-05		0.0				True
POAG	4	83	88502776	89244007	351	3.32280436088935e-05		0.749847804456673				True
POAG	4	84	89249372	90228238	347	0.0003418709817076		0.0				True
POAG	4	85	90238073	91308986	350	0.0		0.999999619538993			nonpositive_local_h2	False
POAG	4	86	91315436	92218323	292	0.0		0.999999341022206			nonpositive_local_h2	False
POAG	4	87	92224069	93451321	273	0.0		0.999999730973442			nonpositive_local_h2	False
POAG	4	88	93455905	94755142	386	0.0		0.999999730973442			nonpositive_local_h2	False
POAG	4	89	94757317	96181034	508	0.0		0.999997178425659			nonpositive_local_h2	False
POAG	4	90	96193699	97539089	585	0.0		0.0			nonpositive_local_h2	False
POAG	4	91	97543099	98444547	249	4.64668590730409e-05		0.429165535349158				True
POAG	4	92	98446792	99528449	273	0.0		0.999999809769497			nonpositive_local_h2	False
POAG	4	93	99532946	100333267	362	0.0		0.999999619538993			nonpositive_local_h2	False
POAG	4	94	100333556	101132253	276	0.0002435108861855		0.0216589996924664				True
POAG	4	95	101133509	102528133	492	0.0001972154379131		0.262286197636712				True
POAG	4	96	102547238	104384192	628	0.0		0.999999619538993			nonpositive_local_h2	False
POAG	4	97	104385495	105318917	265	0.0		0.999999809769497			nonpositive_local_h2	False
POAG	4	98	105324203	106479010	388	0.0		0.999999730973442			nonpositive_local_h2	False
POAG	4	99	106479425	108127486	507	0.0		0.999998551247649			nonpositive_local_h2	False
POAG	4	100	108132331	109119628	318	0.0003302795954888		0.0261572535243361				True
POAG	4	101	109126764	109978825	346	0.0		0.999999619538993			nonpositive_local_h2	False
POAG	4	102	109979131	111732536	635	0.0		0.0			nonpositive_local_h2	False
POAG	4	103	111735539	112830208	305	0.0004377150340623		0.0				True
POAG	4	104	112831922	113915647	365	0.0003242248308775		0.0777045093486214				True
POAG	4	105	113917110	115305849	579	0.0001401522462737		0.0				True
POAG	4	106	115306803	116194139	251	1.17248361808429e-05		0.0				True
POAG	4	107	116211711	117280184	285	9.75584568463028e-05		0.315687247703762				True
POAG	4	108	117315701	118394656	372	0.0		0.999999341022206			nonpositive_local_h2	False
POAG	4	109	118395930	119134308	314	0.0		0.999999619538993			nonpositive_local_h2	False
POAG	4	110	119142770	119922111	233	0.0		0.0			nonpositive_local_h2	False
POAG	4	111	119927268	120563053	254	0.0		0.0			nonpositive_local_h2	False
POAG	4	112	120563833	121387642	259	0.0		0.999999461946885			nonpositive_local_h2	False
POAG	4	113	121395169	121980471	240	0.0		0.999999809769497			nonpositive_local_h2	False
POAG	4	114	121982122	122654843	292	0.0001152552816085		0.471158753950561				True
POAG	4	115	122657875	123767943	294	0.0		0.0			nonpositive_local_h2	False
POAG	4	116	123771828	124533487	242	3.13376015795663e-05		0.793102952553308				True
POAG	4	117	124538705	125486359	303	0.0		0.0			nonpositive_local_h2	False
POAG	4	118	125496652	126475381	364	0.0		0.0			nonpositive_local_h2	False
POAG	4	119	126480268	127273449	271	0.0001340006128079		0.309893209085377				True
POAG	4	120	127281188	128313686	327	0.0		0.999999619538993			nonpositive_local_h2	False
POAG	4	121	128336520	129612864	295	0.0		0.999999534032333			nonpositive_local_h2	False
POAG	4	122	129629250	131097850	483	0.0		0.0			nonpositive_local_h2	False
POAG	4	123	131101468	131869250	286	0.0		0.999999730973442			nonpositive_local_h2	False
POAG	4	124	131880266	132783846	191	0.0		0.999999809769497			nonpositive_local_h2	False
POAG	4	125	132826565	133519301	177	0.0		0.999999809769497			nonpositive_local_h2	False
POAG	4	126	133526708	134105004	158	0.0		0.999999809769497			nonpositive_local_h2	False
POAG	4	127	134112602	135807875	455	2.2022740710123e-05		0.812437877244489				True
POAG	4	128	135814505	137397046	407	0.0		0.0			nonpositive_local_h2	False
POAG	4	129	137400046	138535862	458	0.0		0.999999461946885			nonpositive_local_h2	False
POAG	4	130	138545488	139552686	422	0.0		0.999999619538993			nonpositive_local_h2	False
POAG	4	131	139555962	141083754	590	0.0		0.999998993394793			nonpositive_local_h2	False
POAG	4	132	141087987	142806060	571	2.94720920655491e-05		0.802670521281977				True
POAG	4	133	142810258	144400351	494	0.0002498576055312		0.0246332836895423				True
POAG	4	134	144406061	146167657	386	0.0		0.999999461946885			nonpositive_local_h2	False
POAG	4	135	146174921	147160700	301	0.0		0.999999619538993			nonpositive_local_h2	False
POAG	4	136	147162483	148461073	374	0.0		0.999998576445264			nonpositive_local_h2	False
POAG	4	137	148464771	149994228	511	0.0		0.999999619538993			nonpositive_local_h2	False
POAG	4	138	150001085	151010740	220	0.0		0.0			nonpositive_local_h2	False
POAG	4	139	151015661	152161625	282	3.26294610373681e-05		0.702462222191599				True
POAG	4	140	152164786	153520279	426	0.0		0.999999730973442			nonpositive_local_h2	False
POAG	4	141	153532240	155042470	575	0.000224696392322		0.145159861032415				True
POAG	4	142	155047033	156519123	538	0.0001221023269153		0.0				True
POAG	4	143	156523316	157594988	453	0.0		0.999999068064667			nonpositive_local_h2	False
POAG	4	144	157598182	159173102	463	0.0		0.999999461946885			nonpositive_local_h2	False
POAG	4	145	159179862	160825866	449	0.0		0.0			nonpositive_local_h2	False
POAG	4	146	160834831	161665059	304	0.0		0.999999619538993			nonpositive_local_h2	False
POAG	4	147	161666367	162238278	231	0.0001136201358094		0.0				True
POAG	4	148	162244482	163245174	371	0.0		0.999999534032333			nonpositive_local_h2	False
POAG	4	149	163247886	163934676	221	1.39726642743531e-05		0.0				True
POAG	4	150	163939622	164781772	277	6.98575350534838e-07		0.0				True
POAG	4	151	164788551	165823437	411	0.0001387206336869		0.0				True
POAG	4	152	165827749	166699491	362	9.94339515239237e-05		0.445823696281392				True
POAG	4	153	166708955	167635674	249	1.8947499403611e-05		0.925830079814558				True
POAG	4	154	167644949	168621364	320	0.0		0.999999730973442			nonpositive_local_h2	False
POAG	4	155	168626439	169551542	378	0.0		0.999999619538993			nonpositive_local_h2	False
POAG	4	156	169558119	170676328	405	0.0		0.0			nonpositive_local_h2	False
POAG	4	157	170686188	171642456	285	0.0		0.999999730973442			nonpositive_local_h2	False
POAG	4	158	171644884	172552959	248	1.81442529262092e-05		0.635032207700026				True
POAG	4	159	172557879	174468670	491	2.0379150837623e-05		0.0				True
POAG	4	160	174471671	175284241	280	1.98674517480609e-05		0.0				True
POAG	4	161	175300604	175954859	294	0.0		0.999999619538993			nonpositive_local_h2	False
POAG	4	162	175964181	177129266	299	0.0		0.0			nonpositive_local_h2	False
POAG	4	163	177134283	178313514	534	9.50352894739612e-05		0.531093360132492				True
POAG	4	164	178314542	179232789	300	0.0		0.999999730973442			nonpositive_local_h2	False
POAG	4	165	179238565	179932194	255	0.0		0.0			nonpositive_local_h2	False
POAG	4	166	179932414	180537663	260	0.0		0.999999730973442			nonpositive_local_h2	False
POAG	4	167	180542136	181119137	243	0.0		0.999999730973442			nonpositive_local_h2	False
POAG	4	168	181123228	182065314	486	0.0		0.999999461946885			nonpositive_local_h2	False
POAG	4	169	182066869	182942414	550	0.0002305855270813		0.0				True
POAG	4	170	182958954	183602252	370	0.0		0.999999239077987			nonpositive_local_h2	False
POAG	4	171	183605088	184335306	288	4.37065229911492e-05		0.0				True
POAG	4	172	184338589	185482878	521	0.0001294726367751		0.528899317749875				True
POAG	4	173	185490816	186232142	330	0.0		0.999999461946885			nonpositive_local_h2	False
POAG	4	174	186235548	186881436	336	0.0002007929093805		0.0				True
POAG	4	175	186881570	187980880	513	0.0		0.0			nonpositive_local_h2	False
POAG	4	176	187991086	189151984	447	0.0		0.0			nonpositive_local_h2	False
POAG	4	177	189158163	189896929	344	2.89207897137254e-05		0.826932277545423				True
POAG	4	178	189910956	190895386	262	0.0		0.999999534032333			nonpositive_local_h2	False
POAG	5	1	27564	598224	217	0.0		0.999999730973442			nonpositive_local_h2	False
POAG	5	2	598643	1206462	151	0.0		0.999999461946885			nonpositive_local_h2	False
POAG	5	3	1211363	2106236	469	0.0001330206715605		0.528949682055261				True
POAG	5	4	2109901	2960058	556	0.0002394092657105		0.0				True
POAG	5	5	2960267	3671754	491	0.0		0.999999239077987			nonpositive_local_h2	False
POAG	5	6	3684777	4634162	402	0.0004118921085676		0.0				True
POAG	5	7	4638885	5828684	643	0.0		0.0			nonpositive_local_h2	False
POAG	5	8	5828805	6935286	655	0.0		0.0			nonpositive_local_h2	False
POAG	5	9	6938972	8077509	569	0.0		0.999999461946885			nonpositive_local_h2	False
POAG	5	10	8083187	9201631	529	0.0001602927610083		0.0				True
POAG	5	11	9204142	10547032	754	8.64525389681675e-07		0.996721464962693				True
POAG	5	12	10550838	11843303	656	0.0		0.0			nonpositive_local_h2	False
POAG	5	13	11854197	12849201	246	5.70119034792153e-05		0.0				True
POAG	5	14	12888815	13603883	215	0.0		0.999999670511103			nonpositive_local_h2	False
POAG	5	15	13609488	14902925	676	0.0002480338233346		0.270883649143053				True
POAG	5	16	14911568	16591093	560	0.0		0.999999461946885			nonpositive_local_h2	False
POAG	5	17	16594203	17802524	430	5.11620228049621e-05		0.802382541940427				True
POAG	5	18	17804017	18791387	319	0.0		0.99999800484565			nonpositive_local_h2	False
POAG	5	19	18791434	20392735	535	0.0		0.999999534032333			nonpositive_local_h2	False
POAG	5	20	20397544	21209128	212	0.0		0.0			nonpositive_local_h2	False
POAG	5	21	21211438	22141555	225	0.0		0.999999730973442			nonpositive_local_h2	False
POAG	5	22	22162727	23244025	402	0.0		0.999999619538993			nonpositive_local_h2	False
POAG	5	23	23247790	24358026	349	0.0		0.999999730973442			nonpositive_local_h2	False
POAG	5	24	24365309	25720302	418	0.0		0.0			nonpositive_local_h2	False
POAG	5	25	25723068	26932005	397	5.90871193352159e-05		0.0				True
POAG	5	26	26942688	28310093	353	0.0		0.999999730973442			nonpositive_local_h2	False
POAG	5	27	28316657	29591400	389	0.0		0.0			nonpositive_local_h2	False
POAG	5	28	29596136	30415061	276	0.0		0.0			nonpositive_local_h2	False
POAG	5	29	30423321	31679344	581	0.0		0.999998993394793			nonpositive_local_h2	False
POAG	5	30	31679565	32726637	462	0.0001941797240511		0.359538937273851				True
POAG	5	31	32733418	33969628	514	0.0		0.999999341022206			nonpositive_local_h2	False
POAG	5	32	33983044	35147574	401	0.0		0.999999461946885			nonpositive_local_h2	False
POAG	5	33	35161332	36426707	516	0.0		0.999999461946885			nonpositive_local_h2	False
POAG	5	34	36431978	37925457	470	0.0		0.0			nonpositive_local_h2	False
POAG	5	35	37925518	39438575	610	0.0001745025768568		0.316385373025303				True
POAG	5	36	39439306	40288878	357	5.30494764701345e-05		0.0				True
POAG	5	37	40293104	41278513	432	0.0002436626971077		0.0				True
POAG	5	38	41280364	42856315	469	0.0		0.999999619538993			nonpositive_local_h2	False
POAG	5	39	42856350	44026232	244	0.0		0.999999809769497			nonpositive_local_h2	False
POAG	5	40	44051305	45301035	265	0.0001800366934214		0.303294461062045				True
POAG	5	41	45305615	46383335	157	0.0001340821730952		0.0				True
POAG	5	42	49462228	50163085	159	0.0		0.999999767016167			nonpositive_local_h2	False
POAG	5	43	50165489	51199109	288	0.0		0.999997749162331			nonpositive_local_h2	False
POAG	5	44	51203737	52139462	375	0.0001430951895832		0.0				True
POAG	5	45	52141943	52835755	350	0.0		0.0			nonpositive_local_h2	False
POAG	5	46	52842569	53747307	386	0.0		0.0			nonpositive_local_h2	False
POAG	5	47	53750530	55220819	630	6.34316177818332e-06		0.0				True
POAG	5	48	55223929	55968018	354	0.0009953753807643		0.0017128207748409				True
POAG	5	49	55970422	56890354	375	0.0		0.0			nonpositive_local_h2	False
POAG	5	50	56896963	57894922	482	0.0		0.999999534032333			nonpositive_local_h2	False
POAG	5	51	57895094	58719893	476	6.00131191199594e-05		0.641299512500679				True
POAG	5	52	58728915	59862743	340	0.0001006943943298		0.0				True
POAG	5	53	59873709	60930584	303	7.34662512905299e-05		0.415221729742163				True
POAG	5	54	60936095	62175815	504	1.14762036159996e-05		0.879759259573155				True
POAG	5	55	62182985	63211974	350	0.0		0.0			nonpositive_local_h2	False
POAG	5	56	63216232	64433911	368	0.0		0.0			nonpositive_local_h2	False
POAG	5	57	64440243	65603639	421	0.0		0.999999730973442			nonpositive_local_h2	False
POAG	5	58	65614238	67096077	664	0.0001341681114274		0.517795655416971				True
POAG	5	59	67096208	68006543	408	0.000164074828949		0.318079421672518				True
POAG	5	60	68007803	71467670	583	0.0		0.999999461946885			nonpositive_local_h2	False
POAG	5	61	71471329	73313974	711	0.0001176453175669		0.0				True
POAG	5	62	73317202	74242852	517	0.0		0.999999461946885			nonpositive_local_h2	False
POAG	5	63	74252376	75239130	305	0.0		0.0			nonpositive_local_h2	False
POAG	5	64	75240116	75959469	363	0.0001754359443993		0.233245651725471				True
POAG	5	65	75959705	77285142	616	0.0		0.0			nonpositive_local_h2	False
POAG	5	66	77290902	78998903	588	0.0		0.0			nonpositive_local_h2	False
POAG	5	67	79010573	80447626	735	0.0		0.0			nonpositive_local_h2	False
POAG	5	68	80459446	81710048	444	0.0002739789161989		0.364349837226187				True
POAG	5	69	81710227	82720112	361	0.0001202015507661		0.542651862371778				True
POAG	5	70	82720422	84093450	447	0.0		0.999999341022206			nonpositive_local_h2	False
POAG	5	71	84096780	84696828	226	0.0		0.999999730973442			nonpositive_local_h2	False
POAG	5	72	84701663	85309578	201	0.0		0.0			nonpositive_local_h2	False
POAG	5	73	85311792	86490293	315	0.0		0.0			nonpositive_local_h2	False
POAG	5	74	86493926	87942868	268	0.0		0.999999730973442			nonpositive_local_h2	False
POAG	5	75	87950290	89574726	389	0.0		0.999997765297576			nonpositive_local_h2	False
POAG	5	76	89587251	90790526	429	0.0		0.999999461946885			nonpositive_local_h2	False
POAG	5	77	90794518	91956285	227	2.02771946123732e-05		0.0				True
POAG	5	78	91965961	93810208	477	5.60779303197679e-05		0.0				True
POAG	5	79	93823951	95117215	479	0.0002631732024491		0.144688414055465				True
POAG	5	80	95119408	96466616	583	5.62654218905608e-06		0.954544089384104				True
POAG	5	81	96467756	97315918	198	3.02684212553094e-05		0.765846331656156				True
POAG	5	82	97317922	98566596	408	8.48395050812025e-05		0.449032337771858				True
POAG	5	83	98574953	99257992	190	1.27264639875028e-06		0.0				True
POAG	5	84	99258130	100592459	350	0.0		0.999999730973442			nonpositive_local_h2	False
POAG	5	85	100599227	101574885	284	0.0		0.999999730973442			nonpositive_local_h2	False
POAG	5	86	101584499	102899161	361	0.0		0.999999809769497			nonpositive_local_h2	False
POAG	5	87	102913746	103781963	347	6.37348377306105e-05		0.0				True
POAG	5	88	103788551	104845257	348	0.0		0.0			nonpositive_local_h2	False
POAG	5	89	104860193	106389374	396	0.0		0.999999341022206			nonpositive_local_h2	False
POAG	5	90	106391438	107265792	469	3.17353680894293e-05		0.801975831725936				True
POAG	5	91	107266840	108641351	481	0.0		0.999999619538993			nonpositive_local_h2	False
POAG	5	92	108642367	109603332	379	4.48664582438513e-06		0.965332525427979				True
POAG	5	93	109610219	110815311	378	0.0001345790815942		0.382481156339362				True
POAG	5	94	110822500	111978946	466	0.0		0.999999619538993			nonpositive_local_h2	False
POAG	5	95	111983180	113115477	494	0.0001127180750716		0.314588740679939				True
POAG	5	96	113128986	113997778	405	0.0		0.999999461946885			nonpositive_local_h2	False
POAG	5	97	113999670	115117353	421	0.0		0.999999619538993			nonpositive_local_h2	False
POAG	5	98	115118442	116207953	581	7.74865385169857e-05		0.680765655830525				True
POAG	5	99	116208147	117345425	448	0.0		0.999999239077987			nonpositive_local_h2	False
POAG	5	100	117353820	118605023	435	0.0		0.0			nonpositive_local_h2	False
POAG	5	101	118605660	119661088	397	0.0		0.0			nonpositive_local_h2	False
POAG	5	102	119669457	120369695	252	0.0001979123724773		0.112079200995353				True
POAG	5	103	120373318	120955493	250	0.0002441182543692		0.0				True
POAG	5	104	120960853	122005153	314	0.0		0.999999730973442			nonpositive_local_h2	False
POAG	5	105	122007862	123182944	521	0.0002252704188779		0.0992387091993062				True
POAG	5	106	123200792	124097421	398	0.0		0.999999461946885			nonpositive_local_h2	False
POAG	5	107	124110646	125129150	466	0.0001254508927639		0.504574801281106				True
POAG	5	108	125131805	126045921	430	0.0		0.0			nonpositive_local_h2	False
POAG	5	109	126056440	126992734	283	6.30287852920093e-05		0.414023222505285				True
POAG	5	110	126993922	128063276	356	6.78573017387625e-05		0.640699761543282				True
POAG	5	111	128071740	128732672	293	8.24234087211514e-05		0.0				True
POAG	5	112	128735170	130572861	455	0.0002634814898256		0.0195582778173329				True
POAG	5	113	130575413	132550830	613	7.89271562422949e-05		0.218325543798494				True
POAG	5	114	132558754	134556555	801	0.0		0.999997309734423			nonpositive_local_h2	False
POAG	5	115	134557037	135344163	394	9.41474504461708e-05		0.705146126673624				True
POAG	5	116	135348376	136948607	633	0.0		0.999999461946885			nonpositive_local_h2	False
POAG	5	117	136950107	139408104	631	4.75383195058393e-05		0.0				True
POAG	5	118	139410510	141252048	684	0.0		0.0			nonpositive_local_h2	False
POAG	5	119	141254063	142532696	558	0.0		0.999999461946885			nonpositive_local_h2	False
POAG	5	120	142532995	143605039	479	0.0		0.999999619538993			nonpositive_local_h2	False
POAG	5	121	143608442	145313920	586	0.0		0.999999461946885			nonpositive_local_h2	False
POAG	5	122	145319127	147177325	697	0.0001213757052386		0.627778970777306				True
POAG	5	123	147180483	148659664	609	0.0003060659950989		0.0629457442490699				True
POAG	5	124	148663788	149842399	612	0.0004702876730133		0.0246124743673495				True
POAG	5	125	149857460	150981259	550	0.0		0.999999619538993			nonpositive_local_h2	False
POAG	5	126	150982156	151888663	413	0.0		0.999999619538993			nonpositive_local_h2	False
POAG	5	127	151893373	152877008	323	0.0		0.999999730973442			nonpositive_local_h2	False
POAG	5	128	152878727	153734373	442	0.0		0.999999730973442			nonpositive_local_h2	False
POAG	5	129	153734582	154596267	347	0.0		0.0			nonpositive_local_h2	False
POAG	5	130	154601557	155458803	348	0.0		0.0			nonpositive_local_h2	False
POAG	5	131	155462260	156336987	301	0.0		0.999999619538993			nonpositive_local_h2	False
POAG	5	132	156345735	157190745	425	0.0		0.999999534032333			nonpositive_local_h2	False
POAG	5	133	157191954	158483282	565	0.000312041271843		0.0515218484910971				True
POAG	5	134	158486993	159656194	456	0.0003746901481198		0.121012304482273				True
POAG	5	135	159665599	160517449	414	0.0		0.0			nonpositive_local_h2	False
POAG	5	136	160519563	161477923	337	0.0		0.999999534032333			nonpositive_local_h2	False
POAG	5	137	161479553	162384064	308	0.000150368245793		0.386131659169257				True
POAG	5	138	162389158	163780571	553	0.0		0.999997028504547			nonpositive_local_h2	False
POAG	5	139	163782385	165288921	544	0.0		0.0			nonpositive_local_h2	False
POAG	5	140	165293654	166852229	566	0.0		0.999999239077987			nonpositive_local_h2	False
POAG	5	141	166866356	168338054	721	0.0		0.0			nonpositive_local_h2	False
POAG	5	142	168344280	169504995	626	0.0		0.0			nonpositive_local_h2	False
POAG	5	143	169507067	170886927	661	0.0		0.0			nonpositive_local_h2	False
POAG	5	144	170905672	172285605	670	0.0		0.0			nonpositive_local_h2	False
POAG	5	145	172286508	173605878	634	0.0001906271862551		0.189153594066508				True
POAG	5	146	173616630	174662058	547	0.0		0.999996009691299			nonpositive_local_h2	False
POAG	5	147	174662935	176176383	543	0.0		0.0			nonpositive_local_h2	False
POAG	5	148	176212290	177655512	328	0.0		0.0			nonpositive_local_h2	False
POAG	5	149	177660119	178592302	482	0.0		0.999999068064667			nonpositive_local_h2	False
POAG	5	150	178599617	179794208	520	0.0		0.0			nonpositive_local_h2	False
POAG	5	151	179802190	180693127	281	0.0		0.999999239077987			nonpositive_local_h2	False
POAG	6	1	202452	1375100	660	0.0014814103663046		0.0001126275865607				True
POAG	6	2	1380746	2743674	726	0.0017366075686369		0.0				True
POAG	6	3	2747530	3958481	612	0.0		0.999997052961715			nonpositive_local_h2	False
POAG	6	4	3964457	4656097	405	1.94742441762731e-05		0.874868234487015				True
POAG	6	5	4662666	5377362	380	0.0		0.0			nonpositive_local_h2	False
POAG	6	6	5379058	6621508	783	0.0		0.0			nonpositive_local_h2	False
POAG	6	7	6621962	7804377	650	0.0		0.999998796876658			nonpositive_local_h2	False
POAG	6	8	7810021	9020424	547	1.11016202730856e-05		0.913467739099961				True
POAG	6	9	9021418	10403650	610	0.0		0.999999461946885			nonpositive_local_h2	False
POAG	6	10	10424468	11789917	654	0.0		0.0			nonpositive_local_h2	False
POAG	6	11	11792273	13351124	801	0.0		0.999995645424745			nonpositive_local_h2	False
POAG	6	12	13353734	15067521	692	0.0		0.999999239077987			nonpositive_local_h2	False
POAG	6	13	15071178	16565192	676	0.0		0.0			nonpositive_local_h2	False
POAG	6	14	16567559	17391785	355	0.0		0.999999619538993			nonpositive_local_h2	False
POAG	6	15	17392304	18208319	300	0.0		0.999998277389528			nonpositive_local_h2	False
POAG	6	16	18209582	18773152	288	0.0001069871376581		0.213679029076694				True
POAG	6	17	18775937	19445811	286	0.0		0.999999619538993			nonpositive_local_h2	False
POAG	6	18	19449968	20417976	418	0.0		0.0			nonpositive_local_h2	False
POAG	6	19	20418329	21295785	420	0.0001039727590851		0.489011887779951				True
POAG	6	20	21296403	22198273	350	0.0		0.999999461946885			nonpositive_local_h2	False
POAG	6	21	22200384	23191842	514	0.0001186087451636		0.464565711515178				True
POAG	6	22	23193054	23938426	372	0.0		0.999999619538993			nonpositive_local_h2	False
POAG	6	23	23941877	24947772	499	0.0		0.999999149263327			nonpositive_local_h2	False
POAG	6	24	24950599	25684405	447	0.0		0.999999461946885			nonpositive_local_h2	False
POAG	6	25	25686405	26394320	413	0.0001411867433741		0.172804165113625				True
POAG	6	26	26396203	27256102	280	0.0		0.999999730973442			nonpositive_local_h2	False
POAG	6	27	27261324	28473325	475	0.0		0.999999670511103			nonpositive_local_h2	False
POAG	6	28	33464061	33864237	291	0.0		0.999999619538993			nonpositive_local_h2	False
POAG	6	29	33864998	34977375	324	0.0		0.999999619538993			nonpositive_local_h2	False
POAG	6	30	34980601	36345977	472	0.0002518167751321		0.396481587119835				True
POAG	6	31	36348689	37569632	589	0.0004385312730361		0.0348376533838693				True
POAG	6	32	37571453	38686222	421	0.0001248920269352		0.547396881595382				True
POAG	6	33	38689875	39784703	586	0.0003062910485602		0.260854254737263				True
POAG	6	34	39787679	40778147	507	0.0		0.999999239077987			nonpositive_local_h2	False
POAG	6	35	40781232	42101676	579	7.65810055022886e-05		0.669327391982862				True
POAG	6	36	42104149	43770512	503	6.28499223585992e-05		0.79715043836993				True
POAG	6	37	43775838	44596435	376	0.000208911617943		0.378965709959061				True
POAG	6	38	44596900	45402445	241	0.0		0.999999809769497			nonpositive_local_h2	False
POAG	6	39	45410312	46429665	410	0.0005195105980134		0.0				True
POAG	6	40	46433812	47311898	432	9.0828036251312e-05		0.567178497873277				True
POAG	6	41	47316389	48387129	413	9.03743912266269e-05		0.520205714644539				True
POAG	6	42	48394045	49522865	333	9.12369139077883e-05		0.334981228044322				True
POAG	6	43	49533287	50933504	453	0.0007477222518667		0.0639409830766962				True
POAG	6	44	50942550	51826281	387	0.0009834249932473		0.0033631316525851				True
POAG	6	45	51829707	52598582	391	0.0003156497800471		0.0				True
POAG	6	46	52599135	53420503	348	6.97645665534344e-05		0.662117731424908				True
POAG	6	47	53429272	54442960	485	0.0		0.999999730973442			nonpositive_local_h2	False
POAG	6	48	54452797	55463633	430	1.11363306422308e-05		0.0				True
POAG	6	49	55470865	56199071	296	2.16537524376889e-06		0.0				True
POAG	6	50	56202104	57226182	333	3.77862410124152e-05		0.766173692974912				True
POAG	6	51	57359149	58075480	74	0.0		0.999999320741238			nonpositive_local_h2	False
POAG	6	52	58144557	58770624	102	0.0		0.999999904884748			nonpositive_local_h2	False
POAG	6	53	61891638	62690680	198	0.0		0.999999865486721			nonpositive_local_h2	False
POAG	6	54	62697746	64010216	356	0.0		0.0			nonpositive_local_h2	False
POAG	6	55	64014812	65759576	418	0.0		0.0			nonpositive_local_h2	False
POAG	6	56	65760585	66442797	247	9.32659905989861e-05		0.339683913788338				True
POAG	6	57	66446703	67008286	232	1.10128343521718e-05		0.916112686409639				True
POAG	6	58	67049406	67558321	227	0.0		0.0			nonpositive_local_h2	False
POAG	6	59	67559927	68545861	377	0.0		0.999999398438329			nonpositive_local_h2	False
POAG	6	60	68548907	69293240	292	0.0		0.999999619538993			nonpositive_local_h2	False
POAG	6	61	69296762	70363194	393	0.0003027909577839		0.0160909758388226				True
POAG	6	62	70364668	71609707	540	0.0		0.999999341022206			nonpositive_local_h2	False
POAG	6	63	71610796	72289651	276	7.45238345727244e-05		0.511401981350148				True
POAG	6	64	72291184	73169177	352	0.0001305039250406		0.509717754339301				True
POAG	6	65	73173514	74382213	400	0.0001273129013221		0.510844422036929				True
POAG	6	66	74403248	75460501	373	4.03772606478246e-05		0.0				True
POAG	6	67	75461657	77268990	467	0.0		0.999999534032333			nonpositive_local_h2	False
POAG	6	68	77275598	78166945	340	7.63325009404563e-05		0.571173112841969				True
POAG	6	69	78171124	78958666	317	0.0		0.0			nonpositive_local_h2	False
POAG	6	70	78959888	79859877	287	6.32857648607367e-05		0.0				True
POAG	6	71	79872281	80692007	401	4.4970670425009e-06		0.974046854124931				True
POAG	6	72	80699741	81565351	309	7.01345097071127e-05		0.446546114883021				True
POAG	6	73	81576456	82379575	258	7.68795293199608e-05		0.423181167415272				True
POAG	6	74	82390960	83559409	408	0.0		0.999999730973442			nonpositive_local_h2	False
POAG	6	75	83573836	85038095	385	8.69156319255952e-05		0.444193336470795				True
POAG	6	76	85038293	85834204	380	3.06332723476873e-05		0.83565084604896				True
POAG	6	77	85837288	86808618	330	0.0		0.999999619538993			nonpositive_local_h2	False
POAG	6	78	86830507	87509113	257	0.0		0.0			nonpositive_local_h2	False
POAG	6	79	87530372	88499661	339	0.0		0.0			nonpositive_local_h2	False
POAG	6	80	88510409	89974066	631	8.49210383331463e-05		0.656472231316111				True
POAG	6	81	89974626	91092690	423	0.0001369952824194		0.482355351538059				True
POAG	6	82	91105349	92012043	436	0.0		0.999999461946885			nonpositive_local_h2	False
POAG	6	83	92019086	92950534	346	0.0001751030152018		0.0578976838444294				True
POAG	6	84	92954254	93689951	250	0.0		0.999999534032333			nonpositive_local_h2	False
POAG	6	85	93697732	95173764	571	6.79980215407569e-05		0.518285265369137				True
POAG	6	86	95179912	96479757	313	0.0		0.0			nonpositive_local_h2	False
POAG	6	87	96481452	98172848	539	0.0		0.999999534032333			nonpositive_local_h2	False
POAG	6	88	98179726	99675908	473	0.0		0.999999619538993			nonpositive_local_h2	False
POAG	6	89	99679578	100878267	484	0.0001305247706749		0.347935284635694				True
POAG	6	90	100879651	101791131	212	0.0		0.999999730973442			nonpositive_local_h2	False
POAG	6	91	101799259	102635841	284	0.0		0.0			nonpositive_local_h2	False
POAG	6	92	102639153	103612054	297	0.0		0.0			nonpositive_local_h2	False
POAG	6	93	103612659	104209117	228	0.0		0.999997856211103			nonpositive_local_h2	False
POAG	6	94	104217420	104948139	281	0.0		0.999999730973442			nonpositive_local_h2	False
POAG	6	95	104952471	106052529	360	0.0		0.999999730973442			nonpositive_local_h2	False
POAG	6	96	106059644	107307003	642	0.0		0.0			nonpositive_local_h2	False
POAG	6	97	107324218	109042459	565	1.79719184754561e-05		0.0				True
POAG	6	98	109048366	110645562	519	0.0		0.999999461946885			nonpositive_local_h2	False
POAG	6	99	110647920	111361944	246	0.0		0.999999730973442			nonpositive_local_h2	False
POAG	6	100	111366465	112342709	327	0.0		0.0			nonpositive_local_h2	False
POAG	6	101	112347732	113696524	526	0.0		0.999999341022206			nonpositive_local_h2	False
POAG	6	102	113708819	115058847	479	0.0		0.999999619538993			nonpositive_local_h2	False
POAG	6	103	115063381	116131731	291	2.34379606452961e-06		0.975340954797926				True
POAG	6	104	116137635	117668989	542	0.0		0.999999730973442			nonpositive_local_h2	False
POAG	6	105	117674087	118528493	303	0.0		0.0			nonpositive_local_h2	False
POAG	6	106	118532549	119451257	286	0.0		0.999999619538993			nonpositive_local_h2	False
POAG	6	107	119455554	120336680	351	0.0		0.999999730973442			nonpositive_local_h2	False
POAG	6	108	120350095	121084577	229	4.72757632309769e-05		0.637835418149939				True
POAG	6	109	121087489	121907968	259	0.0		0.999999730973442			nonpositive_local_h2	False
POAG	6	110	121914029	122928126	319	0.0004469075844429		0.0010254750363843				True
POAG	6	111	122935161	123853556	391	0.0002329980464135		0.137213063255122				True
POAG	6	112	123860153	125365005	636	0.0		0.999999239077987			nonpositive_local_h2	False
POAG	6	113	125365295	127529209	561	0.0		0.999999341022206			nonpositive_local_h2	False
POAG	6	114	127545492	128763333	305	0.0		0.0			nonpositive_local_h2	False
POAG	6	115	128769272	129849833	388	2.98406554909298e-05		0.774285042510786				True
POAG	6	116	129850455	130550063	374	0.0		0.999999461946885			nonpositive_local_h2	False
POAG	6	117	130550421	131451282	390	5.31286914700474e-05		0.0				True
POAG	6	118	131457657	132890341	522	0.0001557615924646		0.414171620668658				True
POAG	6	119	132890748	134313643	618	0.0		0.0			nonpositive_local_h2	False
POAG	6	120	134313785	135543927	484	0.00055078752641		0.0				True
POAG	6	121	135545460	137551037	481	0.0015298336124964		0.0				True
POAG	6	122	137554245	138825687	558	0.0		0.999999068064667			nonpositive_local_h2	False
POAG	6	123	138828134	139714492	330	0.0		0.0			nonpositive_local_h2	False
POAG	6	124	139716715	141442825	473	0.0		0.0			nonpositive_local_h2	False
POAG	6	125	141453145	143083063	490	0.0		0.0			nonpositive_local_h2	False
POAG	6	126	143086596	144788370	678	0.0		0.999999619538993			nonpositive_local_h2	False
POAG	6	127	144792772	145774684	375	0.0		0.0			nonpositive_local_h2	False
POAG	6	128	145781916	147015780	314	0.0		0.999999730973442			nonpositive_local_h2	False
POAG	6	129	147017697	148183190	432	5.11564935586129e-05		0.79362178626635				True
POAG	6	130	148185587	149278507	637	4.13592542266794e-05		0.838212020050736				True
POAG	6	131	149279188	150634383	616	0.0		0.999999461946885			nonpositive_local_h2	False
POAG	6	132	150637115	151629865	623	0.0		0.999996683217841			nonpositive_local_h2	False
POAG	6	133	151631090	152376475	346	4.18570634273588e-05		0.647761131002633				True
POAG	6	134	152377180	153080061	417	5.67395031402374e-05		0.534759047703251				True
POAG	6	135	153083426	153787225	345	0.0		0.999999619538993			nonpositive_local_h2	False
POAG	6	136	153793659	154461822	313	0.0		0.0			nonpositive_local_h2	False
POAG	6	137	154462086	155519888	449	0.0		0.999999461946885			nonpositive_local_h2	False
POAG	6	138	155525921	156754606	597	0.0		0.999999239077987			nonpositive_local_h2	False
POAG	6	139	156763643	158219013	498	0.0		0.999999461946885			nonpositive_local_h2	False
POAG	6	140	158221885	158951075	366	0.0		0.999999730973442			nonpositive_local_h2	False
POAG	6	141	158966179	159599952	292	0.0013766205091974		0.0749709332423412				True
POAG	6	142	159606873	160583904	489	0.0		0.999999239077987			nonpositive_local_h2	False
POAG	6	143	160584853	161369806	394	0.0		0.0			nonpositive_local_h2	False
POAG	6	144	161371105	162254146	496	0.0		0.999997077623557			nonpositive_local_h2	False
POAG	6	145	162255535	163333585	550	0.0		0.999999068064667			nonpositive_local_h2	False
POAG	6	146	163338231	164687295	744	0.0003478247711214		0.199634201261003				True
POAG	6	147	164690459	165832227	566	0.0001439726533469		0.305552915496228				True
POAG	6	148	165836746	166850798	603	0.0		0.999997593753317			nonpositive_local_h2	False
POAG	6	149	166853513	167714737	518	0.0		0.999999068064667			nonpositive_local_h2	False
POAG	6	150	167715405	168705006	352	0.0		0.0			nonpositive_local_h2	False
POAG	6	151	168707435	169667234	591	7.14337023617468e-05		0.743444015263778				True
POAG	6	152	169668998	170907734	508	7.71943589687253e-05		0.616290041716212				True
POAG	7	1	44935	230878	63	0.0		0.999999809769497			nonpositive_local_h2	False
POAG	7	2	668723	1363454	286	9.3028361997187e-06		0.916173110633861				True
POAG	7	3	1376857	2457709	330	0.0002675171383037		0.0630128571272208				True
POAG	7	4	2479029	3099853	292	0.0		0.999999619538993			nonpositive_local_h2	False
POAG	7	5	3100838	4137575	551	0.0		0.999999239077987			nonpositive_local_h2	False
POAG	7	6	4139470	4937930	374	0.0		0.0			nonpositive_local_h2	False
POAG	7	7	4939360	5943210	306	0.0		0.999999619538993			nonpositive_local_h2	False
POAG	7	8	6026775	6713985	205	0.0		0.999999534032333			nonpositive_local_h2	False
POAG	7	9	6720341	7163442	93	0.0		0.999999809769497			nonpositive_local_h2	False
POAG	7	10	7167990	7926413	502	0.0		0.999999461946885			nonpositive_local_h2	False
POAG	7	11	7929851	8718080	449	0.0		0.999999068064667			nonpositive_local_h2	False
POAG	7	12	8720903	9224481	308	0.0001843203573863		0.0				True
POAG	7	13	9229882	9899380	331	2.89084147566822e-05		0.0				True
POAG	7	14	9903357	10481065	247	0.0		0.999999534032333			nonpositive_local_h2	False
POAG	7	15	10488614	11232243	290	0.0001137549756374		0.478860318937232				True
POAG	7	16	11233115	11853008	402	0.0001857227172682		0.462816198460018				True
POAG	7	17	11855636	12694083	492	9.07609639306176e-05		0.534456761980136				True
POAG	7	18	12695507	13211495	239	0.0		0.999999730973442			nonpositive_local_h2	False
POAG	7	19	13218051	13674355	232	0.0		0.999999619538993			nonpositive_local_h2	False
POAG	7	20	13678247	15012831	694	0.0		0.0			nonpositive_local_h2	False
POAG	7	21	15019381	15877548	402	0.0003630005274633		0.0789864323402014				True
POAG	7	22	15880136	16734891	427	0.0002833219189567		0.12098474442791				True
POAG	7	23	16740101	17593328	470	0.0		0.999999619538993			nonpositive_local_h2	False
POAG	7	24	17599438	19070930	629	0.0		0.999999461946885			nonpositive_local_h2	False
POAG	7	25	19133072	20120813	429	0.0003073746944598		0.157425731598485				True
POAG	7	26	20122811	21387797	635	0.0		0.999998796876658			nonpositive_local_h2	False
POAG	7	27	21392007	22164444	497	0.0		0.0			nonpositive_local_h2	False
POAG	7	28	22165180	23106669	441	0.0		0.999999341022206			nonpositive_local_h2	False
POAG	7	29	23106692	24149942	388	0.0		0.999999619538993			nonpositive_local_h2	False
POAG	7	30	24151175	24893147	438	0.0		0.0			nonpositive_local_h2	False
POAG	7	31	24894255	25669627	492	0.0		0.999999068064667			nonpositive_local_h2	False
POAG	7	32	25671576	27349479	662	0.0001035286078008		0.0				True
POAG	7	33	27351298	28888086	758	0.0		0.0			nonpositive_local_h2	False
POAG	7	34	28893354	30165896	712	0.0		0.999997419587908			nonpositive_local_h2	False
POAG	7	35	30179394	31730048	670	0.0		0.0			nonpositive_local_h2	False
POAG	7	36	31730696	32455882	417	0.0		0.0			nonpositive_local_h2	False
POAG	7	37	32460233	33155385	235	0.0001275388041458		0.0				True
POAG	7	38	33165147	34111660	364	0.000147233229299		0.522695816265917				True
POAG	7	39	34131919	35353014	459	0.0		0.999999341022206			nonpositive_local_h2	False
POAG	7	40	35356265	36504070	583	0.0001974426316291		0.116893105749032				True
POAG	7	41	36510043	37977116	755	0.0001579038035783		0.0				True
POAG	7	42	37986332	38965611	514	0.0		0.0			nonpositive_local_h2	False
POAG	7	43	38970166	40259553	448	0.0009159058917842		0.0002438854365458				True
POAG	7	44	40271224	41414212	385	0.0		0.999999619538993			nonpositive_local_h2	False
POAG	7	45	41416071	42494497	417	0.0		0.999999619538993			nonpositive_local_h2	False
POAG	7	46	42495555	43447936	373	0.0		0.0			nonpositive_local_h2	False
POAG	7	47	43451203	44989199	505	0.0		0.0			nonpositive_local_h2	False
POAG	7	48	44995327	46242583	514	0.0		0.999999149263327			nonpositive_local_h2	False
POAG	7	49	46251401	47253441	464	3.39678571279882e-05		0.844964649885996				True
POAG	7	50	47254394	48361784	546	0.000825250795542		0.0				True
POAG	7	51	48367798	48984046	274	0.0		0.999999534032333			nonpositive_local_h2	False
POAG	7	52	48984670	49629291	251	0.0		0.999999619538993			nonpositive_local_h2	False
POAG	7	53	49637607	50894054	555	0.0001655532092372		0.0				True
POAG	7	54	50896266	51949727	420	0.0		0.999999619538993			nonpositive_local_h2	False
POAG	7	55	51951935	52633483	324	0.0		0.999999461946885			nonpositive_local_h2	False
POAG	7	56	52635223	53175158	299	3.9565155877396e-05		0.0				True
POAG	7	57	53177183	54084878	360	0.0		0.999999730973442			nonpositive_local_h2	False
POAG	7	58	54087762	54544248	157	0.0		0.999999809769497			nonpositive_local_h2	False
POAG	7	59	54550678	55160538	274	0.0		0.0			nonpositive_local_h2	False
POAG	7	60	55162336	56301242	422	0.0		0.999999461946885			nonpositive_local_h2	False
POAG	7	61	56306726	57377065	187	0.0001773418556669		0.164668906490035				True
POAG	7	62	57385635	61852895	98	0.0		0.999999865486721			nonpositive_local_h2	False
POAG	7	63	61994170	63302111	109	0.0001426294361927		0.584095817755908				True
POAG	7	64	63314453	64211341	240	0.0		0.999999809769497			nonpositive_local_h2	False
POAG	7	65	64221817	65282322	175	0.0		0.0			nonpositive_local_h2	False
POAG	7	66	65300423	66452054	258	1.66674067848366e-05		0.0				True
POAG	7	67	66457626	66913933	124	0.0		0.999999809769497			nonpositive_local_h2	False
POAG	7	68	66931015	67473550	246	0.0001359544846491		0.452640917670869				True
POAG	7	69	67482110	68564589	458	0.0		0.0			nonpositive_local_h2	False
POAG	7	70	68569292	70143677	461	0.0004928315879002		0.215240343718609				True
POAG	7	71	70144848	71211570	435	0.0		1.0758377936303401e-14			nonpositive_local_h2	False
POAG	7	72	71223694	73125263	408	0.0		0.999999534032333			nonpositive_local_h2	False
POAG	7	73	73133241	75240915	303	0.0		0.999999534032333			nonpositive_local_h2	False
POAG	7	74	75243991	76446091	273	0.0005285147808599		0.0				True
POAG	7	75	76461796	77663486	357	8.87446210082727e-05		0.255792240036911				True
POAG	7	76	77664569	78680726	695	0.0		0.999998993394793			nonpositive_local_h2	False
POAG	7	77	78687119	80053909	452	0.0		0.999999341022206			nonpositive_local_h2	False
POAG	7	78	80055910	81533495	512	0.0		0.999999619538993			nonpositive_local_h2	False
POAG	7	79	81534837	82755546	526	0.0		0.0			nonpositive_local_h2	False
POAG	7	80	82766601	83941201	522	0.0010325639880486		0.0082746761464697				True
POAG	7	81	83954737	85347664	377	2.29828882016993e-05		0.710791498820818				True
POAG	7	82	85356747	86444931	317	0.0		0.0			nonpositive_local_h2	False
POAG	7	83	86447703	87836113	436	0.0		0.999997916129245			nonpositive_local_h2	False
POAG	7	84	87839528	89321472	570	0.0		0.999999619538993			nonpositive_local_h2	False
POAG	7	85	89332304	90660684	562	0.0003068585831353		0.0560144786180008				True
POAG	7	86	90661545	92489813	552	6.60557051615918e-05		0.53113656678233				True
POAG	7	87	92530918	93689033	366	0.0		0.0			nonpositive_local_h2	False
POAG	7	88	93691744	95173570	479	0.0		0.999998738153594			nonpositive_local_h2	False
POAG	7	89	95175372	96562958	538	0.0		0.999999619538993			nonpositive_local_h2	False
POAG	7	90	96569280	97414110	285	0.0		0.999999730973442			nonpositive_local_h2	False
POAG	7	91	97423394	98162961	210	0.0		0.999999730973442			nonpositive_local_h2	False
POAG	7	92	98182505	99460458	314	0.0		0.0			nonpositive_local_h2	False
POAG	7	93	99466558	100844011	399	0.0002501332094588		0.178752683201873				True
POAG	7	94	100849804	101950500	372	0.0003632692542381		0.0424341716540982				True
POAG	7	95	101951419	103190840	247	0.0001273469638538		0.332316897423267				True
POAG	7	96	103191428	104107936	503	0.000536675146252		0.024902393737121				True
POAG	7	97	104110492	105308640	423	5.30554418485765e-05		0.51302082463133				True
POAG	7	98	105312942	106398362	544	0.0		0.999999068064667			nonpositive_local_h2	False
POAG	7	99	106399948	107655604	449	0.0		0.999999239077987			nonpositive_local_h2	False
POAG	7	100	107673078	109085999	533	0.0		0.999999461946885			nonpositive_local_h2	False
POAG	7	101	109096390	110477566	467	3.6205345060375e-05		0.0				True
POAG	7	102	110479535	111795130	399	0.0		0.0			nonpositive_local_h2	False
POAG	7	103	111795896	113333114	438	0.0		0.0			nonpositive_local_h2	False
POAG	7	104	113346826	115317894	477	0.0		0.999999619538993			nonpositive_local_h2	False
POAG	7	105	115323654	116834863	452	0.0015335472448176		1.30822674757037e-05				True
POAG	7	106	116837610	118338267	476	0.0010522242183759		0.001536443455875				True
POAG	7	107	118345178	119565056	200	8.91297585143308e-06		0.857407175827902				True
POAG	7	108	119577292	121033191	363	0.0		0.999996862638167			nonpositive_local_h2	False
POAG	7	109	121066105	121944527	284	0.0		0.0			nonpositive_local_h2	False
POAG	7	110	121947456	123859390	627	0.0		0.999999341022206			nonpositive_local_h2	False
POAG	7	111	123860214	125388062	506	0.0		0.0			nonpositive_local_h2	False
POAG	7	112	125392358	126640633	480	0.0		0.0			nonpositive_local_h2	False
POAG	7	113	126641643	127903539	541	0.0		0.999999619538993			nonpositive_local_h2	False
POAG	7	114	127905557	128769030	267	0.0001835971309553		0.245795338151517				True
POAG	7	115	128785008	130416394	544	0.0		0.999998923893769			nonpositive_local_h2	False
POAG	7	116	130419958	131855368	621	0.0		0.0			nonpositive_local_h2	False
POAG	7	117	131856536	133803962	663	0.0		0.0			nonpositive_local_h2	False
POAG	7	118	133810818	134942965	502	0.0001574888268744		0.39805635100549				True
POAG	7	119	134944039	136107238	489	5.72240255649102e-05		0.0				True
POAG	7	120	136123543	137655829	499	0.0002313970384793		0.176157388131537				True
POAG	7	121	137658446	138751616	410	2.43540852355905e-05		0.880971267311656				True
POAG	7	122	138758992	140213880	506	0.0		0.999999068064667			nonpositive_local_h2	False
POAG	7	123	140217670	142044047	656	0.0		0.999999461946885			nonpositive_local_h2	False
POAG	7	124	142099013	144321911	651	3.56201507395368e-05		0.0				True
POAG	7	125	144334808	145415320	359	0.0		0.0			nonpositive_local_h2	False
POAG	7	126	145422195	146572276	332	4.86101046529804e-05		0.728046198424655				True
POAG	7	127	146578167	147351071	381	0.0		0.0			nonpositive_local_h2	False
POAG	7	128	147354931	148615643	563	2.4684772325387e-05		0.888272771502195				True
POAG	7	129	148628362	149824341	364	0.0		0.0			nonpositive_local_h2	False
POAG	7	130	149855335	150896223	463	0.0		0.999997004247039			nonpositive_local_h2	False
POAG	7	131	150901609	152248829	440	0.0		0.999998796876658			nonpositive_local_h2	False
POAG	7	132	152255539	153240425	405	0.0		0.0			nonpositive_local_h2	False
POAG	7	133	153248772	154406965	430	0.0		0.0			nonpositive_local_h2	False
POAG	7	134	154411908	155280528	525	0.0		0.0			nonpositive_local_h2	False
POAG	7	135	155280693	156343926	482	0.0		0.999998923893769			nonpositive_local_h2	False
POAG	7	136	156347201	157198266	293	0.0		0.999999619538993			nonpositive_local_h2	False
POAG	7	137	157201080	158028901	347	8.07743414247132e-05		0.0				True
POAG	7	138	158031556	159119486	416	2.48018913681623e-06		0.0				True
POAG	8	1	164984	657650	287	0.0		0.999999619538993			nonpositive_local_h2	False
POAG	8	2	662139	1161443	250	0.0		0.999999341022206			nonpositive_local_h2	False
POAG	8	3	1163713	1627174	264	0.0		0.999999461946885			nonpositive_local_h2	False
POAG	8	4	1632525	2070062	320	0.0		0.0			nonpositive_local_h2	False
POAG	8	5	2072342	2395110	162	0.0		0.0			nonpositive_local_h2	False
POAG	8	6	2403261	2970477	374	2.62664011888832e-05		0.88539956320996				True
POAG	8	7	2970539	3385757	395	0.0		0.0			nonpositive_local_h2	False
POAG	8	8	3387299	3781893	495	8.05790796271892e-06		0.965757823780739				True
POAG	8	9	3790267	4272581	626	0.0		0.999999461946885			nonpositive_local_h2	False
POAG	8	10	4277173	4893071	640	0.0		0.0			nonpositive_local_h2	False
POAG	8	11	4893353	5554620	562	0.0		0.999999149263327			nonpositive_local_h2	False
POAG	8	12	5566444	6017670	385	0.0		0.0			nonpositive_local_h2	False
POAG	8	13	6021203	6660502	523	0.0003130999111294		0.0890466999816867				True
POAG	8	14	6664969	7007415	189	0.0		0.999999730973442			nonpositive_local_h2	False
POAG	8	15	8092025	8589687	313	0.0		0.999999398438329			nonpositive_local_h2	False
POAG	8	16	8589783	9165654	344	0.0		0.0			nonpositive_local_h2	False
POAG	8	17	9171735	9834862	344	0.0		0.999999619538993			nonpositive_local_h2	False
POAG	8	18	9836320	10478745	441	0.0		0.0			nonpositive_local_h2	False
POAG	8	19	10486652	11463230	547	6.41795469463988e-05		0.635157497320789				True
POAG	8	20	11469622	11891593	217	2.31249437750963e-05		0.744355596505899				True
POAG	8	21	12491639	12944950	239	0.0		0.999999534032333			nonpositive_local_h2	False
POAG	8	22	12948275	13390938	296	0.0		0.0			nonpositive_local_h2	False
POAG	8	23	13395662	13947515	398	0.0		0.999999341022206			nonpositive_local_h2	False
POAG	8	24	13950615	14388093	218	6.11855800093475e-05		0.29228082004298				True
POAG	8	25	14389481	14870921	300	0.0		0.999999730973442			nonpositive_local_h2	False
POAG	8	26	14873709	15359174	381	0.0		0.0			nonpositive_local_h2	False
POAG	8	27	15359762	15999039	414	5.52181106856828e-05		0.64621512612826				True
POAG	8	28	15999486	16985962	358	0.0		0.999999619538993			nonpositive_local_h2	False
POAG	8	29	16988955	17491730	340	8.65724773468316e-05		0.583685157716084				True
POAG	8	30	17494886	17945818	310	0.0001711531902171		0.0				True
POAG	8	31	17948008	18668608	489	0.0		0.999999068064667			nonpositive_local_h2	False
POAG	8	32	18670235	19487700	526	9.35636781986454e-05		0.604290475031351				True
POAG	8	33	19489046	20134377	404	0.0		0.0			nonpositive_local_h2	False
POAG	8	34	20138047	20810194	367	0.0		0.999999619538993			nonpositive_local_h2	False
POAG	8	35	20812112	21618317	407	0.0		0.999999341022206			nonpositive_local_h2	False
POAG	8	36	21662306	22893034	548	0.0		0.999999341022206			nonpositive_local_h2	False
POAG	8	37	22900701	23787759	505	0.0		0.999996771681307			nonpositive_local_h2	False
POAG	8	38	23797763	24859836	361	0.0		0.999999730973442			nonpositive_local_h2	False
POAG	8	39	24865117	25858692	448	0.0002072956715228		0.0				True
POAG	8	40	25863992	26674936	480	0.0		0.999999068064667			nonpositive_local_h2	False
POAG	8	41	26679578	27405809	411	1.37199250537061e-05		0.922901048191706				True
POAG	8	42	27415476	28341974	490	0.0		0.999999619538993			nonpositive_local_h2	False
POAG	8	43	28347283	29744518	527	4.37336625436257e-05		0.773647431460462				True
POAG	8	44	29745193	31133658	423	0.0001687742218648		0.276663176403824				True
POAG	8	45	31135931	32453358	557	0.0		0.999999461946885			nonpositive_local_h2	False
POAG	8	46	32456182	33982495	360	1.97715337255703e-05		0.740460825600338				True
POAG	8	47	33984800	34792116	223	0.0001166599364953		0.113229608655896				True
POAG	8	48	34792235	36633318	316	0.0		0.999997749162331			nonpositive_local_h2	False
POAG	8	49	36642472	38799057	584	5.63652702166926e-05		0.739497284896744				True
POAG	8	50	38808752	40179515	430	0.0		0.999999730973442			nonpositive_local_h2	False
POAG	8	51	40179891	40973567	396	0.0		0.999999534032333			nonpositive_local_h2	False
POAG	8	52	40978059	41723550	320	0.0		0.999999461946885			nonpositive_local_h2	False
POAG	8	53	41727195	43791691	317	0.0		0.0			nonpositive_local_h2	False
POAG	8	54	46936840	49039681	199	0.0		0.999999730973442			nonpositive_local_h2	False
POAG	8	55	49046707	50287180	327	0.0		0.999999619538993			nonpositive_local_h2	False
POAG	8	56	50290167	51461440	310	8.11308133744011e-05		0.255954718495667				True
POAG	8	57	51461513	52325767	245	0.0001926960400762		0.0				True
POAG	8	58	52331018	53103663	263	0.0		0.999999730973442			nonpositive_local_h2	False
POAG	8	59	53110206	54119214	375	7.43083002989115e-05		0.399167458493374				True
POAG	8	60	54119394	55269940	348	3.3515330160435e-05		0.818740286618855				True
POAG	8	61	55275406	56339361	403	0.0		0.0			nonpositive_local_h2	False
POAG	8	62	56346965	57436577	382	8.04288795758018e-05		0.0				True
POAG	8	63	57440366	58671521	484	0.0		0.999995780483318			nonpositive_local_h2	False
POAG	8	64	58675166	59544413	359	0.0		0.999999619538993			nonpositive_local_h2	False
POAG	8	65	59562087	60470686	321	0.0		0.999999730973442			nonpositive_local_h2	False
POAG	8	66	60478117	61324092	276	0.0		0.0			nonpositive_local_h2	False
POAG	8	67	61330269	62330609	360	0.0		0.999999619538993			nonpositive_local_h2	False
POAG	8	68	62337601	63249830	335	0.0		0.999999534032333			nonpositive_local_h2	False
POAG	8	69	63254413	64215259	403	1.73852461840956e-05		0.840808702006233				True
POAG	8	70	64216591	66013163	488	6.20249132272275e-06		0.971595688535587				True
POAG	8	71	66019046	66960324	317	1.38990138453627e-05		0.0				True
POAG	8	72	66963989	68683252	321	0.0		0.0			nonpositive_local_h2	False
POAG	8	73	68683874	70003448	626	0.0		0.999998796876658			nonpositive_local_h2	False
POAG	8	74	70005353	70871068	384	0.0		0.999999341022206			nonpositive_local_h2	False
POAG	8	75	70883360	72012331	323	0.0		0.999999730973442			nonpositive_local_h2	False
POAG	8	76	72017177	72913114	491	0.0		0.999999341022206			nonpositive_local_h2	False
POAG	8	77	72917890	73832242	474	3.39951337286276e-05		0.0				True
POAG	8	78	73838986	75008787	480	5.19883561584622e-05		0.765400913390734				True
POAG	8	79	75014430	76293967	486	8.49192128474198e-05		0.586908089364705				True
POAG	8	80	76296789	77377945	366	0.0		0.999999461946885			nonpositive_local_h2	False
POAG	8	81	77382703	78633267	368	0.0		0.0			nonpositive_local_h2	False
POAG	8	82	78637869	79753010	331	9.36777468121719e-05		0.184890996923091				True
POAG	8	83	79756515	81339142	535	7.0999634046079e-05		0.658990243025224				True
POAG	8	84	81347419	82869630	523	0.0001079897783833		0.582429560875491				True
POAG	8	85	82879546	83729215	264	0.0		0.999999619538993			nonpositive_local_h2	False
POAG	8	86	83733865	85113675	385	0.0		0.999997296316556			nonpositive_local_h2	False
POAG	8	87	85117456	86250709	261	0.0		0.999999670511103			nonpositive_local_h2	False
POAG	8	88	86253982	87562330	300	0.0		0.999999809769497			nonpositive_local_h2	False
POAG	8	89	87563878	89079023	538	0.0		0.999999619538993			nonpositive_local_h2	False
POAG	8	90	89083979	90363990	373	0.0		0.999999730973442			nonpositive_local_h2	False
POAG	8	91	90369994	91457626	335	0.0		0.999999730973442			nonpositive_local_h2	False
POAG	8	92	91460670	92873618	355	0.0001997837764184		0.398605240205897				True
POAG	8	93	92878400	94998256	660	0.0		0.999999619538993			nonpositive_local_h2	False
POAG	8	94	94999197	96172490	483	0.0		0.999999461946885			nonpositive_local_h2	False
POAG	8	95	96179145	96900502	444	1.44492403142278e-05		0.909893380080445				True
POAG	8	96	96901070	98130180	462	6.46687104659931e-05		0.636379144848901				True
POAG	8	97	98134018	99387729	540	0.0002343889109978		0.255562586024367				True
POAG	8	98	99389200	101448416	552	0.0		0.999999619538993			nonpositive_local_h2	False
POAG	8	99	101452935	102544575	466	0.0		0.999999619538993			nonpositive_local_h2	False
POAG	8	100	102548864	103714346	519	0.0		0.999999619538993			nonpositive_local_h2	False
POAG	8	101	103716991	104466543	356	3.9904206012253e-06		0.0				True
POAG	8	102	104467990	105367785	285	0.0		0.999999809769497			nonpositive_local_h2	False
POAG	8	103	105371276	106498422	451	0.0		0.999997028504547			nonpositive_local_h2	False
POAG	8	104	106503845	107785488	492	3.55341052426194e-05		0.708100165456173				True
POAG	8	105	107789571	108646193	398	0.0011529235282276		0.0				True
POAG	8	106	108649072	109917023	431	8.03040308207689e-05		0.673125241502508				True
POAG	8	107	109921525	111187061	393	1.11995105572965e-05		0.0				True
POAG	8	108	111218857	112598361	289	0.0		0.999997593753317			nonpositive_local_h2	False
POAG	8	109	112604086	113648931	294	0.0		0.999999670511103			nonpositive_local_h2	False
POAG	8	110	113652365	114776941	305	0.0002714611841455		0.161180278168405				True
POAG	8	111	114785889	115328387	241	2.07453698910473e-05		0.740416322597436				True
POAG	8	112	115335219	116081696	232	0.0		0.999999809769497			nonpositive_local_h2	False
POAG	8	113	116105620	118294316	684	4.56508389671191e-05		0.78948586530796				True
POAG	8	114	118300497	119421020	456	0.0002389538634457		0.0				True
POAG	8	115	119426375	120215645	358	0.0003974014204098		0.0				True
POAG	8	116	120218302	121550719	500	0.0		0.0			nonpositive_local_h2	False
POAG	8	117	121561369	122622697	432	0.0		0.999999239077987			nonpositive_local_h2	False
POAG	8	118	122632611	124000951	534	0.0002389933980576		0.298230005583547				True
POAG	8	119	124001089	125450473	639	0.0005598390964196		0.0195653053113655				True
POAG	8	120	125456928	126766585	564	9.88190791864595e-05		0.583665594356197				True
POAG	8	121	126772563	128072019	551	0.0		0.999999619538993			nonpositive_local_h2	False
POAG	8	122	128075690	129289556	633	0.0		0.999998796876658			nonpositive_local_h2	False
POAG	8	123	129299649	130383311	403	0.0		0.0			nonpositive_local_h2	False
POAG	8	124	130383854	131545671	494	8.69145424870796e-05		0.705916268780371				True
POAG	8	125	131550333	132533730	507	0.0		0.0			nonpositive_local_h2	False
POAG	8	126	132538742	133459111	457	3.59757002592957e-05		0.766801080026732				True
POAG	8	127	133463731	134509215	644	3.30667622215009e-05		0.0				True
POAG	8	128	134512809	135308849	493	0.0		0.999999461946885			nonpositive_local_h2	False
POAG	8	129	135313764	136217862	475	9.24671250929386e-05		0.507137032963496				True
POAG	8	130	136220935	137527129	554	0.0		0.999999341022206			nonpositive_local_h2	False
POAG	8	131	137529123	138562411	380	3.02156414664915e-06		0.0				True
POAG	8	132	138569398	139403283	452	0.0		0.999999239077987			nonpositive_local_h2	False
POAG	8	133	139405963	140354986	515	3.11724824097835e-05		0.843704274075278				True
POAG	8	134	140358213	141527306	609	0.0001191843562195		0.485797853773065				True
POAG	8	135	141530057	142609665	429	0.0		0.0			nonpositive_local_h2	False
POAG	8	136	142613054	143609913	338	0.0		0.0			nonpositive_local_h2	False
POAG	8	137	143612149	144929811	493	0.0		0.0			nonpositive_local_h2	False
POAG	8	138	144945191	146293414	257	0.0		0.999999730973442			nonpositive_local_h2	False
POAG	9	1	186603	653505	385	1.71442107300775e-05		0.0				True
POAG	9	2	656736	1103477	311	0.0		0.999999461946885			nonpositive_local_h2	False
POAG	9	3	1107806	1870197	628	0.0		0.999999068064667			nonpositive_local_h2	False
POAG	9	4	1880152	2432800	419	0.0		0.0			nonpositive_local_h2	False
POAG	9	5	2447910	3077843	380	0.0		0.999999341022206			nonpositive_local_h2	False
POAG	9	6	3080838	4024539	464	0.0		0.0			nonpositive_local_h2	False
POAG	9	7	4028842	4591655	475	6.00694255990272e-05		0.77908018803903				True
POAG	9	8	4598379	5436461	399	0.0		0.999999619538993			nonpositive_local_h2	False
POAG	9	9	5445990	6858156	572	0.000108127131165		0.405314333874926				True
POAG	9	10	6865386	7387977	437	0.0		0.999999341022206			nonpositive_local_h2	False
POAG	9	11	7388656	8261551	618	3.00107444101757e-05		0.80708956663565				True
POAG	9	12	8262469	9165805	610	0.0		0.999999068064667			nonpositive_local_h2	False
POAG	9	13	9171635	9917049	449	0.0		0.999999461946885			nonpositive_local_h2	False
POAG	9	14	9926888	10673850	421	0.0		0.0			nonpositive_local_h2	False
POAG	9	15	10678556	11262118	253	0.0		0.999999619538993			nonpositive_local_h2	False
POAG	9	16	11275227	12042535	280	0.0		0.999999809769497			nonpositive_local_h2	False
POAG	9	17	12044969	12663561	310	0.0		0.0			nonpositive_local_h2	False
POAG	9	18	12667049	13511067	350	0.0002015374171197		0.0				True
POAG	9	19	13516313	14244413	438	0.000589791806242		0.0				True
POAG	9	20	14244753	14901322	461	3.00945914607253e-07		0.0				True
POAG	9	21	14903275	15830506	341	0.0		0.0			nonpositive_local_h2	False
POAG	9	22	15841937	16656653	473	0.0		0.999999149263327			nonpositive_local_h2	False
POAG	9	23	16658807	17391531	357	7.29790712390236e-05		0.484861505744695				True
POAG	9	24	17394465	17987408	321	0.0		0.999999730973442			nonpositive_local_h2	False
POAG	9	25	17990785	18751638	435	7.84654664021536e-05		0.633280404415608				True
POAG	9	26	18754211	19458939	400	0.0		0.999999619538993			nonpositive_local_h2	False
POAG	9	27	19465900	20482380	471	0.0		0.0			nonpositive_local_h2	False
POAG	9	28	20484604	21673608	510	0.0		0.999999341022206			nonpositive_local_h2	False
POAG	9	29	21674147	23083305	561	0.0045225826981388		2.7748547376016797e-28				True
POAG	9	30	23091742	23859363	289	0.0		0.0			nonpositive_local_h2	False
POAG	9	31	23859906	24757627	228	0.0		0.0			nonpositive_local_h2	False
POAG	9	32	24757755	25956931	480	0.0		0.999999068064667			nonpositive_local_h2	False
POAG	9	33	25963989	26746590	340	0.0		0.0			nonpositive_local_h2	False
POAG	9	34	26750142	27366436	327	4.70660627021838e-05		0.814397243761861				True
POAG	9	35	27367278	28064791	360	0.0		0.999999341022206			nonpositive_local_h2	False
POAG	9	36	28067491	28761593	348	0.0		0.999999239077987			nonpositive_local_h2	False
POAG	9	37	28771619	29594558	383	0.0001010035661976		0.506548407421869				True
POAG	9	38	29597552	30409103	300	4.09243886417868e-05		0.0				True
POAG	9	39	30420638	31113720	215	0.0001335436417793		0.0				True
POAG	9	40	31119647	32247145	430	0.0		0.0			nonpositive_local_h2	False
POAG	9	41	32255125	33193935	448	0.0		0.999999239077987			nonpositive_local_h2	False
POAG	9	42	33195478	34695469	495	0.0001462769912925		0.0				True
POAG	9	43	34710338	36748641	664	0.0		0.999999341022206			nonpositive_local_h2	False
POAG	9	44	36749333	37686417	420	0.0		0.999999619538993			nonpositive_local_h2	False
POAG	9	45	37688817	38772575	486	0.0002556281101292		0.147966456224993				True
POAG	9	46	70984372	72282172	468	0.0		0.999999239077987			nonpositive_local_h2	False
POAG	9	47	72291978	73914369	766	8.18414522881592e-05		0.573262812963895				True
POAG	9	48	73915535	74950213	389	0.0		0.999999461946885			nonpositive_local_h2	False
POAG	9	49	74952171	76193770	404	0.0001767701868995		0.0				True
POAG	9	50	76198452	77858578	575	0.0		0.999999619538993			nonpositive_local_h2	False
POAG	9	51	77877793	78630894	404	0.0009398394416897		5.27968650659481e-05				True
POAG	9	52	78631123	79450930	492	0.0001749293346295		0.276887869608388				True
POAG	9	53	79451050	80136533	303	0.0		0.999999619538993			nonpositive_local_h2	False
POAG	9	54	80137434	81154501	361	0.0004160150180472		0.0793103469583868				True
POAG	9	55	81161599	82598985	706	0.0		0.0			nonpositive_local_h2	False
POAG	9	56	82602724	83455332	429	0.0001254169842972		0.338591251307261				True
POAG	9	57	83460025	85135643	551	0.0001117706532701		0.0				True
POAG	9	58	85135915	86763217	706	0.0		0.999999149263327			nonpositive_local_h2	False
POAG	9	59	86770003	87811640	544	8.50716289138595e-05		0.644854083767145				True
POAG	9	60	87820457	89168700	461	0.0		0.0			nonpositive_local_h2	False
POAG	9	61	89172667	90134690	480	0.0		0.0			nonpositive_local_h2	False
POAG	9	62	90136246	90887268	397	1.69451856212444e-05		0.877894601678148				True
POAG	9	63	90891114	91637304	258	0.0001463681775132		0.251931828388594				True
POAG	9	64	91644665	92499803	333	0.0		0.999999534032333			nonpositive_local_h2	False
POAG	9	65	92500586	93439259	401	0.0		0.999999461946885			nonpositive_local_h2	False
POAG	9	66	93441498	94169155	333	2.12489930016147e-05		0.900671843815117				True
POAG	9	67	94176261	94923148	289	9.91748041907261e-06		0.0				True
POAG	9	68	94925680	95854695	331	0.0		0.999999730973442			nonpositive_local_h2	False
POAG	9	69	95857333	96668352	357	0.0		0.999998319929686			nonpositive_local_h2	False
POAG	9	70	96670213	97415909	295	0.000184513899744		0.0				True
POAG	9	71	97419146	98885767	526	0.0001740698446483		0.278707160903581				True
POAG	9	72	98888628	100310501	372	6.02583860015179e-05		0.584869943649781				True
POAG	9	73	100310711	101593825	632	0.0003865117555837		0.0782736697433011				True
POAG	9	74	101598609	103161860	516	0.0001668261127905		0.172615837195532				True
POAG	9	75	103168997	104221235	410	0.0		0.999998502123519			nonpositive_local_h2	False
POAG	9	76	104223252	105042946	477	0.0		0.999999341022206			nonpositive_local_h2	False
POAG	9	77	105043748	105845247	373	0.0		0.0			nonpositive_local_h2	False
POAG	9	78	105846940	107059946	530	6.57668659413041e-05		0.588770043289054				True
POAG	9	79	107063817	108166638	565	0.0038481004516493		5.75703209620064e-08				True
POAG	9	80	108205262	109150651	318	1.73583275515771e-05		0.878615159153204				True
POAG	9	81	109151075	110628820	685	0.0		0.0			nonpositive_local_h2	False
POAG	9	82	110632626	111367630	442	9.82204049918416e-05		0.424847857121553				True
POAG	9	83	111368151	112072419	439	6.03985839702033e-05		0.701262540281488				True
POAG	9	84	112080128	112862214	422	0.0001120661446432		0.576745383951966				True
POAG	9	85	112868321	113644930	487	0.0002049789296667		0.395834331067727				True
POAG	9	86	113646264	114439510	349	0.0		0.999999461946885			nonpositive_local_h2	False
POAG	9	87	114444565	115383332	426	1.0584758579822e-05		0.954702558845171				True
POAG	9	88	115399064	116159423	409	0.0		0.999998682044413			nonpositive_local_h2	False
POAG	9	89	116160220	117053273	499	0.0		0.999999619538993			nonpositive_local_h2	False
POAG	9	90	117056851	117988366	517	0.0		0.999999461946885			nonpositive_local_h2	False
POAG	9	91	117989062	118996950	403	2.8960132682067e-05		0.72837625466598				True
POAG	9	92	119003933	119887714	516	0.0		0.0			nonpositive_local_h2	False
POAG	9	93	119891290	121008432	579	0.0		0.999999619538993			nonpositive_local_h2	False
POAG	9	94	121010732	122676538	783	3.54061324473166e-05		0.0				True
POAG	9	95	122681580	124118776	419	0.0		0.0			nonpositive_local_h2	False
POAG	9	96	124125324	125136884	364	3.26913897498268e-05		0.767990985950142				True
POAG	9	97	125138695	126091085	306	1.70447829637431e-05		0.0				True
POAG	9	98	126094458	127184067	396	0.0001207636839483		0.24629714448879				True
POAG	9	99	127190340	128784665	403	0.0		0.0			nonpositive_local_h2	False
POAG	9	100	128785910	129617253	405	0.0021994853974298		8.09813430567171e-09				True
POAG	9	101	129619875	130891060	408	0.00037387037662		2.77565313636876e-05				True
POAG	9	102	130906848	132192986	327	0.0001789170418648		0.130803353576168				True
POAG	9	103	132194098	132996875	313	0.0		0.999999619538993			nonpositive_local_h2	False
POAG	9	104	133000282	134139458	420	8.03417325644452e-05		0.728464385869069				True
POAG	9	105	134142444	135132930	388	1.56136034970299e-05		0.882996788117566				True
POAG	9	106	135137364	136039936	414	0.0001160153807527		0.536727968988053				True
POAG	9	107	136042694	136769348	394	0.0005598619004174		0.0081835528561314				True
POAG	9	108	136771319	137587768	353	0.0		0.0			nonpositive_local_h2	False
POAG	9	109	137595066	138199317	384	0.0		0.999999149263327			nonpositive_local_h2	False
POAG	9	110	138217797	138992466	311	0.0		0.999999619538993			nonpositive_local_h2	False
POAG	9	111	138999710	140024846	257	0.0		0.0			nonpositive_local_h2	False
POAG	10	1	98481	1327807	423	0.0		0.999999461946885			nonpositive_local_h2	False
POAG	10	2	1332768	1872726	336	0.0		0.999997364088826			nonpositive_local_h2	False
POAG	10	3	1874354	2636063	509	0.0		0.0			nonpositive_local_h2	False
POAG	10	4	2639732	3223179	438	0.0		0.999999341022206			nonpositive_local_h2	False
POAG	10	5	3245325	3877968	387	0.0001319250656438		0.330088436978089				True
POAG	10	6	3882497	4813154	496	0.0		0.0			nonpositive_local_h2	False
POAG	10	7	4813211	5396157	355	0.0		0.999999730973442			nonpositive_local_h2	False
POAG	10	8	5396439	6233955	486	0.0		0.0			nonpositive_local_h2	False
POAG	10	9	6236332	6893905	417	0.0		0.0			nonpositive_local_h2	False
POAG	10	10	6898219	7654808	472	0.0		0.0			nonpositive_local_h2	False
POAG	10	11	7660466	8770847	700	0.0		0.999999461946885			nonpositive_local_h2	False
POAG	10	12	8773922	10078042	563	0.0		0.0			nonpositive_local_h2	False
POAG	10	13	10081372	10969223	448	0.0003405633458197		0.0523109967167041				True
POAG	10	14	10973316	11855599	452	0.0		0.0			nonpositive_local_h2	False
POAG	10	15	11861758	12580664	322	0.0		0.999999239077987			nonpositive_local_h2	False
POAG	10	16	12582689	13203772	419	0.0003511971683608		0.0905300453116195				True
POAG	10	17	13208063	14006391	499	0.0		0.999999461946885			nonpositive_local_h2	False
POAG	10	18	14008445	14818646	543	0.0001587764738564		0.0				True
POAG	10	19	14820959	15944137	442	8.72264615562104e-05		0.0				True
POAG	10	20	15950149	17064992	538	0.0		0.999999461946885			nonpositive_local_h2	False
POAG	10	21	17068112	18529646	562	0.0		0.0			nonpositive_local_h2	False
POAG	10	22	18530839	19421315	463	0.0002013463611328		0.199056741339058				True
POAG	10	23	19422749	19964913	298	0.0		0.999999730973442			nonpositive_local_h2	False
POAG	10	24	19970957	20609931	365	0.0		0.0			nonpositive_local_h2	False
POAG	10	25	20618481	21477482	449	0.0		0.999999341022206			nonpositive_local_h2	False
POAG	10	26	21480273	23364720	413	9.38615058614818e-05		0.0				True
POAG	10	27	23368845	24487557	343	8.29592791282711e-05		0.0				True
POAG	10	28	24491058	25576492	437	5.67139067511392e-05		0.720235939752829				True
POAG	10	29	25581177	26158386	281	0.0002159862761345		0.023788179071758				True
POAG	10	30	26162766	26880857	328	3.34179384374495e-05		0.725469968756862				True
POAG	10	31	26889823	27669479	278	9.51970783907148e-06		0.92744328002772				True
POAG	10	32	27669655	28731618	501	0.0		0.0			nonpositive_local_h2	False
POAG	10	33	28736560	29393640	382	0.0002921596497224		0.233469125053692				True
POAG	10	34	29399300	29993344	381	0.0		0.0			nonpositive_local_h2	False
POAG	10	35	30001433	30918424	493	0.0		0.999999619538993			nonpositive_local_h2	False
POAG	10	36	30921287	32456826	516	0.0001657170609747		0.0				True
POAG	10	37	32457370	33654716	479	0.0		0.999999534032333			nonpositive_local_h2	False
POAG	10	38	33656119	35174635	619	0.0		0.999999619538993			nonpositive_local_h2	False
POAG	10	39	35185496	36474822	390	8.66166369094337e-05		0.509128867508244				True
POAG	10	40	36476571	37559338	390	0.0		0.999999619538993			nonpositive_local_h2	False
POAG	10	41	37564987	38556338	281	0.0		0.999999730973442			nonpositive_local_h2	False
POAG	10	42	42433540	42983525	72	7.1348853709762e-05		0.352922240987433				True
POAG	10	43	42984952	43769560	290	0.0001085469041189		0.0				True
POAG	10	44	43769891	44893756	464	0.0		0.0			nonpositive_local_h2	False
POAG	10	45	44893864	46215431	506	0.0		0.999999619538993			nonpositive_local_h2	False
POAG	10	46	47559903	48663340	155	8.75433078528678e-05		0.52491003959788				True
POAG	10	47	49390308	50141332	387	0.0		0.999999619538993			nonpositive_local_h2	False
POAG	10	48	50155130	51594462	465	0.0		0.999999619538993			nonpositive_local_h2	False
POAG	10	49	51779449	53129579	480	0.0		0.0			nonpositive_local_h2	False
POAG	10	50	53130564	53910521	471	2.19386764012727e-05		0.876058137358529				True
POAG	10	51	53929658	55093531	578	0.0		0.999999619538993			nonpositive_local_h2	False
POAG	10	52	55104497	55866082	374	0.0		0.0			nonpositive_local_h2	False
POAG	10	53	55867735	57039062	522	0.0		0.999999619538993			nonpositive_local_h2	False
POAG	10	54	57045932	57955570	319	0.0		0.0			nonpositive_local_h2	False
POAG	10	55	57955791	58804299	303	0.0		0.0			nonpositive_local_h2	False
POAG	10	56	58809636	59821183	396	0.0		0.0			nonpositive_local_h2	False
POAG	10	57	59823837	61469538	580	0.0015019242574932		5.51478158066563e-08				True
POAG	10	58	61477697	62624576	584	0.0		0.999999619538993			nonpositive_local_h2	False
POAG	10	59	62626874	64069035	512	0.0		0.999999619538993			nonpositive_local_h2	False
POAG	10	60	64075136	65399851	476	0.0006129400784213		0.0118845426765339				True
POAG	10	61	65404572	66509895	341	0.0		0.99999559584544			nonpositive_local_h2	False
POAG	10	62	66512626	67144421	284	0.0		0.999999619538993			nonpositive_local_h2	False
POAG	10	63	67147477	67767418	273	5.83888848977927e-06		0.960232789940292				True
POAG	10	64	67770279	68621346	481	0.0		0.999999619538993			nonpositive_local_h2	False
POAG	10	65	68623412	69903889	407	0.0		0.999999461946885			nonpositive_local_h2	False
POAG	10	66	69904641	71049098	445	0.0		0.999999534032333			nonpositive_local_h2	False
POAG	10	67	71052508	71672879	447	0.0		0.999999239077987			nonpositive_local_h2	False
POAG	10	68	71673928	72654600	562	0.0		0.0			nonpositive_local_h2	False
POAG	10	69	72660718	73512933	523	0.0002428279599094		0.0				True
POAG	10	70	73514554	75693932	606	0.0		0.999999730973442			nonpositive_local_h2	False
POAG	10	71	75732444	77143467	328	0.0002246521450645		0.82300114418215				True
POAG	10	72	77157489	78664629	550	0.0009022499436209		0.0				True
POAG	10	73	78667191	79952934	631	1.12694684052307e-05		0.0				True
POAG	10	74	79955120	81189551	663	0.0		0.999998682044413			nonpositive_local_h2	False
POAG	10	75	81191488	81761489	85	0.0001167026383167		0.0				True
POAG	10	76	81764081	82377997	312	0.0001098902962589		0.29994291231943				True
POAG	10	77	82382102	83594473	492	0.0		0.999999341022206			nonpositive_local_h2	False
POAG	10	78	83600968	84678512	488	0.0		0.999999341022206			nonpositive_local_h2	False
POAG	10	79	84680499	85463030	361	0.0		0.999999534032333			nonpositive_local_h2	False
POAG	10	80	85464091	86459792	471	0.0		0.999999341022206			nonpositive_local_h2	False
POAG	10	81	86461085	87287808	341	0.0		0.0			nonpositive_local_h2	False
POAG	10	82	87290629	88443302	475	0.0		0.999999619538993			nonpositive_local_h2	False
POAG	10	83	88446254	89970800	421	0.0004601586222178		0.0335033905790547				True
POAG	10	84	89971647	91018520	506	8.93553564530583e-05		0.542667150951517				True
POAG	10	85	91021645	91959144	401	0.0		0.0			nonpositive_local_h2	False
POAG	10	86	91960473	92909779	419	0.0		0.0			nonpositive_local_h2	False
POAG	10	87	92912588	94502738	419	0.0		0.999999619538993			nonpositive_local_h2	False
POAG	10	88	94506628	95526044	528	0.0002585549312563		0.0				True
POAG	10	89	95528185	97037578	526	0.0001743979678263		0.40542172899845				True
POAG	10	90	97040743	98002866	433	0.0003336394812265		0.010050155021022				True
POAG	10	91	98010908	99366769	556	0.0		0.0			nonpositive_local_h2	False
POAG	10	92	99369013	100335093	457	0.0001250447113836		0.0				True
POAG	10	93	100338139	101264162	347	1.18146936084307e-06		0.986215753448983				True
POAG	10	94	101271789	102501571	444	6.6277187720616e-05		0.580875426985611				True
POAG	10	95	102511959	104204140	536	0.0001178331711725		0.381298152882724				True
POAG	10	96	104207799	106139294	672	0.0001790175184997		0.0				True
POAG	10	97	106144393	107873989	728	2.16546727262153e-06		0.98510379270968				True
POAG	10	98	107883946	108725495	307	3.73802407475032e-05		0.802989506209599				True
POAG	10	99	108729960	109579127	410	0.0		0.0			nonpositive_local_h2	False
POAG	10	100	109579550	110356935	326	1.68899029763386e-05		0.77584578462294				True
POAG	10	101	110363973	112164639	537	0.0001077213112233		0.291007687841866				True
POAG	10	102	112166708	113116998	418	0.0		0.999999461946885			nonpositive_local_h2	False
POAG	10	103	113117827	114244744	475	1.31788045108426e-05		0.840153169160683				True
POAG	10	104	114258451	115587010	655	0.0006047546249332		0.0				True
POAG	10	105	115589161	116843474	480	0.0		0.999999239077987			nonpositive_local_h2	False
POAG	10	106	116856071	118416020	550	0.0001137629438971		0.0				True
POAG	10	107	118416207	119528591	461	0.000379740572184		0.0137786601694149				True
POAG	10	108	119529361	120592015	472	2.45631247617031e-05		0.0				True
POAG	10	109	120594481	121874157	542	0.0		0.999999619538993			nonpositive_local_h2	False
POAG	10	110	121874555	122803238	464	0.000120533393345		0.0				True
POAG	10	111	122805351	123853004	510	0.0		0.999999341022206			nonpositive_local_h2	False
POAG	10	112	123858724	124891395	527	0.0		0.0			nonpositive_local_h2	False
POAG	10	113	124894169	125796933	521	5.98535298552447e-05		0.0				True
POAG	10	114	125802888	126875396	518	0.0003683136626833		0.0159539833309106				True
POAG	10	115	126875920	127997303	564	0.0		0.999999239077987			nonpositive_local_h2	False
POAG	10	116	127997728	129129348	569	0.0		0.999999461946885			nonpositive_local_h2	False
POAG	10	117	129136409	129831119	459	0.0		0.0			nonpositive_local_h2	False
POAG	10	118	129834886	130686938	472	0.0		0.0			nonpositive_local_h2	False
POAG	10	119	130698337	131694085	531	3.87108217257846e-05		0.866221438454715				True
POAG	10	120	131697627	132576400	480	0.0		0.999999619538993			nonpositive_local_h2	False
POAG	10	121	132583456	133108761	371	0.0		0.0			nonpositive_local_h2	False
POAG	10	122	133114209	133817742	345	0.0		0.999999619538993			nonpositive_local_h2	False
POAG	10	123	133829719	134847430	424	0.0		0.0			nonpositive_local_h2	False
POAG	10	124	134862552	135434988	201	4.53902201160053e-05		0.702224959548722				True
POAG	11	1	199256	1060934	368	5.7454747377098e-05		0.763725757983405				True
POAG	11	2	1061718	1857270	287	4.62924129936276e-05		0.0				True
POAG	11	3	1858262	2475150	248	0.0		0.0			nonpositive_local_h2	False
POAG	11	4	2479195	3266133	385	0.0		0.999999239077987			nonpositive_local_h2	False
POAG	11	5	3364358	4404192	326	0.0		0.0			nonpositive_local_h2	False
POAG	11	6	4407725	4946047	408	0.0001044871717576		0.362025394793478				True
POAG	11	7	4948160	5529152	483	0.0		0.0			nonpositive_local_h2	False
POAG	11	8	5533402	6179462	435	0.0003461960114184		0.222779574550147				True
POAG	11	9	6189084	7189003	561	0.0		0.0			nonpositive_local_h2	False
POAG	11	10	7195494	7913940	440	4.50087961599305e-05		0.748470695695702				True
POAG	11	11	7916712	9077652	557	2.81066138928799e-05		0.842601009723346				True
POAG	11	12	9081926	10369340	426	5.11720176996494e-05		0.640991244274124				True
POAG	11	13	10370420	11076056	392	1.34882348752668e-05		0.887368850182518				True
POAG	11	14	11081854	11632640	514	0.0		0.0			nonpositive_local_h2	False
POAG	11	15	11632713	12470449	556	0.0001381736193101		0.612570037594238				True
POAG	11	16	12470469	13364712	472	0.0002461555378636		0.0913860604350679				True
POAG	11	17	13367750	15126447	615	0.0001634132053223		0.202054170598029				True
POAG	11	18	15126792	16379226	461	0.0		0.0			nonpositive_local_h2	False
POAG	11	19	16383430	17580050	499	0.0001058062757063		0.0				True
POAG	11	20	17586381	18739358	457	4.45270772696464e-05		0.763330691716384				True
POAG	11	21	18741165	19776660	506	0.0		0.0			nonpositive_local_h2	False
POAG	11	22	19782191	20684132	581	0.0		0.999999068064667			nonpositive_local_h2	False
POAG	11	23	20689486	21441271	482	4.57102749632253e-05		0.795244563088322				True
POAG	11	24	21443083	22368301	362	0.0		0.999999619538993			nonpositive_local_h2	False
POAG	11	25	22370108	23164090	312	0.0		0.999999534032333			nonpositive_local_h2	False
POAG	11	26	23166339	24090083	383	0.0		0.0			nonpositive_local_h2	False
POAG	11	27	24091682	24892277	356	1.62744471472209e-06		0.991336346719141				True
POAG	11	28	24893890	25655220	268	0.0		0.999999730973442			nonpositive_local_h2	False
POAG	11	29	25671657	26356083	276	0.0001224503617521		0.399840986980457				True
POAG	11	30	26357170	27018019	336	0.0		0.999999619538993			nonpositive_local_h2	False
POAG	11	31	27020461	28575986	487	0.0001994893305339		0.101045011043545				True
POAG	11	32	28577867	29530247	291	0.0002319213160564		0.0				True
POAG	11	33	29534277	30569684	353	0.0		0.999999730973442			nonpositive_local_h2	False
POAG	11	34	30571347	32065256	439	2.0711811268431e-05		0.0				True
POAG	11	35	32066548	32830362	324	0.0		0.999999730973442			nonpositive_local_h2	False
POAG	11	36	32830564	33905285	375	0.0003631207391162		0.0195520027146475				True
POAG	11	37	33905371	34672161	403	0.0002821466004701		0.133596590062626				True
POAG	11	38	34674475	35500365	499	0.0		0.0			nonpositive_local_h2	False
POAG	11	39	35500592	36329456	421	0.0		0.0			nonpositive_local_h2	False
POAG	11	40	36334103	37115656	368	0.0		0.999999341022206			nonpositive_local_h2	False
POAG	11	41	37119431	37950922	242	0.0		0.999999619538993			nonpositive_local_h2	False
POAG	11	42	37954947	39328525	249	0.0		0.999999619538993			nonpositive_local_h2	False
POAG	11	43	39353212	40362590	321	0.0		0.999999730973442			nonpositive_local_h2	False
POAG	11	44	40363614	41603185	517	0.0		0.0			nonpositive_local_h2	False
POAG	11	45	41611349	42856020	469	0.0		0.999999619538993			nonpositive_local_h2	False
POAG	11	46	42859152	43949008	479	0.0		0.0			nonpositive_local_h2	False
POAG	11	47	43949511	45015345	566	0.0		0.0			nonpositive_local_h2	False
POAG	11	48	45023786	46309968	491	0.0007102921370289		0.0024991569251784				True
POAG	11	49	46320679	48066048	423	0.0002835528302361		0.0167195547990175				True
POAG	11	50	48085189	48744425	162	0.0		0.999999865486721			nonpositive_local_h2	False
POAG	11	51	48783130	49377760	96	0.0		0.999999865486721			nonpositive_local_h2	False
POAG	11	52	49390619	50205927	174	0.0		0.999999904884748			nonpositive_local_h2	False
POAG	11	53	50217658	50713402	83	3.17718759975942e-05		0.0947868271075991				True
POAG	11	54	51200820	51563636	64	0.0		0.0			nonpositive_local_h2	False
POAG	11	55	54801549	55474227	141	0.0		0.999999904884748			nonpositive_local_h2	False
POAG	11	56	55478441	55944474	221	0.0		0.999999904884748			nonpositive_local_h2	False
POAG	11	57	55948184	56623156	291	0.0		0.999999865486721			nonpositive_local_h2	False
POAG	11	58	56623529	57675410	383	0.0003274230578311		0.0573389075965647				True
POAG	11	59	57681828	58452608	323	0.0002906712474179		0.178230598206375				True
POAG	11	60	58452810	59256054	220	0.0002680933168798		0.0				True
POAG	11	61	59257636	60508898	401	0.0		0.999999730973442			nonpositive_local_h2	False
POAG	11	62	60517887	61712131	394	0.0		0.999999461946885			nonpositive_local_h2	False
POAG	11	63	61717607	62794074	350	2.18447675663822e-06		0.990495178580953				True
POAG	11	64	62801148	64594393	511	0.0		0.999999619538993			nonpositive_local_h2	False
POAG	11	65	64596916	66782594	627	0.0004969188991322		0.002472188610264				True
POAG	11	66	66784715	68000579	228	0.0		0.999999619538993			nonpositive_local_h2	False
POAG	11	67	68010721	68886179	327	6.16251702970818e-05		0.737728631840483				True
POAG	11	68	68888456	69703103	335	0.0003880648313301		0.053518209494936				True
POAG	11	69	69806270	71242461	591	0.0		0.999996471749773			nonpositive_local_h2	False
POAG	11	70	71243244	72867912	327	0.0		0.0			nonpositive_local_h2	False
POAG	11	71	72877964	74398125	503	0.0		0.999998136129334			nonpositive_local_h2	False
POAG	11	72	74399425	75444605	401	0.0		0.999999398438329			nonpositive_local_h2	False
POAG	11	73	75445338	76518550	369	0.0		0.0			nonpositive_local_h2	False
POAG	11	74	76519899	77714746	388	0.0		0.999999730973442			nonpositive_local_h2	False
POAG	11	75	77721537	78911432	496	3.79455507864365e-05		0.654921162969689				True
POAG	11	76	78914741	79799549	482	9.70029016583195e-05		0.666891554676238				True
POAG	11	77	79802317	80722309	417	0.0		0.99999509810283			nonpositive_local_h2	False
POAG	11	78	80726364	81657804	549	0.0		0.999999461946885			nonpositive_local_h2	False
POAG	11	79	81658745	82829768	450	0.0		0.999999461946885			nonpositive_local_h2	False
POAG	11	80	82850052	83676761	336	0.0001329600296387		0.378520074145071				True
POAG	11	81	83678920	84610503	371	7.55683673154139e-05		0.736108363936752				True
POAG	11	82	84615848	85868640	415	0.0		0.0			nonpositive_local_h2	False
POAG	11	83	85869737	86629236	404	0.001230809107709		0.0				True
POAG	11	84	86631331	87676739	476	0.0001079388364242		0.559874924519741				True
POAG	11	85	87677069	88359223	323	0.0003546958444124		0.161021439088228				True
POAG	11	86	88365298	89207232	222	0.0001231202032153		0.0976741323580628				True
POAG	11	87	89209985	90191908	203	0.0003343021495118		0.0				True
POAG	11	88	90203176	90966877	279	0.0		0.0			nonpositive_local_h2	False
POAG	11	89	90969158	92201077	475	0.0		0.999999461946885			nonpositive_local_h2	False
POAG	11	90	92209853	93575238	531	6.91529397651752e-05		0.604566721764835				True
POAG	11	91	93578713	94383998	309	0.0		0.0			nonpositive_local_h2	False
POAG	11	92	94385461	95327130	389	0.0001158820799463		0.515197967738911				True
POAG	11	93	95327374	96138412	419	0.0		0.0			nonpositive_local_h2	False
POAG	11	94	96155649	97083331	300	3.67827817535532e-05		0.674475547359371				True
POAG	11	95	97102604	98144089	418	0.0		0.0			nonpositive_local_h2	False
POAG	11	96	98148532	98927114	339	0.0		0.999999534032333			nonpositive_local_h2	False
POAG	11	97	98930151	99618600	405	0.0		0.999999619538993			nonpositive_local_h2	False
POAG	11	98	99619383	100423278	398	0.00013496864273		0.484726802477321				True
POAG	11	99	100427659	101149368	377	1.74307305095815e-05		0.913652038589747				True
POAG	11	100	101160958	101880768	316	0.0		0.999999534032333			nonpositive_local_h2	False
POAG	11	101	101882379	102669409	373	0.0002241979389185		0.120101344432642				True
POAG	11	102	102680229	103493096	365	0.0		0.999999461946885			nonpositive_local_h2	False
POAG	11	103	103496422	104875261	542	0.0		0.999999619538993			nonpositive_local_h2	False
POAG	11	104	104877803	105927178	324	0.0		0.999999809769497			nonpositive_local_h2	False
POAG	11	105	105937044	107053192	414	0.0		0.999999619538993			nonpositive_local_h2	False
POAG	11	106	107054642	107841291	336	0.0		0.999999730973442			nonpositive_local_h2	False
POAG	11	107	107847983	109888898	557	0.0		0.999999341022206			nonpositive_local_h2	False
POAG	11	108	109899405	111112246	537	0.000260290928171		0.20074210222562				True
POAG	11	109	111124487	112742098	575	0.0		0.0			nonpositive_local_h2	False
POAG	11	110	112759458	113887138	502	0.0		0.999999461946885			nonpositive_local_h2	False
POAG	11	111	113890125	114741577	463	0.0		0.999999341022206			nonpositive_local_h2	False
POAG	11	112	114747965	116245350	661	0.0		0.999999341022206			nonpositive_local_h2	False
POAG	11	113	116247759	117294973	494	0.0		0.0			nonpositive_local_h2	False
POAG	11	114	117295791	118898319	770	1.49452280335836e-07		0.999517232040309				True
POAG	11	115	118913993	120057343	498	0.0		0.999999341022206			nonpositive_local_h2	False
POAG	11	116	120075284	121204601	542	0.0007693391938189		0.0003158195752404				True
POAG	11	117	121208310	122589092	509	0.0		0.0			nonpositive_local_h2	False
POAG	11	118	122591233	123398825	400	0.0		0.0			nonpositive_local_h2	False
POAG	11	119	123398941	124400611	558	0.0001938274691566		0.0				True
POAG	11	120	124404297	125265142	359	0.0		0.0			nonpositive_local_h2	False
POAG	11	121	125266893	126303742	551	0.0		0.999996839653524			nonpositive_local_h2	False
POAG	11	122	126305755	127306712	600	0.0		0.0			nonpositive_local_h2	False
POAG	11	123	127307694	128261411	367	0.0		0.999999619538993			nonpositive_local_h2	False
POAG	11	124	128266104	129447968	596	0.0008800587781824		0.0008678504067789				True
POAG	11	125	129453148	130500705	423	8.80273344012177e-05		0.0				True
POAG	11	126	130502290	131422176	509	0.0		0.0			nonpositive_local_h2	False
POAG	11	127	131430031	132581927	720	8.83427492285964e-08		0.999560615819904				True
POAG	11	128	132584448	133521396	534	0.0		0.999999461946885			nonpositive_local_h2	False
POAG	11	129	133521666	134349754	386	7.39068023303312e-05		0.703649587806052				True
POAG	11	130	134351885	134942626	364	0.0001051279155175		0.395655634078947				True
POAG	12	1	191619	1077894	356	0.0		0.999999461946885			nonpositive_local_h2	False
POAG	12	2	1079168	1941932	287	0.0		0.0			nonpositive_local_h2	False
POAG	12	3	1942752	3060224	481	0.0		0.0			nonpositive_local_h2	False
POAG	12	4	3073149	3868309	490	6.21045157764001e-05		0.775313830822239				True
POAG	12	5	3871581	4967533	540	0.0001546488141684		0.431447012900756				True
POAG	12	6	4972112	6008714	667	6.90801512998194e-05		0.774211804299169				True
POAG	12	7	6024263	6948899	389	0.0		0.999999461946885			nonpositive_local_h2	False
POAG	12	8	6954624	8123306	352	8.87141836305563e-05		0.0				True
POAG	12	9	8125745	8759936	149	2.65505627026723e-05		0.0				True
POAG	12	10	8761674	10176700	573	0.0001283533946027		0.498431838520833				True
POAG	12	11	10176728	10930076	343	0.0		0.999999398438329			nonpositive_local_h2	False
POAG	12	12	10947853	11741965	244	1.40194180300903e-05		0.857652597777502				True
POAG	12	13	11747116	12721298	452	0.0		0.0			nonpositive_local_h2	False
POAG	12	14	12728803	13559367	431	0.0		0.999999341022206			nonpositive_local_h2	False
POAG	12	15	13559539	14653867	504	3.67663846776088e-05		0.801717141579749				True
POAG	12	16	14658341	16130942	432	0.0		0.0			nonpositive_local_h2	False
POAG	12	17	16138806	17373739	425	0.0		0.0			nonpositive_local_h2	False
POAG	12	18	17375514	18468906	433	0.0002482977768045		0.0669720083294487				True
POAG	12	19	18473729	19531997	367	9.39234225975392e-05		0.529735397012256				True
POAG	12	20	19535453	20073537	273	9.08043784360602e-05		0.533463862350584				True
POAG	12	21	20076358	20865301	346	3.17055714242482e-05		0.841526637459669				True
POAG	12	22	20866736	21571978	418	0.0002053214677842		0.0				True
POAG	12	23	21578559	22927253	473	0.0		0.0			nonpositive_local_h2	False
POAG	12	24	22930568	23923719	404	0.0001557976677462		0.0				True
POAG	12	25	23929026	25058697	589	0.0		0.999999341022206			nonpositive_local_h2	False
POAG	12	26	25061338	25989205	443	0.0		0.999999239077987			nonpositive_local_h2	False
POAG	12	27	25991709	26957496	527	0.0005936488972605		0.0019697362922893				True
POAG	12	28	26958323	27788474	389	9.64209883017365e-05		0.601141086846646				True
POAG	12	29	27804712	28753400	377	0.0002020934698874		0.164366735471236				True
POAG	12	30	28754858	29647030	433	0.0002020990295213		0.0679506765166611				True
POAG	12	31	29647331	30358082	424	0.0		0.999999239077987			nonpositive_local_h2	False
POAG	12	32	30358496	31064673	388	0.0		0.999998215479699			nonpositive_local_h2	False
POAG	12	33	31068998	31796881	234	0.0		0.999999534032333			nonpositive_local_h2	False
POAG	12	34	31797967	32361233	297	0.0		0.999999619538993			nonpositive_local_h2	False
POAG	12	35	32370224	33073853	346	0.0		0.999999461946885			nonpositive_local_h2	False
POAG	12	36	33080406	34337026	413	0.0		0.999997951154777			nonpositive_local_h2	False
POAG	12	37	34343752	37984531	53	0.0		0.999999865486721			nonpositive_local_h2	False
POAG	12	38	38132172	38736725	68	0.0		0.999999904884748			nonpositive_local_h2	False
POAG	12	39	38748408	40015286	336	4.80315829026279e-06		0.887974221567029				True
POAG	12	40	40017522	41198144	563	1.48291568900627e-05		0.918515853146518				True
POAG	12	41	41199139	42117440	431	0.0		0.0			nonpositive_local_h2	False
POAG	12	42	42118062	43072340	376	4.62198520619959e-05		0.902380946235946				True
POAG	12	43	43073062	43980459	416	0.000281723950354		0.0				True
POAG	12	44	43986916	44923334	207	0.0001622454719715		0.186590705723602				True
POAG	12	45	44927227	46034937	328	0.0		0.999997765297576			nonpositive_local_h2	False
POAG	12	46	46039883	47499567	458	0.0		0.999999534032333			nonpositive_local_h2	False
POAG	12	47	47504095	48215749	323	0.0001875301509592		0.0				True
POAG	12	48	48231430	48960058	381	0.0		0.999999534032333			nonpositive_local_h2	False
POAG	12	49	48960274	50343862	376	0.0		0.999996920850308			nonpositive_local_h2	False
POAG	12	50	50344976	51768664	403	0.0		0.999999619538993			nonpositive_local_h2	False
POAG	12	51	51774134	53037416	710	0.0		0.999999461946885			nonpositive_local_h2	False
POAG	12	52	53040411	54371396	557	0.0		0.999999239077987			nonpositive_local_h2	False
POAG	12	53	54384387	55413630	374	0.0		0.0			nonpositive_local_h2	False
POAG	12	54	55417725	56984606	417	0.0		0.999997951154777			nonpositive_local_h2	False
POAG	12	55	56987179	58746882	537	0.0		0.999999461946885			nonpositive_local_h2	False
POAG	12	56	58753187	59992844	443	0.0		0.999999730973442			nonpositive_local_h2	False
POAG	12	57	60007747	61737063	492	0.0		0.999999534032333			nonpositive_local_h2	False
POAG	12	58	61741715	63052601	532	0.0		0.0			nonpositive_local_h2	False
POAG	12	59	63060342	63759333	353	0.0		0.999997204194001			nonpositive_local_h2	False
POAG	12	60	63769159	64402510	153	0.0003855418378344		0.114349161925656				True
POAG	12	61	64403934	66114630	495	6.44254982240332e-05		0.0				True
POAG	12	62	66115201	67178282	469	9.21358762314963e-05		0.0				True
POAG	12	63	67187320	68006669	387	0.0		0.999999461946885			nonpositive_local_h2	False
POAG	12	64	68010297	68838267	451	0.0		0.999999619538993			nonpositive_local_h2	False
POAG	12	65	68841276	70095569	544	0.0		0.999999461946885			nonpositive_local_h2	False
POAG	12	66	70097865	71175464	570	0.0		0.0			nonpositive_local_h2	False
POAG	12	67	71186455	71947173	301	7.78034195469418e-05		0.0				True
POAG	12	68	71950749	73153191	404	0.0		0.999999730973442			nonpositive_local_h2	False
POAG	12	69	73156831	74077317	251	0.0		0.999999461946885			nonpositive_local_h2	False
POAG	12	70	74081016	75558283	427	0.0		0.999999398438329			nonpositive_local_h2	False
POAG	12	71	75564057	76523861	431	5.38344757478905e-05		0.505112755313999				True
POAG	12	72	76536570	77799416	526	0.0		0.999999239077987			nonpositive_local_h2	False
POAG	12	73	77806686	79314725	618	0.0		0.0			nonpositive_local_h2	False
POAG	12	74	79315180	80948325	390	0.0005795634566223		0.0				True
POAG	12	75	80968400	81843128	302	8.97284372916542e-05		0.0				True
POAG	12	76	81848800	82575933	268	0.0		0.999999730973442			nonpositive_local_h2	False
POAG	12	77	82578417	83542946	298	0.0		0.999999619538993			nonpositive_local_h2	False
POAG	12	78	83551292	84354367	254	0.0006691648748774		0.0				True
POAG	12	79	84357221	85339254	355	9.84737148101905e-05		0.439155463052002				True
POAG	12	80	85348686	86929340	374	0.0002623668210165		0.0				True
POAG	12	81	86939017	88335960	327	0.0001811139922334		0.0				True
POAG	12	82	88347157	90566978	556	0.0		0.0			nonpositive_local_h2	False
POAG	12	83	90571042	92059192	478	0.0		0.999999730973442			nonpositive_local_h2	False
POAG	12	84	92066467	93486184	576	9.37568419564762e-05		0.0				True
POAG	12	85	93493349	94385712	366	0.0		0.999997654680844			nonpositive_local_h2	False
POAG	12	86	94385954	95147436	421	0.0001957702222105		0.27217315685539				True
POAG	12	87	95148378	96017678	464	1.90214677588715e-06		0.0				True
POAG	12	88	96023363	96826250	402	0.0		0.0			nonpositive_local_h2	False
POAG	12	89	96830278	97807827	500	0.0		0.999999619538993			nonpositive_local_h2	False
POAG	12	90	97814055	99244049	620	0.0003395458608764		0.0				True
POAG	12	91	99244826	100885107	519	0.0		0.999999619538993			nonpositive_local_h2	False
POAG	12	92	100945252	101824506	427	0.0		0.999999619538993			nonpositive_local_h2	False
POAG	12	93	101825294	102965329	419	0.0		0.999999341022206			nonpositive_local_h2	False
POAG	12	94	102968299	104140517	517	0.0001592839290423		0.400619672710148				True
POAG	12	95	104143082	105077284	680	0.0		0.999999068064667			nonpositive_local_h2	False
POAG	12	96	105079669	106153769	546	0.0001527947569319		0.0				True
POAG	12	97	106154088	106962360	412	0.0002801848906768		0.164486145016577				True
POAG	12	98	106965482	108179234	472	0.0003736324235318		0.0045401364995519				True
POAG	12	99	108187451	109028341	375	0.0001871083161314		0.0				True
POAG	12	100	109032489	110110563	410	0.0003268659279419		0.0215826489560125				True
POAG	12	101	110115286	111592380	274	0.0001538436112469		0.16206244854886				True
POAG	12	102	111598202	113945818	608	0.0		0.999999619538993			nonpositive_local_h2	False
POAG	12	103	113949341	114681662	444	0.0		0.999999619538993			nonpositive_local_h2	False
POAG	12	104	114686840	115438082	349	0.0		0.999999461946885			nonpositive_local_h2	False
POAG	12	105	115439578	116196721	481	0.0003076865168066		0.0645600399327281				True
POAG	12	106	116197943	117090452	394	0.0		0.0			nonpositive_local_h2	False
POAG	12	107	117093237	118255232	572	9.13367297483665e-05		0.658264756159804				True
POAG	12	108	118256853	119301030	424	0.0		0.0			nonpositive_local_h2	False
POAG	12	109	119301245	120567406	562	0.0		0.999996101434798			nonpositive_local_h2	False
POAG	12	110	120576265	121810194	466	0.0		0.999999341022206			nonpositive_local_h2	False
POAG	12	111	121821867	123394850	430	0.0		0.999999619538993			nonpositive_local_h2	False
POAG	12	112	123403710	124839540	455	0.0002856771726619		0.018453028214208				True
POAG	12	113	124844986	126079565	561	0.0001862461921899		0.474647522255395				True
POAG	12	114	126081380	126870208	421	0.0003750180335431		0.0607374601502093				True
POAG	12	115	126871835	127531395	320	0.0		0.999999288222632			nonpositive_local_h2	False
POAG	12	116	127546002	128371453	420	0.0		0.0			nonpositive_local_h2	False
POAG	12	117	128373594	129167086	452	0.0		0.0			nonpositive_local_h2	False
POAG	12	118	129171159	129885628	467	0.0		0.999998682044413			nonpositive_local_h2	False
POAG	12	119	129888558	130629335	464	0.0		0.999997256456665			nonpositive_local_h2	False
POAG	12	120	130630030	131401591	458	0.0		0.0			nonpositive_local_h2	False
POAG	12	121	131404625	132011715	331	0.0		0.0			nonpositive_local_h2	False
POAG	12	122	132014206	132939425	279	0.0		0.0			nonpositive_local_h2	False
POAG	12	123	132962509	133778796	217	0.0		0.0			nonpositive_local_h2	False
POAG	13	1	19210426	19648358	101	0.0001086952673296		0.687636514433759				True
POAG	13	2	19655333	20488212	240	0.0		0.999999670511103			nonpositive_local_h2	False
POAG	13	3	20493020	21539147	415	0.0		0.999999461946885			nonpositive_local_h2	False
POAG	13	4	21547317	22794240	610	0.0016057223148414		2.53318071901033e-06				True
POAG	13	5	22795864	23728680	495	0.0		0.999998993394793			nonpositive_local_h2	False
POAG	13	6	23729094	24818013	764	0.0		0.999999068064667			nonpositive_local_h2	False
POAG	13	7	24818984	25974427	534	0.0		0.999999068064667			nonpositive_local_h2	False
POAG	13	8	25977959	26676554	288	0.0		0.0			nonpositive_local_h2	False
POAG	13	9	26683192	27391249	327	0.0001818708067038		0.0897747986011772				True
POAG	13	10	27392267	28579477	623	0.0		0.99999885861698			nonpositive_local_h2	False
POAG	13	11	28589509	30067933	650	5.46468520408142e-05		0.0				True
POAG	13	12	30071245	31433110	643	0.0002660920716463		0.0				True
POAG	13	13	31435076	32986219	733	9.56195279348308e-05		0.676499212029914				True
POAG	13	14	32989794	34722390	680	0.0002596690429991		0.0977836052403579				True
POAG	13	15	34722748	35744126	327	0.0		0.999999619538993			nonpositive_local_h2	False
POAG	13	16	35748755	36578703	399	0.0		0.999999619538993			nonpositive_local_h2	False
POAG	13	17	36581020	37499597	379	0.0		0.999999730973442			nonpositive_local_h2	False
POAG	13	18	37500101	38290340	400	7.92187713703172e-05		0.573487825129293				True
POAG	13	19	38291011	39379038	390	0.0		0.999999534032333			nonpositive_local_h2	False
POAG	13	20	39391722	40091615	364	1.76604042591497e-06		0.986427787617963				True
POAG	13	21	40091633	41003022	454	0.0		0.999999461946885			nonpositive_local_h2	False
POAG	13	22	41004833	42036147	298	0.0		0.999999730973442			nonpositive_local_h2	False
POAG	13	23	42037920	42950035	409	0.0		0.999999619538993			nonpositive_local_h2	False
POAG	13	24	42952145	43930337	498	0.0		0.999999341022206			nonpositive_local_h2	False
POAG	13	25	43932798	45475976	604	0.0002411313254098		0.13334904019626				True
POAG	13	26	45476808	46489744	386	0.0		0.999999619538993			nonpositive_local_h2	False
POAG	13	27	46497628	47432610	400	0.0001005818433709		0.575412546007549				True
POAG	13	28	47437216	48136736	330	0.0		0.0			nonpositive_local_h2	False
POAG	13	29	48155616	49375072	363	0.0001945654165501		0.11811362978759				True
POAG	13	30	49383447	50419158	401	0.0		0.999999619538993			nonpositive_local_h2	False
POAG	13	31	50421855	51548355	418	0.0002314449222334		0.106171155266463				True
POAG	13	32	51554836	53332352	587	0.0		0.0			nonpositive_local_h2	False
POAG	13	33	53340133	54681048	587	0.0		0.999999619538993			nonpositive_local_h2	False
POAG	13	34	54685168	55575383	293	0.0		0.999999619538993			nonpositive_local_h2	False
POAG	13	35	55581949	56431150	231	2.92852740154489e-05		0.497457052780511				True
POAG	13	36	56443223	58245151	403	0.0		0.999999730973442			nonpositive_local_h2	False
POAG	13	37	58251987	59750997	491	3.70986838876819e-05		0.0				True
POAG	13	38	59753426	61267736	599	6.70286756995285e-06		0.927555066416061				True
POAG	13	39	61272403	62131957	389	0.0		0.999999730973442			nonpositive_local_h2	False
POAG	13	40	62138153	63206067	316	0.0001202229001958		0.692388263949952				True
POAG	13	41	63206567	63972811	229	0.0		0.0			nonpositive_local_h2	False
POAG	13	42	63974125	65183779	365	0.0		0.999999730973442			nonpositive_local_h2	False
POAG	13	43	65188443	66375596	385	0.0		0.0			nonpositive_local_h2	False
POAG	13	44	66383558	67718484	501	0.0		0.0			nonpositive_local_h2	False
POAG	13	45	67720601	69004632	369	0.0		0.999999619538993			nonpositive_local_h2	False
POAG	13	46	69004773	69751089	359	0.0		0.999999619538993			nonpositive_local_h2	False
POAG	13	47	69757288	70426650	234	0.0		0.999999730973442			nonpositive_local_h2	False
POAG	13	48	70428150	71009927	272	0.0		0.999999534032333			nonpositive_local_h2	False
POAG	13	49	71015109	71976629	420	6.82638783722897e-05		0.649727791100652				True
POAG	13	50	71977661	73113646	440	0.0002278484211979		0.0				True
POAG	13	51	73114587	74436156	579	0.0003428804173513		0.0164555478543623				True
POAG	13	52	74440000	75881080	651	0.0		0.999999619538993			nonpositive_local_h2	False
POAG	13	53	75882495	76668715	402	0.0002271205266205		0.0				True
POAG	13	54	76672849	77458228	395	0.0002131619045981		0.104451670459212				True
POAG	13	55	77463236	78692881	400	0.0		0.0			nonpositive_local_h2	False
POAG	13	56	78693732	79474878	378	0.0002420353087202		0.0984055314870714				True
POAG	13	57	79490052	80775495	450	0.0		0.999999619538993			nonpositive_local_h2	False
POAG	13	58	80778953	81722228	324	0.0		0.999999534032333			nonpositive_local_h2	False
POAG	13	59	81729384	82580041	309	0.0		0.999999619538993			nonpositive_local_h2	False
POAG	13	60	82584630	83829445	417	0.0		0.999999730973442			nonpositive_local_h2	False
POAG	13	61	83837154	85033933	357	0.0		0.0			nonpositive_local_h2	False
POAG	13	62	85040002	85646068	282	3.77818534889153e-05		0.798691483771745				True
POAG	13	63	85653556	86321211	256	4.56712863430577e-06		0.946755924134827				True
POAG	13	64	86321512	87042907	243	0.0		0.0			nonpositive_local_h2	False
POAG	13	65	87044016	88028375	255	0.0		0.999999809769497			nonpositive_local_h2	False
POAG	13	66	88030689	88963676	254	0.0		0.0			nonpositive_local_h2	False
POAG	13	67	88973413	89763281	233	4.52510474284326e-05		0.438858586726234				True
POAG	13	68	89764963	90517628	234	0.0		0.999999730973442			nonpositive_local_h2	False
POAG	13	69	90522970	91763380	485	0.0002944385899143		0.273834252471143				True
POAG	13	70	91769463	93284783	570	0.0		0.999997847787538			nonpositive_local_h2	False
POAG	13	71	93288992	94920256	719	4.3941180455356e-05		0.753845335518619				True
POAG	13	72	94932614	96132624	760	0.0		0.0			nonpositive_local_h2	False
POAG	13	73	96132701	97515455	396	3.0822211792949e-05		0.0				True
POAG	13	74	97517119	98525890	336	0.0		0.999999534032333			nonpositive_local_h2	False
POAG	13	75	98527439	99401848	470	0.0		0.999999341022206			nonpositive_local_h2	False
POAG	13	76	99403611	100469248	494	0.0		0.999999619538993			nonpositive_local_h2	False
POAG	13	77	100477386	101573401	441	0.0		0.999997282964952			nonpositive_local_h2	False
POAG	13	78	101573778	103049968	808	9.68929958275007e-05		0.660223251071631				True
POAG	13	79	103058594	104378348	741	0.0002795490054476		0.199427863496774				True
POAG	13	80	104384163	105672487	549	0.0		0.99999885861698			nonpositive_local_h2	False
POAG	13	81	105675862	106291063	321	0.0		0.0			nonpositive_local_h2	False
POAG	13	82	106319372	107037850	413	2.83692409516806e-05		0.843087598104955				True
POAG	13	83	107039041	108518444	724	0.0		0.999999461946885			nonpositive_local_h2	False
POAG	13	84	108522521	109152972	294	3.17400333751668e-05		0.767199285671765				True
POAG	13	85	109158526	109813327	353	0.0001561465283431		0.300041465316668				True
POAG	13	86	109814635	110995210	616	0.0002954490591574		0.314142257640911				True
POAG	13	87	110995767	111615709	401	9.07277546634836e-05		0.56652454549166				True
POAG	13	88	111621305	112316277	396	0.0		0.999999461946885			nonpositive_local_h2	False
POAG	13	89	112324912	113572999	468	0.0		0.999999149263327			nonpositive_local_h2	False
POAG	13	90	113573372	114302502	275	0.0		0.999999341022206			nonpositive_local_h2	False
POAG	13	91	114302622	115106996	212	0.0		0.0			nonpositive_local_h2	False
POAG	14	1	20425051	20873524	248	0.0		0.999999398438329			nonpositive_local_h2	False
POAG	14	2	20876253	21982632	547	4.95946846796009e-06		0.983631020067509				True
POAG	14	3	21982677	22758493	474	6.15491378627877e-05		0.0				True
POAG	14	4	22761250	23983329	611	0.0001516297348955		0.0				True
POAG	14	5	23985973	24905548	338	0.0001031865949458		0.0				True
POAG	14	6	24907288	25580659	393	9.62379356395992e-05		0.507201250662739				True
POAG	14	7	25587842	26390775	319	0.000410999660487		0.0171170845932527				True
POAG	14	8	26395815	27714462	508	0.0		0.999999619538993			nonpositive_local_h2	False
POAG	14	9	27720455	29028946	387	7.8105879069739e-05		0.0				True
POAG	14	10	29031899	30831116	517	0.0		0.999999619538993			nonpositive_local_h2	False
POAG	14	11	30831229	32377760	426	0.0		0.999999534032333			nonpositive_local_h2	False
POAG	14	12	32384626	33589938	590	0.0001082605008085		0.564375930756623				True
POAG	14	13	33591760	34695159	664	0.0002533635689128		0.300817473026256				True
POAG	14	14	34695448	35376082	247	0.0003217937543755		0.0407647667159847				True
POAG	14	15	35381137	36420032	299	9.9717819437485e-06		0.890805273395859				True
POAG	14	16	36422275	37281866	404	0.0		0.999999619538993			nonpositive_local_h2	False
POAG	14	17	37282531	38721995	462	5.75708207983305e-05		0.52784916791652				True
POAG	14	18	38722278	40343703	595	0.0		0.999999149263327			nonpositive_local_h2	False
POAG	14	19	40345437	40965354	223	0.0001941209785247		0.0593040076390688				True
POAG	14	20	40967762	41606899	216	0.0005402930406346		0.0449430932634143				True
POAG	14	21	41670102	42560347	310	0.0		0.999999670511103			nonpositive_local_h2	False
POAG	14	22	42564162	43317669	266	0.0		0.999999534032333			nonpositive_local_h2	False
POAG	14	23	43323031	44623260	417	0.0		0.999999730973442			nonpositive_local_h2	False
POAG	14	24	44625326	45801705	299	0.0001213565727796		0.263803680533371				True
POAG	14	25	45828979	46745130	255	0.0		0.0			nonpositive_local_h2	False
POAG	14	26	46750607	48173325	498	2.64445877760137e-05		0.0				True
POAG	14	27	48180090	49001226	337	0.0		0.999999534032333			nonpositive_local_h2	False
POAG	14	28	49006348	50499916	535	4.83683054747799e-05		0.791053368738561				True
POAG	14	29	50505211	51417886	360	0.0		0.999999461946885			nonpositive_local_h2	False
POAG	14	30	51426327	52205481	452	0.0		0.999999461946885			nonpositive_local_h2	False
POAG	14	31	52230362	52757941	317	5.33013207806928e-05		0.690880006511164				True
POAG	14	32	52761693	54358224	585	0.0003155815896304		0.162089349903986				True
POAG	14	33	54360238	55288924	342	0.0002442156237548		0.14916362806403				True
POAG	14	34	55302219	56204571	303	0.0003487916214093		0.0				True
POAG	14	35	56207914	57459136	735	0.0001274088263755		0.495961787475784				True
POAG	14	36	57462256	58447752	361	8.29036664835009e-05		0.674731702717112				True
POAG	14	37	58448681	59447241	441	0.0		0.999999461946885			nonpositive_local_h2	False
POAG	14	38	59447625	60098368	347	9.07120146339119e-05		0.0				True
POAG	14	39	60100967	61652619	342	0.0038943777933021		7.87138068433522e-07				True
POAG	14	40	61653468	62715790	430	0.0		0.999999461946885			nonpositive_local_h2	False
POAG	14	41	62718847	64032310	557	0.000113981044203		0.597818824827073				True
POAG	14	42	64044097	65229364	375	0.0		0.999999534032333			nonpositive_local_h2	False
POAG	14	43	65230059	66299595	399	0.0		0.0			nonpositive_local_h2	False
POAG	14	44	66300153	67890322	421	0.0		0.0			nonpositive_local_h2	False
POAG	14	45	67894029	68975374	373	0.0001506440351688		0.0				True
POAG	14	46	68976971	69793624	491	0.0		0.999999341022206			nonpositive_local_h2	False
POAG	14	47	69795199	71139626	549	3.29110901594951e-06		0.981282696793638				True
POAG	14	48	71142480	72662313	599	0.0002137660055397		0.210572152899129				True
POAG	14	49	72665431	73373206	390	0.0		0.999999149263327			nonpositive_local_h2	False
POAG	14	50	73375673	74241688	276	0.000155014897223		0.169629853760594				True
POAG	14	51	74248739	75699438	525	0.0004988610922649		0.0				True
POAG	14	52	75701221	76692843	420	0.0003933910806195		0.0				True
POAG	14	53	76694877	77424276	324	0.0		0.999998993394793			nonpositive_local_h2	False
POAG	14	54	77426525	78373092	496	0.0		0.999999619538993			nonpositive_local_h2	False
POAG	14	55	78374327	79198368	459	0.000120499046443		0.335767931131755				True
POAG	14	56	79202326	80999842	670	8.32231579490139e-05		0.683244953091003				True
POAG	14	57	81002263	82522739	585	0.0002224021659519		0.303838120060295				True
POAG	14	58	82533415	84085606	572	0.0002306254989402		0.0				True
POAG	14	59	84094388	85562683	534	0.0		0.999999239077987			nonpositive_local_h2	False
POAG	14	60	85563760	86651078	454	0.0003658297581223		0.0				True
POAG	14	61	86658674	87347122	292	0.0		0.999999534032333			nonpositive_local_h2	False
POAG	14	62	87357329	88206607	212	3.19822202039942e-06		0.979392592031981				True
POAG	14	63	88212948	89477403	528	2.12512234303118e-05		0.888491525447969				True
POAG	14	64	89484373	90660139	492	0.0		0.0			nonpositive_local_h2	False
POAG	14	65	90671138	92098144	514	0.0003031675046758		0.0882280611047367				True
POAG	14	66	92102759	93384453	618	0.0		0.999999068064667			nonpositive_local_h2	False
POAG	14	67	93388106	94892219	716	0.0		0.0			nonpositive_local_h2	False
POAG	14	68	94892344	95946375	752	0.0		0.0			nonpositive_local_h2	False
POAG	14	69	95949056	97174247	665	0.000127313605909		0.54352755442888				True
POAG	14	70	97176603	98267909	431	0.0		0.0			nonpositive_local_h2	False
POAG	14	71	98273349	98883853	313	0.0		0.999999341022206			nonpositive_local_h2	False
POAG	14	72	98886128	99474228	321	0.0		0.999999619538993			nonpositive_local_h2	False
POAG	14	73	99475374	100781877	532	6.88332324897583e-05		0.737225228535365				True
POAG	14	74	100787564	101999598	500	0.0		0.999999068064667			nonpositive_local_h2	False
POAG	14	75	102005523	103617118	424	0.0		0.0			nonpositive_local_h2	False
POAG	14	76	103617809	104436931	271	1.42142919921796e-05		0.820262362245819				True
POAG	14	77	104448221	105090350	200	5.57264359611859e-06		0.960227578756997				True
POAG	14	78	105100021	106199579	228	0.0		0.0			nonpositive_local_h2	False
POAG	14	79	106926025	107287663	59	0.0		0.999999865486721			nonpositive_local_h2	False
POAG	15	1	22799945	24098594	299	0.0		0.999999149263327			nonpositive_local_h2	False
POAG	15	2	24104152	24526247	143	0.0		0.0			nonpositive_local_h2	False
POAG	15	3	24547421	25380656	239	1.6575726845056e-05		0.0				True
POAG	15	4	25385630	26391165	478	0.0		0.999999239077987			nonpositive_local_h2	False
POAG	15	5	26393202	27544861	488	0.0		0.99999885861698			nonpositive_local_h2	False
POAG	15	6	27566453	29050198	347	0.0		0.999999619538993			nonpositive_local_h2	False
POAG	15	7	29220980	30369914	478	0.0		0.999999619538993			nonpositive_local_h2	False
POAG	15	8	30950529	32176304	459	0.0001903520464375		0.301812834265489				True
POAG	15	9	32185610	33484228	485	0.0		0.999999461946885			nonpositive_local_h2	False
POAG	15	10	33491163	34407467	572	0.0		0.999995937788061			nonpositive_local_h2	False
POAG	15	11	34416394	35117508	242	0.0003075697355097		0.0				True
POAG	15	12	35119748	36575790	579	0.0002232369938534		0.0				True
POAG	15	13	36587959	37962429	634	0.0		0.999999239077987			nonpositive_local_h2	False
POAG	15	14	37962946	39237995	577	1.01689977591411e-05		0.957189946905959				True
POAG	15	15	39238863	40598941	596	0.0		0.999999068064667			nonpositive_local_h2	False
POAG	15	16	40604862	42332616	536	0.0		0.999999149263327			nonpositive_local_h2	False
POAG	15	17	42332749	44959132	558	0.000122652358612		0.0				True
POAG	15	18	44988610	46022639	309	0.0001205154088799		0.0				True
POAG	15	19	46024351	46880795	339	0.0		0.999999619538993			nonpositive_local_h2	False
POAG	15	20	46886109	47690723	291	0.0		0.999999730973442			nonpositive_local_h2	False
POAG	15	21	47695113	49257201	571	0.0		0.0			nonpositive_local_h2	False
POAG	15	22	49260601	50195344	244	0.0		0.0			nonpositive_local_h2	False
POAG	15	23	50196943	51594972	548	4.52171996763771e-05		0.711397853185403				True
POAG	15	24	51606710	53262935	601	0.0001525859483592		0.0				True
POAG	15	25	53264922	54329978	561	2.72666065480346e-06		0.98573382524832				True
POAG	15	26	54340070	55136506	380	0.0		0.999999341022206			nonpositive_local_h2	False
POAG	15	27	55136755	56321854	462	0.0		0.999999239077987			nonpositive_local_h2	False
POAG	15	28	56323052	57635719	359	0.0005923779036832		1.00671551307161e-06				True
POAG	15	29	57644267	58710627	680	0.0		0.0			nonpositive_local_h2	False
POAG	15	30	58712965	59898307	487	0.0		0.999997749162331			nonpositive_local_h2	False
POAG	15	31	59919844	61130045	546	4.90317947965925e-05		0.0				True
POAG	15	32	61130639	62102570	578	0.0004286755444868		0.0				True
POAG	15	33	62106862	63218537	508	0.0002143291176261		0.0798681816357485				True
POAG	15	34	63219090	64339939	432	0.0001629496506781		0.302197673661429				True
POAG	15	35	64348858	66348389	491	8.05075431339953e-05		0.4687807522442				True
POAG	15	36	66358474	67394384	550	0.0		0.0			nonpositive_local_h2	False
POAG	15	37	67399084	69086564	646	9.23474103389261e-05		0.651993164101536				True
POAG	15	38	69094581	70767939	588	0.0003254056510734		0.162577518213818				True
POAG	15	39	70768152	72041639	543	0.0002796135488637		0.0				True
POAG	15	40	72060049	73370467	263	0.0		0.0			nonpositive_local_h2	False
POAG	15	41	73375847	74458024	335	0.0011420320203332		0.0				True
POAG	15	42	74460875	76398206	464	0.0		0.999999461946885			nonpositive_local_h2	False
POAG	15	43	76403787	77891940	407	6.88420637681074e-05		0.496085165967028				True
POAG	15	44	77897197	78510819	214	0.0		0.999999619538993			nonpositive_local_h2	False
POAG	15	45	78520204	79292521	279	4.08176702352812e-05		0.720621814876674				True
POAG	15	46	79293526	79994582	392	0.0		0.999999341022206			nonpositive_local_h2	False
POAG	15	47	79999217	81075935	503	9.95302693260365e-05		0.617444806306672				True
POAG	15	48	81077055	82190654	398	0.0		0.0			nonpositive_local_h2	False
POAG	15	49	82193782	84208798	490	0.0		0.0			nonpositive_local_h2	False
POAG	15	50	84218315	85494062	420	0.0		0.999999461946885			nonpositive_local_h2	False
POAG	15	51	85494203	86340525	379	3.93583727130723e-05		0.711333855798193				True
POAG	15	52	86341632	87157514	418	0.0		0.999999341022206			nonpositive_local_h2	False
POAG	15	53	87158605	88032107	421	0.0		0.999999239077987			nonpositive_local_h2	False
POAG	15	54	88035812	89383663	542	0.0		0.0			nonpositive_local_h2	False
POAG	15	55	89385494	90631255	466	0.0		0.999999461946885			nonpositive_local_h2	False
POAG	15	56	90632720	91592893	393	8.3257715150445e-05		0.350086356200225				True
POAG	15	57	91594955	92672853	528	0.0		0.999999068064667			nonpositive_local_h2	False
POAG	15	58	92677444	93706522	614	0.0		0.999999068064667			nonpositive_local_h2	False
POAG	15	59	93709177	94565232	498	0.0		0.99999885861698			nonpositive_local_h2	False
POAG	15	60	94574008	95654541	606	0.0		0.0			nonpositive_local_h2	False
POAG	15	61	95663613	96857621	583	0.0		0.999999239077987			nonpositive_local_h2	False
POAG	15	62	96865270	98023782	435	0.0		0.999999341022206			nonpositive_local_h2	False
POAG	15	63	98025836	98827964	404	0.0		0.0			nonpositive_local_h2	False
POAG	15	64	98830849	99925192	538	0.0		0.999998796876658			nonpositive_local_h2	False
POAG	15	65	99926440	100742087	372	0.0003010952686468		0.160742742902769				True
POAG	15	66	100742786	101547631	409	6.83644027747477e-05		0.634451091392116				True
POAG	15	67	101551714	102400037	462	0.0		0.0			nonpositive_local_h2	False
POAG	16	1	86671	1049075	377	0.0001573207717352		0.291484998730519				True
POAG	16	2	1049431	1994980	399	2.17897552291221e-05		0.828965931800242				True
POAG	16	3	1997614	3378450	409	0.0		0.999999461946885			nonpositive_local_h2	False
POAG	16	4	3398013	4812816	457	0.0		0.999999149263327			nonpositive_local_h2	False
POAG	16	5	4819496	5781347	491	0.0001514090419213		0.382427854971544				True
POAG	16	6	5785307	6441935	495	9.76706941809957e-05		0.0				True
POAG	16	7	6447771	7044788	451	0.0		0.999999068064667			nonpositive_local_h2	False
POAG	16	8	7052774	7704203	605	0.0		0.0			nonpositive_local_h2	False
POAG	16	9	7704363	8340940	424	0.0		0.999999619538993			nonpositive_local_h2	False
POAG	16	10	8341184	9103926	381	0.0		0.0			nonpositive_local_h2	False
POAG	16	11	9106215	9754737	366	0.0		0.999999461946885			nonpositive_local_h2	False
POAG	16	12	9754812	10350560	403	0.0001196022117641		0.32018058062361				True
POAG	16	13	10352295	11011728	280	0.0001160407013515		0.498580235621791				True
POAG	16	14	11023208	11913383	432	0.0		0.0			nonpositive_local_h2	False
POAG	16	15	11919959	12789593	499	0.0001441322843313		0.0				True
POAG	16	16	12793839	13892907	553	0.0002130342114579		0.324687397064076				True
POAG	16	17	13894030	15920502	417	0.0001477997594247		0.322894093760708				True
POAG	16	18	15925211	17342924	467	0.0		0.999999341022206			nonpositive_local_h2	False
POAG	16	19	17344480	19095374	424	4.37349533777583e-05		0.732173181637052				True
POAG	16	20	19109992	20351231	456	0.0001103242057444		0.503195199533025				True
POAG	16	21	20351937	22435811	445	0.0		0.999997102495298			nonpositive_local_h2	False
POAG	16	22	22712979	24014611	524	0.0001310901953393		0.0				True
POAG	16	23	24015066	25211679	485	0.0		0.999999461946885			nonpositive_local_h2	False
POAG	16	24	25236025	26147911	473	0.0		0.0			nonpositive_local_h2	False
POAG	16	25	26154187	27441283	656	0.0		0.0			nonpositive_local_h2	False
POAG	16	26	27444030	29042014	434	2.18854008732598e-05		0.801920833599891				True
POAG	16	27	29043450	31376849	417	7.9808505519599e-05		0.601056214470036				True
POAG	16	28	31386862	31957368	128	0.0		0.0			nonpositive_local_h2	False
POAG	16	29	46539392	49009390	321	4.07756133938298e-05		0.644201227176237				True
POAG	16	30	49011249	50463530	589	0.0		0.0			nonpositive_local_h2	False
POAG	16	31	50469038	52039210	618	0.000728679917303		0.0002432000579194				True
POAG	16	32	52051302	53377045	510	0.0001412385201168		0.375050970591229				True
POAG	16	33	53395441	54860249	708	1.87392098891126e-05		0.918550085489639				True
POAG	16	34	54873802	55907228	561	0.0001265793210655		0.0				True
POAG	16	35	55907811	57118736	543	0.0		0.999999341022206			nonpositive_local_h2	False
POAG	16	36	57128388	58505871	555	0.0002774174744839		0.0787046399327511				True
POAG	16	37	58510319	59884620	517	0.0		0.0			nonpositive_local_h2	False
POAG	16	38	59885737	61092758	427	0.0		0.999997256456665			nonpositive_local_h2	False
POAG	16	39	61094615	62606438	411	0.0		0.0			nonpositive_local_h2	False
POAG	16	40	62610317	64196917	562	8.23546840383114e-05		0.726251653482339				True
POAG	16	41	64207981	65070923	340	0.0003650036044818		0.0035081631316667				True
POAG	16	42	65072539	65881527	363	0.0002482279158444		0.267867983059513				True
POAG	16	43	65884735	66738839	394	0.0		0.999996639859371			nonpositive_local_h2	False
POAG	16	44	66740072	68435204	309	9.75901521665817e-05		0.434790446046058				True
POAG	16	45	68436154	69548788	316	0.0		0.0			nonpositive_local_h2	False
POAG	16	46	69554881	70978362	288	6.54239728312648e-05		0.0				True
POAG	16	47	71070698	72088331	357	0.0		0.0			nonpositive_local_h2	False
POAG	16	48	72089740	73140753	295	0.0		0.0			nonpositive_local_h2	False
POAG	16	49	73142618	74134311	491	0.0001901277165149		0.360119574431888				True
POAG	16	50	74140113	74889084	256	0.0		0.999999730973442			nonpositive_local_h2	False
POAG	16	51	74897248	75521030	204	0.0002062260972795		0.0				True
POAG	16	52	75528511	76629678	453	1.83825499238346e-05		0.890604280757577				True
POAG	16	53	76635963	77268935	296	1.48543155544088e-05		0.878939598128982				True
POAG	16	54	77272582	77738161	382	0.0002918436734267		0.0				True
POAG	16	55	77741580	78280445	424	0.0		0.999999239077987			nonpositive_local_h2	False
POAG	16	56	78280647	78972995	568	0.0		0.999999461946885			nonpositive_local_h2	False
POAG	16	57	78973829	79661912	560	0.0		0.0			nonpositive_local_h2	False
POAG	16	58	79667015	80554948	628	0.0		0.999999619538993			nonpositive_local_h2	False
POAG	16	59	80563695	81437197	497	0.0		0.999999461946885			nonpositive_local_h2	False
POAG	16	60	81438355	82307919	524	0.0		0.999998385840654			nonpositive_local_h2	False
POAG	16	61	82312950	83077536	653	0.0		0.0			nonpositive_local_h2	False
POAG	16	62	83078358	83777938	626	0.0		0.999999239077987			nonpositive_local_h2	False
POAG	16	63	83782302	84440081	511	0.0003861038710576		0.0810811892541429				True
POAG	16	64	84441700	85146585	521	0.0		0.0			nonpositive_local_h2	False
POAG	16	65	85147633	86057221	427	0.0		0.0			nonpositive_local_h2	False
POAG	16	66	86062049	86748256	632	0.0002939837905283		0.289484610337387				True
POAG	16	67	86750547	87668579	442	0.0001467120264272		0.0				True
POAG	16	68	87669407	88381254	274	0.0		0.0			nonpositive_local_h2	False
POAG	16	69	88440878	89094243	251	0.0001269288666024		0.354401420845005				True
POAG	16	70	89110920	90149922	400	1.51472406670513e-05		0.8816474007669				True
POAG	17	1	3587	814529	283	0.0		0.0			nonpositive_local_h2	False
POAG	17	2	816250	1477619	228	0.0003614927777916		0.236384254844913				True
POAG	17	3	1492513	2696336	473	0.0002205124937455		0.026776434121622				True
POAG	17	4	2699322	3429303	347	0.0		0.999999619538993			nonpositive_local_h2	False
POAG	17	5	3430757	4463796	435	7.4539095362445e-05		0.0				True
POAG	17	6	4465502	5571485	422	0.0001689746584464		0.404706905027472				True
POAG	17	7	5576885	6301562	416	1.77935529129159e-05		0.898121528072351				True
POAG	17	8	6305509	7259668	430	0.0		0.0			nonpositive_local_h2	False
POAG	17	9	7269373	8553853	495	0.0		0.999999461946885			nonpositive_local_h2	False
POAG	17	10	8555306	9614556	455	0.0002415533126804		0.328014147230903				True
POAG	17	11	9619933	10571980	536	0.002247594858593		0.0042418043024765				True
POAG	17	12	10574159	11778156	532	0.0		0.999999461946885			nonpositive_local_h2	False
POAG	17	13	11778240	12676332	346	0.0		0.999999461946885			nonpositive_local_h2	False
POAG	17	14	12676507	13644471	497	0.0		0.999999461946885			nonpositive_local_h2	False
POAG	17	15	13649327	14497092	455	0.0		0.999999239077987			nonpositive_local_h2	False
POAG	17	16	14508792	15308683	497	0.0		0.999999149263327			nonpositive_local_h2	False
POAG	17	17	15308844	16404247	284	1.84219702641697e-05		0.746316019279681				True
POAG	17	18	16407478	17326363	248	0.0		0.0			nonpositive_local_h2	False
POAG	17	19	17326605	18900788	464	0.0		0.999999619538993			nonpositive_local_h2	False
POAG	17	20	18905375	20384920	265	0.0003288695005422		0.0575245709113039				True
POAG	17	21	20417975	21425273	185	9.83523643639206e-05		0.561579031231167				True
POAG	17	22	21434560	25872089	255	0.0		0.999999809769497			nonpositive_local_h2	False
POAG	17	23	25872185	27344104	392	0.0		0.0			nonpositive_local_h2	False
POAG	17	24	27344430	29777029	659	0.0002832338504644		0.0110319974564296				True
POAG	17	25	29783244	31318492	458	4.53919682216883e-05		0.0				True
POAG	17	26	31318829	32356013	681	0.0		0.999999461946885			nonpositive_local_h2	False
POAG	17	27	32356968	33613677	656	0.0001359108857971		0.0				True
POAG	17	28	33622774	34436708	304	0.0		0.999999730973442			nonpositive_local_h2	False
POAG	17	29	34815551	36112268	477	0.0		0.0			nonpositive_local_h2	False
POAG	17	30	36122227	37357034	338	8.90665370598087e-05		0.733291278799529				True
POAG	17	31	37363793	38880214	387	0.0		0.0			nonpositive_local_h2	False
POAG	17	32	38880531	40224118	591	0.0001242048229263		0.0				True
POAG	17	33	40239619	42345979	584	0.0		0.0			nonpositive_local_h2	False
POAG	17	34	42348725	43383100	365	0.0002596145692464		0.140834848262298				True
POAG	17	35	43513441	44862613	62	0.0008118964398906		0.0443189572344807				True
POAG	17	36	44868187	45880748	289	0.0017728038977877		0.0184330249815954				True
POAG	17	37	45884372	47514039	628	0.0002422092930934		0.283887153393246				True
POAG	17	38	47520053	48719889	441	0.0		0.999999239077987			nonpositive_local_h2	False
POAG	17	39	48723123	49908261	463	0.0002256638994402		0.197832465653827				True
POAG	17	40	49909329	51105543	462	5.84240834674291e-06		0.955064100175509				True
POAG	17	41	51112697	52099834	329	0.0		0.999999619538993			nonpositive_local_h2	False
POAG	17	42	52103231	53458404	502	0.0		0.999999341022206			nonpositive_local_h2	False
POAG	17	43	53468213	54946194	561	7.54805203662607e-06		0.951151136394992				True
POAG	17	44	54951417	56243860	608	0.0		0.999999068064667			nonpositive_local_h2	False
POAG	17	45	56246317	58592033	600	0.0		0.999999619538993			nonpositive_local_h2	False
POAG	17	46	58828402	60452799	411	0.0004449343284655		0.005453753769332				True
POAG	17	47	60455076	62109123	360	6.05393271642287e-05		0.51263775384905				True
POAG	17	48	62116449	63541497	338	0.0001812318844806		0.295445915853787				True
POAG	17	49	63549261	64438011	355	0.0003785402838336		0.0				True
POAG	17	50	64440066	65580271	510	0.0		0.999999149263327			nonpositive_local_h2	False
POAG	17	51	65587499	66756130	393	0.0		0.0			nonpositive_local_h2	False
POAG	17	52	66760025	68176215	509	0.0001858094394269		0.410676093532465				True
POAG	17	53	68176889	69244731	511	0.0004160083550104		0.0753111042348232				True
POAG	17	54	69245735	70494389	583	0.0		0.0			nonpositive_local_h2	False
POAG	17	55	70499516	71460143	458	0.0		0.999995466283864			nonpositive_local_h2	False
POAG	17	56	71467391	72382917	458	5.94551629839632e-05		0.733918623627314				True
POAG	17	57	72389282	73732522	477	0.0		0.0			nonpositive_local_h2	False
POAG	17	58	73746146	74905595	433	0.0		0.999999619538993			nonpositive_local_h2	False
POAG	17	59	74909099	75615507	363	0.0001174815478912		0.619420334507798				True
POAG	17	60	75621704	76595131	435	0.0		0.999999239077987			nonpositive_local_h2	False
POAG	17	61	76597776	77404094	416	0.0		0.0			nonpositive_local_h2	False
POAG	17	62	77413429	78435577	371	1.56717349365106e-05		0.0				True
POAG	17	63	78440293	79333703	380	0.0		0.0			nonpositive_local_h2	False
POAG	17	64	79338469	80456621	299	5.38655301318389e-05		0.485109751350077				True
POAG	17	65	80464705	81046413	250	0.0		0.999999730973442			nonpositive_local_h2	False
POAG	18	1	69836	847307	421	0.0004464219371179		0.0918112234386811				True
POAG	18	2	849178	1908848	449	0.0		0.0			nonpositive_local_h2	False
POAG	18	3	1986214	2831496	389	0.0		0.999998993394793			nonpositive_local_h2	False
POAG	18	4	2841862	3718160	358	0.0		0.0			nonpositive_local_h2	False
POAG	18	5	3723036	4601573	430	0.0		0.999999341022206			nonpositive_local_h2	False
POAG	18	6	4608852	5572368	379	0.0		0.999999239077987			nonpositive_local_h2	False
POAG	18	7	5577047	6753738	517	0.0		0.0			nonpositive_local_h2	False
POAG	18	8	6758921	7859757	493	0.0		0.999999461946885			nonpositive_local_h2	False
POAG	18	9	7870864	8788498	502	7.34881375097216e-05		0.528124102647208				True
POAG	18	10	8788967	9815099	509	0.0		0.0			nonpositive_local_h2	False
POAG	18	11	9816271	10674815	520	0.0		0.999999068064667			nonpositive_local_h2	False
POAG	18	12	10676435	11871030	522	5.87908296830585e-05		0.0				True
POAG	18	13	11872825	12733705	330	0.0		0.0			nonpositive_local_h2	False
POAG	18	14	12736491	13640802	373	0.0		0.0			nonpositive_local_h2	False
POAG	18	15	13642721	14429096	226	0.0		0.0			nonpositive_local_h2	False
POAG	18	16	14504059	15158341	93	3.28122632199723e-05		0.621838190933665				True
POAG	18	17	18570235	20009691	277	0.0		0.0			nonpositive_local_h2	False
POAG	18	18	20010336	21622632	424	3.30011449099395e-05		0.762757792710704				True
POAG	18	19	21622994	22745505	540	0.0		0.0			nonpositive_local_h2	False
POAG	18	20	22751758	24087236	475	0.0		0.0			nonpositive_local_h2	False
POAG	18	21	24088187	25305246	611	0.0		0.999999341022206			nonpositive_local_h2	False
POAG	18	22	25305464	26855696	575	0.0		0.0			nonpositive_local_h2	False
POAG	18	23	26862410	27819663	298	0.0		0.999999730973442			nonpositive_local_h2	False
POAG	18	24	27827586	28790989	433	1.52943918096705e-06		0.990740369831056				True
POAG	18	25	28795283	30399763	653	1.63168958076424e-05		0.939173069380921				True
POAG	18	26	30463820	32456354	545	0.0		0.999999461946885			nonpositive_local_h2	False
POAG	18	27	32459704	34153170	662	0.0		0.0			nonpositive_local_h2	False
POAG	18	28	34154176	36054349	793	1.3453745334671e-05		0.93015026332623				True
POAG	18	29	36060187	37675866	521	0.0		0.999999398438329			nonpositive_local_h2	False
POAG	18	30	37679216	38492100	420	6.26807016170871e-05		0.344661674312219				True
POAG	18	31	38499957	39410039	290	0.0006270481967527		0.0				True
POAG	18	32	39410982	40470953	348	0.0		0.999999619538993			nonpositive_local_h2	False
POAG	18	33	40472564	41422451	332	2.60171276473293e-05		0.0				True
POAG	18	34	41426379	42974150	600	0.0001482309700663		0.32499400164172				True
POAG	18	35	42974182	44297911	706	1.23751455732894e-05		0.0				True
POAG	18	36	44300281	45718309	562	3.99336732994417e-05		0.682401813774995				True
POAG	18	37	45719662	46554787	429	0.0002968331228079		0.204033630397783				True
POAG	18	38	46559879	47455923	381	0.0001818478493959		0.163724246743197				True
POAG	18	39	47456441	48226917	424	0.0		0.999999461946885			nonpositive_local_h2	False
POAG	18	40	48228968	49789847	546	0.0		0.999998796876658			nonpositive_local_h2	False
POAG	18	41	49795502	50372475	297	0.0		0.999999619538993			nonpositive_local_h2	False
POAG	18	42	50373807	51059163	250	6.46036233649202e-06		0.904051881835873				True
POAG	18	43	51063768	52504498	469	0.0		0.999999398438329			nonpositive_local_h2	False
POAG	18	44	52517906	53762829	466	0.0002364819394055		0.141535528049856				True
POAG	18	45	53763024	54953136	445	0.0001132619648851		0.345004518170913				True
POAG	18	46	54959143	55808797	436	0.0		0.999999619538993			nonpositive_local_h2	False
POAG	18	47	55810733	56831986	529	0.0		0.999999149263327			nonpositive_local_h2	False
POAG	18	48	56832775	57633654	459	0.0		0.999999461946885			nonpositive_local_h2	False
POAG	18	49	57638330	58521035	348	0.0		0.0			nonpositive_local_h2	False
POAG	18	50	58529953	59444681	349	0.0		0.0			nonpositive_local_h2	False
POAG	18	51	59452224	60779878	558	1.444791790778e-05		0.905107890914342				True
POAG	18	52	60781023	62065532	577	0.0		0.0			nonpositive_local_h2	False
POAG	18	53	62075853	63109072	378	0.0		0.0			nonpositive_local_h2	False
POAG	18	54	63110093	64252801	395	2.67524378407317e-05		0.784689275178352				True
POAG	18	55	64253268	65290652	416	0.0		0.999999619538993			nonpositive_local_h2	False
POAG	18	56	65297045	66407942	591	0.0003179036119512		0.114972702813098				True
POAG	18	57	66408427	67195441	283	0.0002170539648071		0.334458483782108				True
POAG	18	58	67196583	68047277	326	0.0		0.999999619538993			nonpositive_local_h2	False
POAG	18	59	68052952	69308022	505	0.0		0.999999461946885			nonpositive_local_h2	False
POAG	18	60	69311999	70538889	543	0.0		0.999999068064667			nonpositive_local_h2	False
POAG	18	61	70546687	71487700	498	0.0		0.999999239077987			nonpositive_local_h2	False
POAG	18	62	71492461	72784717	605	0.0002813813469405		0.158514438390799				True
POAG	18	63	72785291	73565887	388	0.0		0.999999619538993			nonpositive_local_h2	False
POAG	18	64	73574403	74471031	443	0.0		0.0			nonpositive_local_h2	False
POAG	18	65	74475370	75239655	456	0.0		0.999999341022206			nonpositive_local_h2	False
POAG	18	66	75240956	76228700	490	9.30113941324016e-05		0.695552082350538				True
POAG	18	67	76234522	77147472	363	0.0		0.999999149263327			nonpositive_local_h2	False
POAG	18	68	77155184	78015180	318	0.0		0.999999619538993			nonpositive_local_h2	False
POAG	19	1	260912	757412	204	0.0		0.0			nonpositive_local_h2	False
POAG	19	2	764389	1505874	257	0.0003491837360508		0.0				True
POAG	19	3	1516997	2246652	217	0.0001002652284542		0.476334682473956				True
POAG	19	4	2258223	3084944	298	0.0		0.999999149263327			nonpositive_local_h2	False
POAG	19	5	3093163	3890641	275	0.0		0.999999461946885			nonpositive_local_h2	False
POAG	19	6	3893993	4738679	263	0.0		0.0			nonpositive_local_h2	False
POAG	19	7	4742465	5477883	293	0.0		0.999999068064667			nonpositive_local_h2	False
POAG	19	8	5479216	6455414	275	0.0		0.999999461946885			nonpositive_local_h2	False
POAG	19	9	6456062	7244884	337	0.0		0.999999619538993			nonpositive_local_h2	False
POAG	19	10	7262569	8196499	334	0.0		0.999999619538993			nonpositive_local_h2	False
POAG	19	11	8201051	9105106	310	0.0001925650375053		0.344129567748684				True
POAG	19	12	9107432	10026550	283	0.0		0.999999619538993			nonpositive_local_h2	False
POAG	19	13	10050184	11674294	538	0.0		0.999999619538993			nonpositive_local_h2	False
POAG	19	14	11687195	13212128	349	0.0		0.999999730973442			nonpositive_local_h2	False
POAG	19	15	13225729	13960562	249	7.91938332017204e-05		0.530252393240165				True
POAG	19	16	13970625	14887596	268	0.0		0.0			nonpositive_local_h2	False
POAG	19	17	14893513	15649509	305	0.0		0.0			nonpositive_local_h2	False
POAG	19	18	15655168	16077272	325	0.0		0.999999619538993			nonpositive_local_h2	False
POAG	19	19	16084699	17041172	294	0.0		0.999999398438329			nonpositive_local_h2	False
POAG	19	20	17046191	17739330	271	0.0005007074117949		0.0				True
POAG	19	21	17752689	18503019	300	0.0		0.0			nonpositive_local_h2	False
POAG	19	22	18512932	19746151	361	0.0		0.999997608839652			nonpositive_local_h2	False
POAG	19	23	19751456	20481452	184	0.0		0.999999619538993			nonpositive_local_h2	False
POAG	19	24	20490028	21153079	124	1.76488391410736e-05		0.709693178317322				True
POAG	19	25	21158134	21821537	158	0.0		0.999999670511103			nonpositive_local_h2	False
POAG	19	26	21832567	22729318	262	9.20937229703463e-05		0.172654943720516				True
POAG	19	27	22730026	23468966	186	5.80615601241345e-05		0.643986764588218				True
POAG	19	28	23484776	24505637	204	0.0		0.999999809769497			nonpositive_local_h2	False
POAG	19	29	27824088	28552413	170	0.0		0.999999809769497			nonpositive_local_h2	False
POAG	19	30	28556284	29388987	384	0.0		0.999999534032333			nonpositive_local_h2	False
POAG	19	31	29389111	30371748	480	0.0		0.999999239077987			nonpositive_local_h2	False
POAG	19	32	30376718	31760629	448	0.000101419357664		0.490860894016553				True
POAG	19	33	31764851	33025354	438	0.0		0.0			nonpositive_local_h2	False
POAG	19	34	33031719	33780483	297	0.0		0.999999398438329			nonpositive_local_h2	False
POAG	19	35	33789010	34627319	341	0.0		0.99999672715067			nonpositive_local_h2	False
POAG	19	36	34636572	35648365	329	0.0		0.999999461946885			nonpositive_local_h2	False
POAG	19	37	35650593	36621643	385	0.0		0.999999461946885			nonpositive_local_h2	False
POAG	19	38	36640319	38472722	504	0.0		0.999999809769497			nonpositive_local_h2	False
POAG	19	39	38474060	39369369	296	1.76917745836754e-05		0.886850215654172				True
POAG	19	40	39378804	40170103	298	0.000285368207571		0.0511219775689236				True
POAG	19	41	40173502	41004075	265	0.0		0.0			nonpositive_local_h2	False
POAG	19	42	41004136	41732423	278	0.0		0.999999619538993			nonpositive_local_h2	False
POAG	19	43	41734059	43285368	298	7.78708864880455e-05		0.418018237068505				True
POAG	19	44	43964028	45040449	466	0.0002701286410084		0.100977871823647				True
POAG	19	45	45042495	45876967	258	0.0		0.999999149263327			nonpositive_local_h2	False
POAG	19	46	45904759	46761026	303	0.0002262139361938		0.0414334259166877				True
POAG	19	47	46767173	47742310	299	0.0		0.999999341022206			nonpositive_local_h2	False
POAG	19	48	47759873	48571072	319	2.74620371535307e-05		0.763294257259509				True
POAG	19	49	48578889	49410191	338	0.0		0.999999461946885			nonpositive_local_h2	False
POAG	19	50	49416456	50451508	348	0.0		0.999999341022206			nonpositive_local_h2	False
POAG	19	51	50453317	51254550	237	0.0		0.999999341022206			nonpositive_local_h2	False
POAG	19	52	51260687	51899747	338	0.0		0.999999619538993			nonpositive_local_h2	False
POAG	19	53	51903884	52678171	424	0.0		0.999999461946885			nonpositive_local_h2	False
POAG	19	54	52679063	53420358	300	0.0		0.0			nonpositive_local_h2	False
POAG	19	55	53431994	54040412	291	0.0		0.0			nonpositive_local_h2	False
POAG	19	56	54043068	54596619	169	1.16788048083736e-05		0.949249709025629				True
POAG	19	57	54604319	55182696	252	0.0		0.0			nonpositive_local_h2	False
POAG	19	58	55186255	55710074	191	0.0		0.999999619538993			nonpositive_local_h2	False
POAG	19	59	55721241	56410340	303	4.7655792028197e-05		0.0				True
POAG	19	60	56411757	57137038	349	9.70816344224495e-05		0.0				True
POAG	19	61	57158194	57956828	351	0.0		0.0			nonpositive_local_h2	False
POAG	19	62	57961219	59095126	468	0.0		0.999999619538993			nonpositive_local_h2	False
POAG	20	1	61795	884070	422	0.0		0.999999239077987			nonpositive_local_h2	False
POAG	20	2	886002	1771284	552	0.0001195835373332		0.567157502825539				True
POAG	20	3	1776193	2667729	554	6.25001052832096e-05		0.792848238783589				True
POAG	20	4	2677566	3735601	421	0.0		0.0			nonpositive_local_h2	False
POAG	20	5	3741800	4591715	451	0.0		0.0			nonpositive_local_h2	False
POAG	20	6	4593976	5378864	424	0.0002247623514854		0.0				True
POAG	20	7	5379548	6128223	398	0.0		0.999999239077987			nonpositive_local_h2	False
POAG	20	8	6128868	7230441	518	0.0006756163510459		4.13549344026296e-05				True
POAG	20	9	7232828	7959777	343	0.0002069087236295		0.0				True
POAG	20	10	7960865	9278451	690	0.0		0.999998923893769			nonpositive_local_h2	False
POAG	20	11	9288522	10277621	574	0.0		0.0			nonpositive_local_h2	False
POAG	20	12	10279797	11255390	515	0.00011099093889		0.0				True
POAG	20	13	11257091	12346236	502	3.18040348767136e-05		0.0				True
POAG	20	14	12358420	13199299	497	0.0		0.999999239077987			nonpositive_local_h2	False
POAG	20	15	13205338	14194579	340	0.0001259621568219		0.405326578843542				True
POAG	20	16	14205048	15237895	485	0.0		0.999999461946885			nonpositive_local_h2	False
POAG	20	17	15245334	15961689	452	0.0		0.999999619538993			nonpositive_local_h2	False
POAG	20	18	15965919	16660162	540	0.0		0.0			nonpositive_local_h2	False
POAG	20	19	16664558	17358778	407	0.0003683052791848		0.0483353987605705				True
POAG	20	20	17360298	18058178	413	0.0002659137440576		0.0				True
POAG	20	21	18063552	18959197	398	0.0004164856179958		0.0				True
POAG	20	22	18959491	19953719	604	2.40835516929009e-05		0.0				True
POAG	20	23	19958000	21679930	597	0.0		0.0			nonpositive_local_h2	False
POAG	20	24	21714807	22779467	360	8.93715629047293e-07		0.0				True
POAG	20	25	22780999	23808324	500	2.32194742890563e-05		0.843016084742035				True
POAG	20	26	23811039	24487003	248	0.0002124402535952		0.204681906246344				True
POAG	20	27	24488084	25178119	314	0.0		0.999999534032333			nonpositive_local_h2	False
POAG	20	28	25181074	26289925	214	8.13204001571394e-08		0.99921072991927				True
POAG	20	29	29529825	30567677	224	0.0001225604976892		0.107595272627458				True
POAG	20	30	30569865	32482632	598	0.0		0.0			nonpositive_local_h2	False
POAG	20	31	32485650	33887983	438	0.0		0.999999619538993			nonpositive_local_h2	False
POAG	20	32	33890061	35986653	409	0.0		0.999999730973442			nonpositive_local_h2	False
POAG	20	33	35990792	37253191	491	0.0		0.999999341022206			nonpositive_local_h2	False
POAG	20	34	37253950	38426442	445	0.0001577252442921		0.10024494025278				True
POAG	20	35	38428911	40267070	656	0.0002782666825677		0.0985890449086049				True
POAG	20	36	40274626	41351028	627	3.68842673390932e-06		0.975992721876567				True
POAG	20	37	41353289	42185536	349	1.32495655746559e-06		0.99027425116168				True
POAG	20	38	42187297	43005015	392	0.0		0.999999341022206			nonpositive_local_h2	False
POAG	20	39	43010825	44072196	386	0.0		0.0			nonpositive_local_h2	False
POAG	20	40	44072226	45673584	720	0.0		0.999999619538993			nonpositive_local_h2	False
POAG	20	41	45674219	46484678	313	0.0003173657490921		0.0685379557930793				True
POAG	20	42	46486174	47201039	395	0.0001677651079276		0.242756086546102				True
POAG	20	43	47209445	48210099	442	2.76728736807064e-05		0.784232080572803				True
POAG	20	44	48220012	49232359	409	0.0		0.999999619538993			nonpositive_local_h2	False
POAG	20	45	49236478	50648464	643	0.0002995970807865		0.0				True
POAG	20	46	50657049	51533441	358	8.01456788929851e-05		0.224030502251146				True
POAG	20	47	51535828	52409008	414	0.0		0.999999461946885			nonpositive_local_h2	False
POAG	20	48	52412710	53109839	364	3.65378339724639e-05		0.0				True
POAG	20	49	53124595	53878373	328	0.0		0.999999730973442			nonpositive_local_h2	False
POAG	20	50	53883417	54741135	384	0.0		0.999999730973442			nonpositive_local_h2	False
POAG	20	51	54744138	55445097	343	0.0		0.0			nonpositive_local_h2	False
POAG	20	52	55450623	56169863	430	6.38559467809233e-05		0.74311209377358				True
POAG	20	53	56175752	56942557	407	4.40310261545482e-05		0.831593187477995				True
POAG	20	54	56953293	57921566	445	0.0		0.0			nonpositive_local_h2	False
POAG	20	55	57924354	58780147	386	0.0		0.999999149263327			nonpositive_local_h2	False
POAG	20	56	58784498	59559536	449	3.99860861473813e-05		0.72410936800589				True
POAG	20	57	59562538	60120633	346	0.0		0.999999619538993			nonpositive_local_h2	False
POAG	20	58	60126157	60765422	307	6.68088938592008e-05		0.632502074155042				True
POAG	20	59	60766599	61470725	292	0.0002478207042263		0.0				True
POAG	20	60	61472073	62173925	304	0.0		0.999999461946885			nonpositive_local_h2	False
POAG	20	61	62180117	62912463	296	5.18585264356761e-05		0.0				True
POAG	21	1	15203801	15833826	245	0.0		0.999999288222632			nonpositive_local_h2	False
POAG	21	2	15845052	16869936	478	0.0002617496215829		0.0				True
POAG	21	3	16883021	18220019	400	0.0		0.999999239077987			nonpositive_local_h2	False
POAG	21	4	18224738	19478147	481	7.186710366986e-05		0.0				True
POAG	21	5	19481308	20406410	469	0.0		0.0			nonpositive_local_h2	False
POAG	21	6	20410051	21624371	482	6.28044740355575e-05		0.0				True
POAG	21	7	21636664	22201791	287	0.0		0.999999619538993			nonpositive_local_h2	False
POAG	21	8	22203055	23266339	515	0.0		0.0			nonpositive_local_h2	False
POAG	21	9	23267032	24048803	290	0.0		0.0			nonpositive_local_h2	False
POAG	21	10	24057868	25241036	503	0.0001088251288046		0.55711127537765				True
POAG	21	11	25253339	26464530	510	0.0		0.0			nonpositive_local_h2	False
POAG	21	12	26476184	27772077	484	0.0001997212261998		0.134035217056331				True
POAG	21	13	27774870	28611275	504	0.0		0.0			nonpositive_local_h2	False
POAG	21	14	28620731	29449806	363	2.11955120863669e-05		0.87362012873649				True
POAG	21	15	29451195	30847259	581	5.6687249213725e-05		0.533477082602344				True
POAG	21	16	30868064	32200972	495	0.0		0.999999461946885			nonpositive_local_h2	False
POAG	21	17	32202309	33259510	427	7.01936998503946e-06		0.954748586452667				True
POAG	21	18	33273162	34381769	513	0.0		0.0			nonpositive_local_h2	False
POAG	21	19	34383849	35726754	551	0.0		0.999998993394793			nonpositive_local_h2	False
POAG	21	20	35729280	37302308	723	0.0		0.999996195389935			nonpositive_local_h2	False
POAG	21	21	37307002	38042539	375	0.0		0.999999730973442			nonpositive_local_h2	False
POAG	21	22	38047345	39251602	560	0.0		0.999996816834842			nonpositive_local_h2	False
POAG	21	23	39253134	40473899	659	0.0005667278170227		0.0118539708715994				True
POAG	21	24	40484010	41344565	506	0.0		0.999999619538993			nonpositive_local_h2	False
POAG	21	25	41344753	42183983	511	0.0		0.999999619538993			nonpositive_local_h2	False
POAG	21	26	42187416	43081222	453	0.0		0.0			nonpositive_local_h2	False
POAG	21	27	43081619	43810084	528	1.54543567233339e-05		0.0				True
POAG	21	28	43813530	44810802	542	0.0001392012685979		0.0				True
POAG	21	29	44815113	46042282	439	0.0		0.999999461946885			nonpositive_local_h2	False
POAG	21	30	46046919	47007320	503	0.0		0.0			nonpositive_local_h2	False
POAG	21	31	47015512	48090629	491	0.0		0.999999619538993			nonpositive_local_h2	False
POAG	22	1	16886873	17586471	185	0.0		0.999999619538993			nonpositive_local_h2	False
POAG	22	2	17587680	18533434	468	0.0003687755763734		0.025657882745514				True
POAG	22	3	18537041	19634330	372	0.0		0.999999239077987			nonpositive_local_h2	False
POAG	22	4	19636858	20966547	465	0.0008934971222168		0.0004317287730991				True
POAG	22	5	20970175	22402103	436	0.0		0.999999619538993			nonpositive_local_h2	False
POAG	22	6	22413165	23060694	191	0.0		0.999999730973442			nonpositive_local_h2	False
POAG	22	7	23249040	23950646	310	0.0		0.999999461946885			nonpositive_local_h2	False
POAG	22	8	23951753	25275393	467	7.09343526920353e-05		0.555506658773342				True
POAG	22	9	25283602	26164413	272	6.27955904441637e-05		0.591140571791201				True
POAG	22	10	26167085	27191942	705	0.0		0.999999461946885			nonpositive_local_h2	False
POAG	22	11	27198719	27951176	636	0.0		0.0			nonpositive_local_h2	False
POAG	22	12	27953418	29454477	453	0.0004799265896269		0.0				True
POAG	22	13	29457622	30961645	557	0.0001920059165704		0.196803317893715				True
POAG	22	14	30970972	31904170	319	7.59092367903827e-05		0.0				True
POAG	22	15	31905703	32657397	259	0.0		0.999999730973442			nonpositive_local_h2	False
POAG	22	16	32663153	33501556	531	0.0003183481879338		0.0672062467275298				True
POAG	22	17	33501743	34361131	485	0.0		0.0			nonpositive_local_h2	False
POAG	22	18	34365442	35366230	497	4.44953898276098e-05		0.0				True
POAG	22	19	35369739	36132832	391	0.0		0.999995172491017			nonpositive_local_h2	False
POAG	22	20	36136945	37363964	531	0.0		0.0			nonpositive_local_h2	False
POAG	22	21	37365274	38715222	623	0.0004630466152611		0.0				True
POAG	22	22	38719189	40363778	541	0.0005535234235811		0.014319408328808				True
POAG	22	23	40388308	41720697	339	0.0001250501048343		0.291561868226011				True
POAG	22	24	41722864	42867898	343	0.0		0.0			nonpositive_local_h2	False
POAG	22	25	42869453	43573946	287	0.0		0.999999461946885			nonpositive_local_h2	False
POAG	22	26	43575616	44409176	493	7.82127207823744e-05		0.60585229759241				True
POAG	22	27	44409993	45169376	489	0.0		0.999999461946885			nonpositive_local_h2	False
POAG	22	28	45171729	46347922	631	0.0003033062188266		0.1980202030066				True
POAG	22	29	46362396	47296574	383	0.0002597263645771		0.240240524224003				True
POAG	22	30	47301789	48257296	541	1.82214192946615e-05		0.933187382022275				True
POAG	22	31	48270745	48968698	494	0.0		0.999999619538993			nonpositive_local_h2	False
POAG	22	32	48988885	49550794	400	0.0		0.999999619538993			nonpositive_local_h2	False
POAG	22	33	49559351	50333415	473	0.0		0.0			nonpositive_local_h2	False
POAG	22	34	50350971	51219006	300	4.478078555276e-05		0.0				True
RE	1	1	754182	1366830	125	0.0		0.999999619538993			nonpositive_local_h2	False
RE	1	2	1421531	2211849	201	0.0		0.999999730973442			nonpositive_local_h2	False
RE	1	3	2220649	2981841	246	0.0		0.999999461946885			nonpositive_local_h2	False
RE	1	4	2984087	3580574	228	0.0		0.999999619538993			nonpositive_local_h2	False
RE	1	5	3586250	4281458	254	0.0		0.999999239077987			nonpositive_local_h2	False
RE	1	6	4282786	4773266	374	0.0		0.0			nonpositive_local_h2	False
RE	1	7	4774438	5362345	395	0.0		0.0			nonpositive_local_h2	False
RE	1	8	5364634	6129835	349	0.0		0.999999149263327			nonpositive_local_h2	False
RE	1	9	6139744	7711758	642	0.0		0.999998923893769			nonpositive_local_h2	False
RE	1	10	7712132	8580960	289	0.0		0.0			nonpositive_local_h2	False
RE	1	11	8581015	9466803	333	0.0		0.999999068064667			nonpositive_local_h2	False
RE	1	12	9483388	10750432	349	0.0		0.999999461946885			nonpositive_local_h2	False
RE	1	13	10757199	11706791	288	0.0		0.999999149263327			nonpositive_local_h2	False
RE	1	14	11710561	12868019	435	0.0		0.999999239077987			nonpositive_local_h2	False
RE	1	15	13782197	14719847	522	0.0		0.999997847787538			nonpositive_local_h2	False
RE	1	16	14721450	15754484	547	0.0		0.999999461946885			nonpositive_local_h2	False
RE	1	17	15757044	16729700	370	0.0		0.999999619538993			nonpositive_local_h2	False
RE	1	18	16732860	17557657	190	0.0		0.999999730973442			nonpositive_local_h2	False
RE	1	19	17557837	18425983	415	0.0		0.999999461946885			nonpositive_local_h2	False
RE	1	20	18429437	19237107	460	0.0		0.999999461946885			nonpositive_local_h2	False
RE	1	21	19246539	20556029	569	0.0		0.999998256508638			nonpositive_local_h2	False
RE	1	22	20556762	21410231	387	0.0		0.0			nonpositive_local_h2	False
RE	1	23	21416435	22141983	283	0.0		0.999999619538993			nonpositive_local_h2	False
RE	1	24	22147077	22739168	279	1.02875862673999e-06		0.961574891968445				True
RE	1	25	22740365	23904345	384	0.0		0.999998478155974			nonpositive_local_h2	False
RE	1	26	23927929	25860915	652	0.0		0.999997654680844			nonpositive_local_h2	False
RE	1	27	25889422	27971502	631	0.0		0.999998993394793			nonpositive_local_h2	False
RE	1	28	28011854	29185093	241	0.0		0.999999461946885			nonpositive_local_h2	False
RE	1	29	29190138	30405167	471	0.0		0.999998993394793			nonpositive_local_h2	False
RE	1	30	30405460	31633308	596	0.0		0.999999341022206			nonpositive_local_h2	False
RE	1	31	31650749	33066299	378	0.0		0.0			nonpositive_local_h2	False
RE	1	32	33068754	34370091	487	0.0		0.999999239077987			nonpositive_local_h2	False
RE	1	33	34375199	35190138	422	0.0		0.999999068064667			nonpositive_local_h2	False
RE	1	34	35205742	36847766	230	0.0		0.999999619538993			nonpositive_local_h2	False
RE	1	35	36858145	38465315	667	0.0		0.999999239077987			nonpositive_local_h2	False
RE	1	36	38476519	40199854	575	0.0		0.0			nonpositive_local_h2	False
RE	1	37	40203722	41093830	300	0.0		0.999999534032333			nonpositive_local_h2	False
RE	1	38	41093908	41976017	338	1.18279020365192e-05		0.398910242976832				True
RE	1	39	41984658	43507898	530	0.0		0.999999341022206			nonpositive_local_h2	False
RE	1	40	43518830	45167143	630	0.0		0.0			nonpositive_local_h2	False
RE	1	41	45175925	47234335	606	7.80710703428241e-06		0.0				True
RE	1	42	47259138	48105228	327	0.0		0.999999534032333			nonpositive_local_h2	False
RE	1	43	48106092	49178446	442	0.0		0.0			nonpositive_local_h2	False
RE	1	44	49189775	51763952	477	0.0		0.999999730973442			nonpositive_local_h2	False
RE	1	45	51781211	53112410	237	0.0		0.999999398438329			nonpositive_local_h2	False
RE	1	46	53114318	54769756	602	0.0		0.999998993394793			nonpositive_local_h2	False
RE	1	47	54775203	55725200	394	0.0		0.999999239077987			nonpositive_local_h2	False
RE	1	48	55727195	56798123	550	0.0		0.0			nonpositive_local_h2	False
RE	1	49	56799799	57529551	362	0.0		0.999999149263327			nonpositive_local_h2	False
RE	1	50	57529790	58387094	472	0.0		0.999997364088826			nonpositive_local_h2	False
RE	1	51	58387807	59883358	730	0.0		0.0			nonpositive_local_h2	False
RE	1	52	59891290	61376228	555	0.0		0.999999619538993			nonpositive_local_h2	False
RE	1	53	61382409	62774288	611	0.0		0.999998923893769			nonpositive_local_h2	False
RE	1	54	62782503	64343627	640	0.0		0.999999341022206			nonpositive_local_h2	False
RE	1	55	64345659	65892888	647	0.0		0.0			nonpositive_local_h2	False
RE	1	56	65894342	66776954	344	0.0		0.999999534032333			nonpositive_local_h2	False
RE	1	57	66778275	67760140	528	0.0		0.999999341022206			nonpositive_local_h2	False
RE	1	58	67769006	68631792	407	0.0		0.0			nonpositive_local_h2	False
RE	1	59	68634642	69435479	269	0.0		0.999998682044413			nonpositive_local_h2	False
RE	1	60	69442664	70992015	510	0.0		0.999999068064667			nonpositive_local_h2	False
RE	1	61	70993695	72512391	485	0.0		0.999999619538993			nonpositive_local_h2	False
RE	1	62	72515717	73989854	328	0.0		0.999999670511103			nonpositive_local_h2	False
RE	1	63	73993804	75127372	359	0.0		0.999999730973442			nonpositive_local_h2	False
RE	1	64	75138762	76094234	342	0.0		0.999999534032333			nonpositive_local_h2	False
RE	1	65	76105757	76976522	399	0.0		0.999999619538993			nonpositive_local_h2	False
RE	1	66	76978477	77889505	423	0.0		0.999999239077987			nonpositive_local_h2	False
RE	1	67	77895517	79065052	330	0.0		0.0			nonpositive_local_h2	False
RE	1	68	79067549	80087456	374	0.0		0.999999619538993			nonpositive_local_h2	False
RE	1	69	80101805	80772071	271	0.0		0.0			nonpositive_local_h2	False
RE	1	70	80782665	82120122	579	0.0		0.999999239077987			nonpositive_local_h2	False
RE	1	71	82123485	83461181	579	0.0		0.999999619538993			nonpositive_local_h2	False
RE	1	72	83464725	84723109	481	0.0		0.999999461946885			nonpositive_local_h2	False
RE	1	73	84728665	86014249	595	0.0		0.999999461946885			nonpositive_local_h2	False
RE	1	74	86017278	86760937	335	0.0		0.0			nonpositive_local_h2	False
RE	1	75	86769951	87663215	311	0.0		0.0			nonpositive_local_h2	False
RE	1	76	87667705	88651771	384	0.0		0.0			nonpositive_local_h2	False
RE	1	77	88657007	89748907	310	0.0		0.999999461946885			nonpositive_local_h2	False
RE	1	78	89759219	90940570	409	0.0		0.999999068064667			nonpositive_local_h2	False
RE	1	79	90943526	91867046	348	0.0		0.999999619538993			nonpositive_local_h2	False
RE	1	80	91872374	92904381	441	0.0		0.999999619538993			nonpositive_local_h2	False
RE	1	81	92924057	94160787	307	0.0		0.999999670511103			nonpositive_local_h2	False
RE	1	82	94174519	95122518	426	0.0		0.999999619538993			nonpositive_local_h2	False
RE	1	83	95123749	96146782	482	0.0		0.999999461946885			nonpositive_local_h2	False
RE	1	84	96151539	97720465	626	0.0		0.999999619538993			nonpositive_local_h2	False
RE	1	85	97721392	99424931	640	0.0		0.999999619538993			nonpositive_local_h2	False
RE	1	86	99425374	100268991	339	0.0		0.0			nonpositive_local_h2	False
RE	1	87	100271638	101188192	291	0.0		0.999999730973442			nonpositive_local_h2	False
RE	1	88	101198708	102417093	540	0.0		0.0			nonpositive_local_h2	False
RE	1	89	102425278	103145383	227	0.0		0.0			nonpositive_local_h2	False
RE	1	90	103150463	103764640	205	0.0		0.999999809769497			nonpositive_local_h2	False
RE	1	91	104017778	104980964	220	0.0		0.999999619538993			nonpositive_local_h2	False
RE	1	92	104986052	106089142	336	0.0		0.999999730973442			nonpositive_local_h2	False
RE	1	93	106091316	106861495	206	5.11266907071333e-06		0.425043358301321				True
RE	1	94	106865224	107873815	383	0.0		0.999999730973442			nonpositive_local_h2	False
RE	1	95	107874776	109271037	536	5.01641215910772e-05		0.158250461689942				True
RE	1	96	109273610	110215178	377	0.0		0.999999341022206			nonpositive_local_h2	False
RE	1	97	110233147	111131424	414	0.0		0.999999239077987			nonpositive_local_h2	False
RE	1	98	111137811	112488820	752	0.0		0.0			nonpositive_local_h2	False
RE	1	99	112489832	113416122	364	0.0		0.0			nonpositive_local_h2	False
RE	1	100	113418834	114662870	455	0.0		0.999999619538993			nonpositive_local_h2	False
RE	1	101	114664584	116206423	620	0.0		0.999998796876658			nonpositive_local_h2	False
RE	1	102	116207484	117043044	318	0.0		0.0			nonpositive_local_h2	False
RE	1	103	117049676	118118636	361	0.0		0.999999461946885			nonpositive_local_h2	False
RE	1	104	118118765	119406760	438	0.0		0.999999341022206			nonpositive_local_h2	False
RE	1	105	119410215	120344900	353	0.0		0.0			nonpositive_local_h2	False
RE	1	106	120347136	145730160	153	0.0		0.999999809769497			nonpositive_local_h2	False
RE	1	107	146499296	147083744	275	0.0		0.999999534032333			nonpositive_local_h2	False
RE	1	108	147086504	147826658	157	0.0		0.0			nonpositive_local_h2	False
RE	1	109	149778729	151144891	335	0.0		0.999999730973442			nonpositive_local_h2	False
RE	1	110	151150857	152534954	413	0.0		0.999999619538993			nonpositive_local_h2	False
RE	1	111	152536784	153408831	421	0.0		0.999999730973442			nonpositive_local_h2	False
RE	1	112	153416036	154685541	399	0.0		0.999999619538993			nonpositive_local_h2	False
RE	1	113	154685607	156809206	613	0.0		0.999999619538993			nonpositive_local_h2	False
RE	1	114	156818647	158074220	576	0.0		0.0			nonpositive_local_h2	False
RE	1	115	158085565	158900275	376	7.31609566540231e-07		0.881371318460064				True
RE	1	116	158901127	159880660	367	0.0		0.0			nonpositive_local_h2	False
RE	1	117	159884109	161054054	497	0.0		0.999999461946885			nonpositive_local_h2	False
RE	1	118	161057909	161943634	331	0.0		0.999999619538993			nonpositive_local_h2	False
RE	1	119	161946727	163138501	645	0.0		0.0			nonpositive_local_h2	False
RE	1	120	163142555	163854036	372	0.0		0.999999619538993			nonpositive_local_h2	False
RE	1	121	163855085	164723835	351	0.0		0.999999619538993			nonpositive_local_h2	False
RE	1	122	164729434	165550009	503	0.0		0.999999461946885			nonpositive_local_h2	False
RE	1	123	165554575	166457774	387	0.0		0.999999619538993			nonpositive_local_h2	False
RE	1	124	166458160	167160959	434	0.0		0.999999619538993			nonpositive_local_h2	False
RE	1	125	167168408	168169452	430	0.0		0.999999619538993			nonpositive_local_h2	False
RE	1	126	168181725	169520688	651	0.0		0.999999461946885			nonpositive_local_h2	False
RE	1	127	169521853	170192022	348	0.0		0.999998796876658			nonpositive_local_h2	False
RE	1	128	170195231	171040083	308	0.0		0.999999534032333			nonpositive_local_h2	False
RE	1	129	171045317	172464899	711	0.0		0.999999341022206			nonpositive_local_h2	False
RE	1	130	172466509	173571432	332	0.0		0.999999461946885			nonpositive_local_h2	False
RE	1	131	173586804	175381926	613	0.0		0.0			nonpositive_local_h2	False
RE	1	132	175386594	176449033	365	0.0		0.999999619538993			nonpositive_local_h2	False
RE	1	133	176452220	177745454	549	0.0		0.999999461946885			nonpositive_local_h2	False
RE	1	134	177747199	178913271	469	0.0		0.999999619538993			nonpositive_local_h2	False
RE	1	135	178920026	180221084	586	0.0		0.999999461946885			nonpositive_local_h2	False
RE	1	136	180225223	181322837	435	0.0		0.999999461946885			nonpositive_local_h2	False
RE	1	137	181329186	182420448	489	0.0		0.999999619538993			nonpositive_local_h2	False
RE	1	138	182422667	183918820	562	0.0		0.0			nonpositive_local_h2	False
RE	1	139	183922435	184953041	449	0.0		0.999999730973442			nonpositive_local_h2	False
RE	1	140	184953113	186178238	328	0.0		0.999999461946885			nonpositive_local_h2	False
RE	1	141	186181646	187070355	314	0.0		0.0			nonpositive_local_h2	False
RE	1	142	187072660	187755025	312	0.0		0.999999534032333			nonpositive_local_h2	False
RE	1	143	187758485	188624613	360	0.0		0.999999619538993			nonpositive_local_h2	False
RE	1	144	188626346	189903497	328	0.0		0.0			nonpositive_local_h2	False
RE	1	145	189905175	191409975	541	1.44856375988171e-06		0.0				True
RE	1	146	191420660	192462574	332	0.0		0.0			nonpositive_local_h2	False
RE	1	147	192478874	193564821	329	0.0		0.999999730973442			nonpositive_local_h2	False
RE	1	148	193583192	194365120	275	0.0		0.999999730973442			nonpositive_local_h2	False
RE	1	149	194368842	195157535	273	2.43421633764606e-06		0.59713335853252				True
RE	1	150	195164692	196172936	374	0.0		0.999999534032333			nonpositive_local_h2	False
RE	1	151	196180201	197929497	429	0.0		0.999999288222632			nonpositive_local_h2	False
RE	1	152	197938330	199260653	425	0.0		0.999999619538993			nonpositive_local_h2	False
RE	1	153	199265270	200132084	363	0.0		0.999999730973442			nonpositive_local_h2	False
RE	1	154	200135564	201067784	416	2.86317826546464e-05		0.0				True
RE	1	155	201068298	202570776	730	0.0		0.999999461946885			nonpositive_local_h2	False
RE	1	156	202590813	204082938	622	0.0		0.0			nonpositive_local_h2	False
RE	1	157	204094781	205004999	482	0.0		0.999999619538993			nonpositive_local_h2	False
RE	1	158	205011659	205917503	447	0.0		0.999999341022206			nonpositive_local_h2	False
RE	1	159	205921352	208158787	621	0.0		0.0			nonpositive_local_h2	False
RE	1	160	208163349	209708608	749	0.0		0.0			nonpositive_local_h2	False
RE	1	161	209712889	211082285	687	0.0		0.999999341022206			nonpositive_local_h2	False
RE	1	162	211088400	212347352	420	0.0		0.0			nonpositive_local_h2	False
RE	1	163	212348372	213953479	624	0.0		0.0			nonpositive_local_h2	False
RE	1	164	213959095	214774522	396	0.0		0.99999885861698			nonpositive_local_h2	False
RE	1	165	214786437	215825167	337	0.0		0.0			nonpositive_local_h2	False
RE	1	166	215828499	216657848	415	0.0		0.999999341022206			nonpositive_local_h2	False
RE	1	167	216665455	217352068	508	0.0		0.999999461946885			nonpositive_local_h2	False
RE	1	168	217352414	218562868	544	0.0		0.999999461946885			nonpositive_local_h2	False
RE	1	169	218573741	220069860	618	0.0		0.999999461946885			nonpositive_local_h2	False
RE	1	170	220075257	220977965	300	1.23903861729122e-05		0.453232931918067				True
RE	1	171	220979247	221855988	321	0.0		0.999999619538993			nonpositive_local_h2	False
RE	1	172	221860183	222763026	365	0.0		0.999999619538993			nonpositive_local_h2	False
RE	1	173	222766609	223653432	298	0.0		0.0			nonpositive_local_h2	False
RE	1	174	223655061	224942850	438	0.0		0.999999461946885			nonpositive_local_h2	False
RE	1	175	224945297	226523560	492	0.0		0.999999619538993			nonpositive_local_h2	False
RE	1	176	226539750	228045508	667	2.73038423608758e-05		0.304551831291399				True
RE	1	177	228045748	229074968	333	0.0		0.999999619538993			nonpositive_local_h2	False
RE	1	178	229076758	230221165	441	0.0		0.0			nonpositive_local_h2	False
RE	1	179	230228980	231285646	631	0.0		0.0			nonpositive_local_h2	False
RE	1	180	231290987	232177487	372	0.0		0.0			nonpositive_local_h2	False
RE	1	181	232180343	232953612	423	0.0		0.999999619538993			nonpositive_local_h2	False
RE	1	182	232958333	233634596	334	0.0		0.999999619538993			nonpositive_local_h2	False
RE	1	183	233643110	234365086	361	0.0		0.0			nonpositive_local_h2	False
RE	1	184	234370099	235097045	406	0.0		0.999999149263327			nonpositive_local_h2	False
RE	1	185	235099547	236198987	345	0.0		0.999999619538993			nonpositive_local_h2	False
RE	1	186	236203911	237405093	631	0.0		0.0			nonpositive_local_h2	False
RE	1	187	237411254	238094343	371	0.0		0.999999461946885			nonpositive_local_h2	False
RE	1	188	238096886	238703197	262	0.0		0.999999534032333			nonpositive_local_h2	False
RE	1	189	238705309	239327385	306	0.0		0.999999461946885			nonpositive_local_h2	False
RE	1	190	239332553	240243920	420	0.0		0.999999239077987			nonpositive_local_h2	False
RE	1	191	240249082	241016693	452	0.0		0.999991126200692			nonpositive_local_h2	False
RE	1	192	241034693	241812995	435	0.0		0.999999461946885			nonpositive_local_h2	False
RE	1	193	241813771	242416045	297	0.0		0.999999619538993			nonpositive_local_h2	False
RE	1	194	242419232	243044002	320	0.0		0.0			nonpositive_local_h2	False
RE	1	195	243054702	244722668	541	0.0		0.999999341022206			nonpositive_local_h2	False
RE	1	196	244724092	245969011	556	0.0		0.999999461946885			nonpositive_local_h2	False
RE	1	197	245973612	246603886	299	0.0		0.999999619538993			nonpositive_local_h2	False
RE	1	198	246613039	247524963	365	0.0		0.999999461946885			nonpositive_local_h2	False
RE	1	199	247535535	248340600	333	0.0		0.999999461946885			nonpositive_local_h2	False
RE	1	200	248341792	249174682	174	0.0		0.0			nonpositive_local_h2	False
RE	2	1	29443	788673	342	0.0		0.999999341022206			nonpositive_local_h2	False
RE	2	2	792188	1376021	232	8.20573672875922e-06		0.83549332942631				True
RE	2	3	1376705	1871477	232	0.0		0.999999239077987			nonpositive_local_h2	False
RE	2	4	1875792	2678138	387	0.0		0.0			nonpositive_local_h2	False
RE	2	5	2685473	3311400	313	0.0		0.0			nonpositive_local_h2	False
RE	2	6	3320502	4014874	368	0.0		0.0			nonpositive_local_h2	False
RE	2	7	4018661	4758795	287	0.0		0.999999619538993			nonpositive_local_h2	False
RE	2	8	4767683	5564064	316	0.0		0.999999239077987			nonpositive_local_h2	False
RE	2	9	5570049	6306541	397	0.0		0.0			nonpositive_local_h2	False
RE	2	10	6307291	7107455	410	0.0		0.0			nonpositive_local_h2	False
RE	2	11	7108212	7958572	376	0.0		0.999999619538993			nonpositive_local_h2	False
RE	2	12	7966977	8978676	411	0.0		0.0			nonpositive_local_h2	False
RE	2	13	8979659	9957097	373	0.0		0.999999239077987			nonpositive_local_h2	False
RE	2	14	9964947	10611211	341	0.0		0.999999461946885			nonpositive_local_h2	False
RE	2	15	10612091	11229946	344	0.0		0.999999149263327			nonpositive_local_h2	False
RE	2	16	11233323	11992128	287	0.0		0.999999619538993			nonpositive_local_h2	False
RE	2	17	11996680	12729769	394	0.0		0.999999619538993			nonpositive_local_h2	False
RE	2	18	12732821	13623160	325	0.0		0.999999619538993			nonpositive_local_h2	False
RE	2	19	13626114	14691935	389	0.0		0.999999619538993			nonpositive_local_h2	False
RE	2	20	14692761	15719207	397	0.0		0.0			nonpositive_local_h2	False
RE	2	21	15722503	17232378	621	0.0		0.999998576445264			nonpositive_local_h2	False
RE	2	22	17247134	18656321	602	0.0		0.0			nonpositive_local_h2	False
RE	2	23	18663811	20064337	666	0.0		0.999998993394793			nonpositive_local_h2	False
RE	2	24	20067295	21084332	487	0.0		0.999999341022206			nonpositive_local_h2	False
RE	2	25	21086693	22426074	297	0.0		0.0			nonpositive_local_h2	False
RE	2	26	22430795	23527304	450	0.0		0.999999068064667			nonpositive_local_h2	False
RE	2	27	23538632	24665131	395	0.0		0.999999461946885			nonpositive_local_h2	False
RE	2	28	24672098	25893740	351	0.0		0.0			nonpositive_local_h2	False
RE	2	29	25902823	26892931	298	0.0		0.999999288222632			nonpositive_local_h2	False
RE	2	30	26897501	28818931	585	0.0		0.999999239077987			nonpositive_local_h2	False
RE	2	31	28820641	29627861	435	0.0		0.999999619538993			nonpositive_local_h2	False
RE	2	32	29637040	30564611	436	0.0		0.999999341022206			nonpositive_local_h2	False
RE	2	33	30577757	31455227	486	0.0		0.0			nonpositive_local_h2	False
RE	2	34	31459744	33122143	526	0.0		0.999998796876658			nonpositive_local_h2	False
RE	2	35	33123726	33734126	324	0.0		0.0			nonpositive_local_h2	False
RE	2	36	33736077	34238969	285	0.0		0.999999461946885			nonpositive_local_h2	False
RE	2	37	34242891	34889395	277	0.0		0.999999461946885			nonpositive_local_h2	False
RE	2	38	34891689	35606754	264	0.0		0.999999730973442			nonpositive_local_h2	False
RE	2	39	35612621	36120658	267	0.0		0.0			nonpositive_local_h2	False
RE	2	40	36120755	36862817	428	0.0		0.999997364088826			nonpositive_local_h2	False
RE	2	41	36874250	37603248	295	0.0		0.999999239077987			nonpositive_local_h2	False
RE	2	42	37603385	38881106	654	0.0		0.999998923893769			nonpositive_local_h2	False
RE	2	43	38893660	40087025	304	0.0		0.999999461946885			nonpositive_local_h2	False
RE	2	44	40089510	40783776	393	0.0		0.0			nonpositive_local_h2	False
RE	2	45	40786281	41540405	274	0.0		0.999999341022206			nonpositive_local_h2	False
RE	2	46	41540966	42307395	428	0.0		0.0			nonpositive_local_h2	False
RE	2	47	42307450	43292832	451	0.0		0.0			nonpositive_local_h2	False
RE	2	48	43299383	44104067	355	0.0		0.999999341022206			nonpositive_local_h2	False
RE	2	49	44104925	45189011	490	0.0		0.999999619538993			nonpositive_local_h2	False
RE	2	50	45189763	45844714	351	0.0		0.999999239077987			nonpositive_local_h2	False
RE	2	51	45850077	46492759	453	0.0		0.0			nonpositive_local_h2	False
RE	2	52	46502979	47319320	444	0.0		0.999999149263327			nonpositive_local_h2	False
RE	2	53	47320846	48167631	316	0.0		0.0			nonpositive_local_h2	False
RE	2	54	48174157	49112501	358	0.0		0.999999341022206			nonpositive_local_h2	False
RE	2	55	49114231	49849103	386	0.0		0.999999461946885			nonpositive_local_h2	False
RE	2	56	49849268	50754813	429	0.0		0.999999619538993			nonpositive_local_h2	False
RE	2	57	50757671	51666313	404	6.34890926284522e-06		0.0				True
RE	2	58	51673576	52490535	341	0.0		0.0			nonpositive_local_h2	False
RE	2	59	52495799	53030336	307	0.0		0.999999730973442			nonpositive_local_h2	False
RE	2	60	53034853	53852102	405	0.0		0.999999461946885			nonpositive_local_h2	False
RE	2	61	53852235	54684557	332	0.0		0.999999534032333			nonpositive_local_h2	False
RE	2	62	54690542	55662398	488	0.0		0.0			nonpositive_local_h2	False
RE	2	63	55664121	56394464	304	0.0		0.0			nonpositive_local_h2	False
RE	2	64	56394879	57428060	389	0.0		0.999999619538993			nonpositive_local_h2	False
RE	2	65	57435578	57952870	221	0.0		0.0			nonpositive_local_h2	False
RE	2	66	57961229	59242603	450	0.0		0.0			nonpositive_local_h2	False
RE	2	67	59257567	60774773	710	0.0		0.999999461946885			nonpositive_local_h2	False
RE	2	68	60783572	62418558	456	0.0		0.999999341022206			nonpositive_local_h2	False
RE	2	69	62430208	63669625	374	5.55993006361044e-06		0.0				True
RE	2	70	63678069	64693013	321	0.0		0.999999619538993			nonpositive_local_h2	False
RE	2	71	64696502	65937745	472	0.0		0.0			nonpositive_local_h2	False
RE	2	72	65938598	67223326	589	0.0		0.0			nonpositive_local_h2	False
RE	2	73	67224057	67978287	442	0.0		0.0			nonpositive_local_h2	False
RE	2	74	67985674	68869456	374	0.0		0.0			nonpositive_local_h2	False
RE	2	75	68880436	70756057	782	0.0		0.0			nonpositive_local_h2	False
RE	2	76	70757358	71382495	333	0.0		0.0			nonpositive_local_h2	False
RE	2	77	71400203	72156426	319	0.0		0.999999239077987			nonpositive_local_h2	False
RE	2	78	72161465	73542685	354	0.0		0.999999730973442			nonpositive_local_h2	False
RE	2	79	73552542	75146521	508	0.0		0.999999461946885			nonpositive_local_h2	False
RE	2	80	75148429	75940599	412	0.0		0.999999461946885			nonpositive_local_h2	False
RE	2	81	75942725	76643267	277	0.0		0.0			nonpositive_local_h2	False
RE	2	82	76649870	77360974	332	0.0		0.999999730973442			nonpositive_local_h2	False
RE	2	83	77377167	78075083	235	0.0		0.999999461946885			nonpositive_local_h2	False
RE	2	84	78085004	79013457	313	0.0		0.0			nonpositive_local_h2	False
RE	2	85	79021429	79898937	531	0.0		0.0			nonpositive_local_h2	False
RE	2	86	79902900	80736075	469	0.0		0.999999341022206			nonpositive_local_h2	False
RE	2	87	80743194	81614229	268	0.0		0.0			nonpositive_local_h2	False
RE	2	88	81623974	82941446	394	0.0		0.999999730973442			nonpositive_local_h2	False
RE	2	89	82941825	84385564	396	0.0		0.999999730973442			nonpositive_local_h2	False
RE	2	90	84400853	85990847	562	0.0		0.999999461946885			nonpositive_local_h2	False
RE	2	91	85995648	86857824	364	0.0		0.999999619538993			nonpositive_local_h2	False
RE	2	92	86872592	88541315	202	0.0		0.999999619538993			nonpositive_local_h2	False
RE	2	93	88549952	90112745	153	0.0		0.999999809769497			nonpositive_local_h2	False
RE	2	94	92051490	97333492	220	0.0		0.999999730973442			nonpositive_local_h2	False
RE	2	95	97339781	98989062	309	0.0		0.999999534032333			nonpositive_local_h2	False
RE	2	96	98989700	100195156	328	1.48722068655306e-05		0.37097026211798				True
RE	2	97	100204049	101552095	548	0.0		0.999999341022206			nonpositive_local_h2	False
RE	2	98	101557566	102481023	318	0.0		0.999999341022206			nonpositive_local_h2	False
RE	2	99	102495917	103302367	461	0.0		0.999999398438329			nonpositive_local_h2	False
RE	2	100	103313018	105118594	451	0.0		0.999999461946885			nonpositive_local_h2	False
RE	2	101	105132332	106541229	669	0.0		0.999999239077987			nonpositive_local_h2	False
RE	2	102	106550301	107411613	295	0.0		0.0			nonpositive_local_h2	False
RE	2	103	107415763	108415702	372	0.0		0.0			nonpositive_local_h2	False
RE	2	104	108422810	110096179	556	0.0		0.0			nonpositive_local_h2	False
RE	2	105	110102339	112641666	448	0.0		0.0			nonpositive_local_h2	False
RE	2	106	112649794	113925061	582	0.0		0.999998576445264			nonpositive_local_h2	False
RE	2	107	113932431	115202256	359	0.0		0.0			nonpositive_local_h2	False
RE	2	108	115203917	116415803	380	0.0		0.999999619538993			nonpositive_local_h2	False
RE	2	109	116419064	117820944	403	0.0		0.999999534032333			nonpositive_local_h2	False
RE	2	110	117822575	118649429	304	0.0		0.999999534032333			nonpositive_local_h2	False
RE	2	111	118666409	119628722	410	0.0		0.999999619538993			nonpositive_local_h2	False
RE	2	112	119639040	121070811	470	0.0		0.999999619538993			nonpositive_local_h2	False
RE	2	113	121081469	122007858	341	0.0		0.999999239077987			nonpositive_local_h2	False
RE	2	114	122031769	123218071	367	0.0		0.0			nonpositive_local_h2	False
RE	2	115	123224400	123929100	260	0.0		0.999997490687321			nonpositive_local_h2	False
RE	2	116	123929932	124724550	282	0.0		0.999999730973442			nonpositive_local_h2	False
RE	2	117	124739150	125669565	419	0.0		0.0			nonpositive_local_h2	False
RE	2	118	125741700	126752882	316	0.0		0.999999619538993			nonpositive_local_h2	False
RE	2	119	126757757	127895573	417	0.0		0.999999619538993			nonpositive_local_h2	False
RE	2	120	127897320	129483106	545	0.0		0.999999239077987			nonpositive_local_h2	False
RE	2	121	129488506	130483910	429	0.0		0.999999461946885			nonpositive_local_h2	False
RE	2	122	130489419	131756501	179	0.0		0.0			nonpositive_local_h2	False
RE	2	123	131763953	132595263	134	0.0		1.11253692953755e-308			nonpositive_local_h2	False
RE	2	124	132637483	133351703	162	0.0		0.999999730973442			nonpositive_local_h2	False
RE	2	125	133353827	134356844	418	0.0		0.0			nonpositive_local_h2	False
RE	2	126	134363032	135158254	433	0.0		0.999999461946885			nonpositive_local_h2	False
RE	2	127	135160755	137059906	512	0.0		0.999999461946885			nonpositive_local_h2	False
RE	2	128	137061077	138073500	471	0.0		0.0			nonpositive_local_h2	False
RE	2	129	138073795	139505771	471	0.0		0.0			nonpositive_local_h2	False
RE	2	130	139505868	140931289	528	0.0		0.0			nonpositive_local_h2	False
RE	2	131	140934990	141801011	384	0.0		0.999999619538993			nonpositive_local_h2	False
RE	2	132	141803496	142491507	347	0.0		0.0			nonpositive_local_h2	False
RE	2	133	142495019	143247203	348	0.0		0.0			nonpositive_local_h2	False
RE	2	134	143261959	144503445	413	1.38184627573629e-06		0.925443079724952				True
RE	2	135	144503694	145976895	370	0.0		0.999999461946885			nonpositive_local_h2	False
RE	2	136	145977991	147242774	309	0.0		0.999999461946885			nonpositive_local_h2	False
RE	2	137	147262273	149568729	573	1.27819434345094e-07		0.994841450396516				True
RE	2	138	149573090	151424784	557	0.0		0.999999341022206			nonpositive_local_h2	False
RE	2	139	151429031	152496526	456	0.0		0.0			nonpositive_local_h2	False
RE	2	140	152499580	153999220	556	0.0		0.999999461946885			nonpositive_local_h2	False
RE	2	141	154002152	155206097	466	0.0		0.999999461946885			nonpositive_local_h2	False
RE	2	142	155211804	156130909	327	0.0		0.0			nonpositive_local_h2	False
RE	2	143	156132155	157552987	439	6.2603791912625e-05		0.300016202873592				True
RE	2	144	157565192	159038336	334	0.0		0.0			nonpositive_local_h2	False
RE	2	145	159044007	160186901	482	0.0		0.999999068064667			nonpositive_local_h2	False
RE	2	146	160201955	161431604	454	0.0		0.999999619538993			nonpositive_local_h2	False
RE	2	147	161437218	163604529	587	0.0		0.999999619538993			nonpositive_local_h2	False
RE	2	148	163623169	164701057	268	0.0		0.999999730973442			nonpositive_local_h2	False
RE	2	149	164703935	165913564	382	0.0		0.999999619538993			nonpositive_local_h2	False
RE	2	150	165926663	167484730	622	4.26151463176492e-07		0.978011391188782				True
RE	2	151	167490384	168427789	243	0.0		0.0			nonpositive_local_h2	False
RE	2	152	168438360	169224341	343	0.0		0.999999341022206			nonpositive_local_h2	False
RE	2	153	169224527	170155322	427	0.0		0.0			nonpositive_local_h2	False
RE	2	154	170156880	170863922	256	0.0		0.999999619538993			nonpositive_local_h2	False
RE	2	155	170865808	171565049	365	0.0		0.999999619538993			nonpositive_local_h2	False
RE	2	156	171566925	172495507	299	0.0		0.0			nonpositive_local_h2	False
RE	2	157	172510069	173287832	307	0.0		0.999999534032333			nonpositive_local_h2	False
RE	2	158	173289239	174117020	339	0.0		0.999999341022206			nonpositive_local_h2	False
RE	2	159	174120039	174926751	327	0.0		0.999999068064667			nonpositive_local_h2	False
RE	2	160	174928385	176734022	609	0.0		0.999999239077987			nonpositive_local_h2	False
RE	2	161	176735728	178149364	588	0.0		0.999998478155974			nonpositive_local_h2	False
RE	2	162	178151626	179216367	431	1.1544579166962399e-18		0.999999730973442				True
RE	2	163	179226290	180335921	390	0.0		0.999999461946885			nonpositive_local_h2	False
RE	2	164	180336583	181308939	465	0.0		0.999999461946885			nonpositive_local_h2	False
RE	2	165	181310516	182305424	358	1.04769430730898e-05		0.466627332091687				True
RE	2	166	182308352	183351622	352	0.0		0.999999288222632			nonpositive_local_h2	False
RE	2	167	183352830	184143715	290	0.0		0.999999730973442			nonpositive_local_h2	False
RE	2	168	184159036	184863746	195	0.0		0.999999534032333			nonpositive_local_h2	False
RE	2	169	184868938	186240504	378	0.0		0.0			nonpositive_local_h2	False
RE	2	170	186249405	187496919	334	3.21290087459547e-06		0.786627156153439				True
RE	2	171	187498107	188893936	349	0.0		0.999999341022206			nonpositive_local_h2	False
RE	2	172	188896397	189882065	228	0.0		0.0			nonpositive_local_h2	False
RE	2	173	189882720	191048278	271	0.0		0.999999534032333			nonpositive_local_h2	False
RE	2	174	191051980	193031842	643	0.0		0.999999149263327			nonpositive_local_h2	False
RE	2	175	193035023	195299325	357	0.0		0.0			nonpositive_local_h2	False
RE	2	176	195300730	196442418	292	0.0		0.0			nonpositive_local_h2	False
RE	2	177	196448961	198139103	540	0.0		0.999999619538993			nonpositive_local_h2	False
RE	2	178	198142210	199646763	445	0.0		0.999999534032333			nonpositive_local_h2	False
RE	2	179	199666111	201323885	427	0.0		0.999999461946885			nonpositive_local_h2	False
RE	2	180	201329124	202501448	424	0.0		0.999999619538993			nonpositive_local_h2	False
RE	2	181	202509606	203636012	383	0.0		0.999999461946885			nonpositive_local_h2	False
RE	2	182	203639839	205036596	377	0.0		0.999999341022206			nonpositive_local_h2	False
RE	2	183	205041492	206814829	751	0.0		0.0			nonpositive_local_h2	False
RE	2	184	206821290	207726297	356	0.0		0.0			nonpositive_local_h2	False
RE	2	185	207732113	208671911	385	0.0		0.0			nonpositive_local_h2	False
RE	2	186	208684341	209936469	388	0.0		0.999999619538993			nonpositive_local_h2	False
RE	2	187	209942078	210825251	260	0.0		0.999999670511103			nonpositive_local_h2	False
RE	2	188	210845934	212508093	663	0.0		0.0			nonpositive_local_h2	False
RE	2	189	212521325	213194322	305	0.0		0.0			nonpositive_local_h2	False
RE	2	190	213194405	214040425	360	0.0		0.999999619538993			nonpositive_local_h2	False
RE	2	191	214047628	215001226	261	0.0		0.999999670511103			nonpositive_local_h2	False
RE	2	192	215009358	215893773	342	0.0		0.0			nonpositive_local_h2	False
RE	2	193	215900087	217563445	696	0.0		0.0			nonpositive_local_h2	False
RE	2	194	217567718	218392555	370	6.90228322908181e-07		0.974167099585837				True
RE	2	195	218396778	219671598	469	0.0		0.999999341022206			nonpositive_local_h2	False
RE	2	196	219681601	220770159	380	0.0		0.999999461946885			nonpositive_local_h2	False
RE	2	197	220771575	221442745	347	0.0		0.999999461946885			nonpositive_local_h2	False
RE	2	198	221445218	222325598	372	0.0		0.999999341022206			nonpositive_local_h2	False
RE	2	199	222330122	223353778	395	0.0		0.999999461946885			nonpositive_local_h2	False
RE	2	200	223354153	224121118	334	0.0		0.999999619538993			nonpositive_local_h2	False
RE	2	201	224140247	224932899	261	0.0		0.0			nonpositive_local_h2	False
RE	2	202	224939748	226242049	531	0.0		0.999999341022206			nonpositive_local_h2	False
RE	2	203	226243056	227557495	446	0.0		0.999999619538993			nonpositive_local_h2	False
RE	2	204	227558266	228812298	561	3.12197760694502e-05		0.172317705404332				True
RE	2	205	228812878	229763919	309	0.0		0.999999619538993			nonpositive_local_h2	False
RE	2	206	229765702	230538161	379	0.0		0.999999619538993			nonpositive_local_h2	False
RE	2	207	230545220	231845762	578	0.0		0.999999239077987			nonpositive_local_h2	False
RE	2	208	231852394	233348647	472	0.0		0.999999149263327			nonpositive_local_h2	False
RE	2	209	233360483	234114837	295	0.0002340582853444		0.0960333911013716				True
RE	2	210	234115337	234945105	565	0.0		0.0			nonpositive_local_h2	False
RE	2	211	234945784	235625587	354	0.0		0.999999619538993			nonpositive_local_h2	False
RE	2	212	235626160	236275140	344	0.0		0.0			nonpositive_local_h2	False
RE	2	213	236279533	237183463	317	0.0		0.0			nonpositive_local_h2	False
RE	2	214	237198025	238179023	378	0.0		0.999999619538993			nonpositive_local_h2	False
RE	2	215	238189371	238812164	315	0.0		0.0			nonpositive_local_h2	False
RE	2	216	238815252	239632318	323	0.0		0.999999619538993			nonpositive_local_h2	False
RE	2	217	239636949	240323661	277	0.0		0.0			nonpositive_local_h2	False
RE	2	218	240327863	241108545	389	0.0		0.0			nonpositive_local_h2	False
RE	2	219	241113483	241905779	358	0.0		0.999999341022206			nonpositive_local_h2	False
RE	2	220	241911027	242849135	294	0.0		0.999999730973442			nonpositive_local_h2	False
RE	3	1	61044	792207	318	0.0		0.999999461946885			nonpositive_local_h2	False
RE	3	2	800548	1428635	389	0.0		0.999999149263327			nonpositive_local_h2	False
RE	3	3	1440124	2138078	474	0.0		0.999999149263327			nonpositive_local_h2	False
RE	3	4	2141411	3126050	683	0.0		0.0			nonpositive_local_h2	False
RE	3	5	3128195	4108928	591	0.0		0.999998796876658			nonpositive_local_h2	False
RE	3	6	4109700	4829732	397	1.47244026222815e-05		0.0				True
RE	3	7	4837269	5493753	310	0.0		0.999998993394793			nonpositive_local_h2	False
RE	3	8	5497476	6420269	524	0.0		0.999999239077987			nonpositive_local_h2	False
RE	3	9	6423912	7527372	544	0.0		0.999999461946885			nonpositive_local_h2	False
RE	3	10	7529555	8664738	715	2.24175836089739e-05		0.0				True
RE	3	11	8667896	9969328	677	0.0		0.999996862638167			nonpositive_local_h2	False
RE	3	12	9972493	11217969	672	0.0		4.42515946673736e-61			nonpositive_local_h2	False
RE	3	13	11227460	11997514	306	0.0		0.999999619538993			nonpositive_local_h2	False
RE	3	14	11998856	12857823	342	0.0		0.999999341022206			nonpositive_local_h2	False
RE	3	15	12860988	14311273	664	0.0		0.999999461946885			nonpositive_local_h2	False
RE	3	16	14318853	15147989	458	0.0		0.0			nonpositive_local_h2	False
RE	3	17	15152062	16077847	301	0.0		0.999999461946885			nonpositive_local_h2	False
RE	3	18	16084689	17181947	547	0.0		0.999999461946885			nonpositive_local_h2	False
RE	3	19	17182697	19027293	499	0.0		0.999999461946885			nonpositive_local_h2	False
RE	3	20	19040447	20752492	551	0.0		0.0			nonpositive_local_h2	False
RE	3	21	20754875	21789570	539	0.0		0.0			nonpositive_local_h2	False
RE	3	22	21794174	22646735	522	0.0		0.0			nonpositive_local_h2	False
RE	3	23	22648091	23418587	280	0.0		0.999999534032333			nonpositive_local_h2	False
RE	3	24	23426332	24269601	340	0.0		0.999999619538993			nonpositive_local_h2	False
RE	3	25	24270796	25515361	661	0.0		0.999999461946885			nonpositive_local_h2	False
RE	3	26	25516922	26898495	518	0.0		0.999999619538993			nonpositive_local_h2	False
RE	3	27	26905587	27614316	209	0.0		0.999999809769497			nonpositive_local_h2	False
RE	3	28	27615796	28645278	358	0.0		0.999999341022206			nonpositive_local_h2	False
RE	3	29	28650238	29876233	646	0.0		0.0			nonpositive_local_h2	False
RE	3	30	29877387	31258586	616	0.0		0.999999149263327			nonpositive_local_h2	False
RE	3	31	31273355	32378176	451	0.0		0.0			nonpositive_local_h2	False
RE	3	32	32382748	33020035	190	0.0		0.999999461946885			nonpositive_local_h2	False
RE	3	33	33024206	33991854	333	0.0		0.999999619538993			nonpositive_local_h2	False
RE	3	34	33997535	35003314	369	0.0		0.0			nonpositive_local_h2	False
RE	3	35	35015022	35912089	316	0.0		0.999999730973442			nonpositive_local_h2	False
RE	3	36	35932494	36830901	396	0.0		0.999999341022206			nonpositive_local_h2	False
RE	3	37	36842884	38727614	691	0.0		0.999999461946885			nonpositive_local_h2	False
RE	3	38	38730117	39604954	369	0.0		0.999999730973442			nonpositive_local_h2	False
RE	3	39	39607256	40892119	356	0.0		0.999999619538993			nonpositive_local_h2	False
RE	3	40	40899164	42298550	459	0.0		0.0			nonpositive_local_h2	False
RE	3	41	42303037	44138031	652	0.0		0.999998738153594			nonpositive_local_h2	False
RE	3	42	44147477	45843439	619	0.0		0.999999619538993			nonpositive_local_h2	False
RE	3	43	45844295	47582724	541	0.0		0.999999619538993			nonpositive_local_h2	False
RE	3	44	47598663	50380661	681	0.0		0.0			nonpositive_local_h2	False
RE	3	45	50388607	51936193	312	0.0		0.999999809769497			nonpositive_local_h2	False
RE	3	46	52013883	54074534	751	0.0		0.999999461946885			nonpositive_local_h2	False
RE	3	47	54077256	54891599	402	0.0		0.999999461946885			nonpositive_local_h2	False
RE	3	48	54894304	55615260	415	0.0		0.999999461946885			nonpositive_local_h2	False
RE	3	49	55624464	56949816	508	7.71068256386128e-06		0.0				True
RE	3	50	56958358	58556841	613	0.0		0.999999461946885			nonpositive_local_h2	False
RE	3	51	58560043	59996946	679	0.0		0.999999068064667			nonpositive_local_h2	False
RE	3	52	59999690	60568253	497	0.0		0.999999461946885			nonpositive_local_h2	False
RE	3	53	60571772	61273564	390	0.0		0.999999068064667			nonpositive_local_h2	False
RE	3	54	61277745	62608121	610	0.0		0.999999239077987			nonpositive_local_h2	False
RE	3	55	62611998	63670783	614	0.0		0.0			nonpositive_local_h2	False
RE	3	56	63672752	64658413	471	0.0		0.999999149263327			nonpositive_local_h2	False
RE	3	57	64673815	65326224	410	0.0		0.999999619538993			nonpositive_local_h2	False
RE	3	58	65326802	66700959	478	0.0		0.999999461946885			nonpositive_local_h2	False
RE	3	59	66703685	67454047	350	0.0		0.999999619538993			nonpositive_local_h2	False
RE	3	60	67454918	68318256	261	0.0		0.999999730973442			nonpositive_local_h2	False
RE	3	61	68320679	69784265	645	0.0		0.999999149263327			nonpositive_local_h2	False
RE	3	62	69787714	71215499	424	0.0		0.999999341022206			nonpositive_local_h2	False
RE	3	63	71224429	72332608	545	0.0		0.999998215479699			nonpositive_local_h2	False
RE	3	64	72334772	73606063	517	1.15395111061679e-05		0.591834353751505				True
RE	3	65	73612949	74380566	375	0.0		0.0			nonpositive_local_h2	False
RE	3	66	74383222	75374095	279	0.0		0.999999534032333			nonpositive_local_h2	False
RE	3	67	75379085	76154453	92	0.0		0.999999809769497			nonpositive_local_h2	False
RE	3	68	76163422	77507524	521	0.0		0.999999461946885			nonpositive_local_h2	False
RE	3	69	77509454	79021396	483	0.0		0.999998993394793			nonpositive_local_h2	False
RE	3	70	79024541	80385552	321	0.0		0.999999398438329			nonpositive_local_h2	False
RE	3	71	80393506	81428061	284	0.0		0.999999809769497			nonpositive_local_h2	False
RE	3	72	81433234	82532568	298	0.0		0.999999461946885			nonpositive_local_h2	False
RE	3	73	82538109	83515994	243	6.27880649912823e-06		0.0				True
RE	3	74	83532973	84696539	293	0.0		0.999999730973442			nonpositive_local_h2	False
RE	3	75	84707940	85804321	318	0.0		0.999999730973442			nonpositive_local_h2	False
RE	3	76	85811233	86660917	218	0.0		0.999999809769497			nonpositive_local_h2	False
RE	3	77	86662155	87408634	233	0.0		0.0			nonpositive_local_h2	False
RE	3	78	87417191	88365939	259	0.0		0.999999809769497			nonpositive_local_h2	False
RE	3	79	88376106	89604774	349	0.0		0.999999730973442			nonpositive_local_h2	False
RE	3	80	89616901	94248114	206	0.0		0.999999730973442			nonpositive_local_h2	False
RE	3	81	94256654	95087271	199	0.0		0.0			nonpositive_local_h2	False
RE	3	82	95094716	96054611	244	0.0		0.999999730973442			nonpositive_local_h2	False
RE	3	83	96056259	97350763	184	0.0		0.0			nonpositive_local_h2	False
RE	3	84	97356400	98212517	321	0.0		0.999999730973442			nonpositive_local_h2	False
RE	3	85	98215950	99041232	274	0.0		0.999999619538993			nonpositive_local_h2	False
RE	3	86	99052147	100550650	519	8.93547761003199e-06		0.767234828342046				True
RE	3	87	100558416	101906861	526	2.67581188121503e-07		0.98637351864168				True
RE	3	88	101909291	103440905	399	0.0		0.0			nonpositive_local_h2	False
RE	3	89	103450591	104112018	236	0.0		0.999999730973442			nonpositive_local_h2	False
RE	3	90	104121004	104878270	314	0.0		0.999999619538993			nonpositive_local_h2	False
RE	3	91	104881936	106159984	444	0.0		0.999999461946885			nonpositive_local_h2	False
RE	3	92	106175524	107733600	518	0.0		0.0			nonpositive_local_h2	False
RE	3	93	107737386	108637430	333	0.0		0.999999730973442			nonpositive_local_h2	False
RE	3	94	108639119	109512762	272	0.0		0.0			nonpositive_local_h2	False
RE	3	95	109524067	110934660	343	0.0		0.999999730973442			nonpositive_local_h2	False
RE	3	96	110938375	111692693	339	0.0		0.999999619538993			nonpositive_local_h2	False
RE	3	97	111695124	112408401	303	0.0		0.999999730973442			nonpositive_local_h2	False
RE	3	98	112416937	113654705	437	6.71582460231758e-07		0.944074056219541				True
RE	3	99	113657720	115649660	611	0.0		0.999999239077987			nonpositive_local_h2	False
RE	3	100	115650402	116498380	370	0.0		0.999999619538993			nonpositive_local_h2	False
RE	3	101	116498715	117239883	335	0.0		0.0			nonpositive_local_h2	False
RE	3	102	117248700	118081025	296	8.82523628875057e-06		0.0				True
RE	3	103	118089714	118902844	311	0.0		0.0			nonpositive_local_h2	False
RE	3	104	118903100	119758796	404	0.0		0.999999619538993			nonpositive_local_h2	False
RE	3	105	119760168	120573295	311	0.0		0.999999619538993			nonpositive_local_h2	False
RE	3	106	120575852	121361646	195	0.0		0.999999809769497			nonpositive_local_h2	False
RE	3	107	121364236	122340626	403	0.0		0.999998341608921			nonpositive_local_h2	False
RE	3	108	122341401	123516240	426	0.0		0.999999461946885			nonpositive_local_h2	False
RE	3	109	123526911	124820822	593	0.0		0.0			nonpositive_local_h2	False
RE	3	110	124831414	125462329	226	0.0		0.999999461946885			nonpositive_local_h2	False
RE	3	111	125477762	125992478	188	0.0		0.999999619538993			nonpositive_local_h2	False
RE	3	112	125993159	127494953	636	0.0		0.999999619538993			nonpositive_local_h2	False
RE	3	113	127495915	129090995	462	0.0		0.999999149263327			nonpositive_local_h2	False
RE	3	114	129099946	130239724	324	0.0		0.999999461946885			nonpositive_local_h2	False
RE	3	115	130243249	131372693	318	0.0		0.0			nonpositive_local_h2	False
RE	3	116	131374802	132111524	426	0.0		0.999999619538993			nonpositive_local_h2	False
RE	3	117	132124118	132916760	314	0.0		0.999999730973442			nonpositive_local_h2	False
RE	3	118	132925993	133718415	376	0.0		0.999999619538993			nonpositive_local_h2	False
RE	3	119	133718619	135288025	727	0.0		0.0			nonpositive_local_h2	False
RE	3	120	135289273	137372132	564	0.0		0.999999461946885			nonpositive_local_h2	False
RE	3	121	137372151	138693471	371	0.0		0.0			nonpositive_local_h2	False
RE	3	122	138696439	139827472	508	0.0		0.0			nonpositive_local_h2	False
RE	3	123	139832777	141029860	489	0.0		0.999999619538993			nonpositive_local_h2	False
RE	3	124	141039349	141896684	293	0.0		0.999999461946885			nonpositive_local_h2	False
RE	3	125	141898980	142973077	402	0.0		0.0			nonpositive_local_h2	False
RE	3	126	142976751	144407872	554	0.0		0.0			nonpositive_local_h2	False
RE	3	127	144409973	145209160	244	4.06362697733391e-06		0.741444087518002				True
RE	3	128	145213484	145903426	284	0.0		0.999999030010952			nonpositive_local_h2	False
RE	3	129	145910430	147357799	485	1.25260694142103e-05		0.314850452968383				True
RE	3	130	147361799	148637771	442	0.0		0.999999149263327			nonpositive_local_h2	False
RE	3	131	148640368	149996703	555	0.0		0.999999619538993			nonpositive_local_h2	False
RE	3	132	150004455	151131222	436	0.0		0.999999619538993			nonpositive_local_h2	False
RE	3	133	151133737	151900719	287	0.0		0.0			nonpositive_local_h2	False
RE	3	134	151904190	153404708	515	0.0		0.999999619538993			nonpositive_local_h2	False
RE	3	135	153409421	155042640	498	0.0		0.999999619538993			nonpositive_local_h2	False
RE	3	136	155046798	155924474	279	0.0		0.999999534032333			nonpositive_local_h2	False
RE	3	137	155932977	156789192	317	0.0		0.999999461946885			nonpositive_local_h2	False
RE	3	138	156797648	157613783	338	0.0		0.999999534032333			nonpositive_local_h2	False
RE	3	139	157633907	158459976	242	0.0		0.0			nonpositive_local_h2	False
RE	3	140	158463046	159477493	363	0.0		0.999999730973442			nonpositive_local_h2	False
RE	3	141	159486139	160580103	328	0.0		0.999999534032333			nonpositive_local_h2	False
RE	3	142	160588285	161613899	340	0.0		0.999999730973442			nonpositive_local_h2	False
RE	3	143	161633104	162511139	386	0.0		0.999999461946885			nonpositive_local_h2	False
RE	3	144	162626585	163250087	188	0.0		0.0			nonpositive_local_h2	False
RE	3	145	163258818	164035915	258	0.0		0.999999809769497			nonpositive_local_h2	False
RE	3	146	164037502	165040863	274	0.0		0.0			nonpositive_local_h2	False
RE	3	147	165077292	165931222	226	0.0		0.999999534032333			nonpositive_local_h2	False
RE	3	148	165936570	167117143	312	0.0		0.999999730973442			nonpositive_local_h2	False
RE	3	149	167119945	168971231	582	0.0		0.999999619538993			nonpositive_local_h2	False
RE	3	150	168972802	170172774	401	0.0		0.999998526480858			nonpositive_local_h2	False
RE	3	151	170176173	171131640	369	0.0		0.999998923893769			nonpositive_local_h2	False
RE	3	152	171135807	172004670	331	0.0		0.999999341022206			nonpositive_local_h2	False
RE	3	153	172011088	173410323	544	0.0		0.0			nonpositive_local_h2	False
RE	3	154	173418466	174684649	501	0.0		0.999999619538993			nonpositive_local_h2	False
RE	3	155	174685535	175670278	418	0.0		0.0			nonpositive_local_h2	False
RE	3	156	175672207	176925740	438	0.0		0.999999461946885			nonpositive_local_h2	False
RE	3	157	176940408	178109218	375	0.0		0.0			nonpositive_local_h2	False
RE	3	158	178115884	179350391	456	8.30400230312455e-06		0.738142552610852				True
RE	3	159	179379602	181422854	498	0.0		0.999999619538993			nonpositive_local_h2	False
RE	3	160	181426554	183200368	518	0.0		0.0			nonpositive_local_h2	False
RE	3	161	183203289	184523185	590	0.0		0.0			nonpositive_local_h2	False
RE	3	162	184525951	185709709	374	0.0		0.0			nonpositive_local_h2	False
RE	3	163	185711599	186600420	406	0.0		0.999999619538993			nonpositive_local_h2	False
RE	3	164	186609682	187923715	702	0.0		0.999998576445264			nonpositive_local_h2	False
RE	3	165	187940893	189450567	596	0.0		0.0			nonpositive_local_h2	False
RE	3	166	189452211	190588704	557	0.0		0.0			nonpositive_local_h2	False
RE	3	167	190591911	191228990	276	2.16379029364372e-06		0.0				True
RE	3	168	191232772	192046571	331	0.0		0.999999619538993			nonpositive_local_h2	False
RE	3	169	192054241	193117009	394	0.0		0.999999341022206			nonpositive_local_h2	False
RE	3	170	193127035	194215878	468	0.0		0.999999068064667			nonpositive_local_h2	False
RE	3	171	194217544	195189666	433	0.0		0.999998923893769			nonpositive_local_h2	False
RE	3	172	195235695	195656731	98	0.0		0.999999730973442			nonpositive_local_h2	False
RE	3	173	195734915	196381138	227	0.0		0.999999619538993			nonpositive_local_h2	False
RE	3	174	196383215	197147486	332	0.0		0.0			nonpositive_local_h2	False
RE	3	175	197148984	197834191	183	0.0		0.999999619538993			nonpositive_local_h2	False
RE	4	1	69713	809787	188	0.0		0.999999730973442			nonpositive_local_h2	False
RE	4	2	812598	1527766	257	0.0		0.999999619538993			nonpositive_local_h2	False
RE	4	3	1533976	2463064	251	0.0		0.0			nonpositive_local_h2	False
RE	4	4	2469981	3536112	355	0.0		0.999999341022206			nonpositive_local_h2	False
RE	4	5	3599450	4263579	130	0.0		0.0			nonpositive_local_h2	False
RE	4	6	4267129	5047695	418	0.0		0.0			nonpositive_local_h2	False
RE	4	7	5053674	5971152	533	0.0		0.0			nonpositive_local_h2	False
RE	4	8	5974228	7135500	534	0.0		0.999998298526653			nonpositive_local_h2	False
RE	4	9	7135912	7720919	406	0.0		0.0			nonpositive_local_h2	False
RE	4	10	7726847	8306349	346	0.0		0.999999239077987			nonpositive_local_h2	False
RE	4	11	8310257	8731330	210	0.0		0.999999534032333			nonpositive_local_h2	False
RE	4	12	9485300	9915850	92	0.0		0.999999809769497			nonpositive_local_h2	False
RE	4	13	9916180	10365093	331	0.0		0.999999809769497			nonpositive_local_h2	False
RE	4	14	10372966	11044254	333	0.0		0.999999534032333			nonpositive_local_h2	False
RE	4	15	11050853	12201002	537	0.0		0.999999461946885			nonpositive_local_h2	False
RE	4	16	12212637	13124794	423	0.0		0.999999461946885			nonpositive_local_h2	False
RE	4	17	13127578	14394016	531	0.0		0.0			nonpositive_local_h2	False
RE	4	18	14395985	14962496	263	0.0		0.999999534032333			nonpositive_local_h2	False
RE	4	19	14967266	15910385	347	0.0		0.999999461946885			nonpositive_local_h2	False
RE	4	20	15914034	17289857	710	0.0		0.999999068064667			nonpositive_local_h2	False
RE	4	21	17290361	18752760	473	0.0		0.999999619538993			nonpositive_local_h2	False
RE	4	22	18753305	20079274	428	2.59388825928447e-06		0.881142322471076				True
RE	4	23	20088468	21415503	584	0.0		0.999998796876658			nonpositive_local_h2	False
RE	4	24	21418622	22832447	534	0.0		0.999999461946885			nonpositive_local_h2	False
RE	4	25	22843458	23857235	329	0.0		0.0			nonpositive_local_h2	False
RE	4	26	23859482	24762301	404	0.0		0.999999619538993			nonpositive_local_h2	False
RE	4	27	24765819	25825415	486	0.0		0.0			nonpositive_local_h2	False
RE	4	28	25837310	27384699	553	0.0		0.999999239077987			nonpositive_local_h2	False
RE	4	29	27388554	28176713	290	0.0		0.999999461946885			nonpositive_local_h2	False
RE	4	30	28182874	28926321	285	5.48348189325917e-07		0.862071992082085				True
RE	4	31	28928041	29757034	291	0.0		0.0			nonpositive_local_h2	False
RE	4	32	29763473	30455150	189	0.0		0.999999534032333			nonpositive_local_h2	False
RE	4	33	30455662	31394457	349	0.0		0.999999619538993			nonpositive_local_h2	False
RE	4	34	31399060	32259530	274	3.3541213215653e-07		0.0				True
RE	4	35	32264997	32745997	163	0.0		0.0			nonpositive_local_h2	False
RE	4	36	32749519	33581520	154	0.0		0.999999670511103			nonpositive_local_h2	False
RE	4	37	33642614	34720856	238	0.0		0.999999670511103			nonpositive_local_h2	False
RE	4	38	34723501	35410631	218	0.0		0.999999730973442			nonpositive_local_h2	False
RE	4	39	35415742	35992101	205	0.0		0.999999809769497			nonpositive_local_h2	False
RE	4	40	35995064	36669864	300	0.0		0.0			nonpositive_local_h2	False
RE	4	41	36679326	37875512	601	0.0		0.0			nonpositive_local_h2	False
RE	4	42	37882167	38982755	569	0.0		0.0			nonpositive_local_h2	False
RE	4	43	38984852	39819773	295	0.0		0.999999619538993			nonpositive_local_h2	False
RE	4	44	39820563	40589717	297	0.0		0.999999619538993			nonpositive_local_h2	False
RE	4	45	40594008	41359965	320	0.0		0.0			nonpositive_local_h2	False
RE	4	46	41363729	42184829	296	0.0		0.999999619538993			nonpositive_local_h2	False
RE	4	47	42197205	43192298	434	0.0		0.999998993394793			nonpositive_local_h2	False
RE	4	48	43199190	43960180	215	0.0		0.999999619538993			nonpositive_local_h2	False
RE	4	49	43962569	45184442	412	3.23385684388814e-05		0.221778648120951				True
RE	4	50	45186832	46358331	247	0.0		0.999999534032333			nonpositive_local_h2	False
RE	4	51	46366067	47406635	303	0.0		0.999999288222632			nonpositive_local_h2	False
RE	4	52	47408665	49091782	553	0.0		0.0			nonpositive_local_h2	False
RE	4	53	52683607	53879152	298	0.0		0.0			nonpositive_local_h2	False
RE	4	54	53879742	54656948	314	0.0		0.999998767165435			nonpositive_local_h2	False
RE	4	55	54661158	55673133	389	0.0		0.0			nonpositive_local_h2	False
RE	4	56	55683735	57102779	508	0.0		0.999999619538993			nonpositive_local_h2	False
RE	4	57	57110592	58005785	405	0.0		0.999999619538993			nonpositive_local_h2	False
RE	4	58	58012501	58933960	432	0.0		0.999999341022206			nonpositive_local_h2	False
RE	4	59	58940551	59692343	232	0.0		0.999999619538993			nonpositive_local_h2	False
RE	4	60	59692979	60741765	331	0.0		0.999999730973442			nonpositive_local_h2	False
RE	4	61	60751868	61966273	372	0.0		0.999999730973442			nonpositive_local_h2	False
RE	4	62	61975141	63331949	414	0.0		0.0			nonpositive_local_h2	False
RE	4	63	63338415	64109527	189	0.0		0.999999619538993			nonpositive_local_h2	False
RE	4	64	64118963	65561716	336	0.0		0.999999619538993			nonpositive_local_h2	False
RE	4	65	65563678	66596857	367	0.0		0.999999619538993			nonpositive_local_h2	False
RE	4	66	66597539	67615172	341	0.0		0.999999619538993			nonpositive_local_h2	False
RE	4	67	67616419	68738664	414	0.0		0.999999730973442			nonpositive_local_h2	False
RE	4	68	68744117	69598506	138	0.0		0.999999809769497			nonpositive_local_h2	False
RE	4	69	69893854	70516671	284	0.0		0.0			nonpositive_local_h2	False
RE	4	70	70517143	71467710	403	0.0		0.999999730973442			nonpositive_local_h2	False
RE	4	71	71468611	73255740	363	0.0		0.999999619538993			nonpositive_local_h2	False
RE	4	72	73268874	74881968	446	0.0		0.0			nonpositive_local_h2	False
RE	4	73	74903134	76496817	508	0.0		0.999999341022206			nonpositive_local_h2	False
RE	4	74	76497433	78042151	677	0.0		0.0			nonpositive_local_h2	False
RE	4	75	78053975	78967046	390	0.0		0.0			nonpositive_local_h2	False
RE	4	76	78968798	79878231	372	0.0		0.999999619538993			nonpositive_local_h2	False
RE	4	77	79885263	81202382	408	0.0		0.999999619538993			nonpositive_local_h2	False
RE	4	78	81207039	82654242	406	0.0		0.0			nonpositive_local_h2	False
RE	4	79	82659400	83998014	544	0.0		0.999999341022206			nonpositive_local_h2	False
RE	4	80	84008262	85436869	507	0.0		0.999999341022206			nonpositive_local_h2	False
RE	4	81	85439002	86931091	485	0.0		0.999999341022206			nonpositive_local_h2	False
RE	4	82	86933060	88502669	498	0.0		0.999999619538993			nonpositive_local_h2	False
RE	4	83	88502776	89244007	351	0.0		0.999999619538993			nonpositive_local_h2	False
RE	4	84	89249372	90228238	347	5.34685553378723e-05		0.298907581009384				True
RE	4	85	90238073	91308986	350	0.0		0.999999730973442			nonpositive_local_h2	False
RE	4	86	91315436	92218323	292	0.0		0.999999619538993			nonpositive_local_h2	False
RE	4	87	92224069	93451321	273	0.0		0.999999619538993			nonpositive_local_h2	False
RE	4	88	93455905	94755142	386	0.0		0.999999619538993			nonpositive_local_h2	False
RE	4	89	94757317	96181034	508	0.0		0.0			nonpositive_local_h2	False
RE	4	90	96193699	97539089	585	0.0		0.999999619538993			nonpositive_local_h2	False
RE	4	91	97543099	98444547	249	0.0		0.999999461946885			nonpositive_local_h2	False
RE	4	92	98446792	99528449	273	4.50491092594175e-06		0.449297271727066				True
RE	4	93	99532946	100333267	362	0.0		0.999999534032333			nonpositive_local_h2	False
RE	4	94	100333556	101132253	276	0.0		0.999999461946885			nonpositive_local_h2	False
RE	4	95	101133509	102528133	492	0.0		0.999999461946885			nonpositive_local_h2	False
RE	4	96	102547238	104384192	628	0.0		0.999999239077987			nonpositive_local_h2	False
RE	4	97	104385495	105318917	265	0.0		0.999999730973442			nonpositive_local_h2	False
RE	4	98	105324203	106479010	388	0.0		0.999999461946885			nonpositive_local_h2	False
RE	4	99	106479425	108127486	507	2.85806684535248e-06		0.6927127854999				True
RE	4	100	108132331	109119628	318	0.0		0.999999619538993			nonpositive_local_h2	False
RE	4	101	109126764	109978825	346	0.0		0.999999619538993			nonpositive_local_h2	False
RE	4	102	109979131	111732536	635	0.0		0.999998576445264			nonpositive_local_h2	False
RE	4	103	111735539	112830208	305	1.14866949522108e-05		0.630444185606604				True
RE	4	104	112831922	113915647	365	0.0		0.999999619538993			nonpositive_local_h2	False
RE	4	105	113917110	115305849	579	0.0		0.999999619538993			nonpositive_local_h2	False
RE	4	106	115306803	116194139	251	0.0		0.0			nonpositive_local_h2	False
RE	4	107	116211711	117280184	285	0.0		0.999999730973442			nonpositive_local_h2	False
RE	4	108	117315701	118394656	372	0.0		0.999999619538993			nonpositive_local_h2	False
RE	4	109	118395930	119134308	314	0.0		0.999999730973442			nonpositive_local_h2	False
RE	4	110	119142770	119922111	233	0.0		0.999999619538993			nonpositive_local_h2	False
RE	4	111	119927268	120563053	254	4.22418738938593e-05		0.0				True
RE	4	112	120563833	121387642	259	1.9256368054221e-05		0.67478393646618				True
RE	4	113	121395169	121980471	240	0.0		0.999999534032333			nonpositive_local_h2	False
RE	4	114	121982122	122654843	292	0.0		0.0			nonpositive_local_h2	False
RE	4	115	122657875	123767943	294	0.0		0.999999534032333			nonpositive_local_h2	False
RE	4	116	123771828	124533487	242	0.0		0.0			nonpositive_local_h2	False
RE	4	117	124538705	125486359	303	0.0		0.999999192920327			nonpositive_local_h2	False
RE	4	118	125496652	126475381	364	0.0		0.999999239077987			nonpositive_local_h2	False
RE	4	119	126480268	127273449	271	0.0		0.0			nonpositive_local_h2	False
RE	4	120	127281188	128313686	327	0.0		0.0			nonpositive_local_h2	False
RE	4	121	128336520	129612864	295	0.0		0.0			nonpositive_local_h2	False
RE	4	122	129629250	131097850	483	0.0		0.999999461946885			nonpositive_local_h2	False
RE	4	123	131101468	131869250	286	0.0		0.0			nonpositive_local_h2	False
RE	4	124	131880266	132783846	191	0.0		0.999999730973442			nonpositive_local_h2	False
RE	4	125	132826565	133519301	177	0.0		0.999999619538993			nonpositive_local_h2	False
RE	4	126	133526708	134105004	158	4.93415661545264e-07		0.0				True
RE	4	127	134112602	135807875	455	0.0		0.999999730973442			nonpositive_local_h2	False
RE	4	128	135814505	137397046	407	0.0		0.0			nonpositive_local_h2	False
RE	4	129	137400046	138535862	458	2.01827783304558e-05		0.0				True
RE	4	130	138545488	139552686	422	0.0		0.999999461946885			nonpositive_local_h2	False
RE	4	131	139555962	141083754	590	0.0		0.999999239077987			nonpositive_local_h2	False
RE	4	132	141087987	142806060	571	0.0		0.0			nonpositive_local_h2	False
RE	4	133	142810258	144400351	494	0.0		0.999999619538993			nonpositive_local_h2	False
RE	4	134	144406061	146167657	386	0.0		0.999999534032333			nonpositive_local_h2	False
RE	4	135	146174921	147160700	301	0.0		0.999999149263327			nonpositive_local_h2	False
RE	4	136	147162483	148461073	374	0.0		0.999999619538993			nonpositive_local_h2	False
RE	4	137	148464771	149994228	511	0.0		0.0			nonpositive_local_h2	False
RE	4	138	150001085	151010740	220	0.0		0.0			nonpositive_local_h2	False
RE	4	139	151015661	152161625	282	0.0		0.999999809769497			nonpositive_local_h2	False
RE	4	140	152164786	153520279	426	0.0		0.0			nonpositive_local_h2	False
RE	4	141	153532240	155042470	575	0.0		0.999996157532185			nonpositive_local_h2	False
RE	4	142	155047033	156519123	538	0.0		0.0			nonpositive_local_h2	False
RE	4	143	156523316	157594988	453	0.0		0.999999461946885			nonpositive_local_h2	False
RE	4	144	157598182	159173102	463	0.0		0.0			nonpositive_local_h2	False
RE	4	145	159179862	160825866	449	0.0		0.0			nonpositive_local_h2	False
RE	4	146	160834831	161665059	304	0.0		0.0			nonpositive_local_h2	False
RE	4	147	161666367	162238278	231	0.0		0.0			nonpositive_local_h2	False
RE	4	148	162244482	163245174	371	0.0		0.0			nonpositive_local_h2	False
RE	4	149	163247886	163934676	221	0.0		0.999999730973442			nonpositive_local_h2	False
RE	4	150	163939622	164781772	277	0.0		0.0			nonpositive_local_h2	False
RE	4	151	164788551	165823437	411	0.0		0.999999341022206			nonpositive_local_h2	False
RE	4	152	165827749	166699491	362	6.54636162387077e-06		0.477214606279704				True
RE	4	153	166708955	167635674	249	0.0		0.999999730973442			nonpositive_local_h2	False
RE	4	154	167644949	168621364	320	0.0		0.999999341022206			nonpositive_local_h2	False
RE	4	155	168626439	169551542	378	0.0		0.999999619538993			nonpositive_local_h2	False
RE	4	156	169558119	170676328	405	0.0		0.0			nonpositive_local_h2	False
RE	4	157	170686188	171642456	285	0.0		0.0			nonpositive_local_h2	False
RE	4	158	171644884	172552959	248	0.0		0.999999619538993			nonpositive_local_h2	False
RE	4	159	172557879	174468670	491	0.0		0.0			nonpositive_local_h2	False
RE	4	160	174471671	175284241	280	0.0		0.999999461946885			nonpositive_local_h2	False
RE	4	161	175300604	175954859	294	0.0		0.0			nonpositive_local_h2	False
RE	4	162	175964181	177129266	299	0.0		0.999999341022206			nonpositive_local_h2	False
RE	4	163	177134283	178313514	534	0.0		0.0			nonpositive_local_h2	False
RE	4	164	178314542	179232789	300	0.0		0.999999619538993			nonpositive_local_h2	False
RE	4	165	179238565	179932194	255	0.0		0.999999619538993			nonpositive_local_h2	False
RE	4	166	179932414	180537663	260	0.0		0.0			nonpositive_local_h2	False
RE	4	167	180542136	181119137	243	0.0		0.0			nonpositive_local_h2	False
RE	4	168	181123228	182065314	486	5.17455041206902e-06		0.752023423791513				True
RE	4	169	182066869	182942414	550	0.0		0.999998576445264			nonpositive_local_h2	False
RE	4	170	182958954	183602252	370	0.0		0.999999341022206			nonpositive_local_h2	False
RE	4	171	183605088	184335306	288	0.0		0.0			nonpositive_local_h2	False
RE	4	172	184338589	185482878	521	0.0		0.999998796876658			nonpositive_local_h2	False
RE	4	173	185490816	186232142	330	0.0		0.999999461946885			nonpositive_local_h2	False
RE	4	174	186235548	186881436	336	0.0		0.999999461946885			nonpositive_local_h2	False
RE	4	175	186881570	187980880	513	0.0		0.999999068064667			nonpositive_local_h2	False
RE	4	176	187991086	189151984	447	0.0		0.999999068064667			nonpositive_local_h2	False
RE	4	177	189158163	189896929	344	0.0		0.999999239077987			nonpositive_local_h2	False
RE	4	178	189910956	190895386	262	0.0		0.999999461946885			nonpositive_local_h2	False
RE	5	1	27564	598224	217	0.0		0.999999730973442			nonpositive_local_h2	False
RE	5	2	598643	1206462	151	0.0		0.999999534032333			nonpositive_local_h2	False
RE	5	3	1211363	2106236	469	0.0		0.999999461946885			nonpositive_local_h2	False
RE	5	4	2109901	2960058	556	0.0		0.999999239077987			nonpositive_local_h2	False
RE	5	5	2960267	3671754	491	0.0		0.0			nonpositive_local_h2	False
RE	5	6	3684777	4634162	402	0.0		0.999999461946885			nonpositive_local_h2	False
RE	5	7	4638885	5828684	643	0.0		0.999999461946885			nonpositive_local_h2	False
RE	5	8	5828805	6935286	655	0.0		0.0			nonpositive_local_h2	False
RE	5	9	6938972	8077509	569	0.0		0.0			nonpositive_local_h2	False
RE	5	10	8083187	9201631	529	0.0		0.999999461946885			nonpositive_local_h2	False
RE	5	11	9204142	10547032	754	0.0		0.999999239077987			nonpositive_local_h2	False
RE	5	12	10550838	11843303	656	0.0		0.0			nonpositive_local_h2	False
RE	5	13	11854197	12849201	246	0.0		0.999999809769497			nonpositive_local_h2	False
RE	5	14	12888815	13603883	215	0.0		0.0			nonpositive_local_h2	False
RE	5	15	13609488	14902925	676	0.0		0.999999239077987			nonpositive_local_h2	False
RE	5	16	14911568	16591093	560	0.0		0.999999149263327			nonpositive_local_h2	False
RE	5	17	16594203	17802524	430	0.0		0.999999239077987			nonpositive_local_h2	False
RE	5	18	17804017	18791387	319	0.0		0.0			nonpositive_local_h2	False
RE	5	19	18791434	20392735	535	0.0		0.0			nonpositive_local_h2	False
RE	5	20	20397544	21209128	212	0.0		0.999999574631663			nonpositive_local_h2	False
RE	5	21	21211438	22141555	225	0.0		0.999999619538993			nonpositive_local_h2	False
RE	5	22	22162727	23244025	402	0.0		0.0			nonpositive_local_h2	False
RE	5	23	23247790	24358026	349	3.15254715447621e-06		0.622802044414337				True
RE	5	24	24365309	25720302	418	0.0		0.999999619538993			nonpositive_local_h2	False
RE	5	25	25723068	26932005	397	0.0		0.999999461946885			nonpositive_local_h2	False
RE	5	26	26942688	28310093	353	0.0		0.0			nonpositive_local_h2	False
RE	5	27	28316657	29591400	389	0.0		0.999999398438329			nonpositive_local_h2	False
RE	5	28	29596136	30415061	276	0.0		0.999999730973442			nonpositive_local_h2	False
RE	5	29	30423321	31679344	581	0.0		0.999999461946885			nonpositive_local_h2	False
RE	5	30	31679565	32726637	462	0.0		0.0			nonpositive_local_h2	False
RE	5	31	32733418	33969628	514	0.0		0.999999619538993			nonpositive_local_h2	False
RE	5	32	33983044	35147574	401	0.0		0.999999619538993			nonpositive_local_h2	False
RE	5	33	35161332	36426707	516	0.0		0.999999619538993			nonpositive_local_h2	False
RE	5	34	36431978	37925457	470	0.0		0.0			nonpositive_local_h2	False
RE	5	35	37925518	39438575	610	0.0		0.0			nonpositive_local_h2	False
RE	5	36	39439306	40288878	357	0.0		0.999999730973442			nonpositive_local_h2	False
RE	5	37	40293104	41278513	432	0.0		0.0			nonpositive_local_h2	False
RE	5	38	41280364	42856315	469	0.0		0.999999398438329			nonpositive_local_h2	False
RE	5	39	42856350	44026232	244	0.0		0.0			nonpositive_local_h2	False
RE	5	40	44051305	45301035	265	1.4822294374941e-06		0.933795371503126				True
RE	5	41	45305615	46383335	157	0.0		0.999999865486721			nonpositive_local_h2	False
RE	5	42	49462228	50163085	159	7.33941968151257e-05		0.0096073665543628				True
RE	5	43	50165489	51199109	288	0.0		0.999999730973442			nonpositive_local_h2	False
RE	5	44	51203737	52139462	375	0.0		0.999999341022206			nonpositive_local_h2	False
RE	5	45	52141943	52835755	350	7.80231721186554e-06		0.628158685199439				True
RE	5	46	52842569	53747307	386	0.0		0.999999239077987			nonpositive_local_h2	False
RE	5	47	53750530	55220819	630	0.0		0.999999341022206			nonpositive_local_h2	False
RE	5	48	55223929	55968018	354	0.0		0.999999619538993			nonpositive_local_h2	False
RE	5	49	55970422	56890354	375	0.0		0.0			nonpositive_local_h2	False
RE	5	50	56896963	57894922	482	0.0		0.999998923893769			nonpositive_local_h2	False
RE	5	51	57895094	58719893	476	0.0		0.999999341022206			nonpositive_local_h2	False
RE	5	52	58728915	59862743	340	0.0		0.999999461946885			nonpositive_local_h2	False
RE	5	53	59873709	60930584	303	0.0		0.999999730973442			nonpositive_local_h2	False
RE	5	54	60936095	62175815	504	9.70331188960373e-06		0.38887862888011				True
RE	5	55	62182985	63211974	350	0.0		0.0			nonpositive_local_h2	False
RE	5	56	63216232	64433911	368	0.0		0.999999534032333			nonpositive_local_h2	False
RE	5	57	64440243	65603639	421	0.0		0.0			nonpositive_local_h2	False
RE	5	58	65614238	67096077	664	0.0		0.999999068064667			nonpositive_local_h2	False
RE	5	59	67096208	68006543	408	0.0		0.999999461946885			nonpositive_local_h2	False
RE	5	60	68007803	71467670	583	0.0		0.999999341022206			nonpositive_local_h2	False
RE	5	61	71471329	73313974	711	0.0		0.0			nonpositive_local_h2	False
RE	5	62	73317202	74242852	517	0.0		0.0			nonpositive_local_h2	False
RE	5	63	74252376	75239130	305	0.0		0.999999730973442			nonpositive_local_h2	False
RE	5	64	75240116	75959469	363	0.0		0.999999461946885			nonpositive_local_h2	False
RE	5	65	75959705	77285142	616	0.0		0.999998923893769			nonpositive_local_h2	False
RE	5	66	77290902	78998903	588	0.0		0.999999149263327			nonpositive_local_h2	False
RE	5	67	79010573	80447626	735	0.0		0.0			nonpositive_local_h2	False
RE	5	68	80459446	81710048	444	0.0		0.999999149263327			nonpositive_local_h2	False
RE	5	69	81710227	82720112	361	0.0		0.999997916129245			nonpositive_local_h2	False
RE	5	70	82720422	84093450	447	0.0		0.999999619538993			nonpositive_local_h2	False
RE	5	71	84096780	84696828	226	1.18014913584963e-05		0.209709565779404				True
RE	5	72	84701663	85309578	201	0.0		0.0			nonpositive_local_h2	False
RE	5	73	85311792	86490293	315	0.0		0.999999619538993			nonpositive_local_h2	False
RE	5	74	86493926	87942868	268	0.0		0.999999534032333			nonpositive_local_h2	False
RE	5	75	87950290	89574726	389	0.0		0.999999068064667			nonpositive_local_h2	False
RE	5	76	89587251	90790526	429	0.0		0.999999239077987			nonpositive_local_h2	False
RE	5	77	90794518	91956285	227	0.0		0.999999730973442			nonpositive_local_h2	False
RE	5	78	91965961	93810208	477	0.0		0.999999341022206			nonpositive_local_h2	False
RE	5	79	93823951	95117215	479	0.0		0.999999341022206			nonpositive_local_h2	False
RE	5	80	95119408	96466616	583	0.0		0.0			nonpositive_local_h2	False
RE	5	81	96467756	97315918	198	0.0		0.999999730973442			nonpositive_local_h2	False
RE	5	82	97317922	98566596	408	0.0		0.999999341022206			nonpositive_local_h2	False
RE	5	83	98574953	99257992	190	0.0		0.999999809769497			nonpositive_local_h2	False
RE	5	84	99258130	100592459	350	0.0		0.999999534032333			nonpositive_local_h2	False
RE	5	85	100599227	101574885	284	0.0		0.999999730973442			nonpositive_local_h2	False
RE	5	86	101584499	102899161	361	2.43404382803555e-05		0.378922880809467				True
RE	5	87	102913746	103781963	347	0.0		0.0			nonpositive_local_h2	False
RE	5	88	103788551	104845257	348	0.0		0.999999619538993			nonpositive_local_h2	False
RE	5	89	104860193	106389374	396	0.0		0.999998431319084			nonpositive_local_h2	False
RE	5	90	106391438	107265792	469	0.0		0.999999461946885			nonpositive_local_h2	False
RE	5	91	107266840	108641351	481	0.0		0.999999619538993			nonpositive_local_h2	False
RE	5	92	108642367	109603332	379	0.0		0.0			nonpositive_local_h2	False
RE	5	93	109610219	110815311	378	0.0		0.999999341022206			nonpositive_local_h2	False
RE	5	94	110822500	111978946	466	0.0		0.999998993394793			nonpositive_local_h2	False
RE	5	95	111983180	113115477	494	0.0		0.999999461946885			nonpositive_local_h2	False
RE	5	96	113128986	113997778	405	0.0		0.999999461946885			nonpositive_local_h2	False
RE	5	97	113999670	115117353	421	0.0		0.0			nonpositive_local_h2	False
RE	5	98	115118442	116207953	581	0.0		0.999999461946885			nonpositive_local_h2	False
RE	5	99	116208147	117345425	448	0.0		0.0			nonpositive_local_h2	False
RE	5	100	117353820	118605023	435	0.0		0.0			nonpositive_local_h2	False
RE	5	101	118605660	119661088	397	0.0		0.0			nonpositive_local_h2	False
RE	5	102	119669457	120369695	252	0.0		0.0			nonpositive_local_h2	False
RE	5	103	120373318	120955493	250	0.0		0.999999534032333			nonpositive_local_h2	False
RE	5	104	120960853	122005153	314	0.0		0.999999619538993			nonpositive_local_h2	False
RE	5	105	122007862	123182944	521	0.0		0.999999461946885			nonpositive_local_h2	False
RE	5	106	123200792	124097421	398	0.0		0.999999461946885			nonpositive_local_h2	False
RE	5	107	124110646	125129150	466	0.0		0.999999461946885			nonpositive_local_h2	False
RE	5	108	125131805	126045921	430	0.0		0.999999619538993			nonpositive_local_h2	False
RE	5	109	126056440	126992734	283	3.27781459455149e-06		0.870990160514768				True
RE	5	110	126993922	128063276	356	0.0		0.999999534032333			nonpositive_local_h2	False
RE	5	111	128071740	128732672	293	0.0		0.999999461946885			nonpositive_local_h2	False
RE	5	112	128735170	130572861	455	0.0		0.999999398438329			nonpositive_local_h2	False
RE	5	113	130575413	132550830	613	0.0		0.999999461946885			nonpositive_local_h2	False
RE	5	114	132558754	134556555	801	0.0		0.0			nonpositive_local_h2	False
RE	5	115	134557037	135344163	394	0.0		0.999999461946885			nonpositive_local_h2	False
RE	5	116	135348376	136948607	633	0.0		0.999999461946885			nonpositive_local_h2	False
RE	5	117	136950107	139408104	631	0.0		0.0			nonpositive_local_h2	False
RE	5	118	139410510	141252048	684	0.0		0.999999619538993			nonpositive_local_h2	False
RE	5	119	141254063	142532696	558	0.0		0.0			nonpositive_local_h2	False
RE	5	120	142532995	143605039	479	0.0		0.999999341022206			nonpositive_local_h2	False
RE	5	121	143608442	145313920	586	0.0		0.999999149263327			nonpositive_local_h2	False
RE	5	122	145319127	147177325	697	0.0		0.999999461946885			nonpositive_local_h2	False
RE	5	123	147180483	148659664	609	0.0		0.999999149263327			nonpositive_local_h2	False
RE	5	124	148663788	149842399	612	0.0		0.0			nonpositive_local_h2	False
RE	5	125	149857460	150981259	550	0.0		0.999999341022206			nonpositive_local_h2	False
RE	5	126	150982156	151888663	413	0.0		0.999999619538993			nonpositive_local_h2	False
RE	5	127	151893373	152877008	323	0.0		0.0			nonpositive_local_h2	False
RE	5	128	152878727	153734373	442	0.0		0.999999730973442			nonpositive_local_h2	False
RE	5	129	153734582	154596267	347	0.0		0.0			nonpositive_local_h2	False
RE	5	130	154601557	155458803	348	0.0		0.999999534032333			nonpositive_local_h2	False
RE	5	131	155462260	156336987	301	0.0		0.0			nonpositive_local_h2	False
RE	5	132	156345735	157190745	425	0.0		0.999999619538993			nonpositive_local_h2	False
RE	5	133	157191954	158483282	565	0.0		0.999999619538993			nonpositive_local_h2	False
RE	5	134	158486993	159656194	456	0.0		0.0			nonpositive_local_h2	False
RE	5	135	159665599	160517449	414	0.0		0.999999461946885			nonpositive_local_h2	False
RE	5	136	160519563	161477923	337	0.0		0.0			nonpositive_local_h2	False
RE	5	137	161479553	162384064	308	0.0		0.0			nonpositive_local_h2	False
RE	5	138	162389158	163780571	553	0.0		0.999999619538993			nonpositive_local_h2	False
RE	5	139	163782385	165288921	544	0.0		0.0			nonpositive_local_h2	False
RE	5	140	165293654	166852229	566	0.0		0.999999239077987			nonpositive_local_h2	False
RE	5	141	166866356	168338054	721	0.0		0.0			nonpositive_local_h2	False
RE	5	142	168344280	169504995	626	0.0		0.999998576445264			nonpositive_local_h2	False
RE	5	143	169507067	170886927	661	0.0		0.999999068064667			nonpositive_local_h2	False
RE	5	144	170905672	172285605	670	0.0		0.999998923893769			nonpositive_local_h2	False
RE	5	145	172286508	173605878	634	0.0		0.0			nonpositive_local_h2	False
RE	5	146	173616630	174662058	547	0.0		0.999999068064667			nonpositive_local_h2	False
RE	5	147	174662935	176176383	543	0.0		0.999999239077987			nonpositive_local_h2	False
RE	5	148	176212290	177655512	328	0.0		0.999999341022206			nonpositive_local_h2	False
RE	5	149	177660119	178592302	482	1.04157127111547e-06		0.0				True
RE	5	150	178599617	179794208	520	0.0		0.999999239077987			nonpositive_local_h2	False
RE	5	151	179802190	180693127	281	0.0		0.999999619538993			nonpositive_local_h2	False
RE	6	1	202452	1375100	660	0.0		0.999999239077987			nonpositive_local_h2	False
RE	6	2	1380746	2743674	726	0.0		0.0			nonpositive_local_h2	False
RE	6	3	2747530	3958481	612	0.0		0.999998682044413			nonpositive_local_h2	False
RE	6	4	3964457	4656097	405	0.0		0.999999619538993			nonpositive_local_h2	False
RE	6	5	4662666	5377362	380	0.0		0.0			nonpositive_local_h2	False
RE	6	6	5379058	6621508	783	0.0		0.999998923893769			nonpositive_local_h2	False
RE	6	7	6621962	7804377	650	0.0		0.999998923893769			nonpositive_local_h2	False
RE	6	8	7810021	9020424	547	1.15856772325217e-05		0.0				True
RE	6	9	9021418	10403650	610	0.0		0.999998923893769			nonpositive_local_h2	False
RE	6	10	10424468	11789917	654	0.0		0.999999068064667			nonpositive_local_h2	False
RE	6	11	11792273	13351124	801	0.0		0.999999461946885			nonpositive_local_h2	False
RE	6	12	13353734	15067521	692	0.0		0.999998923893769			nonpositive_local_h2	False
RE	6	13	15071178	16565192	676	3.41569190104644e-06		0.86422937036501				True
RE	6	14	16567559	17391785	355	0.0		0.0			nonpositive_local_h2	False
RE	6	15	17392304	18208319	300	0.0		0.999999730973442			nonpositive_local_h2	False
RE	6	16	18209582	18773152	288	0.0		0.999999619538993			nonpositive_local_h2	False
RE	6	17	18775937	19445811	286	0.0		0.999999730973442			nonpositive_local_h2	False
RE	6	18	19449968	20417976	418	0.0		0.999999239077987			nonpositive_local_h2	False
RE	6	19	20418329	21295785	420	3.27680082225891e-05		0.0				True
RE	6	20	21296403	22198273	350	0.0		0.999999149263327			nonpositive_local_h2	False
RE	6	21	22200384	23191842	514	0.0		0.999999461946885			nonpositive_local_h2	False
RE	6	22	23193054	23938426	372	8.8651264267568e-06		0.329789172466436				True
RE	6	23	23941877	24947772	499	0.0		0.0			nonpositive_local_h2	False
RE	6	24	24950599	25684405	447	0.0		0.0			nonpositive_local_h2	False
RE	6	25	25686405	26394320	413	0.0		0.999999534032333			nonpositive_local_h2	False
RE	6	26	26396203	27256102	280	0.0		0.0			nonpositive_local_h2	False
RE	6	27	27261324	28473325	475	0.0		0.0			nonpositive_local_h2	False
RE	6	28	33464061	33864237	291	0.0		0.0			nonpositive_local_h2	False
RE	6	29	33864998	34977375	324	0.0		0.999999239077987			nonpositive_local_h2	False
RE	6	30	34980601	36345977	472	0.0		0.999999461946885			nonpositive_local_h2	False
RE	6	31	36348689	37569632	589	0.0		0.999999239077987			nonpositive_local_h2	False
RE	6	32	37571453	38686222	421	0.0		0.999999341022206			nonpositive_local_h2	False
RE	6	33	38689875	39784703	586	0.0		0.999999239077987			nonpositive_local_h2	False
RE	6	34	39787679	40778147	507	0.0		0.0			nonpositive_local_h2	False
RE	6	35	40781232	42101676	579	0.0		0.999999068064667			nonpositive_local_h2	False
RE	6	36	42104149	43770512	503	0.0		0.0			nonpositive_local_h2	False
RE	6	37	43775838	44596435	376	0.0		0.0			nonpositive_local_h2	False
RE	6	38	44596900	45402445	241	0.0		0.999999730973442			nonpositive_local_h2	False
RE	6	39	45410312	46429665	410	0.0		0.0			nonpositive_local_h2	False
RE	6	40	46433812	47311898	432	0.0		0.999999341022206			nonpositive_local_h2	False
RE	6	41	47316389	48387129	413	0.0		0.999999730973442			nonpositive_local_h2	False
RE	6	42	48394045	49522865	333	0.0		0.999999809769497			nonpositive_local_h2	False
RE	6	43	49533287	50933504	453	0.0		0.999999461946885			nonpositive_local_h2	False
RE	6	44	50942550	51826281	387	0.0		0.999999534032333			nonpositive_local_h2	False
RE	6	45	51829707	52598582	391	0.0		0.999999461946885			nonpositive_local_h2	False
RE	6	46	52599135	53420503	348	0.0		0.999999619538993			nonpositive_local_h2	False
RE	6	47	53429272	54442960	485	0.0		0.0			nonpositive_local_h2	False
RE	6	48	54452797	55463633	430	0.0		0.999999534032333			nonpositive_local_h2	False
RE	6	49	55470865	56199071	296	0.0		0.999999619538993			nonpositive_local_h2	False
RE	6	50	56202104	57226182	333	0.0		0.0			nonpositive_local_h2	False
RE	6	51	57359149	58075480	74	0.0		0.999999865486721			nonpositive_local_h2	False
RE	6	52	58144557	58770624	102	0.0		2.28833586261615e-272			nonpositive_local_h2	False
RE	6	53	61891638	62690680	198	0.0		0.0			nonpositive_local_h2	False
RE	6	54	62697746	64010216	356	0.0		0.999999730973442			nonpositive_local_h2	False
RE	6	55	64014812	65759576	418	0.0		0.999999398438329			nonpositive_local_h2	False
RE	6	56	65760585	66442797	247	0.0		0.999999461946885			nonpositive_local_h2	False
RE	6	57	66446703	67008286	232	0.0		0.0			nonpositive_local_h2	False
RE	6	58	67049406	67558321	227	0.0		0.999999534032333			nonpositive_local_h2	False
RE	6	59	67559927	68545861	377	0.0		0.0			nonpositive_local_h2	False
RE	6	60	68548907	69293240	292	0.0		0.0			nonpositive_local_h2	False
RE	6	61	69296762	70363194	393	0.0		0.999999730973442			nonpositive_local_h2	False
RE	6	62	70364668	71609707	540	0.0		0.999999239077987			nonpositive_local_h2	False
RE	6	63	71610796	72289651	276	0.0		0.0			nonpositive_local_h2	False
RE	6	64	72291184	73169177	352	0.0		0.0			nonpositive_local_h2	False
RE	6	65	73173514	74382213	400	0.0		0.999999730973442			nonpositive_local_h2	False
RE	6	66	74403248	75460501	373	0.0		0.999999534032333			nonpositive_local_h2	False
RE	6	67	75461657	77268990	467	0.0		0.999999619538993			nonpositive_local_h2	False
RE	6	68	77275598	78166945	340	0.0		0.0			nonpositive_local_h2	False
RE	6	69	78171124	78958666	317	0.0		0.999999730973442			nonpositive_local_h2	False
RE	6	70	78959888	79859877	287	0.0		0.999999809769497			nonpositive_local_h2	False
RE	6	71	79872281	80692007	401	0.0		0.999999619538993			nonpositive_local_h2	False
RE	6	72	80699741	81565351	309	0.0		0.0			nonpositive_local_h2	False
RE	6	73	81576456	82379575	258	9.48546598911469e-06		0.173294337485792				True
RE	6	74	82390960	83559409	408	0.0		0.999998796876658			nonpositive_local_h2	False
RE	6	75	83573836	85038095	385	0.0		0.0			nonpositive_local_h2	False
RE	6	76	85038293	85834204	380	0.0		0.999999619538993			nonpositive_local_h2	False
RE	6	77	85837288	86808618	330	0.0		0.999999619538993			nonpositive_local_h2	False
RE	6	78	86830507	87509113	257	0.0		0.0			nonpositive_local_h2	False
RE	6	79	87530372	88499661	339	0.0		0.999999619538993			nonpositive_local_h2	False
RE	6	80	88510409	89974066	631	0.0		0.999999068064667			nonpositive_local_h2	False
RE	6	81	89974626	91092690	423	0.0		0.999999461946885			nonpositive_local_h2	False
RE	6	82	91105349	92012043	436	0.0		0.999999619538993			nonpositive_local_h2	False
RE	6	83	92019086	92950534	346	0.0		0.0			nonpositive_local_h2	False
RE	6	84	92954254	93689951	250	0.0		0.999999730973442			nonpositive_local_h2	False
RE	6	85	93697732	95173764	571	0.0		0.999999619538993			nonpositive_local_h2	False
RE	6	86	95179912	96479757	313	0.0		0.0			nonpositive_local_h2	False
RE	6	87	96481452	98172848	539	0.0		0.999999461946885			nonpositive_local_h2	False
RE	6	88	98179726	99675908	473	5.07138936770956e-05		0.0210948118781806				True
RE	6	89	99679578	100878267	484	0.0		0.999999619538993			nonpositive_local_h2	False
RE	6	90	100879651	101791131	212	0.0		0.999999809769497			nonpositive_local_h2	False
RE	6	91	101799259	102635841	284	0.0		0.999999461946885			nonpositive_local_h2	False
RE	6	92	102639153	103612054	297	0.0		0.999999730973442			nonpositive_local_h2	False
RE	6	93	103612659	104209117	228	1.82336965913264e-05		0.307443449846309				True
RE	6	94	104217420	104948139	281	0.0		0.999998341608921			nonpositive_local_h2	False
RE	6	95	104952471	106052529	360	0.0		0.999999619538993			nonpositive_local_h2	False
RE	6	96	106059644	107307003	642	0.0		0.0			nonpositive_local_h2	False
RE	6	97	107324218	109042459	565	0.0		0.0			nonpositive_local_h2	False
RE	6	98	109048366	110645562	519	0.0		0.999999619538993			nonpositive_local_h2	False
RE	6	99	110647920	111361944	246	0.0		0.0			nonpositive_local_h2	False
RE	6	100	111366465	112342709	327	0.0		0.999999730973442			nonpositive_local_h2	False
RE	6	101	112347732	113696524	526	0.0		0.0			nonpositive_local_h2	False
RE	6	102	113708819	115058847	479	0.0		0.999999239077987			nonpositive_local_h2	False
RE	6	103	115063381	116131731	291	0.0		0.999999809769497			nonpositive_local_h2	False
RE	6	104	116137635	117668989	542	0.0		0.999999341022206			nonpositive_local_h2	False
RE	6	105	117674087	118528493	303	0.0		0.999999619538993			nonpositive_local_h2	False
RE	6	106	118532549	119451257	286	0.0		0.999999619538993			nonpositive_local_h2	False
RE	6	107	119455554	120336680	351	0.0		0.999995982576772			nonpositive_local_h2	False
RE	6	108	120350095	121084577	229	0.0		0.999999730973442			nonpositive_local_h2	False
RE	6	109	121087489	121907968	259	0.0		0.999999730973442			nonpositive_local_h2	False
RE	6	110	121914029	122928126	319	3.54168485594949e-06		0.593676998321847				True
RE	6	111	122935161	123853556	391	0.0		0.0			nonpositive_local_h2	False
RE	6	112	123860153	125365005	636	0.0		0.999998923893769			nonpositive_local_h2	False
RE	6	113	125365295	127529209	561	0.0		0.999999461946885			nonpositive_local_h2	False
RE	6	114	127545492	128763333	305	0.0		0.999999730973442			nonpositive_local_h2	False
RE	6	115	128769272	129849833	388	0.0		0.0			nonpositive_local_h2	False
RE	6	116	129850455	130550063	374	0.0		0.999999619538993			nonpositive_local_h2	False
RE	6	117	130550421	131451282	390	0.0		0.0			nonpositive_local_h2	False
RE	6	118	131457657	132890341	522	0.0		0.999999461946885			nonpositive_local_h2	False
RE	6	119	132890748	134313643	618	0.0		0.999998993394793			nonpositive_local_h2	False
RE	6	120	134313785	135543927	484	0.0		0.0			nonpositive_local_h2	False
RE	6	121	135545460	137551037	481	0.0		0.999999149263327			nonpositive_local_h2	False
RE	6	122	137554245	138825687	558	0.0		0.999999461946885			nonpositive_local_h2	False
RE	6	123	138828134	139714492	330	0.0		0.999999461946885			nonpositive_local_h2	False
RE	6	124	139716715	141442825	473	0.0		0.999999341022206			nonpositive_local_h2	False
RE	6	125	141453145	143083063	490	0.0		0.999999149263327			nonpositive_local_h2	False
RE	6	126	143086596	144788370	678	0.0		0.0			nonpositive_local_h2	False
RE	6	127	144792772	145774684	375	0.0		0.0			nonpositive_local_h2	False
RE	6	128	145781916	147015780	314	5.43110210945075e-07		0.884007690758214				True
RE	6	129	147017697	148183190	432	0.0		0.999999619538993			nonpositive_local_h2	False
RE	6	130	148185587	149278507	637	0.0		0.999995187506634			nonpositive_local_h2	False
RE	6	131	149279188	150634383	616	0.0		0.0			nonpositive_local_h2	False
RE	6	132	150637115	151629865	623	0.0		0.999999068064667			nonpositive_local_h2	False
RE	6	133	151631090	152376475	346	0.0		0.999999619538993			nonpositive_local_h2	False
RE	6	134	152377180	153080061	417	0.0		0.999999461946885			nonpositive_local_h2	False
RE	6	135	153083426	153787225	345	0.0		0.999999239077987			nonpositive_local_h2	False
RE	6	136	153793659	154461822	313	0.0		0.999999534032333			nonpositive_local_h2	False
RE	6	137	154462086	155519888	449	0.0		0.999995763365533			nonpositive_local_h2	False
RE	6	138	155525921	156754606	597	0.0		0.999999461946885			nonpositive_local_h2	False
RE	6	139	156763643	158219013	498	0.0		0.999999461946885			nonpositive_local_h2	False
RE	6	140	158221885	158951075	366	0.0		0.0			nonpositive_local_h2	False
RE	6	141	158966179	159599952	292	1.48904890626503e-06		0.908441846643937				True
RE	6	142	159606873	160583904	489	0.0		0.999999619538993			nonpositive_local_h2	False
RE	6	143	160584853	161369806	394	0.0		0.999999619538993			nonpositive_local_h2	False
RE	6	144	161371105	162254146	496	0.0		0.0			nonpositive_local_h2	False
RE	6	145	162255535	163333585	550	0.0		0.999999461946885			nonpositive_local_h2	False
RE	6	146	163338231	164687295	744	0.0		0.999999461946885			nonpositive_local_h2	False
RE	6	147	164690459	165832227	566	0.0		0.999999341022206			nonpositive_local_h2	False
RE	6	148	165836746	166850798	603	0.0		0.999999239077987			nonpositive_local_h2	False
RE	6	149	166853513	167714737	518	0.0		0.999999068064667			nonpositive_local_h2	False
RE	6	150	167715405	168705006	352	0.0		0.0			nonpositive_local_h2	False
RE	6	151	168707435	169667234	591	0.0		0.0			nonpositive_local_h2	False
RE	6	152	169668998	170907734	508	0.0		0.0			nonpositive_local_h2	False
RE	7	1	44935	230878	63	0.0		0.999999730973442			nonpositive_local_h2	False
RE	7	2	668723	1363454	286	0.0		0.999999534032333			nonpositive_local_h2	False
RE	7	3	1376857	2457709	330	0.0		0.999999149263327			nonpositive_local_h2	False
RE	7	4	2479029	3099853	292	0.0		0.999999461946885			nonpositive_local_h2	False
RE	7	5	3100838	4137575	551	0.0		0.0			nonpositive_local_h2	False
RE	7	6	4139470	4937930	374	0.0		0.999999619538993			nonpositive_local_h2	False
RE	7	7	4939360	5943210	306	0.0		0.999999149263327			nonpositive_local_h2	False
RE	7	8	6026775	6713985	205	0.0		0.999999730973442			nonpositive_local_h2	False
RE	7	9	6720341	7163442	93	0.0		0.999999809769497			nonpositive_local_h2	False
RE	7	10	7167990	7926413	502	0.0		0.999999461946885			nonpositive_local_h2	False
RE	7	11	7929851	8718080	449	0.0		0.999999149263327			nonpositive_local_h2	False
RE	7	12	8720903	9224481	308	0.0		0.999996046133238			nonpositive_local_h2	False
RE	7	13	9229882	9899380	331	0.0		0.999999619538993			nonpositive_local_h2	False
RE	7	14	9903357	10481065	247	0.0		0.0			nonpositive_local_h2	False
RE	7	15	10488614	11232243	290	0.0		0.0			nonpositive_local_h2	False
RE	7	16	11233115	11853008	402	0.0		0.999998738153594			nonpositive_local_h2	False
RE	7	17	11855636	12694083	492	1.64390088302793e-06		0.0				True
RE	7	18	12695507	13211495	239	0.0		0.0			nonpositive_local_h2	False
RE	7	19	13218051	13674355	232	0.0		0.999999461946885			nonpositive_local_h2	False
RE	7	20	13678247	15012831	694	0.0		0.0			nonpositive_local_h2	False
RE	7	21	15019381	15877548	402	0.0		0.0			nonpositive_local_h2	False
RE	7	22	15880136	16734891	427	0.0		0.999999341022206			nonpositive_local_h2	False
RE	7	23	16740101	17593328	470	0.0		0.999999068064667			nonpositive_local_h2	False
RE	7	24	17599438	19070930	629	0.0		0.0			nonpositive_local_h2	False
RE	7	25	19133072	20120813	429	0.0		0.999999619538993			nonpositive_local_h2	False
RE	7	26	20122811	21387797	635	0.0		0.0			nonpositive_local_h2	False
RE	7	27	21392007	22164444	497	0.0		0.999999239077987			nonpositive_local_h2	False
RE	7	28	22165180	23106669	441	6.89551415378807e-07		0.956221343769459				True
RE	7	29	23106692	24149942	388	0.0		0.999999619538993			nonpositive_local_h2	False
RE	7	30	24151175	24893147	438	0.0		0.0			nonpositive_local_h2	False
RE	7	31	24894255	25669627	492	0.0		0.999998023066619			nonpositive_local_h2	False
RE	7	32	25671576	27349479	662	0.0		0.0			nonpositive_local_h2	False
RE	7	33	27351298	28888086	758	0.0		0.0			nonpositive_local_h2	False
RE	7	34	28893354	30165896	712	0.0		0.999999461946885			nonpositive_local_h2	False
RE	7	35	30179394	31730048	670	0.0		0.999999068064667			nonpositive_local_h2	False
RE	7	36	31730696	32455882	417	0.0		0.999999068064667			nonpositive_local_h2	False
RE	7	37	32460233	33155385	235	0.0		0.999999619538993			nonpositive_local_h2	False
RE	7	38	33165147	34111660	364	0.0		0.0			nonpositive_local_h2	False
RE	7	39	34131919	35353014	459	0.0		0.999997052961715			nonpositive_local_h2	False
RE	7	40	35356265	36504070	583	0.0		0.999999461946885			nonpositive_local_h2	False
RE	7	41	36510043	37977116	755	0.0		0.0			nonpositive_local_h2	False
RE	7	42	37986332	38965611	514	0.0		0.999999068064667			nonpositive_local_h2	False
RE	7	43	38970166	40259553	448	0.0		0.999999619538993			nonpositive_local_h2	False
RE	7	44	40271224	41414212	385	0.0		0.0			nonpositive_local_h2	False
RE	7	45	41416071	42494497	417	0.0		0.999999461946885			nonpositive_local_h2	False
RE	7	46	42495555	43447936	373	0.0		0.999999619538993			nonpositive_local_h2	False
RE	7	47	43451203	44989199	505	0.0		0.0			nonpositive_local_h2	False
RE	7	48	44995327	46242583	514	0.0		0.999999341022206			nonpositive_local_h2	False
RE	7	49	46251401	47253441	464	0.0		0.0			nonpositive_local_h2	False
RE	7	50	47254394	48361784	546	0.0		0.999999239077987			nonpositive_local_h2	False
RE	7	51	48367798	48984046	274	0.0		0.999999619538993			nonpositive_local_h2	False
RE	7	52	48984670	49629291	251	0.0		0.999999461946885			nonpositive_local_h2	False
RE	7	53	49637607	50894054	555	0.0		0.0			nonpositive_local_h2	False
RE	7	54	50896266	51949727	420	0.0		0.999999149263327			nonpositive_local_h2	False
RE	7	55	51951935	52633483	324	0.0		0.999999730973442			nonpositive_local_h2	False
RE	7	56	52635223	53175158	299	0.0		0.0			nonpositive_local_h2	False
RE	7	57	53177183	54084878	360	0.0		0.999999398438329			nonpositive_local_h2	False
RE	7	58	54087762	54544248	157	0.0		0.999999809769497			nonpositive_local_h2	False
RE	7	59	54550678	55160538	274	0.0		0.999996350746223			nonpositive_local_h2	False
RE	7	60	55162336	56301242	422	0.0		0.999999619538993			nonpositive_local_h2	False
RE	7	61	56306726	57377065	187	0.0		0.999999809769497			nonpositive_local_h2	False
RE	7	62	57385635	61852895	98	0.0		0.999999865486721			nonpositive_local_h2	False
RE	7	63	61994170	63302111	109	0.0		0.999999730973442			nonpositive_local_h2	False
RE	7	64	63314453	64211341	240	0.0		0.999999809769497			nonpositive_local_h2	False
RE	7	65	64221817	65282322	175	0.0		0.999999730973442			nonpositive_local_h2	False
RE	7	66	65300423	66452054	258	0.0		0.999998984447015			nonpositive_local_h2	False
RE	7	67	66457626	66913933	124	0.0		0.999999730973442			nonpositive_local_h2	False
RE	7	68	66931015	67473550	246	0.0		0.0			nonpositive_local_h2	False
RE	7	69	67482110	68564589	458	0.0		0.0			nonpositive_local_h2	False
RE	7	70	68569292	70143677	461	9.75949921012874e-06		0.486672022550487				True
RE	7	71	70144848	71211570	435	0.0		0.999998923893769			nonpositive_local_h2	False
RE	7	72	71223694	73125263	408	0.0		0.999999239077987			nonpositive_local_h2	False
RE	7	73	73133241	75240915	303	0.0		0.0			nonpositive_local_h2	False
RE	7	74	75243991	76446091	273	0.0		0.999999619538993			nonpositive_local_h2	False
RE	7	75	76461796	77663486	357	0.0		0.999999461946885			nonpositive_local_h2	False
RE	7	76	77664569	78680726	695	0.0		0.999999461946885			nonpositive_local_h2	False
RE	7	77	78687119	80053909	452	0.0		0.0			nonpositive_local_h2	False
RE	7	78	80055910	81533495	512	0.0		0.999999149263327			nonpositive_local_h2	False
RE	7	79	81534837	82755546	526	0.0		0.999999149263327			nonpositive_local_h2	False
RE	7	80	82766601	83941201	522	0.0		0.999999461946885			nonpositive_local_h2	False
RE	7	81	83954737	85347664	377	0.0		0.999999730973442			nonpositive_local_h2	False
RE	7	82	85356747	86444931	317	0.0		0.999999534032333			nonpositive_local_h2	False
RE	7	83	86447703	87836113	436	0.0		0.999999730973442			nonpositive_local_h2	False
RE	7	84	87839528	89321472	570	0.0		0.999999341022206			nonpositive_local_h2	False
RE	7	85	89332304	90660684	562	1.940616869103e-05		0.156910810626493				True
RE	7	86	90661545	92489813	552	0.0		0.0			nonpositive_local_h2	False
RE	7	87	92530918	93689033	366	0.0		0.999999149263327			nonpositive_local_h2	False
RE	7	88	93691744	95173570	479	0.0		0.0			nonpositive_local_h2	False
RE	7	89	95175372	96562958	538	0.0		0.0			nonpositive_local_h2	False
RE	7	90	96569280	97414110	285	0.0		0.999999239077987			nonpositive_local_h2	False
RE	7	91	97423394	98162961	210	0.0		0.999995849660409			nonpositive_local_h2	False
RE	7	92	98182505	99460458	314	0.0		0.999999534032333			nonpositive_local_h2	False
RE	7	93	99466558	100844011	399	0.0		0.999999730973442			nonpositive_local_h2	False
RE	7	94	100849804	101950500	372	0.0		0.999999461946885			nonpositive_local_h2	False
RE	7	95	101951419	103190840	247	0.0		0.0			nonpositive_local_h2	False
RE	7	96	103191428	104107936	503	0.0		0.999999341022206			nonpositive_local_h2	False
RE	7	97	104110492	105308640	423	0.0		0.999999619538993			nonpositive_local_h2	False
RE	7	98	105312942	106398362	544	0.0		0.0			nonpositive_local_h2	False
RE	7	99	106399948	107655604	449	1.73439145269866e-06		0.856071284360695				True
RE	7	100	107673078	109085999	533	0.0		0.999999619538993			nonpositive_local_h2	False
RE	7	101	109096390	110477566	467	0.0		0.999999461946885			nonpositive_local_h2	False
RE	7	102	110479535	111795130	399	0.0		0.0			nonpositive_local_h2	False
RE	7	103	111795896	113333114	438	0.0		0.999999239077987			nonpositive_local_h2	False
RE	7	104	113346826	115317894	477	0.0		0.999999461946885			nonpositive_local_h2	False
RE	7	105	115323654	116834863	452	0.0		0.999999341022206			nonpositive_local_h2	False
RE	7	106	116837610	118338267	476	0.0		0.999999619538993			nonpositive_local_h2	False
RE	7	107	118345178	119565056	200	0.0		0.0			nonpositive_local_h2	False
RE	7	108	119577292	121033191	363	0.0		0.0			nonpositive_local_h2	False
RE	7	109	121066105	121944527	284	0.0		0.0			nonpositive_local_h2	False
RE	7	110	121947456	123859390	627	0.0		0.99999885861698			nonpositive_local_h2	False
RE	7	111	123860214	125388062	506	1.1874945245903e-06		0.850436906177526				True
RE	7	112	125392358	126640633	480	0.0		0.999999534032333			nonpositive_local_h2	False
RE	7	113	126641643	127903539	541	0.0		0.999999461946885			nonpositive_local_h2	False
RE	7	114	127905557	128769030	267	0.0		0.999999619538993			nonpositive_local_h2	False
RE	7	115	128785008	130416394	544	0.0		0.0			nonpositive_local_h2	False
RE	7	116	130419958	131855368	621	0.0		0.999999068064667			nonpositive_local_h2	False
RE	7	117	131856536	133803962	663	0.0		0.0			nonpositive_local_h2	False
RE	7	118	133810818	134942965	502	0.0		0.999999461946885			nonpositive_local_h2	False
RE	7	119	134944039	136107238	489	0.0		0.999999619538993			nonpositive_local_h2	False
RE	7	120	136123543	137655829	499	0.0		0.999999461946885			nonpositive_local_h2	False
RE	7	121	137658446	138751616	410	0.0		0.999999239077987			nonpositive_local_h2	False
RE	7	122	138758992	140213880	506	0.0		0.999999461946885			nonpositive_local_h2	False
RE	7	123	140217670	142044047	656	0.0		0.999999068064667			nonpositive_local_h2	False
RE	7	124	142099013	144321911	651	0.0		0.0			nonpositive_local_h2	False
RE	7	125	144334808	145415320	359	0.0		0.999998385840654			nonpositive_local_h2	False
RE	7	126	145422195	146572276	332	0.0		0.0			nonpositive_local_h2	False
RE	7	127	146578167	147351071	381	0.0		0.999999534032333			nonpositive_local_h2	False
RE	7	128	147354931	148615643	563	0.0		0.0			nonpositive_local_h2	False
RE	7	129	148628362	149824341	364	0.0		0.999999461946885			nonpositive_local_h2	False
RE	7	130	149855335	150896223	463	0.0		0.999999341022206			nonpositive_local_h2	False
RE	7	131	150901609	152248829	440	0.0		0.0			nonpositive_local_h2	False
RE	7	132	152255539	153240425	405	0.0		0.999999461946885			nonpositive_local_h2	False
RE	7	133	153248772	154406965	430	0.0		0.999999461946885			nonpositive_local_h2	False
RE	7	134	154411908	155280528	525	0.0		0.999999239077987			nonpositive_local_h2	False
RE	7	135	155280693	156343926	482	0.0		0.999999068064667			nonpositive_local_h2	False
RE	7	136	156347201	157198266	293	0.0		0.999999461946885			nonpositive_local_h2	False
RE	7	137	157201080	158028901	347	0.0		0.999999619538993			nonpositive_local_h2	False
RE	7	138	158031556	159119486	416	0.0		0.999999619538993			nonpositive_local_h2	False
RE	8	1	164984	657650	287	0.0		0.0			nonpositive_local_h2	False
RE	8	2	662139	1161443	250	0.0		0.999999619538993			nonpositive_local_h2	False
RE	8	3	1163713	1627174	264	0.0		0.999999461946885			nonpositive_local_h2	False
RE	8	4	1632525	2070062	320	0.0		0.999999149263327			nonpositive_local_h2	False
RE	8	5	2072342	2395110	162	0.0		0.0			nonpositive_local_h2	False
RE	8	6	2403261	2970477	374	0.0		0.0			nonpositive_local_h2	False
RE	8	7	2970539	3385757	395	0.0		0.0			nonpositive_local_h2	False
RE	8	8	3387299	3781893	495	0.0		0.999999239077987			nonpositive_local_h2	False
RE	8	9	3790267	4272581	626	0.0		0.999999239077987			nonpositive_local_h2	False
RE	8	10	4277173	4893071	640	0.0		0.0			nonpositive_local_h2	False
RE	8	11	4893353	5554620	562	0.0		0.0			nonpositive_local_h2	False
RE	8	12	5566444	6017670	385	0.0		0.999999619538993			nonpositive_local_h2	False
RE	8	13	6021203	6660502	523	0.0		0.999999461946885			nonpositive_local_h2	False
RE	8	14	6664969	7007415	189	0.0		0.999999239077987			nonpositive_local_h2	False
RE	8	15	8092025	8589687	313	0.0		0.999999239077987			nonpositive_local_h2	False
RE	8	16	8589783	9165654	344	0.0		0.999999461946885			nonpositive_local_h2	False
RE	8	17	9171735	9834862	344	0.0		0.0			nonpositive_local_h2	False
RE	8	18	9836320	10478745	441	0.0		0.999999461946885			nonpositive_local_h2	False
RE	8	19	10486652	11463230	547	0.0		0.999999461946885			nonpositive_local_h2	False
RE	8	20	11469622	11891593	217	0.0		0.999999461946885			nonpositive_local_h2	False
RE	8	21	12491639	12944950	239	0.0		0.999999730973442			nonpositive_local_h2	False
RE	8	22	12948275	13390938	296	0.0		0.999999730973442			nonpositive_local_h2	False
RE	8	23	13395662	13947515	398	0.0		0.999999461946885			nonpositive_local_h2	False
RE	8	24	13950615	14388093	218	0.0		0.999999730973442			nonpositive_local_h2	False
RE	8	25	14389481	14870921	300	0.0		0.99999885861698			nonpositive_local_h2	False
RE	8	26	14873709	15359174	381	0.0		0.0			nonpositive_local_h2	False
RE	8	27	15359762	15999039	414	0.0		0.0			nonpositive_local_h2	False
RE	8	28	15999486	16985962	358	0.0		0.0			nonpositive_local_h2	False
RE	8	29	16988955	17491730	340	0.0		0.999999619538993			nonpositive_local_h2	False
RE	8	30	17494886	17945818	310	0.0		0.0			nonpositive_local_h2	False
RE	8	31	17948008	18668608	489	0.0		0.999999239077987			nonpositive_local_h2	False
RE	8	32	18670235	19487700	526	0.0		0.0			nonpositive_local_h2	False
RE	8	33	19489046	20134377	404	0.0		0.999999619538993			nonpositive_local_h2	False
RE	8	34	20138047	20810194	367	0.0		0.999999461946885			nonpositive_local_h2	False
RE	8	35	20812112	21618317	407	0.0		0.0			nonpositive_local_h2	False
RE	8	36	21662306	22893034	548	5.32424704451188e-06		0.812412382199209				True
RE	8	37	22900701	23787759	505	0.0		0.0			nonpositive_local_h2	False
RE	8	38	23797763	24859836	361	0.0		0.999999619538993			nonpositive_local_h2	False
RE	8	39	24865117	25858692	448	0.0		0.0			nonpositive_local_h2	False
RE	8	40	25863992	26674936	480	0.0		0.999999461946885			nonpositive_local_h2	False
RE	8	41	26679578	27405809	411	0.0		0.999999461946885			nonpositive_local_h2	False
RE	8	42	27415476	28341974	490	0.0		0.0			nonpositive_local_h2	False
RE	8	43	28347283	29744518	527	0.0		0.0			nonpositive_local_h2	False
RE	8	44	29745193	31133658	423	0.0		0.999999239077987			nonpositive_local_h2	False
RE	8	45	31135931	32453358	557	0.0		0.999999239077987			nonpositive_local_h2	False
RE	8	46	32456182	33982495	360	0.0		0.999999398438329			nonpositive_local_h2	False
RE	8	47	33984800	34792116	223	2.06772596388716e-06		0.796008186085995				True
RE	8	48	34792235	36633318	316	0.0		0.999997028504547			nonpositive_local_h2	False
RE	8	49	36642472	38799057	584	0.0		0.0			nonpositive_local_h2	False
RE	8	50	38808752	40179515	430	0.0		0.999999461946885			nonpositive_local_h2	False
RE	8	51	40179891	40973567	396	0.0001858338431067		0.100594719772966				True
RE	8	52	40978059	41723550	320	0.0		0.999999619538993			nonpositive_local_h2	False
RE	8	53	41727195	43791691	317	0.0		0.999999619538993			nonpositive_local_h2	False
RE	8	54	46936840	49039681	199	0.0		0.999999809769497			nonpositive_local_h2	False
RE	8	55	49046707	50287180	327	0.0		0.0			nonpositive_local_h2	False
RE	8	56	50290167	51461440	310	0.0		0.0			nonpositive_local_h2	False
RE	8	57	51461513	52325767	245	0.0		0.999999730973442			nonpositive_local_h2	False
RE	8	58	52331018	53103663	263	0.0		0.999999730973442			nonpositive_local_h2	False
RE	8	59	53110206	54119214	375	0.0		0.999999534032333			nonpositive_local_h2	False
RE	8	60	54119394	55269940	348	0.0		0.0			nonpositive_local_h2	False
RE	8	61	55275406	56339361	403	0.0		0.999999341022206			nonpositive_local_h2	False
RE	8	62	56346965	57436577	382	0.0		0.999999534032333			nonpositive_local_h2	False
RE	8	63	57440366	58671521	484	0.0		0.0			nonpositive_local_h2	False
RE	8	64	58675166	59544413	359	5.59589462650449e-06		0.473691654800631				True
RE	8	65	59562087	60470686	321	0.0		0.0			nonpositive_local_h2	False
RE	8	66	60478117	61324092	276	0.0		0.0			nonpositive_local_h2	False
RE	8	67	61330269	62330609	360	0.0		0.999999619538993			nonpositive_local_h2	False
RE	8	68	62337601	63249830	335	0.0		0.999999730973442			nonpositive_local_h2	False
RE	8	69	63254413	64215259	403	0.0		0.999999730973442			nonpositive_local_h2	False
RE	8	70	64216591	66013163	488	0.0		0.999999239077987			nonpositive_local_h2	False
RE	8	71	66019046	66960324	317	0.0		0.999999730973442			nonpositive_local_h2	False
RE	8	72	66963989	68683252	321	0.0		0.999999619538993			nonpositive_local_h2	False
RE	8	73	68683874	70003448	626	0.0		0.0			nonpositive_local_h2	False
RE	8	74	70005353	70871068	384	0.0		0.999999461946885			nonpositive_local_h2	False
RE	8	75	70883360	72012331	323	0.0		0.999999534032333			nonpositive_local_h2	False
RE	8	76	72017177	72913114	491	0.0		0.0			nonpositive_local_h2	False
RE	8	77	72917890	73832242	474	0.0		0.999999619538993			nonpositive_local_h2	False
RE	8	78	73838986	75008787	480	0.0		0.0			nonpositive_local_h2	False
RE	8	79	75014430	76293967	486	0.0		0.999999619538993			nonpositive_local_h2	False
RE	8	80	76296789	77377945	366	0.0		0.999999398438329			nonpositive_local_h2	False
RE	8	81	77382703	78633267	368	0.0		0.999999730973442			nonpositive_local_h2	False
RE	8	82	78637869	79753010	331	0.0		0.999999730973442			nonpositive_local_h2	False
RE	8	83	79756515	81339142	535	0.0		0.999999619538993			nonpositive_local_h2	False
RE	8	84	81347419	82869630	523	0.0		0.999999619538993			nonpositive_local_h2	False
RE	8	85	82879546	83729215	264	0.0		0.999999619538993			nonpositive_local_h2	False
RE	8	86	83733865	85113675	385	0.0		0.999999619538993			nonpositive_local_h2	False
RE	8	87	85117456	86250709	261	0.0		0.0			nonpositive_local_h2	False
RE	8	88	86253982	87562330	300	0.0		0.0			nonpositive_local_h2	False
RE	8	89	87563878	89079023	538	0.0		0.0			nonpositive_local_h2	False
RE	8	90	89083979	90363990	373	0.0		0.0			nonpositive_local_h2	False
RE	8	91	90369994	91457626	335	0.0		0.999999730973442			nonpositive_local_h2	False
RE	8	92	91460670	92873618	355	0.0		0.999999730973442			nonpositive_local_h2	False
RE	8	93	92878400	94998256	660	0.0		0.0			nonpositive_local_h2	False
RE	8	94	94999197	96172490	483	3.23148757422263e-06		0.798527610461802				True
RE	8	95	96179145	96900502	444	0.0		0.999999341022206			nonpositive_local_h2	False
RE	8	96	96901070	98130180	462	0.0		0.999999461946885			nonpositive_local_h2	False
RE	8	97	98134018	99387729	540	0.0		0.999999239077987			nonpositive_local_h2	False
RE	8	98	99389200	101448416	552	0.0		0.0			nonpositive_local_h2	False
RE	8	99	101452935	102544575	466	0.0		0.0			nonpositive_local_h2	False
RE	8	100	102548864	103714346	519	0.0		0.999999341022206			nonpositive_local_h2	False
RE	8	101	103716991	104466543	356	0.0		0.999999619538993			nonpositive_local_h2	False
RE	8	102	104467990	105367785	285	0.0		0.999999670511103			nonpositive_local_h2	False
RE	8	103	105371276	106498422	451	0.0		0.0			nonpositive_local_h2	False
RE	8	104	106503845	107785488	492	0.0		0.999999341022206			nonpositive_local_h2	False
RE	8	105	107789571	108646193	398	0.0		0.999999730973442			nonpositive_local_h2	False
RE	8	106	108649072	109917023	431	3.96704296986051e-06		0.73113557974383				True
RE	8	107	109921525	111187061	393	0.0		0.999999619538993			nonpositive_local_h2	False
RE	8	108	111218857	112598361	289	0.0		0.999999730973442			nonpositive_local_h2	False
RE	8	109	112604086	113648931	294	0.0		0.999999730973442			nonpositive_local_h2	False
RE	8	110	113652365	114776941	305	0.0		0.999999809769497			nonpositive_local_h2	False
RE	8	111	114785889	115328387	241	0.0		0.0			nonpositive_local_h2	False
RE	8	112	115335219	116081696	232	0.0		0.0			nonpositive_local_h2	False
RE	8	113	116105620	118294316	684	0.0		0.999999239077987			nonpositive_local_h2	False
RE	8	114	118300497	119421020	456	0.0		0.0			nonpositive_local_h2	False
RE	8	115	119426375	120215645	358	0.0		0.999999461946885			nonpositive_local_h2	False
RE	8	116	120218302	121550719	500	0.0		0.999999239077987			nonpositive_local_h2	False
RE	8	117	121561369	122622697	432	0.0		0.999999239077987			nonpositive_local_h2	False
RE	8	118	122632611	124000951	534	0.0		0.999999149263327			nonpositive_local_h2	False
RE	8	119	124001089	125450473	639	0.0		0.0			nonpositive_local_h2	False
RE	8	120	125456928	126766585	564	0.0		0.0			nonpositive_local_h2	False
RE	8	121	126772563	128072019	551	0.0		0.999996705111032			nonpositive_local_h2	False
RE	8	122	128075690	129289556	633	0.0		0.999999461946885			nonpositive_local_h2	False
RE	8	123	129299649	130383311	403	0.0		0.999999619538993			nonpositive_local_h2	False
RE	8	124	130383854	131545671	494	0.0		0.999999619538993			nonpositive_local_h2	False
RE	8	125	131550333	132533730	507	0.0		0.999999619538993			nonpositive_local_h2	False
RE	8	126	132538742	133459111	457	0.0		0.999999619538993			nonpositive_local_h2	False
RE	8	127	133463731	134509215	644	0.0		0.0			nonpositive_local_h2	False
RE	8	128	134512809	135308849	493	0.0		0.999999239077987			nonpositive_local_h2	False
RE	8	129	135313764	136217862	475	0.0		0.0			nonpositive_local_h2	False
RE	8	130	136220935	137527129	554	0.0		0.999999619538993			nonpositive_local_h2	False
RE	8	131	137529123	138562411	380	0.0		0.0			nonpositive_local_h2	False
RE	8	132	138569398	139403283	452	0.0		0.0			nonpositive_local_h2	False
RE	8	133	139405963	140354986	515	0.0		0.0			nonpositive_local_h2	False
RE	8	134	140358213	141527306	609	0.0		0.0			nonpositive_local_h2	False
RE	8	135	141530057	142609665	429	0.0		0.0			nonpositive_local_h2	False
RE	8	136	142613054	143609913	338	0.0		0.999999461946885			nonpositive_local_h2	False
RE	8	137	143612149	144929811	493	0.0		0.999999341022206			nonpositive_local_h2	False
RE	8	138	144945191	146293414	257	0.0		0.999999730973442			nonpositive_local_h2	False
RE	9	1	186603	653505	385	0.0		0.999999619538993			nonpositive_local_h2	False
RE	9	2	656736	1103477	311	0.0		0.999999068064667			nonpositive_local_h2	False
RE	9	3	1107806	1870197	628	0.0		0.999999239077987			nonpositive_local_h2	False
RE	9	4	1880152	2432800	419	0.0		0.0			nonpositive_local_h2	False
RE	9	5	2447910	3077843	380	0.0		0.999999619538993			nonpositive_local_h2	False
RE	9	6	3080838	4024539	464	0.0		0.999999461946885			nonpositive_local_h2	False
RE	9	7	4028842	4591655	475	0.0		0.999999068064667			nonpositive_local_h2	False
RE	9	8	4598379	5436461	399	0.0		0.0			nonpositive_local_h2	False
RE	9	9	5445990	6858156	572	0.0		0.999999239077987			nonpositive_local_h2	False
RE	9	10	6865386	7387977	437	0.0		0.0			nonpositive_local_h2	False
RE	9	11	7388656	8261551	618	0.0		0.999998682044413			nonpositive_local_h2	False
RE	9	12	8262469	9165805	610	0.0		0.999997916129245			nonpositive_local_h2	False
RE	9	13	9171635	9917049	449	0.0		0.999999068064667			nonpositive_local_h2	False
RE	9	14	9926888	10673850	421	0.0		0.999998796876658			nonpositive_local_h2	False
RE	9	15	10678556	11262118	253	0.0		0.0			nonpositive_local_h2	False
RE	9	16	11275227	12042535	280	0.0		0.999999730973442			nonpositive_local_h2	False
RE	9	17	12044969	12663561	310	0.0		0.999999619538993			nonpositive_local_h2	False
RE	9	18	12667049	13511067	350	0.0		0.0			nonpositive_local_h2	False
RE	9	19	13516313	14244413	438	0.0		0.999999239077987			nonpositive_local_h2	False
RE	9	20	14244753	14901322	461	0.0		0.999999461946885			nonpositive_local_h2	False
RE	9	21	14903275	15830506	341	0.0		0.999998682044413			nonpositive_local_h2	False
RE	9	22	15841937	16656653	473	0.0		0.0			nonpositive_local_h2	False
RE	9	23	16658807	17391531	357	0.0		0.0			nonpositive_local_h2	False
RE	9	24	17394465	17987408	321	0.0		0.999999730973442			nonpositive_local_h2	False
RE	9	25	17990785	18751638	435	0.0		0.0			nonpositive_local_h2	False
RE	9	26	18754211	19458939	400	0.0		0.999999341022206			nonpositive_local_h2	False
RE	9	27	19465900	20482380	471	0.0		0.0			nonpositive_local_h2	False
RE	9	28	20484604	21673608	510	2.1643801760953e-05		0.14102578630581				True
RE	9	29	21674147	23083305	561	0.0		0.999999461946885			nonpositive_local_h2	False
RE	9	30	23091742	23859363	289	0.0		0.0			nonpositive_local_h2	False
RE	9	31	23859906	24757627	228	0.0		0.999999619538993			nonpositive_local_h2	False
RE	9	32	24757755	25956931	480	0.0		0.999999461946885			nonpositive_local_h2	False
RE	9	33	25963989	26746590	340	0.0		0.999999341022206			nonpositive_local_h2	False
RE	9	34	26750142	27366436	327	0.0		0.0			nonpositive_local_h2	False
RE	9	35	27367278	28064791	360	0.0		0.999999149263327			nonpositive_local_h2	False
RE	9	36	28067491	28761593	348	0.0		0.999999341022206			nonpositive_local_h2	False
RE	9	37	28771619	29594558	383	0.0		0.999999619538993			nonpositive_local_h2	False
RE	9	38	29597552	30409103	300	0.0		0.999999461946885			nonpositive_local_h2	False
RE	9	39	30420638	31113720	215	0.0		0.999999730973442			nonpositive_local_h2	False
RE	9	40	31119647	32247145	430	0.0		0.999999619538993			nonpositive_local_h2	False
RE	9	41	32255125	33193935	448	0.0		0.999999341022206			nonpositive_local_h2	False
RE	9	42	33195478	34695469	495	0.0		0.999999461946885			nonpositive_local_h2	False
RE	9	43	34710338	36748641	664	0.0		0.999998993394793			nonpositive_local_h2	False
RE	9	44	36749333	37686417	420	0.0		0.999999341022206			nonpositive_local_h2	False
RE	9	45	37688817	38772575	486	0.0		0.999999461946885			nonpositive_local_h2	False
RE	9	46	70984372	72282172	468	9.19950632062705e-05		0.0420368851940462				True
RE	9	47	72291978	73914369	766	0.0		0.999998923893769			nonpositive_local_h2	False
RE	9	48	73915535	74950213	389	0.0		0.999999619538993			nonpositive_local_h2	False
RE	9	49	74952171	76193770	404	0.0		0.999999619538993			nonpositive_local_h2	False
RE	9	50	76198452	77858578	575	0.0		0.999999619538993			nonpositive_local_h2	False
RE	9	51	77877793	78630894	404	0.0		0.999999341022206			nonpositive_local_h2	False
RE	9	52	78631123	79450930	492	0.0		0.999999068064667			nonpositive_local_h2	False
RE	9	53	79451050	80136533	303	0.0		0.999999619538993			nonpositive_local_h2	False
RE	9	54	80137434	81154501	361	0.0		0.0			nonpositive_local_h2	False
RE	9	55	81161599	82598985	706	0.0		0.999999068064667			nonpositive_local_h2	False
RE	9	56	82602724	83455332	429	0.0		0.999999461946885			nonpositive_local_h2	False
RE	9	57	83460025	85135643	551	0.0		0.999998682044413			nonpositive_local_h2	False
RE	9	58	85135915	86763217	706	0.0		0.0			nonpositive_local_h2	False
RE	9	59	86770003	87811640	544	0.0		0.0			nonpositive_local_h2	False
RE	9	60	87820457	89168700	461	0.0		0.999991673204301			nonpositive_local_h2	False
RE	9	61	89172667	90134690	480	0.0		0.999999461946885			nonpositive_local_h2	False
RE	9	62	90136246	90887268	397	0.0		0.0			nonpositive_local_h2	False
RE	9	63	90891114	91637304	258	0.0		0.999999730973442			nonpositive_local_h2	False
RE	9	64	91644665	92499803	333	0.0		0.999999461946885			nonpositive_local_h2	False
RE	9	65	92500586	93439259	401	0.0		0.999999461946885			nonpositive_local_h2	False
RE	9	66	93441498	94169155	333	0.0		0.999999619538993			nonpositive_local_h2	False
RE	9	67	94176261	94923148	289	0.0		0.0			nonpositive_local_h2	False
RE	9	68	94925680	95854695	331	0.0		0.999999730973442			nonpositive_local_h2	False
RE	9	69	95857333	96668352	357	0.0		0.999999619538993			nonpositive_local_h2	False
RE	9	70	96670213	97415909	295	0.0		0.999998958064622			nonpositive_local_h2	False
RE	9	71	97419146	98885767	526	0.0		0.999999619538993			nonpositive_local_h2	False
RE	9	72	98888628	100310501	372	1.9085378273029e-05		0.0				True
RE	9	73	100310711	101593825	632	0.0		0.999999461946885			nonpositive_local_h2	False
RE	9	74	101598609	103161860	516	4.84587619137777e-05		0.396635260634345				True
RE	9	75	103168997	104221235	410	3.3363563470519e-06		0.798821216092742				True
RE	9	76	104223252	105042946	477	0.0		0.0			nonpositive_local_h2	False
RE	9	77	105043748	105845247	373	0.0		0.999999534032333			nonpositive_local_h2	False
RE	9	78	105846940	107059946	530	0.0		0.999999461946885			nonpositive_local_h2	False
RE	9	79	107063817	108166638	565	0.0		0.999999239077987			nonpositive_local_h2	False
RE	9	80	108205262	109150651	318	0.0		0.999999619538993			nonpositive_local_h2	False
RE	9	81	109151075	110628820	685	0.0		0.999998923893769			nonpositive_local_h2	False
RE	9	82	110632626	111367630	442	0.0		0.999999619538993			nonpositive_local_h2	False
RE	9	83	111368151	112072419	439	2.01035676526678e-05		0.365282044808055				True
RE	9	84	112080128	112862214	422	0.0		0.999999461946885			nonpositive_local_h2	False
RE	9	85	112868321	113644930	487	0.0		0.999998993394793			nonpositive_local_h2	False
RE	9	86	113646264	114439510	349	0.0		0.0			nonpositive_local_h2	False
RE	9	87	114444565	115383332	426	3.49986181312688e-06		0.654895845838851				True
RE	9	88	115399064	116159423	409	0.0		0.999999619538993			nonpositive_local_h2	False
RE	9	89	116160220	117053273	499	1.24800654422258e-05		0.0				True
RE	9	90	117056851	117988366	517	0.0		0.999996956311948			nonpositive_local_h2	False
RE	9	91	117989062	118996950	403	0.0		0.999999461946885			nonpositive_local_h2	False
RE	9	92	119003933	119887714	516	5.97469361264518e-06		0.563693984282216				True
RE	9	93	119891290	121008432	579	0.0		0.999999461946885			nonpositive_local_h2	False
RE	9	94	121010732	122676538	783	0.0		0.999999068064667			nonpositive_local_h2	False
RE	9	95	122681580	124118776	419	0.0		0.999999461946885			nonpositive_local_h2	False
RE	9	96	124125324	125136884	364	0.0		0.999999341022206			nonpositive_local_h2	False
RE	9	97	125138695	126091085	306	0.0		0.999999461946885			nonpositive_local_h2	False
RE	9	98	126094458	127184067	396	0.0		0.999999239077987			nonpositive_local_h2	False
RE	9	99	127190340	128784665	403	0.0		0.999999619538993			nonpositive_local_h2	False
RE	9	100	128785910	129617253	405	0.0		0.999999341022206			nonpositive_local_h2	False
RE	9	101	129619875	130891060	408	0.0		0.0			nonpositive_local_h2	False
RE	9	102	130906848	132192986	327	0.0		0.0			nonpositive_local_h2	False
RE	9	103	132194098	132996875	313	0.0		0.0			nonpositive_local_h2	False
RE	9	104	133000282	134139458	420	0.0		0.0			nonpositive_local_h2	False
RE	9	105	134142444	135132930	388	0.0		0.999999461946885			nonpositive_local_h2	False
RE	9	106	135137364	136039936	414	0.0		0.0			nonpositive_local_h2	False
RE	9	107	136042694	136769348	394	0.0		0.0			nonpositive_local_h2	False
RE	9	108	136771319	137587768	353	0.0		0.0			nonpositive_local_h2	False
RE	9	109	137595066	138199317	384	0.0		0.999998923893769			nonpositive_local_h2	False
RE	9	110	138217797	138992466	311	0.0		0.0			nonpositive_local_h2	False
RE	9	111	138999710	140024846	257	0.0		0.999999619538993			nonpositive_local_h2	False
RE	10	1	98481	1327807	423	0.0		0.0			nonpositive_local_h2	False
RE	10	2	1332768	1872726	336	0.0		0.0			nonpositive_local_h2	False
RE	10	3	1874354	2636063	509	0.0		0.0			nonpositive_local_h2	False
RE	10	4	2639732	3223179	438	0.0		0.99999885861698			nonpositive_local_h2	False
RE	10	5	3245325	3877968	387	0.0		0.999996410738043			nonpositive_local_h2	False
RE	10	6	3882497	4813154	496	0.0		0.0			nonpositive_local_h2	False
RE	10	7	4813211	5396157	355	0.0		0.999999619538993			nonpositive_local_h2	False
RE	10	8	5396439	6233955	486	0.0		0.999999149263327			nonpositive_local_h2	False
RE	10	9	6236332	6893905	417	0.0		0.999999341022206			nonpositive_local_h2	False
RE	10	10	6898219	7654808	472	0.0		0.0			nonpositive_local_h2	False
RE	10	11	7660466	8770847	700	0.0		0.0			nonpositive_local_h2	False
RE	10	12	8773922	10078042	563	0.0		0.999999149263327			nonpositive_local_h2	False
RE	10	13	10081372	10969223	448	0.0		0.999999619538993			nonpositive_local_h2	False
RE	10	14	10973316	11855599	452	0.0		0.999998993394793			nonpositive_local_h2	False
RE	10	15	11861758	12580664	322	0.0		0.999998682044413			nonpositive_local_h2	False
RE	10	16	12582689	13203772	419	0.0		0.999999341022206			nonpositive_local_h2	False
RE	10	17	13208063	14006391	499	0.0		0.0			nonpositive_local_h2	False
RE	10	18	14008445	14818646	543	0.0		0.999999068064667			nonpositive_local_h2	False
RE	10	19	14820959	15944137	442	0.0		0.999999461946885			nonpositive_local_h2	False
RE	10	20	15950149	17064992	538	0.0		0.999999239077987			nonpositive_local_h2	False
RE	10	21	17068112	18529646	562	0.0		0.999999461946885			nonpositive_local_h2	False
RE	10	22	18530839	19421315	463	0.0		0.0			nonpositive_local_h2	False
RE	10	23	19422749	19964913	298	0.0		0.999999730973442			nonpositive_local_h2	False
RE	10	24	19970957	20609931	365	0.0		0.999999341022206			nonpositive_local_h2	False
RE	10	25	20618481	21477482	449	0.0		0.999999461946885			nonpositive_local_h2	False
RE	10	26	21480273	23364720	413	0.0		0.999999239077987			nonpositive_local_h2	False
RE	10	27	23368845	24487557	343	0.0		0.0			nonpositive_local_h2	False
RE	10	28	24491058	25576492	437	0.0		0.999999239077987			nonpositive_local_h2	False
RE	10	29	25581177	26158386	281	0.0		0.999999730973442			nonpositive_local_h2	False
RE	10	30	26162766	26880857	328	0.0		0.999999619538993			nonpositive_local_h2	False
RE	10	31	26889823	27669479	278	0.0		0.0			nonpositive_local_h2	False
RE	10	32	27669655	28731618	501	0.0		0.999999619538993			nonpositive_local_h2	False
RE	10	33	28736560	29393640	382	0.0		0.999999461946885			nonpositive_local_h2	False
RE	10	34	29399300	29993344	381	0.0		0.0			nonpositive_local_h2	False
RE	10	35	30001433	30918424	493	0.0		0.999999619538993			nonpositive_local_h2	False
RE	10	36	30921287	32456826	516	0.0		0.999999619538993			nonpositive_local_h2	False
RE	10	37	32457370	33654716	479	0.0		0.999999239077987			nonpositive_local_h2	False
RE	10	38	33656119	35174635	619	0.0		0.999999149263327			nonpositive_local_h2	False
RE	10	39	35185496	36474822	390	0.0		0.999999619538993			nonpositive_local_h2	False
RE	10	40	36476571	37559338	390	0.0		0.999999341022206			nonpositive_local_h2	False
RE	10	41	37564987	38556338	281	0.0		0.999999809769497			nonpositive_local_h2	False
RE	10	42	42433540	42983525	72	0.0		3.38244530129881e-217			nonpositive_local_h2	False
RE	10	43	42984952	43769560	290	0.0		0.0			nonpositive_local_h2	False
RE	10	44	43769891	44893756	464	0.0		0.999996451295977			nonpositive_local_h2	False
RE	10	45	44893864	46215431	506	0.0		0.999999619538993			nonpositive_local_h2	False
RE	10	46	47559903	48663340	155	0.0		0.881976409901932			nonpositive_local_h2	False
RE	10	47	49390308	50141332	387	0.0		0.0			nonpositive_local_h2	False
RE	10	48	50155130	51594462	465	0.0		0.0			nonpositive_local_h2	False
RE	10	49	51779449	53129579	480	0.0		0.999999619538993			nonpositive_local_h2	False
RE	10	50	53130564	53910521	471	0.0		0.999999619538993			nonpositive_local_h2	False
RE	10	51	53929658	55093531	578	0.0		0.999999619538993			nonpositive_local_h2	False
RE	10	52	55104497	55866082	374	0.0		0.999999534032333			nonpositive_local_h2	False
RE	10	53	55867735	57039062	522	0.0		0.0			nonpositive_local_h2	False
RE	10	54	57045932	57955570	319	0.0		0.999999461946885			nonpositive_local_h2	False
RE	10	55	57955791	58804299	303	0.0		0.0			nonpositive_local_h2	False
RE	10	56	58809636	59821183	396	0.0		0.999999730973442			nonpositive_local_h2	False
RE	10	57	59823837	61469538	580	8.49556282173755e-05		0.0988086224159464				True
RE	10	58	61477697	62624576	584	2.34156607747118e-05		0.237677832687577				True
RE	10	59	62626874	64069035	512	0.0		0.999999461946885			nonpositive_local_h2	False
RE	10	60	64075136	65399851	476	0.0		0.999999619538993			nonpositive_local_h2	False
RE	10	61	65404572	66509895	341	0.0		0.999999730973442			nonpositive_local_h2	False
RE	10	62	66512626	67144421	284	0.0		0.999999619538993			nonpositive_local_h2	False
RE	10	63	67147477	67767418	273	0.0		0.999999730973442			nonpositive_local_h2	False
RE	10	64	67770279	68621346	481	0.0		0.999999461946885			nonpositive_local_h2	False
RE	10	65	68623412	69903889	407	0.0		0.999999288222632			nonpositive_local_h2	False
RE	10	66	69904641	71049098	445	0.0		0.999999619538993			nonpositive_local_h2	False
RE	10	67	71052508	71672879	447	0.0		0.999999239077987			nonpositive_local_h2	False
RE	10	68	71673928	72654600	562	0.0		0.999999461946885			nonpositive_local_h2	False
RE	10	69	72660718	73512933	523	0.0		0.999999068064667			nonpositive_local_h2	False
RE	10	70	73514554	75693932	606	0.0		0.999999619538993			nonpositive_local_h2	False
RE	10	71	75732444	77143467	328	0.0		0.999999534032333			nonpositive_local_h2	False
RE	10	72	77157489	78664629	550	0.0		0.999999149263327			nonpositive_local_h2	False
RE	10	73	78667191	79952934	631	1.52976297863866e-05		0.0				True
RE	10	74	79955120	81189551	663	0.0		0.999998923893769			nonpositive_local_h2	False
RE	10	75	81191488	81761489	85	9.22174346709629e-08		0.97123977269698				True
RE	10	76	81764081	82377997	312	0.0		0.999999619538993			nonpositive_local_h2	False
RE	10	77	82382102	83594473	492	0.0		0.999999461946885			nonpositive_local_h2	False
RE	10	78	83600968	84678512	488	0.0		0.0			nonpositive_local_h2	False
RE	10	79	84680499	85463030	361	0.0		0.999999461946885			nonpositive_local_h2	False
RE	10	80	85464091	86459792	471	0.0		0.999999239077987			nonpositive_local_h2	False
RE	10	81	86461085	87287808	341	0.0		0.999999730973442			nonpositive_local_h2	False
RE	10	82	87290629	88443302	475	0.0		0.999999341022206			nonpositive_local_h2	False
RE	10	83	88446254	89970800	421	0.0		0.999999341022206			nonpositive_local_h2	False
RE	10	84	89971647	91018520	506	0.0		0.999999461946885			nonpositive_local_h2	False
RE	10	85	91021645	91959144	401	0.0		0.999998923893769			nonpositive_local_h2	False
RE	10	86	91960473	92909779	419	0.0		0.999999619538993			nonpositive_local_h2	False
RE	10	87	92912588	94502738	419	0.0		0.0			nonpositive_local_h2	False
RE	10	88	94506628	95526044	528	0.0		0.999999149263327			nonpositive_local_h2	False
RE	10	89	95528185	97037578	526	0.0		0.999999730973442			nonpositive_local_h2	False
RE	10	90	97040743	98002866	433	0.0		0.0			nonpositive_local_h2	False
RE	10	91	98010908	99366769	556	0.0		0.0			nonpositive_local_h2	False
RE	10	92	99369013	100335093	457	0.0		0.999999619538993			nonpositive_local_h2	False
RE	10	93	100338139	101264162	347	0.0		0.999999730973442			nonpositive_local_h2	False
RE	10	94	101271789	102501571	444	0.0		0.0			nonpositive_local_h2	False
RE	10	95	102511959	104204140	536	0.0		0.999999461946885			nonpositive_local_h2	False
RE	10	96	104207799	106139294	672	0.0		0.999999341022206			nonpositive_local_h2	False
RE	10	97	106144393	107873989	728	0.0		0.999999461946885			nonpositive_local_h2	False
RE	10	98	107883946	108725495	307	0.0		0.999999619538993			nonpositive_local_h2	False
RE	10	99	108729960	109579127	410	0.0		0.0			nonpositive_local_h2	False
RE	10	100	109579550	110356935	326	0.0		0.0			nonpositive_local_h2	False
RE	10	101	110363973	112164639	537	0.0		0.0			nonpositive_local_h2	False
RE	10	102	112166708	113116998	418	0.0		0.999999619538993			nonpositive_local_h2	False
RE	10	103	113117827	114244744	475	0.0		0.999997127582392			nonpositive_local_h2	False
RE	10	104	114258451	115587010	655	0.0		0.999998682044413			nonpositive_local_h2	False
RE	10	105	115589161	116843474	480	0.0		0.0			nonpositive_local_h2	False
RE	10	106	116856071	118416020	550	0.0		0.0			nonpositive_local_h2	False
RE	10	107	118416207	119528591	461	0.0		0.999999619538993			nonpositive_local_h2	False
RE	10	108	119529361	120592015	472	0.0		0.0			nonpositive_local_h2	False
RE	10	109	120594481	121874157	542	0.0		0.0			nonpositive_local_h2	False
RE	10	110	121874555	122803238	464	0.0		0.0			nonpositive_local_h2	False
RE	10	111	122805351	123853004	510	0.0		0.999999461946885			nonpositive_local_h2	False
RE	10	112	123858724	124891395	527	4.0463185553944e-05		0.207782395195121				True
RE	10	113	124894169	125796933	521	0.0		0.0			nonpositive_local_h2	False
RE	10	114	125802888	126875396	518	0.0		0.0			nonpositive_local_h2	False
RE	10	115	126875920	127997303	564	0.0		0.0			nonpositive_local_h2	False
RE	10	116	127997728	129129348	569	0.0		0.999998923893769			nonpositive_local_h2	False
RE	10	117	129136409	129831119	459	0.0		0.999999068064667			nonpositive_local_h2	False
RE	10	118	129834886	130686938	472	0.0		0.999996390629975			nonpositive_local_h2	False
RE	10	119	130698337	131694085	531	0.0		0.0			nonpositive_local_h2	False
RE	10	120	131697627	132576400	480	0.0		0.0			nonpositive_local_h2	False
RE	10	121	132583456	133108761	371	0.0		0.999999619538993			nonpositive_local_h2	False
RE	10	122	133114209	133817742	345	5.85133157626191e-05		0.0055099989798498				True
RE	10	123	133829719	134847430	424	0.0		0.999999461946885			nonpositive_local_h2	False
RE	10	124	134862552	135434988	201	0.0		0.0			nonpositive_local_h2	False
RE	11	1	199256	1060934	368	0.0		0.999999619538993			nonpositive_local_h2	False
RE	11	2	1061718	1857270	287	0.0		0.999999619538993			nonpositive_local_h2	False
RE	11	3	1858262	2475150	248	0.0		0.999999341022206			nonpositive_local_h2	False
RE	11	4	2479195	3266133	385	0.0		0.999999461946885			nonpositive_local_h2	False
RE	11	5	3364358	4404192	326	0.0		0.999999341022206			nonpositive_local_h2	False
RE	11	6	4407725	4946047	408	0.0		0.0			nonpositive_local_h2	False
RE	11	7	4948160	5529152	483	0.0		0.0			nonpositive_local_h2	False
RE	11	8	5533402	6179462	435	0.0		0.999999068064667			nonpositive_local_h2	False
RE	11	9	6189084	7189003	561	0.0		0.999999341022206			nonpositive_local_h2	False
RE	11	10	7195494	7913940	440	0.0		0.999999619538993			nonpositive_local_h2	False
RE	11	11	7916712	9077652	557	0.0		0.0			nonpositive_local_h2	False
RE	11	12	9081926	10369340	426	0.0		0.0			nonpositive_local_h2	False
RE	11	13	10370420	11076056	392	0.0		0.999999619538993			nonpositive_local_h2	False
RE	11	14	11081854	11632640	514	0.0		0.999999461946885			nonpositive_local_h2	False
RE	11	15	11632713	12470449	556	0.0		0.0			nonpositive_local_h2	False
RE	11	16	12470469	13364712	472	0.0		0.999999461946885			nonpositive_local_h2	False
RE	11	17	13367750	15126447	615	0.0		0.999999149263327			nonpositive_local_h2	False
RE	11	18	15126792	16379226	461	0.0		0.999999239077987			nonpositive_local_h2	False
RE	11	19	16383430	17580050	499	0.0		0.0			nonpositive_local_h2	False
RE	11	20	17586381	18739358	457	0.0		0.999999619538993			nonpositive_local_h2	False
RE	11	21	18741165	19776660	506	0.0		0.999999619538993			nonpositive_local_h2	False
RE	11	22	19782191	20684132	581	0.0		0.999998682044413			nonpositive_local_h2	False
RE	11	23	20689486	21441271	482	0.0		0.999999341022206			nonpositive_local_h2	False
RE	11	24	21443083	22368301	362	0.0		0.999999461946885			nonpositive_local_h2	False
RE	11	25	22370108	23164090	312	0.0		0.999999461946885			nonpositive_local_h2	False
RE	11	26	23166339	24090083	383	0.0		0.999999461946885			nonpositive_local_h2	False
RE	11	27	24091682	24892277	356	0.0		0.0			nonpositive_local_h2	False
RE	11	28	24893890	25655220	268	0.0		0.999999730973442			nonpositive_local_h2	False
RE	11	29	25671657	26356083	276	0.0		0.999999534032333			nonpositive_local_h2	False
RE	11	30	26357170	27018019	336	0.0		0.0			nonpositive_local_h2	False
RE	11	31	27020461	28575986	487	0.0		0.999999619538993			nonpositive_local_h2	False
RE	11	32	28577867	29530247	291	0.0		0.999999619538993			nonpositive_local_h2	False
RE	11	33	29534277	30569684	353	0.0002251945922655		0.0359182175245449				True
RE	11	34	30571347	32065256	439	0.0		0.0			nonpositive_local_h2	False
RE	11	35	32066548	32830362	324	0.0		0.0			nonpositive_local_h2	False
RE	11	36	32830564	33905285	375	0.0		0.999999619538993			nonpositive_local_h2	False
RE	11	37	33905371	34672161	403	0.0		0.999998993394793			nonpositive_local_h2	False
RE	11	38	34674475	35500365	499	0.0		0.999999341022206			nonpositive_local_h2	False
RE	11	39	35500592	36329456	421	0.0		0.999999619538993			nonpositive_local_h2	False
RE	11	40	36334103	37115656	368	0.0		0.999999619538993			nonpositive_local_h2	False
RE	11	41	37119431	37950922	242	0.0		0.999999461946885			nonpositive_local_h2	False
RE	11	42	37954947	39328525	249	0.0		0.999999619538993			nonpositive_local_h2	False
RE	11	43	39353212	40362590	321	0.0		0.999999619538993			nonpositive_local_h2	False
RE	11	44	40363614	41603185	517	0.0		0.999999341022206			nonpositive_local_h2	False
RE	11	45	41611349	42856020	469	0.0		0.999999461946885			nonpositive_local_h2	False
RE	11	46	42859152	43949008	479	0.0		0.999999730973442			nonpositive_local_h2	False
RE	11	47	43949511	45015345	566	0.0		0.0			nonpositive_local_h2	False
RE	11	48	45023786	46309968	491	0.0		0.999999619538993			nonpositive_local_h2	False
RE	11	49	46320679	48066048	423	0.0		0.0			nonpositive_local_h2	False
RE	11	50	48085189	48744425	162	0.0		0.999999865486721			nonpositive_local_h2	False
RE	11	51	48783130	49377760	96	0.0		0.999999865486721			nonpositive_local_h2	False
RE	11	52	49390619	50205927	174	0.0		0.999999865486721			nonpositive_local_h2	False
RE	11	53	50217658	50713402	83	2.06205288721159e-05		0.294955234726064				True
RE	11	54	51200820	51563636	64	0.0		0.999999865486721			nonpositive_local_h2	False
RE	11	55	54801549	55474227	141	1.06618609376582e-05		0.399061618492875				True
RE	11	56	55478441	55944474	221	1.06593126919511e-05		0.0				True
RE	11	57	55948184	56623156	291	3.13066587156498e-06		0.848021607054582				True
RE	11	58	56623529	57675410	383	0.0		0.999999730973442			nonpositive_local_h2	False
RE	11	59	57681828	58452608	323	0.0		0.999999809769497			nonpositive_local_h2	False
RE	11	60	58452810	59256054	220	0.0		0.999999730973442			nonpositive_local_h2	False
RE	11	61	59257636	60508898	401	0.0		0.999999534032333			nonpositive_local_h2	False
RE	11	62	60517887	61712131	394	0.0		0.999999461946885			nonpositive_local_h2	False
RE	11	63	61717607	62794074	350	0.0		0.0			nonpositive_local_h2	False
RE	11	64	62801148	64594393	511	0.0		0.0			nonpositive_local_h2	False
RE	11	65	64596916	66782594	627	0.0		0.999999341022206			nonpositive_local_h2	False
RE	11	66	66784715	68000579	228	0.0		0.999999461946885			nonpositive_local_h2	False
RE	11	67	68010721	68886179	327	0.0		0.999999730973442			nonpositive_local_h2	False
RE	11	68	68888456	69703103	335	0.0		0.999999619538993			nonpositive_local_h2	False
RE	11	69	69806270	71242461	591	0.0		0.0			nonpositive_local_h2	False
RE	11	70	71243244	72867912	327	0.0		0.999999619538993			nonpositive_local_h2	False
RE	11	71	72877964	74398125	503	0.0		0.999999239077987			nonpositive_local_h2	False
RE	11	72	74399425	75444605	401	0.0		0.0			nonpositive_local_h2	False
RE	11	73	75445338	76518550	369	0.0		0.999999149263327			nonpositive_local_h2	False
RE	11	74	76519899	77714746	388	0.0		0.999999730973442			nonpositive_local_h2	False
RE	11	75	77721537	78911432	496	0.0		0.999999461946885			nonpositive_local_h2	False
RE	11	76	78914741	79799549	482	0.0		0.999999619538993			nonpositive_local_h2	False
RE	11	77	79802317	80722309	417	0.0		0.999999619538993			nonpositive_local_h2	False
RE	11	78	80726364	81657804	549	0.0		0.999999619538993			nonpositive_local_h2	False
RE	11	79	81658745	82829768	450	0.0		0.0			nonpositive_local_h2	False
RE	11	80	82850052	83676761	336	0.0		0.999999398438329			nonpositive_local_h2	False
RE	11	81	83678920	84610503	371	0.0		0.999999461946885			nonpositive_local_h2	False
RE	11	82	84615848	85868640	415	0.0		0.999999534032333			nonpositive_local_h2	False
RE	11	83	85869737	86629236	404	0.0		0.999999461946885			nonpositive_local_h2	False
RE	11	84	86631331	87676739	476	0.0		0.0			nonpositive_local_h2	False
RE	11	85	87677069	88359223	323	1.12580902354723e-05		0.0				True
RE	11	86	88365298	89207232	222	0.0		0.999999730973442			nonpositive_local_h2	False
RE	11	87	89209985	90191908	203	0.0		0.999999730973442			nonpositive_local_h2	False
RE	11	88	90203176	90966877	279	0.0		0.0			nonpositive_local_h2	False
RE	11	89	90969158	92201077	475	0.0		0.0			nonpositive_local_h2	False
RE	11	90	92209853	93575238	531	0.0		0.999999461946885			nonpositive_local_h2	False
RE	11	91	93578713	94383998	309	0.0		0.999999619538993			nonpositive_local_h2	False
RE	11	92	94385461	95327130	389	2.1944920421741e-06		0.913631984844655				True
RE	11	93	95327374	96138412	419	0.0		0.999998682044413			nonpositive_local_h2	False
RE	11	94	96155649	97083331	300	0.0		0.0			nonpositive_local_h2	False
RE	11	95	97102604	98144089	418	0.0		0.999998993394793			nonpositive_local_h2	False
RE	11	96	98148532	98927114	339	0.0		0.0			nonpositive_local_h2	False
RE	11	97	98930151	99618600	405	0.0		0.0			nonpositive_local_h2	False
RE	11	98	99619383	100423278	398	0.0		0.999999341022206			nonpositive_local_h2	False
RE	11	99	100427659	101149368	377	0.0		0.0			nonpositive_local_h2	False
RE	11	100	101160958	101880768	316	0.0		0.0			nonpositive_local_h2	False
RE	11	101	101882379	102669409	373	0.0		0.999999461946885			nonpositive_local_h2	False
RE	11	102	102680229	103493096	365	9.39746225424138e-06		0.337394191757707				True
RE	11	103	103496422	104875261	542	0.0		0.999999619538993			nonpositive_local_h2	False
RE	11	104	104877803	105927178	324	6.27605671701619e-05		0.0984152181291206				True
RE	11	105	105937044	107053192	414	0.0		0.0			nonpositive_local_h2	False
RE	11	106	107054642	107841291	336	3.19086813530793e-07		0.981008300635145				True
RE	11	107	107847983	109888898	557	5.01330180056423e-06		0.835394255977499				True
RE	11	108	109899405	111112246	537	0.0		0.999999341022206			nonpositive_local_h2	False
RE	11	109	111124487	112742098	575	0.0		0.999998993394793			nonpositive_local_h2	False
RE	11	110	112759458	113887138	502	0.0		0.999999239077987			nonpositive_local_h2	False
RE	11	111	113890125	114741577	463	0.0		0.999999619538993			nonpositive_local_h2	False
RE	11	112	114747965	116245350	661	0.0		0.999999461946885			nonpositive_local_h2	False
RE	11	113	116247759	117294973	494	0.0		0.0			nonpositive_local_h2	False
RE	11	114	117295791	118898319	770	0.0		0.999999461946885			nonpositive_local_h2	False
RE	11	115	118913993	120057343	498	0.0		0.999998923893769			nonpositive_local_h2	False
RE	11	116	120075284	121204601	542	0.0		0.0			nonpositive_local_h2	False
RE	11	117	121208310	122589092	509	0.0		0.0			nonpositive_local_h2	False
RE	11	118	122591233	123398825	400	0.0		0.0			nonpositive_local_h2	False
RE	11	119	123398941	124400611	558	0.0		0.999999619538993			nonpositive_local_h2	False
RE	11	120	124404297	125265142	359	0.0		0.999999619538993			nonpositive_local_h2	False
RE	11	121	125266893	126303742	551	0.0		0.0			nonpositive_local_h2	False
RE	11	122	126305755	127306712	600	2.41671981125406e-06		0.85985387185024				True
RE	11	123	127307694	128261411	367	0.0		0.0			nonpositive_local_h2	False
RE	11	124	128266104	129447968	596	3.584745889097e-05		0.0				True
RE	11	125	129453148	130500705	423	0.0		0.999999239077987			nonpositive_local_h2	False
RE	11	126	130502290	131422176	509	0.0		0.0			nonpositive_local_h2	False
RE	11	127	131430031	132581927	720	0.0		0.999999068064667			nonpositive_local_h2	False
RE	11	128	132584448	133521396	534	0.0		0.999999068064667			nonpositive_local_h2	False
RE	11	129	133521666	134349754	386	0.0		0.0			nonpositive_local_h2	False
RE	11	130	134351885	134942626	364	0.0		0.999999619538993			nonpositive_local_h2	False
RE	12	1	191619	1077894	356	0.0		0.999999619538993			nonpositive_local_h2	False
RE	12	2	1079168	1941932	287	0.0		0.0			nonpositive_local_h2	False
RE	12	3	1942752	3060224	481	0.0		0.999997127582392			nonpositive_local_h2	False
RE	12	4	3073149	3868309	490	0.0		0.999998478155974			nonpositive_local_h2	False
RE	12	5	3871581	4967533	540	0.0		0.999999068064667			nonpositive_local_h2	False
RE	12	6	4972112	6008714	667	0.0		0.0			nonpositive_local_h2	False
RE	12	7	6024263	6948899	389	0.0		0.0			nonpositive_local_h2	False
RE	12	10	8761674	10176700	573	0.0		0.0			nonpositive_local_h2	False
RE	12	11	10176728	10930076	343	0.0		0.999999619538993			nonpositive_local_h2	False
RE	12	12	10947853	11741965	244	0.0		0.0			nonpositive_local_h2	False
RE	12	13	11747116	12721298	452	0.0		0.99999885861698			nonpositive_local_h2	False
RE	12	14	12728803	13559367	431	0.0		0.999999341022206			nonpositive_local_h2	False
RE	12	15	13559539	14653867	504	1.01882257185061e-05		0.0				True
RE	12	16	14658341	16130942	432	0.0		0.999999461946885			nonpositive_local_h2	False
RE	12	17	16138806	17373739	425	0.0		0.0			nonpositive_local_h2	False
RE	12	18	17375514	18468906	433	0.0		0.0			nonpositive_local_h2	False
RE	12	19	18473729	19531997	367	0.0		0.0			nonpositive_local_h2	False
RE	12	20	19535453	20073537	273	0.0		0.999999619538993			nonpositive_local_h2	False
RE	12	21	20076358	20865301	346	0.0		0.999999619538993			nonpositive_local_h2	False
RE	12	22	20866736	21571978	418	0.0		0.999999619538993			nonpositive_local_h2	False
RE	12	23	21578559	22927253	473	0.0		0.999999461946885			nonpositive_local_h2	False
RE	12	24	22930568	23923719	404	0.0		0.0			nonpositive_local_h2	False
RE	12	25	23929026	25058697	589	0.0		0.999999239077987			nonpositive_local_h2	False
RE	12	26	25061338	25989205	443	0.0		0.0			nonpositive_local_h2	False
RE	12	27	25991709	26957496	527	0.0		0.999999619538993			nonpositive_local_h2	False
RE	12	28	26958323	27788474	389	0.0		0.999999534032333			nonpositive_local_h2	False
RE	12	29	27804712	28753400	377	0.0		0.999999619538993			nonpositive_local_h2	False
RE	12	30	28754858	29647030	433	1.32422076572082e-05		0.600290663821817				True
RE	12	31	29647331	30358082	424	0.0		0.999996101434798			nonpositive_local_h2	False
RE	12	32	30358496	31064673	388	0.0		0.999999730973442			nonpositive_local_h2	False
RE	12	33	31068998	31796881	234	0.0		0.999999730973442			nonpositive_local_h2	False
RE	12	34	31797967	32361233	297	0.0		0.0			nonpositive_local_h2	False
RE	12	35	32370224	33073853	346	0.0		0.999999341022206			nonpositive_local_h2	False
RE	12	36	33080406	34337026	413	0.0		0.999999619538993			nonpositive_local_h2	False
RE	12	37	34343752	37984531	53	0.0		0.999999904884748			nonpositive_local_h2	False
RE	12	38	38132172	38736725	68	0.0		0.999999904884748			nonpositive_local_h2	False
RE	12	39	38748408	40015286	336	0.0		0.999999619538993			nonpositive_local_h2	False
RE	12	40	40017522	41198144	563	0.0		0.999999461946885			nonpositive_local_h2	False
RE	12	41	41199139	42117440	431	0.0		0.999999730973442			nonpositive_local_h2	False
RE	12	42	42118062	43072340	376	2.38460649807116e-06		0.0				True
RE	12	43	43073062	43980459	416	0.0		0.999999619538993			nonpositive_local_h2	False
RE	12	44	43986916	44923334	207	0.0		0.0			nonpositive_local_h2	False
RE	12	45	44927227	46034937	328	0.0		0.999999730973442			nonpositive_local_h2	False
RE	12	46	46039883	47499567	458	0.0		0.999999461946885			nonpositive_local_h2	False
RE	12	47	47504095	48215749	323	0.0		0.999999341022206			nonpositive_local_h2	False
RE	12	48	48231430	48960058	381	0.0		0.999999730973442			nonpositive_local_h2	False
RE	12	49	48960274	50343862	376	0.0		0.0			nonpositive_local_h2	False
RE	12	50	50344976	51768664	403	0.0		0.0			nonpositive_local_h2	False
RE	12	51	51774134	53037416	710	0.0		0.999999461946885			nonpositive_local_h2	False
RE	12	52	53040411	54371396	557	0.0		0.0			nonpositive_local_h2	False
RE	12	53	54384387	55413630	374	0.0		0.0			nonpositive_local_h2	False
RE	12	54	55417725	56984606	417	0.0		0.0			nonpositive_local_h2	False
RE	12	55	56987179	58746882	537	0.0		0.999999341022206			nonpositive_local_h2	False
RE	12	56	58753187	59992844	443	3.72246927351637e-06		0.0				True
RE	12	57	60007747	61737063	492	0.0		0.0			nonpositive_local_h2	False
RE	12	58	61741715	63052601	532	3.25981004087079e-05		0.141120807960664				True
RE	12	59	63060342	63759333	353	0.0		0.999998923893769			nonpositive_local_h2	False
RE	12	60	63769159	64402510	153	0.0		0.999999730973442			nonpositive_local_h2	False
RE	12	61	64403934	66114630	495	0.0		0.999999239077987			nonpositive_local_h2	False
RE	12	62	66115201	67178282	469	0.0		0.999999461946885			nonpositive_local_h2	False
RE	12	63	67187320	68006669	387	0.0		0.0			nonpositive_local_h2	False
RE	12	64	68010297	68838267	451	0.0		0.999999619538993			nonpositive_local_h2	False
RE	12	65	68841276	70095569	544	0.0		0.999999619538993			nonpositive_local_h2	False
RE	12	66	70097865	71175464	570	0.0		0.999997847787538			nonpositive_local_h2	False
RE	12	67	71186455	71947173	301	0.0		0.999999730973442			nonpositive_local_h2	False
RE	12	68	71950749	73153191	404	0.0		0.999999730973442			nonpositive_local_h2	False
RE	12	69	73156831	74077317	251	0.0		0.999999192920327			nonpositive_local_h2	False
RE	12	70	74081016	75558283	427	0.0		0.0			nonpositive_local_h2	False
RE	12	71	75564057	76523861	431	0.0		0.0			nonpositive_local_h2	False
RE	12	72	76536570	77799416	526	0.0		0.999999068064667			nonpositive_local_h2	False
RE	12	73	77806686	79314725	618	0.0		0.999999461946885			nonpositive_local_h2	False
RE	12	74	79315180	80948325	390	0.0		0.999999730973442			nonpositive_local_h2	False
RE	12	75	80968400	81843128	302	0.0		0.0			nonpositive_local_h2	False
RE	12	76	81848800	82575933	268	0.0		0.999999730973442			nonpositive_local_h2	False
RE	12	77	82578417	83542946	298	0.0		0.0			nonpositive_local_h2	False
RE	12	78	83551292	84354367	254	0.0		0.0			nonpositive_local_h2	False
RE	12	79	84357221	85339254	355	0.0		0.999998277389528			nonpositive_local_h2	False
RE	12	80	85348686	86929340	374	0.0		0.0			nonpositive_local_h2	False
RE	12	81	86939017	88335960	327	0.0		0.999999534032333			nonpositive_local_h2	False
RE	12	82	88347157	90566978	556	0.0		0.999999619538993			nonpositive_local_h2	False
RE	12	83	90571042	92059192	478	1.18144590412478e-05		0.579132986688601				True
RE	12	84	92066467	93486184	576	0.0		0.999999461946885			nonpositive_local_h2	False
RE	12	85	93493349	94385712	366	0.0		0.999998993394793			nonpositive_local_h2	False
RE	12	86	94385954	95147436	421	0.0		0.999999341022206			nonpositive_local_h2	False
RE	12	87	95148378	96017678	464	0.0		0.999999341022206			nonpositive_local_h2	False
RE	12	88	96023363	96826250	402	5.87882273365679e-06		0.751370758921028				True
RE	12	89	96830278	97807827	500	0.0		0.0			nonpositive_local_h2	False
RE	12	90	97814055	99244049	620	0.0		0.999999461946885			nonpositive_local_h2	False
RE	12	91	99244826	100885107	519	0.0		0.999999341022206			nonpositive_local_h2	False
RE	12	92	100945252	101824506	427	0.0		0.0			nonpositive_local_h2	False
RE	12	93	101825294	102965329	419	1.71261713566374e-05		0.149868109747554				True
RE	12	94	102968299	104140517	517	0.0		0.999999341022206			nonpositive_local_h2	False
RE	12	95	104143082	105077284	680	0.0		0.999999239077987			nonpositive_local_h2	False
RE	12	96	105079669	106153769	546	0.0		0.999999239077987			nonpositive_local_h2	False
RE	12	97	106154088	106962360	412	0.0		0.999999619538993			nonpositive_local_h2	False
RE	12	98	106965482	108179234	472	0.0		0.0			nonpositive_local_h2	False
RE	12	99	108187451	109028341	375	0.0		0.0			nonpositive_local_h2	False
RE	12	100	109032489	110110563	410	0.0		0.999999619538993			nonpositive_local_h2	False
RE	12	101	110115286	111592380	274	0.0		0.0			nonpositive_local_h2	False
RE	12	102	111598202	113945818	608	0.0		0.0			nonpositive_local_h2	False
RE	12	103	113949341	114681662	444	0.0		0.0			nonpositive_local_h2	False
RE	12	104	114686840	115438082	349	0.0		0.999999341022206			nonpositive_local_h2	False
RE	12	105	115439578	116196721	481	0.0		0.0			nonpositive_local_h2	False
RE	12	106	116197943	117090452	394	0.0		0.0			nonpositive_local_h2	False
RE	12	107	117093237	118255232	572	0.0		0.999999239077987			nonpositive_local_h2	False
RE	12	108	118256853	119301030	424	0.0		0.0			nonpositive_local_h2	False
RE	12	109	119301245	120567406	562	0.0		0.0			nonpositive_local_h2	False
RE	12	110	120576265	121810194	466	0.0		0.999999619538993			nonpositive_local_h2	False
RE	12	111	121821867	123394850	430	0.0		0.999999534032333			nonpositive_local_h2	False
RE	12	112	123403710	124839540	455	0.0		0.999999341022206			nonpositive_local_h2	False
RE	12	113	124844986	126079565	561	0.0		0.0			nonpositive_local_h2	False
RE	12	114	126081380	126870208	421	0.0		0.0			nonpositive_local_h2	False
RE	12	115	126871835	127531395	320	0.0		0.0			nonpositive_local_h2	False
RE	12	116	127546002	128371453	420	0.0		0.0			nonpositive_local_h2	False
RE	12	117	128373594	129167086	452	0.0		0.999999461946885			nonpositive_local_h2	False
RE	12	118	129171159	129885628	467	0.0		0.999998576445264			nonpositive_local_h2	False
RE	12	119	129888558	130629335	464	0.0		0.999995039395382			nonpositive_local_h2	False
RE	12	120	130630030	131401591	458	0.0		0.0			nonpositive_local_h2	False
RE	12	121	131404625	132011715	331	0.0		0.999999461946885			nonpositive_local_h2	False
RE	12	122	132014206	132939425	279	0.0		0.999999461946885			nonpositive_local_h2	False
RE	12	123	132962509	133778796	217	0.0		0.999999730973442			nonpositive_local_h2	False
RE	13	1	19210426	19648358	101	0.0		0.999999809769497			nonpositive_local_h2	False
RE	13	2	19655333	20488212	240	0.0		0.0			nonpositive_local_h2	False
RE	13	3	20493020	21539147	415	0.0		0.999999619538993			nonpositive_local_h2	False
RE	13	4	21547317	22794240	610	0.0		0.0			nonpositive_local_h2	False
RE	13	5	22795864	23728680	495	0.0		0.999998796876658			nonpositive_local_h2	False
RE	13	6	23729094	24818013	764	0.0		0.0			nonpositive_local_h2	False
RE	13	7	24818984	25974427	534	0.0		0.0			nonpositive_local_h2	False
RE	13	8	25977959	26676554	288	0.0		0.999999619538993			nonpositive_local_h2	False
RE	13	9	26683192	27391249	327	1.04583338269931e-05		0.0				True
RE	13	10	27392267	28579477	623	0.0		0.999998923893769			nonpositive_local_h2	False
RE	13	11	28589509	30067933	650	0.0		0.999999461946885			nonpositive_local_h2	False
RE	13	12	30071245	31433110	643	0.0		0.999998682044413			nonpositive_local_h2	False
RE	13	13	31435076	32986219	733	0.0		0.999999461946885			nonpositive_local_h2	False
RE	13	14	32989794	34722390	680	0.0		0.999999461946885			nonpositive_local_h2	False
RE	13	15	34722748	35744126	327	0.0		0.999999341022206			nonpositive_local_h2	False
RE	13	16	35748755	36578703	399	0.0		0.0			nonpositive_local_h2	False
RE	13	17	36581020	37499597	379	0.0		0.0			nonpositive_local_h2	False
RE	13	18	37500101	38290340	400	0.0		0.999999341022206			nonpositive_local_h2	False
RE	13	19	38291011	39379038	390	0.0		0.0			nonpositive_local_h2	False
RE	13	20	39391722	40091615	364	0.0		0.0			nonpositive_local_h2	False
RE	13	21	40091633	41003022	454	0.0		0.999999068064667			nonpositive_local_h2	False
RE	13	22	41004833	42036147	298	0.0		0.999999068064667			nonpositive_local_h2	False
RE	13	23	42037920	42950035	409	0.0		0.999999239077987			nonpositive_local_h2	False
RE	13	24	42952145	43930337	498	1.9854986142605e-06		0.890202504676129				True
RE	13	25	43932798	45475976	604	0.0		0.0			nonpositive_local_h2	False
RE	13	26	45476808	46489744	386	0.0		0.999998796876658			nonpositive_local_h2	False
RE	13	27	46497628	47432610	400	4.52897179106142e-06		0.522967112031273				True
RE	13	28	47437216	48136736	330	0.0		0.0			nonpositive_local_h2	False
RE	13	29	48155616	49375072	363	0.0		0.0			nonpositive_local_h2	False
RE	13	30	49383447	50419158	401	0.0		0.999999534032333			nonpositive_local_h2	False
RE	13	31	50421855	51548355	418	0.0		0.999999239077987			nonpositive_local_h2	False
RE	13	32	51554836	53332352	587	0.0		0.0			nonpositive_local_h2	False
RE	13	33	53340133	54681048	587	0.0		0.999999341022206			nonpositive_local_h2	False
RE	13	34	54685168	55575383	293	0.0		0.999999534032333			nonpositive_local_h2	False
RE	13	35	55581949	56431150	231	0.0		0.999999730973442			nonpositive_local_h2	False
RE	13	36	56443223	58245151	403	0.0		0.0			nonpositive_local_h2	False
RE	13	37	58251987	59750997	491	0.0		0.999999534032333			nonpositive_local_h2	False
RE	13	38	59753426	61267736	599	0.0		0.0			nonpositive_local_h2	False
RE	13	39	61272403	62131957	389	0.0		0.999999619538993			nonpositive_local_h2	False
RE	13	40	62138153	63206067	316	0.0		0.0			nonpositive_local_h2	False
RE	13	41	63206567	63972811	229	0.0		0.999999730973442			nonpositive_local_h2	False
RE	13	42	63974125	65183779	365	0.0		0.999999619538993			nonpositive_local_h2	False
RE	13	43	65188443	66375596	385	0.0		0.999999730973442			nonpositive_local_h2	False
RE	13	44	66383558	67718484	501	0.0		0.999999341022206			nonpositive_local_h2	False
RE	13	45	67720601	69004632	369	0.0		0.0			nonpositive_local_h2	False
RE	13	46	69004773	69751089	359	0.0		0.999999461946885			nonpositive_local_h2	False
RE	13	47	69757288	70426650	234	0.0		0.0			nonpositive_local_h2	False
RE	13	48	70428150	71009927	272	0.0		0.999999619538993			nonpositive_local_h2	False
RE	13	49	71015109	71976629	420	0.0		0.999999619538993			nonpositive_local_h2	False
RE	13	50	71977661	73113646	440	0.0		0.999999461946885			nonpositive_local_h2	False
RE	13	51	73114587	74436156	579	0.0		0.0			nonpositive_local_h2	False
RE	13	52	74440000	75881080	651	0.0		0.999999068064667			nonpositive_local_h2	False
RE	13	53	75882495	76668715	402	0.0		0.999999461946885			nonpositive_local_h2	False
RE	13	54	76672849	77458228	395	7.36128589838159e-07		0.946612110598764				True
RE	13	55	77463236	78692881	400	0.0		0.0			nonpositive_local_h2	False
RE	13	56	78693732	79474878	378	0.0		0.999999619538993			nonpositive_local_h2	False
RE	13	57	79490052	80775495	450	0.0		0.999999461946885			nonpositive_local_h2	False
RE	13	58	80778953	81722228	324	0.0		0.999999730973442			nonpositive_local_h2	False
RE	13	59	81729384	82580041	309	0.0		0.999999730973442			nonpositive_local_h2	False
RE	13	60	82584630	83829445	417	0.0		0.999999730973442			nonpositive_local_h2	False
RE	13	61	83837154	85033933	357	0.0		0.999999730973442			nonpositive_local_h2	False
RE	13	62	85040002	85646068	282	1.78861265678092e-05		0.638540497220725				True
RE	13	63	85653556	86321211	256	0.0		0.999999730973442			nonpositive_local_h2	False
RE	13	64	86321512	87042907	243	0.0		0.999999730973442			nonpositive_local_h2	False
RE	13	65	87044016	88028375	255	0.0		0.999999730973442			nonpositive_local_h2	False
RE	13	66	88030689	88963676	254	0.0		0.999999619538993			nonpositive_local_h2	False
RE	13	67	88973413	89763281	233	0.0		0.0			nonpositive_local_h2	False
RE	13	68	89764963	90517628	234	0.0		0.999999461946885			nonpositive_local_h2	False
RE	13	69	90522970	91763380	485	0.0		0.999999239077987			nonpositive_local_h2	False
RE	13	70	91769463	93284783	570	0.0		0.999999461946885			nonpositive_local_h2	False
RE	13	71	93288992	94920256	719	1.50761533390149e-05		0.520505394096707				True
RE	13	72	94932614	96132624	760	0.0		0.999999068064667			nonpositive_local_h2	False
RE	13	73	96132701	97515455	396	0.0		0.999999398438329			nonpositive_local_h2	False
RE	13	74	97517119	98525890	336	0.0		0.999999619538993			nonpositive_local_h2	False
RE	13	75	98527439	99401848	470	0.0		0.999999461946885			nonpositive_local_h2	False
RE	13	76	99403611	100469248	494	0.0		0.999999341022206			nonpositive_local_h2	False
RE	13	77	100477386	101573401	441	0.0		0.0			nonpositive_local_h2	False
RE	13	78	101573778	103049968	808	0.0		0.999999461946885			nonpositive_local_h2	False
RE	13	79	103058594	104378348	741	0.0		0.999999461946885			nonpositive_local_h2	False
RE	13	80	104384163	105672487	549	0.0		0.0			nonpositive_local_h2	False
RE	13	81	105675862	106291063	321	0.0		0.999999341022206			nonpositive_local_h2	False
RE	13	82	106319372	107037850	413	0.0		0.999999619538993			nonpositive_local_h2	False
RE	13	83	107039041	108518444	724	0.0		0.999999461946885			nonpositive_local_h2	False
RE	13	84	108522521	109152972	294	0.0		0.0			nonpositive_local_h2	False
RE	13	85	109158526	109813327	353	0.0		0.999999619538993			nonpositive_local_h2	False
RE	13	86	109814635	110995210	616	0.0		0.0			nonpositive_local_h2	False
RE	13	87	110995767	111615709	401	0.0		0.0			nonpositive_local_h2	False
RE	13	88	111621305	112316277	396	0.0		0.0			nonpositive_local_h2	False
RE	13	89	112324912	113572999	468	0.0		0.999999461946885			nonpositive_local_h2	False
RE	13	90	113573372	114302502	275	0.0		0.999999619538993			nonpositive_local_h2	False
RE	13	91	114302622	115106996	212	0.0		0.0			nonpositive_local_h2	False
RE	14	1	20425051	20873524	248	0.0		0.0			nonpositive_local_h2	False
RE	14	2	20876253	21982632	547	0.0		0.0			nonpositive_local_h2	False
RE	14	3	21982677	22758493	474	0.0		0.999999619538993			nonpositive_local_h2	False
RE	14	4	22761250	23983329	611	0.0		0.0			nonpositive_local_h2	False
RE	14	5	23985973	24905548	338	0.0		0.999999619538993			nonpositive_local_h2	False
RE	14	6	24907288	25580659	393	0.0		0.0			nonpositive_local_h2	False
RE	14	7	25587842	26390775	319	0.0		0.999999619538993			nonpositive_local_h2	False
RE	14	8	26395815	27714462	508	0.0		0.999999461946885			nonpositive_local_h2	False
RE	14	9	27720455	29028946	387	0.0		0.0			nonpositive_local_h2	False
RE	14	10	29031899	30831116	517	0.0		0.0			nonpositive_local_h2	False
RE	14	11	30831229	32377760	426	0.0		0.0			nonpositive_local_h2	False
RE	14	12	32384626	33589938	590	0.0		0.999999239077987			nonpositive_local_h2	False
RE	14	13	33591760	34695159	664	0.5		0.0				True
RE	14	14	34695448	35376082	247	0.0		0.999999461946885			nonpositive_local_h2	False
RE	14	15	35381137	36420032	299	0.0		0.999999461946885			nonpositive_local_h2	False
RE	14	16	36422275	37281866	404	0.0		0.999999341022206			nonpositive_local_h2	False
RE	14	17	37282531	38721995	462	0.0		0.999999619538993			nonpositive_local_h2	False
RE	14	18	38722278	40343703	595	0.0		0.999999461946885			nonpositive_local_h2	False
RE	14	19	40345437	40965354	223	0.0		0.999999730973442			nonpositive_local_h2	False
RE	14	20	40967762	41606899	216	0.0		0.999999809769497			nonpositive_local_h2	False
RE	14	21	41670102	42560347	310	1.89685224594484e-05		0.0				True
RE	14	22	42564162	43317669	266	0.0		0.999999461946885			nonpositive_local_h2	False
RE	14	23	43323031	44623260	417	0.0		0.0			nonpositive_local_h2	False
RE	14	24	44625326	45801705	299	0.0		0.0			nonpositive_local_h2	False
RE	14	25	45828979	46745130	255	0.0		0.999999730973442			nonpositive_local_h2	False
RE	14	26	46750607	48173325	498	0.0		0.0			nonpositive_local_h2	False
RE	14	27	48180090	49001226	337	0.0		0.999999730973442			nonpositive_local_h2	False
RE	14	28	49006348	50499916	535	0.0		0.0			nonpositive_local_h2	False
RE	14	29	50505211	51417886	360	0.0		0.999999619538993			nonpositive_local_h2	False
RE	14	30	51426327	52205481	452	0.0		0.999999239077987			nonpositive_local_h2	False
RE	14	31	52230362	52757941	317	0.0		0.999999461946885			nonpositive_local_h2	False
RE	14	32	52761693	54358224	585	2.50194640212966e-07		0.991607163830077				True
RE	14	33	54360238	55288924	342	0.0		0.999999461946885			nonpositive_local_h2	False
RE	14	34	55302219	56204571	303	0.0		0.999999730973442			nonpositive_local_h2	False
RE	14	35	56207914	57459136	735	0.0		0.999998385840654			nonpositive_local_h2	False
RE	14	36	57462256	58447752	361	0.0		0.999999341022206			nonpositive_local_h2	False
RE	14	37	58448681	59447241	441	0.0		0.999999619538993			nonpositive_local_h2	False
RE	14	38	59447625	60098368	347	0.0		0.999999730973442			nonpositive_local_h2	False
RE	14	39	60100967	61652619	342	0.0		0.999999574631663			nonpositive_local_h2	False
RE	14	40	61653468	62715790	430	0.0		0.999999619538993			nonpositive_local_h2	False
RE	14	41	62718847	64032310	557	0.0		0.999999619538993			nonpositive_local_h2	False
RE	14	42	64044097	65229364	375	0.0		0.999999398438329			nonpositive_local_h2	False
RE	14	43	65230059	66299595	399	0.0		0.0			nonpositive_local_h2	False
RE	14	44	66300153	67890322	421	0.0		0.999999341022206			nonpositive_local_h2	False
RE	14	45	67894029	68975374	373	0.0		0.0			nonpositive_local_h2	False
RE	14	46	68976971	69793624	491	0.0		0.999999149263327			nonpositive_local_h2	False
RE	14	47	69795199	71139626	549	0.0		0.999999068064667			nonpositive_local_h2	False
RE	14	48	71142480	72662313	599	0.0		0.0			nonpositive_local_h2	False
RE	14	49	72665431	73373206	390	0.0		0.999999461946885			nonpositive_local_h2	False
RE	14	50	73375673	74241688	276	0.0		0.999999730973442			nonpositive_local_h2	False
RE	14	51	74248739	75699438	525	0.0		0.999999534032333			nonpositive_local_h2	False
RE	14	52	75701221	76692843	420	0.0		0.999999341022206			nonpositive_local_h2	False
RE	14	53	76694877	77424276	324	0.0		0.0			nonpositive_local_h2	False
RE	14	54	77426525	78373092	496	0.0		0.999999341022206			nonpositive_local_h2	False
RE	14	55	78374327	79198368	459	0.0		0.999999619538993			nonpositive_local_h2	False
RE	14	56	79202326	80999842	670	0.0		0.999999068064667			nonpositive_local_h2	False
RE	14	57	81002263	82522739	585	0.0		0.0			nonpositive_local_h2	False
RE	14	58	82533415	84085606	572	0.0		0.0			nonpositive_local_h2	False
RE	14	59	84094388	85562683	534	0.0		0.0			nonpositive_local_h2	False
RE	14	60	85563760	86651078	454	0.0		0.999999461946885			nonpositive_local_h2	False
RE	14	61	86658674	87347122	292	0.0		0.999999619538993			nonpositive_local_h2	False
RE	14	62	87357329	88206607	212	0.0		0.999999730973442			nonpositive_local_h2	False
RE	14	63	88212948	89477403	528	0.0		0.999999461946885			nonpositive_local_h2	False
RE	14	64	89484373	90660139	492	0.0		0.0			nonpositive_local_h2	False
RE	14	65	90671138	92098144	514	0.0		0.0			nonpositive_local_h2	False
RE	14	66	92102759	93384453	618	0.0		0.0			nonpositive_local_h2	False
RE	14	67	93388106	94892219	716	0.0		0.0			nonpositive_local_h2	False
RE	14	68	94892344	95946375	752	0.0		0.999999461946885			nonpositive_local_h2	False
RE	14	69	95949056	97174247	665	0.0		0.999999461946885			nonpositive_local_h2	False
RE	14	70	97176603	98267909	431	0.0		0.0			nonpositive_local_h2	False
RE	14	71	98273349	98883853	313	8.6027951993862e-07		0.0				True
RE	14	72	98886128	99474228	321	0.0		0.999999239077987			nonpositive_local_h2	False
RE	14	73	99475374	100781877	532	0.0		0.999998923893769			nonpositive_local_h2	False
RE	14	74	100787564	101999598	500	0.0		0.0			nonpositive_local_h2	False
RE	14	75	102005523	103617118	424	0.0		0.999999461946885			nonpositive_local_h2	False
RE	14	76	103617809	104436931	271	2.40053314287011e-05		0.337348666123713				True
RE	14	77	104448221	105090350	200	0.0		0.999999619538993			nonpositive_local_h2	False
RE	14	78	105100021	106199579	228	0.0		0.999999619538993			nonpositive_local_h2	False
RE	14	79	106926025	107287663	59	0.0		0.0			nonpositive_local_h2	False
RE	15	1	22799945	24098594	299	0.0		0.0			nonpositive_local_h2	False
RE	15	2	24104152	24526247	143	0.0		0.0			nonpositive_local_h2	False
RE	15	3	24547421	25380656	239	0.0		0.0			nonpositive_local_h2	False
RE	15	4	25385630	26391165	478	0.0		0.999998682044413			nonpositive_local_h2	False
RE	15	5	26393202	27544861	488	2.51360380963023e-05		0.421367885516335				True
RE	15	6	27566453	29050198	347	0.0		0.999999619538993			nonpositive_local_h2	False
RE	15	7	29220980	30369914	478	0.0		0.999999619538993			nonpositive_local_h2	False
RE	15	8	30950529	32176304	459	0.0		0.999999341022206			nonpositive_local_h2	False
RE	15	9	32185610	33484228	485	0.0		0.0			nonpositive_local_h2	False
RE	15	10	33491163	34407467	572	0.0		0.999998923893769			nonpositive_local_h2	False
RE	15	11	34416394	35117508	242	0.0001482517686767		0.414587475621511				True
RE	15	12	35119748	36575790	579	0.0		0.0			nonpositive_local_h2	False
RE	15	13	36587959	37962429	634	0.0		0.999999068064667			nonpositive_local_h2	False
RE	15	14	37962946	39237995	577	0.0		0.999999068064667			nonpositive_local_h2	False
RE	15	15	39238863	40598941	596	0.0		0.999998215479699			nonpositive_local_h2	False
RE	15	16	40604862	42332616	536	0.0		0.999999619538993			nonpositive_local_h2	False
RE	15	17	42332749	44959132	558	0.0		0.0			nonpositive_local_h2	False
RE	15	18	44988610	46022639	309	0.0		0.0			nonpositive_local_h2	False
RE	15	19	46024351	46880795	339	0.0		0.999999534032333			nonpositive_local_h2	False
RE	15	20	46886109	47690723	291	0.0		0.999999730973442			nonpositive_local_h2	False
RE	15	21	47695113	49257201	571	0.0		0.0			nonpositive_local_h2	False
RE	15	22	49260601	50195344	244	0.0		0.999999730973442			nonpositive_local_h2	False
RE	15	23	50196943	51594972	548	0.0		0.999999239077987			nonpositive_local_h2	False
RE	15	24	51606710	53262935	601	0.0		0.999999619538993			nonpositive_local_h2	False
RE	15	25	53264922	54329978	561	0.0		0.0			nonpositive_local_h2	False
RE	15	26	54340070	55136506	380	0.0		0.999999461946885			nonpositive_local_h2	False
RE	15	27	55136755	56321854	462	0.0		0.999999068064667			nonpositive_local_h2	False
RE	15	28	56323052	57635719	359	0.0		0.999999461946885			nonpositive_local_h2	False
RE	15	29	57644267	58710627	680	0.0		0.999997781550173			nonpositive_local_h2	False
RE	15	30	58712965	59898307	487	0.0		0.999999149263327			nonpositive_local_h2	False
RE	15	31	59919844	61130045	546	0.0		0.0			nonpositive_local_h2	False
RE	15	32	61130639	62102570	578	0.0		0.0			nonpositive_local_h2	False
RE	15	33	62106862	63218537	508	0.0		0.999997781550173			nonpositive_local_h2	False
RE	15	34	63219090	64339939	432	0.0		0.999998923893769			nonpositive_local_h2	False
RE	15	35	64348858	66348389	491	0.0		0.999999461946885			nonpositive_local_h2	False
RE	15	36	66358474	67394384	550	0.0		0.0			nonpositive_local_h2	False
RE	15	37	67399084	69086564	646	0.0		0.999999619538993			nonpositive_local_h2	False
RE	15	38	69094581	70767939	588	0.0		0.999998923893769			nonpositive_local_h2	False
RE	15	39	70768152	72041639	543	0.0		0.999999619538993			nonpositive_local_h2	False
RE	15	40	72060049	73370467	263	0.0		0.999999730973442			nonpositive_local_h2	False
RE	15	41	73375847	74458024	335	0.0		0.999999619538993			nonpositive_local_h2	False
RE	15	42	74460875	76398206	464	0.0		0.0			nonpositive_local_h2	False
RE	15	43	76403787	77891940	407	0.0		0.999999730973442			nonpositive_local_h2	False
RE	15	44	77897197	78510819	214	0.0		0.999999619538993			nonpositive_local_h2	False
RE	15	45	78520204	79292521	279	0.0		0.999999619538993			nonpositive_local_h2	False
RE	15	46	79293526	79994582	392	0.0		0.999999341022206			nonpositive_local_h2	False
RE	15	47	79999217	81075935	503	0.0		0.999999341022206			nonpositive_local_h2	False
RE	15	48	81077055	82190654	398	0.0		0.999999619538993			nonpositive_local_h2	False
RE	15	49	82193782	84208798	490	0.0		0.999999619538993			nonpositive_local_h2	False
RE	15	50	84218315	85494062	420	0.0		0.999999461946885			nonpositive_local_h2	False
RE	15	51	85494203	86340525	379	0.0		0.999999534032333			nonpositive_local_h2	False
RE	15	52	86341632	87157514	418	0.0		0.999999619538993			nonpositive_local_h2	False
RE	15	53	87158605	88032107	421	0.0		0.0			nonpositive_local_h2	False
RE	15	54	88035812	89383663	542	0.0		0.999999068064667			nonpositive_local_h2	False
RE	15	55	89385494	90631255	466	0.0		0.999999461946885			nonpositive_local_h2	False
RE	15	56	90632720	91592893	393	0.0		0.0			nonpositive_local_h2	False
RE	15	57	91594955	92672853	528	0.0		0.0			nonpositive_local_h2	False
RE	15	58	92677444	93706522	614	0.0		0.0			nonpositive_local_h2	False
RE	15	59	93709177	94565232	498	9.93086286561156e-06		0.0				True
RE	15	60	94574008	95654541	606	0.0		0.999999068064667			nonpositive_local_h2	False
RE	15	61	95663613	96857621	583	0.0		0.999998923893769			nonpositive_local_h2	False
RE	15	62	96865270	98023782	435	0.0		0.999998682044413			nonpositive_local_h2	False
RE	15	63	98025836	98827964	404	0.0		0.999998923893769			nonpositive_local_h2	False
RE	15	64	98830849	99925192	538	0.0		0.0			nonpositive_local_h2	False
RE	15	65	99926440	100742087	372	0.0		0.999999341022206			nonpositive_local_h2	False
RE	15	66	100742786	101547631	409	0.0		0.0			nonpositive_local_h2	False
RE	15	67	101551714	102400037	462	0.0		0.999997654680844			nonpositive_local_h2	False
RE	16	1	86671	1049075	377	0.0		0.999999619538993			nonpositive_local_h2	False
RE	16	2	1049431	1994980	399	0.0		0.0			nonpositive_local_h2	False
RE	16	3	1997614	3378450	409	0.0		0.999999239077987			nonpositive_local_h2	False
RE	16	4	3398013	4812816	457	0.0		0.0			nonpositive_local_h2	False
RE	16	5	4819496	5781347	491	0.0		0.999999461946885			nonpositive_local_h2	False
RE	16	6	5785307	6441935	495	0.0		0.999999461946885			nonpositive_local_h2	False
RE	16	7	6447771	7044788	451	0.0		0.999998215479699			nonpositive_local_h2	False
RE	16	8	7052774	7704203	605	0.0		0.0			nonpositive_local_h2	False
RE	16	9	7704363	8340940	424	0.0		0.0			nonpositive_local_h2	False
RE	16	10	8341184	9103926	381	0.0		0.0			nonpositive_local_h2	False
RE	16	11	9106215	9754737	366	0.0		0.999998923893769			nonpositive_local_h2	False
RE	16	12	9754812	10350560	403	0.0		0.999999619538993			nonpositive_local_h2	False
RE	16	13	10352295	11011728	280	0.0		0.999999341022206			nonpositive_local_h2	False
RE	16	14	11023208	11913383	432	0.0		0.999999619538993			nonpositive_local_h2	False
RE	16	15	11919959	12789593	499	0.0		0.99999885861698			nonpositive_local_h2	False
RE	16	16	12793839	13892907	553	0.0		0.0			nonpositive_local_h2	False
RE	16	17	13894030	15920502	417	0.0		0.999999461946885			nonpositive_local_h2	False
RE	16	18	15925211	17342924	467	0.0		0.0			nonpositive_local_h2	False
RE	16	19	17344480	19095374	424	0.0		0.0			nonpositive_local_h2	False
RE	16	20	19109992	20351231	456	0.0		0.999999619538993			nonpositive_local_h2	False
RE	16	21	20351937	22435811	445	0.0		0.999999461946885			nonpositive_local_h2	False
RE	16	22	22712979	24014611	524	0.0		0.0			nonpositive_local_h2	False
RE	16	23	24015066	25211679	485	0.0		0.999999068064667			nonpositive_local_h2	False
RE	16	24	25236025	26147911	473	0.0		0.0			nonpositive_local_h2	False
RE	16	25	26154187	27441283	656	0.0		0.999999461946885			nonpositive_local_h2	False
RE	16	26	27444030	29042014	434	0.0		0.999999619538993			nonpositive_local_h2	False
RE	16	27	29043450	31376849	417	0.0		0.999999239077987			nonpositive_local_h2	False
RE	16	28	31386862	31957368	128	0.0		5.22918349889892e-288			nonpositive_local_h2	False
RE	16	29	46539392	49009390	321	0.0		0.999999619538993			nonpositive_local_h2	False
RE	16	30	49011249	50463530	589	0.0		0.0			nonpositive_local_h2	False
RE	16	31	50469038	52039210	618	0.0		0.999999239077987			nonpositive_local_h2	False
RE	16	32	52051302	53377045	510	0.0		0.999999341022206			nonpositive_local_h2	False
RE	16	33	53395441	54860249	708	0.0		0.999998576445264			nonpositive_local_h2	False
RE	16	34	54873802	55907228	561	0.0		0.0			nonpositive_local_h2	False
RE	16	35	55907811	57118736	543	0.0		0.999999619538993			nonpositive_local_h2	False
RE	16	36	57128388	58505871	555	0.0		0.0			nonpositive_local_h2	False
RE	16	37	58510319	59884620	517	0.0		0.999998256508638			nonpositive_local_h2	False
RE	16	38	59885737	61092758	427	0.0		0.999999461946885			nonpositive_local_h2	False
RE	16	39	61094615	62606438	411	0.0		0.999999619538993			nonpositive_local_h2	False
RE	16	40	62610317	64196917	562	0.0		0.999995579442573			nonpositive_local_h2	False
RE	16	41	64207981	65070923	340	0.0		0.0			nonpositive_local_h2	False
RE	16	42	65072539	65881527	363	0.0		0.999999461946885			nonpositive_local_h2	False
RE	16	43	65884735	66738839	394	0.0		0.999999341022206			nonpositive_local_h2	False
RE	16	44	66740072	68435204	309	0.0		0.999999730973442			nonpositive_local_h2	False
RE	16	45	68436154	69548788	316	0.0		0.999999619538993			nonpositive_local_h2	False
RE	16	46	69554881	70978362	288	0.0		0.0			nonpositive_local_h2	False
RE	16	47	71070698	72088331	357	9.4506180267314e-07		0.951912347775713				True
RE	16	48	72089740	73140753	295	0.0		0.999999239077987			nonpositive_local_h2	False
RE	16	49	73142618	74134311	491	0.0		0.0			nonpositive_local_h2	False
RE	16	50	74140113	74889084	256	0.0		0.999999619538993			nonpositive_local_h2	False
RE	16	51	74897248	75521030	204	0.0		0.999999619538993			nonpositive_local_h2	False
RE	16	52	75528511	76629678	453	0.0		0.999999619538993			nonpositive_local_h2	False
RE	16	53	76635963	77268935	296	0.0		0.999999461946885			nonpositive_local_h2	False
RE	16	54	77272582	77738161	382	0.0		0.0			nonpositive_local_h2	False
RE	16	55	77741580	78280445	424	0.0		0.0			nonpositive_local_h2	False
RE	16	56	78280647	78972995	568	0.0		0.0			nonpositive_local_h2	False
RE	16	57	78973829	79661912	560	0.0		0.999998576445264			nonpositive_local_h2	False
RE	16	58	79667015	80554948	628	0.0		0.999999149263327			nonpositive_local_h2	False
RE	16	59	80563695	81437197	497	0.0		0.999999239077987			nonpositive_local_h2	False
RE	16	60	81438355	82307919	524	0.0		0.0			nonpositive_local_h2	False
RE	16	61	82312950	83077536	653	0.0		0.999999461946885			nonpositive_local_h2	False
RE	16	62	83078358	83777938	626	0.0		0.999998136129334			nonpositive_local_h2	False
RE	16	63	83782302	84440081	511	0.0		0.999999068064667			nonpositive_local_h2	False
RE	16	64	84441700	85146585	521	0.0		0.0			nonpositive_local_h2	False
RE	16	65	85147633	86057221	427	0.0		0.999998923893769			nonpositive_local_h2	False
RE	16	66	86062049	86748256	632	0.0		0.0			nonpositive_local_h2	False
RE	16	67	86750547	87668579	442	0.0		0.999998576445264			nonpositive_local_h2	False
RE	16	68	87669407	88381254	274	0.0		0.999999619538993			nonpositive_local_h2	False
RE	16	69	88440878	89094243	251	1.4571681694388e-08		0.999048634522604				True
RE	16	70	89110920	90149922	400	0.0		0.999999619538993			nonpositive_local_h2	False
RE	17	1	3587	814529	283	0.0		0.999997814417913			nonpositive_local_h2	False
RE	17	2	816250	1477619	228	0.0		0.0			nonpositive_local_h2	False
RE	17	3	1492513	2696336	473	0.0		0.0			nonpositive_local_h2	False
RE	17	4	2699322	3429303	347	0.0		0.999999619538993			nonpositive_local_h2	False
RE	17	5	3430757	4463796	435	0.0		0.999999619538993			nonpositive_local_h2	False
RE	17	6	4465502	5571485	422	0.0		0.0			nonpositive_local_h2	False
RE	17	7	5576885	6301562	416	0.0		0.999999461946885			nonpositive_local_h2	False
RE	17	8	6305509	7259668	430	0.0		0.999999068064667			nonpositive_local_h2	False
RE	17	9	7269373	8553853	495	0.0		0.999999461946885			nonpositive_local_h2	False
RE	17	10	8555306	9614556	455	0.0		0.999999461946885			nonpositive_local_h2	False
RE	17	11	9619933	10571980	536	0.0		0.0			nonpositive_local_h2	False
RE	17	12	10574159	11778156	532	0.0001386134254439		0.0040791992924885				True
RE	17	13	11778240	12676332	346	0.0		0.999999619538993			nonpositive_local_h2	False
RE	17	14	12676507	13644471	497	0.0		0.999999068064667			nonpositive_local_h2	False
RE	17	15	13649327	14497092	455	0.0		0.999999341022206			nonpositive_local_h2	False
RE	17	16	14508792	15308683	497	0.0		0.999999619538993			nonpositive_local_h2	False
RE	17	17	15308844	16404247	284	0.0		0.999999730973442			nonpositive_local_h2	False
RE	17	18	16407478	17326363	248	0.0		0.999999619538993			nonpositive_local_h2	False
RE	17	19	17326605	18900788	464	0.0		0.0			nonpositive_local_h2	False
RE	17	20	18905375	20384920	265	0.0		0.999999730973442			nonpositive_local_h2	False
RE	17	21	20417975	21425273	185	0.0		0.0			nonpositive_local_h2	False
RE	17	22	21434560	25872089	255	0.0		0.999999730973442			nonpositive_local_h2	False
RE	17	23	25872185	27344104	392	0.0		0.0			nonpositive_local_h2	False
RE	17	24	27344430	29777029	659	0.0		0.999999461946885			nonpositive_local_h2	False
RE	17	25	29783244	31318492	458	2.03183258900231e-05		0.0				True
RE	17	26	31318829	32356013	681	0.0		0.999996272258668			nonpositive_local_h2	False
RE	17	27	32356968	33613677	656	0.0		0.999998923893769			nonpositive_local_h2	False
RE	17	28	33622774	34436708	304	0.0		0.0			nonpositive_local_h2	False
RE	17	29	34815551	36112268	477	0.0		0.999998526480858			nonpositive_local_h2	False
RE	17	30	36122227	37357034	338	0.0		0.0			nonpositive_local_h2	False
RE	17	31	37363793	38880214	387	0.0		0.999999730973442			nonpositive_local_h2	False
RE	17	32	38880531	40224118	591	0.0		0.999999461946885			nonpositive_local_h2	False
RE	17	33	40239619	42345979	584	0.0		0.999999619538993			nonpositive_local_h2	False
RE	17	34	42348725	43383100	365	0.0		0.999999461946885			nonpositive_local_h2	False
RE	17	35	43513441	44862613	62	0.0043815007994554		0.62343329247158				True
RE	17	36	44868187	45880748	289	0.0		0.999999239077987			nonpositive_local_h2	False
RE	17	37	45884372	47514039	628	0.0		0.999999461946885			nonpositive_local_h2	False
RE	17	38	47520053	48719889	441	0.0		0.999999239077987			nonpositive_local_h2	False
RE	17	39	48723123	49908261	463	0.0		0.0			nonpositive_local_h2	False
RE	17	40	49909329	51105543	462	0.0		0.999999619538993			nonpositive_local_h2	False
RE	17	41	51112697	52099834	329	0.0		0.999999730973442			nonpositive_local_h2	False
RE	17	42	52103231	53458404	502	0.0		0.999999149263327			nonpositive_local_h2	False
RE	17	43	53468213	54946194	561	0.0		0.999999461946885			nonpositive_local_h2	False
RE	17	44	54951417	56243860	608	0.0		0.999999461946885			nonpositive_local_h2	False
RE	17	45	56246317	58592033	600	0.0		0.999999619538993			nonpositive_local_h2	False
RE	17	46	58828402	60452799	411	0.0		0.999999461946885			nonpositive_local_h2	False
RE	17	47	60455076	62109123	360	0.0		0.999999619538993			nonpositive_local_h2	False
RE	17	48	62116449	63541497	338	0.0		0.999999619538993			nonpositive_local_h2	False
RE	17	49	63549261	64438011	355	0.0		0.999999619538993			nonpositive_local_h2	False
RE	17	50	64440066	65580271	510	0.0		0.999999239077987			nonpositive_local_h2	False
RE	17	51	65587499	66756130	393	0.0		0.999999461946885			nonpositive_local_h2	False
RE	17	52	66760025	68176215	509	0.0		0.0			nonpositive_local_h2	False
RE	17	53	68176889	69244731	511	0.0		0.999999341022206			nonpositive_local_h2	False
RE	17	54	69245735	70494389	583	0.0		0.999999461946885			nonpositive_local_h2	False
RE	17	55	70499516	71460143	458	0.0		0.999998682044413			nonpositive_local_h2	False
RE	17	56	71467391	72382917	458	0.0		0.999999461946885			nonpositive_local_h2	False
RE	17	57	72389282	73732522	477	0.0		0.999999068064667			nonpositive_local_h2	False
RE	17	58	73746146	74905595	433	0.0		0.999999239077987			nonpositive_local_h2	False
RE	17	59	74909099	75615507	363	0.0		0.999998682044413			nonpositive_local_h2	False
RE	17	60	75621704	76595131	435	0.0		0.999998682044413			nonpositive_local_h2	False
RE	17	61	76597776	77404094	416	0.0		0.999999068064667			nonpositive_local_h2	False
RE	17	62	77413429	78435577	371	0.0		0.0			nonpositive_local_h2	False
RE	17	63	78440293	79333703	380	0.0		0.999999341022206			nonpositive_local_h2	False
RE	17	64	79338469	80456621	299	2.42573346340638e-05		0.74455940082573				True
RE	17	65	80464705	81046413	250	0.0		0.999999619538993			nonpositive_local_h2	False
RE	18	1	69836	847307	421	0.0		0.0			nonpositive_local_h2	False
RE	18	2	849178	1908848	449	0.0		0.999999619538993			nonpositive_local_h2	False
RE	18	3	1986214	2831496	389	0.0		0.999999239077987			nonpositive_local_h2	False
RE	18	4	2841862	3718160	358	0.246979104463741		0.0				True
RE	18	5	3723036	4601573	430	0.0		0.999999461946885			nonpositive_local_h2	False
RE	18	6	4608852	5572368	379	0.0		0.0			nonpositive_local_h2	False
RE	18	7	5577047	6753738	517	0.0		0.999998796876658			nonpositive_local_h2	False
RE	18	8	6758921	7859757	493	0.0		0.0			nonpositive_local_h2	False
RE	18	9	7870864	8788498	502	1.19153571071903e-05		0.0				True
RE	18	10	8788967	9815099	509	0.0		0.0			nonpositive_local_h2	False
RE	18	11	9816271	10674815	520	0.0		0.999999068064667			nonpositive_local_h2	False
RE	18	12	10676435	11871030	522	0.0		0.999999239077987			nonpositive_local_h2	False
RE	18	13	11872825	12733705	330	0.0		0.999999461946885			nonpositive_local_h2	False
RE	18	14	12736491	13640802	373	0.0		0.999999619538993			nonpositive_local_h2	False
RE	18	15	13642721	14429096	226	0.0		0.0			nonpositive_local_h2	False
RE	18	16	14504059	15158341	93	0.0		0.0			nonpositive_local_h2	False
RE	18	17	18570235	20009691	277	0.0		0.999999619538993			nonpositive_local_h2	False
RE	18	18	20010336	21622632	424	0.0		0.999999341022206			nonpositive_local_h2	False
RE	18	19	21622994	22745505	540	0.0		0.0			nonpositive_local_h2	False
RE	18	20	22751758	24087236	475	0.0		0.999999341022206			nonpositive_local_h2	False
RE	18	21	24088187	25305246	611	0.0		0.0			nonpositive_local_h2	False
RE	18	22	25305464	26855696	575	0.0		0.999999461946885			nonpositive_local_h2	False
RE	18	23	26862410	27819663	298	0.0		0.999999730973442			nonpositive_local_h2	False
RE	18	24	27827586	28790989	433	0.0		0.999999619538993			nonpositive_local_h2	False
RE	18	25	28795283	30399763	653	0.0		0.0			nonpositive_local_h2	False
RE	18	26	30463820	32456354	545	0.0		0.0			nonpositive_local_h2	False
RE	18	27	32459704	34153170	662	0.0		0.999999341022206			nonpositive_local_h2	False
RE	18	28	34154176	36054349	793	0.0		0.0			nonpositive_local_h2	False
RE	18	29	36060187	37675866	521	1.95405321815134e-06		0.918074429063246				True
RE	18	30	37679216	38492100	420	0.0		0.0			nonpositive_local_h2	False
RE	18	31	38499957	39410039	290	0.0		0.999999619538993			nonpositive_local_h2	False
RE	18	32	39410982	40470953	348	0.0		0.0			nonpositive_local_h2	False
RE	18	33	40472564	41422451	332	0.0		0.0			nonpositive_local_h2	False
RE	18	34	41426379	42974150	600	0.0		0.999999239077987			nonpositive_local_h2	False
RE	18	35	42974182	44297911	706	0.0		0.999999461946885			nonpositive_local_h2	False
RE	18	36	44300281	45718309	562	0.0		0.999999149263327			nonpositive_local_h2	False
RE	18	37	45719662	46554787	429	0.0		0.999998923893769			nonpositive_local_h2	False
RE	18	38	46559879	47455923	381	2.86001340800719e-05		0.61179489067915				True
RE	18	39	47456441	48226917	424	0.0		0.999999619538993			nonpositive_local_h2	False
RE	18	40	48228968	49789847	546	0.0		0.0			nonpositive_local_h2	False
RE	18	41	49795502	50372475	297	0.0		0.999999192920327			nonpositive_local_h2	False
RE	18	42	50373807	51059163	250	0.0		0.999999730973442			nonpositive_local_h2	False
RE	18	43	51063768	52504498	469	0.0		0.0			nonpositive_local_h2	False
RE	18	44	52517906	53762829	466	0.0		0.999999461946885			nonpositive_local_h2	False
RE	18	45	53763024	54953136	445	0.0		0.0			nonpositive_local_h2	False
RE	18	46	54959143	55808797	436	0.0		0.99999885861698			nonpositive_local_h2	False
RE	18	47	55810733	56831986	529	0.0		0.999999461946885			nonpositive_local_h2	False
RE	18	48	56832775	57633654	459	0.0		0.999999619538993			nonpositive_local_h2	False
RE	18	49	57638330	58521035	348	0.0		0.999999461946885			nonpositive_local_h2	False
RE	18	50	58529953	59444681	349	0.0		0.999999619538993			nonpositive_local_h2	False
RE	18	51	59452224	60779878	558	0.0		0.0			nonpositive_local_h2	False
RE	18	52	60781023	62065532	577	0.0		0.999997847787538			nonpositive_local_h2	False
RE	18	53	62075853	63109072	378	0.0		0.0			nonpositive_local_h2	False
RE	18	54	63110093	64252801	395	0.0		0.999999534032333			nonpositive_local_h2	False
RE	18	55	64253268	65290652	416	0.0		0.999999239077987			nonpositive_local_h2	False
RE	18	56	65297045	66407942	591	0.0		0.999999239077987			nonpositive_local_h2	False
RE	18	57	66408427	67195441	283	0.0		0.999999730973442			nonpositive_local_h2	False
RE	18	58	67196583	68047277	326	0.0		0.999999619538993			nonpositive_local_h2	False
RE	18	59	68052952	69308022	505	2.95311910631361e-06		0.804265441441913				True
RE	18	60	69311999	70538889	543	0.0		0.999999619538993			nonpositive_local_h2	False
RE	18	61	70546687	71487700	498	0.0		0.0			nonpositive_local_h2	False
RE	18	62	71492461	72784717	605	2.05983478248488e-05		0.30845891341406				True
RE	18	63	72785291	73565887	388	0.0		0.999999149263327			nonpositive_local_h2	False
RE	18	64	73574403	74471031	443	0.0		0.999999461946885			nonpositive_local_h2	False
RE	18	65	74475370	75239655	456	0.0		0.999999239077987			nonpositive_local_h2	False
RE	18	66	75240956	76228700	490	0.0		0.0			nonpositive_local_h2	False
RE	18	67	76234522	77147472	363	0.0		0.0			nonpositive_local_h2	False
RE	18	68	77155184	78015180	318	0.0		0.999999461946885			nonpositive_local_h2	False
RE	19	1	260912	757412	204	0.0		0.0			nonpositive_local_h2	False
RE	19	2	764389	1505874	257	0.0		0.999999341022206			nonpositive_local_h2	False
RE	19	3	1516997	2246652	217	0.0		0.999999619538993			nonpositive_local_h2	False
RE	19	4	2258223	3084944	298	0.0		0.999999461946885			nonpositive_local_h2	False
RE	19	5	3093163	3890641	275	0.0		0.0			nonpositive_local_h2	False
RE	19	6	3893993	4738679	263	0.0		0.999999239077987			nonpositive_local_h2	False
RE	19	7	4742465	5477883	293	0.0		0.999999068064667			nonpositive_local_h2	False
RE	19	8	5479216	6455414	275	0.0		0.999999239077987			nonpositive_local_h2	False
RE	19	9	6456062	7244884	337	0.0		0.999999619538993			nonpositive_local_h2	False
RE	19	10	7262569	8196499	334	0.0		0.0			nonpositive_local_h2	False
RE	19	11	8201051	9105106	310	0.0		0.0			nonpositive_local_h2	False
RE	19	12	9107432	10026550	283	0.0		0.0			nonpositive_local_h2	False
RE	19	13	10050184	11674294	538	0.0		0.999999068064667			nonpositive_local_h2	False
RE	19	14	11687195	13212128	349	0.0		0.0			nonpositive_local_h2	False
RE	19	15	13225729	13960562	249	0.0		0.999998097694967			nonpositive_local_h2	False
RE	19	16	13970625	14887596	268	0.0		0.999999149263327			nonpositive_local_h2	False
RE	19	17	14893513	15649509	305	0.0		0.0			nonpositive_local_h2	False
RE	19	18	15655168	16077272	325	0.0		0.0			nonpositive_local_h2	False
RE	19	19	16084699	17041172	294	0.0		0.999999619538993			nonpositive_local_h2	False
RE	19	20	17046191	17739330	271	0.0		0.999999068064667			nonpositive_local_h2	False
RE	19	21	17752689	18503019	300	6.12394597812928e-06		0.638967118430066				True
RE	19	22	18512932	19746151	361	0.0		0.999999619538993			nonpositive_local_h2	False
RE	19	23	19751456	20481452	184	3.02635322829593e-05		0.402766785837512				True
RE	19	24	20490028	21153079	124	0.0		0.0			nonpositive_local_h2	False
RE	19	25	21158134	21821537	158	4.40315243447366e-06		0.492297609116104				True
RE	19	26	21832567	22729318	262	0.0		0.0			nonpositive_local_h2	False
RE	19	27	22730026	23468966	186	0.0		0.999999215659542			nonpositive_local_h2	False
RE	19	28	23484776	24505637	204	0.0		0.0			nonpositive_local_h2	False
RE	19	29	27824088	28552413	170	4.35372236147657e-06		0.571734962575044				True
RE	19	30	28556284	29388987	384	0.0		0.999999619538993			nonpositive_local_h2	False
RE	19	31	29389111	30371748	480	0.0		0.0			nonpositive_local_h2	False
RE	19	32	30376718	31760629	448	0.0		0.999999239077987			nonpositive_local_h2	False
RE	19	33	31764851	33025354	438	0.0		0.0			nonpositive_local_h2	False
RE	19	34	33031719	33780483	297	0.0		0.0			nonpositive_local_h2	False
RE	19	35	33789010	34627319	341	0.0		0.999999461946885			nonpositive_local_h2	False
RE	19	36	34636572	35648365	329	0.0		0.999999619538993			nonpositive_local_h2	False
RE	19	37	35650593	36621643	385	0.0		0.999999461946885			nonpositive_local_h2	False
RE	19	38	36640319	38472722	504	0.0		0.0			nonpositive_local_h2	False
RE	19	39	38474060	39369369	296	0.0		0.0			nonpositive_local_h2	False
RE	19	40	39378804	40170103	298	0.0		0.0			nonpositive_local_h2	False
RE	19	41	40173502	41004075	265	0.0		0.999999730973442			nonpositive_local_h2	False
RE	19	42	41004136	41732423	278	0.0		0.0			nonpositive_local_h2	False
RE	19	43	41734059	43285368	298	0.0		0.0			nonpositive_local_h2	False
RE	19	44	43964028	45040449	466	0.0		0.999999619538993			nonpositive_local_h2	False
RE	19	45	45042495	45876967	258	0.0		0.999999619538993			nonpositive_local_h2	False
RE	19	46	45904759	46761026	303	1.04461357540632e-06		0.909598665010651				True
RE	19	47	46767173	47742310	299	0.0		0.999999461946885			nonpositive_local_h2	False
RE	19	48	47759873	48571072	319	3.5253909138593e-06		0.0				True
RE	19	49	48578889	49410191	338	0.0		0.999999341022206			nonpositive_local_h2	False
RE	19	50	49416456	50451508	348	0.0		0.999999461946885			nonpositive_local_h2	False
RE	19	51	50453317	51254550	237	0.0		0.0			nonpositive_local_h2	False
RE	19	52	51260687	51899747	338	0.0		0.732797217044096			nonpositive_local_h2	False
RE	19	53	51903884	52678171	424	0.0		0.999998993394793			nonpositive_local_h2	False
RE	19	54	52679063	53420358	300	0.0		0.0			nonpositive_local_h2	False
RE	19	55	53431994	54040412	291	0.0		0.999999461946885			nonpositive_local_h2	False
RE	19	56	54043068	54596619	169	0.0		0.999999619538993			nonpositive_local_h2	False
RE	19	57	54604319	55182696	252	0.0		0.999999341022206			nonpositive_local_h2	False
RE	19	58	55186255	55710074	191	0.0		0.999999619538993			nonpositive_local_h2	False
RE	19	59	55721241	56410340	303	0.0		0.0			nonpositive_local_h2	False
RE	19	60	56411757	57137038	349	0.0		0.999999341022206			nonpositive_local_h2	False
RE	19	61	57158194	57956828	351	0.0		0.0			nonpositive_local_h2	False
RE	19	62	57961219	59095126	468	0.0		0.0			nonpositive_local_h2	False
RE	20	1	61795	884070	422	0.0		0.999999239077987			nonpositive_local_h2	False
RE	20	2	886002	1771284	552	0.0		0.0			nonpositive_local_h2	False
RE	20	3	1776193	2667729	554	0.0		0.0			nonpositive_local_h2	False
RE	20	4	2677566	3735601	421	0.0		0.999999341022206			nonpositive_local_h2	False
RE	20	5	3741800	4591715	451	0.0		0.0			nonpositive_local_h2	False
RE	20	6	4593976	5378864	424	0.0		0.0			nonpositive_local_h2	False
RE	20	7	5379548	6128223	398	0.0		0.999999239077987			nonpositive_local_h2	False
RE	20	8	6128868	7230441	518	0.0		0.999999341022206			nonpositive_local_h2	False
RE	20	9	7232828	7959777	343	0.0		0.0			nonpositive_local_h2	False
RE	20	10	7960865	9278451	690	0.0		0.999998923893769			nonpositive_local_h2	False
RE	20	11	9288522	10277621	574	0.0		0.999999239077987			nonpositive_local_h2	False
RE	20	12	10279797	11255390	515	0.0		0.999999619538993			nonpositive_local_h2	False
RE	20	13	11257091	12346236	502	0.0		0.0			nonpositive_local_h2	False
RE	20	14	12358420	13199299	497	0.0		0.999999341022206			nonpositive_local_h2	False
RE	20	15	13205338	14194579	340	0.0		0.999999619538993			nonpositive_local_h2	False
RE	20	16	14205048	15237895	485	0.0		0.999999068064667			nonpositive_local_h2	False
RE	20	17	15245334	15961689	452	0.0		0.999999149263327			nonpositive_local_h2	False
RE	20	18	15965919	16660162	540	0.0		0.999999341022206			nonpositive_local_h2	False
RE	20	19	16664558	17358778	407	0.0		0.999999461946885			nonpositive_local_h2	False
RE	20	20	17360298	18058178	413	0.0		0.999999619538993			nonpositive_local_h2	False
RE	20	21	18063552	18959197	398	1.90300402291089e-06		0.898060208941301				True
RE	20	22	18959491	19953719	604	0.0		0.999998923893769			nonpositive_local_h2	False
RE	20	23	19958000	21679930	597	0.0		0.999999619538993			nonpositive_local_h2	False
RE	20	24	21714807	22779467	360	0.0		0.0			nonpositive_local_h2	False
RE	20	25	22780999	23808324	500	0.0		0.999999619538993			nonpositive_local_h2	False
RE	20	26	23811039	24487003	248	0.0		0.999999461946885			nonpositive_local_h2	False
RE	20	27	24488084	25178119	314	0.0		0.999999534032333			nonpositive_local_h2	False
RE	20	28	25181074	26289925	214	0.0		0.999999670511103			nonpositive_local_h2	False
RE	20	29	29529825	30567677	224	0.0		0.999999730973442			nonpositive_local_h2	False
RE	20	30	30569865	32482632	598	0.0		0.0			nonpositive_local_h2	False
RE	20	31	32485650	33887983	438	0.0		0.999999730973442			nonpositive_local_h2	False
RE	20	32	33890061	35986653	409	0.0		0.999999730973442			nonpositive_local_h2	False
RE	20	33	35990792	37253191	491	0.0		0.999999619538993			nonpositive_local_h2	False
RE	20	34	37253950	38426442	445	0.0		0.999999619538993			nonpositive_local_h2	False
RE	20	35	38428911	40267070	656	0.0		0.999999239077987			nonpositive_local_h2	False
RE	20	36	40274626	41351028	627	0.0		0.999999239077987			nonpositive_local_h2	False
RE	20	37	41353289	42185536	349	0.0		0.999999619538993			nonpositive_local_h2	False
RE	20	38	42187297	43005015	392	0.0		0.0			nonpositive_local_h2	False
RE	20	39	43010825	44072196	386	0.0		0.999999461946885			nonpositive_local_h2	False
RE	20	40	44072226	45673584	720	0.0		0.999999461946885			nonpositive_local_h2	False
RE	20	41	45674219	46484678	313	0.0		0.0			nonpositive_local_h2	False
RE	20	42	46486174	47201039	395	0.0		0.0			nonpositive_local_h2	False
RE	20	43	47209445	48210099	442	0.0		0.999999461946885			nonpositive_local_h2	False
RE	20	44	48220012	49232359	409	0.0		0.999999619538993			nonpositive_local_h2	False
RE	20	45	49236478	50648464	643	0.0		0.999998923893769			nonpositive_local_h2	False
RE	20	46	50657049	51533441	358	0.0		0.999999730973442			nonpositive_local_h2	False
RE	20	47	51535828	52409008	414	0.0		0.999999239077987			nonpositive_local_h2	False
RE	20	48	52412710	53109839	364	0.0		0.0			nonpositive_local_h2	False
RE	20	49	53124595	53878373	328	0.0		0.999999461946885			nonpositive_local_h2	False
RE	20	50	53883417	54741135	384	0.0		0.0			nonpositive_local_h2	False
RE	20	51	54744138	55445097	343	0.0		0.999999461946885			nonpositive_local_h2	False
RE	20	52	55450623	56169863	430	0.0		0.0			nonpositive_local_h2	False
RE	20	53	56175752	56942557	407	0.0		0.0			nonpositive_local_h2	False
RE	20	54	56953293	57921566	445	0.0		0.999999619538993			nonpositive_local_h2	False
RE	20	55	57924354	58780147	386	0.0		0.999999619538993			nonpositive_local_h2	False
RE	20	56	58784498	59559536	449	0.0		0.999999341022206			nonpositive_local_h2	False
RE	20	57	59562538	60120633	346	0.0		0.999999619538993			nonpositive_local_h2	False
RE	20	58	60126157	60765422	307	0.0		0.0			nonpositive_local_h2	False
RE	20	59	60766599	61470725	292	0.0		0.999999461946885			nonpositive_local_h2	False
RE	20	60	61472073	62173925	304	0.0		0.0			nonpositive_local_h2	False
RE	20	61	62180117	62912463	296	0.0		0.0			nonpositive_local_h2	False
RE	21	1	15203801	15833826	245	0.0		0.0			nonpositive_local_h2	False
RE	21	2	15845052	16869936	478	0.0		0.0			nonpositive_local_h2	False
RE	21	3	16883021	18220019	400	0.0		0.999999619538993			nonpositive_local_h2	False
RE	21	4	18224738	19478147	481	0.0		0.0			nonpositive_local_h2	False
RE	21	5	19481308	20406410	469	0.0		0.999997847787538			nonpositive_local_h2	False
RE	21	6	20410051	21624371	482	0.0		0.999999461946885			nonpositive_local_h2	False
RE	21	7	21636664	22201791	287	0.0		0.999999619538993			nonpositive_local_h2	False
RE	21	8	22203055	23266339	515	0.0		0.999999341022206			nonpositive_local_h2	False
RE	21	9	23267032	24048803	290	0.0		0.999999461946885			nonpositive_local_h2	False
RE	21	10	24057868	25241036	503	0.0		0.0			nonpositive_local_h2	False
RE	21	11	25253339	26464530	510	0.0		0.999999619538993			nonpositive_local_h2	False
RE	21	12	26476184	27772077	484	0.0		0.0			nonpositive_local_h2	False
RE	21	13	27774870	28611275	504	0.0		0.999999068064667			nonpositive_local_h2	False
RE	21	14	28620731	29449806	363	0.0		0.999999461946885			nonpositive_local_h2	False
RE	21	15	29451195	30847259	581	0.0		0.999999534032333			nonpositive_local_h2	False
RE	21	16	30868064	32200972	495	0.0		0.0			nonpositive_local_h2	False
RE	21	17	32202309	33259510	427	0.0		0.999999619538993			nonpositive_local_h2	False
RE	21	18	33273162	34381769	513	0.0		0.999999341022206			nonpositive_local_h2	False
RE	21	19	34383849	35726754	551	0.0		0.999999461946885			nonpositive_local_h2	False
RE	21	20	35729280	37302308	723	0.0		0.0			nonpositive_local_h2	False
RE	21	21	37307002	38042539	375	0.0		0.999999341022206			nonpositive_local_h2	False
RE	21	22	38047345	39251602	560	5.16764067147708e-06		0.675324580067702				True
RE	21	23	39253134	40473899	659	0.0		0.999999461946885			nonpositive_local_h2	False
RE	21	24	40484010	41344565	506	0.0		0.999999461946885			nonpositive_local_h2	False
RE	21	25	41344753	42183983	511	0.0		0.0			nonpositive_local_h2	False
RE	21	26	42187416	43081222	453	0.0		0.999998682044413			nonpositive_local_h2	False
RE	21	27	43081619	43810084	528	0.0		0.0			nonpositive_local_h2	False
RE	21	28	43813530	44810802	542	0.0		0.0			nonpositive_local_h2	False
RE	21	29	44815113	46042282	439	0.0		0.0			nonpositive_local_h2	False
RE	21	30	46046919	47007320	503	0.0		0.999999239077987			nonpositive_local_h2	False
RE	21	31	47015512	48090629	491	0.0		0.999999619538993			nonpositive_local_h2	False
RE	22	1	16886873	17586471	185	0.0		0.999999534032333			nonpositive_local_h2	False
RE	22	2	17587680	18533434	468	0.0		0.999999461946885			nonpositive_local_h2	False
RE	22	3	18537041	19634330	372	0.0		0.999999341022206			nonpositive_local_h2	False
RE	22	4	19636858	20966547	465	0.0		0.999999068064667			nonpositive_local_h2	False
RE	22	5	20970175	22402103	436	0.0		0.999999461946885			nonpositive_local_h2	False
RE	22	6	22413165	23060694	191	0.0		0.999999534032333			nonpositive_local_h2	False
RE	22	7	23249040	23950646	310	0.0		0.999999149263327			nonpositive_local_h2	False
RE	22	8	23951753	25275393	467	0.0		0.0			nonpositive_local_h2	False
RE	22	9	25283602	26164413	272	0.0		0.999999461946885			nonpositive_local_h2	False
RE	22	10	26167085	27191942	705	0.0		0.999998923893769			nonpositive_local_h2	False
RE	22	11	27198719	27951176	636	0.0		0.999998796876658			nonpositive_local_h2	False
RE	22	12	27953418	29454477	453	3.77461637724842e-06		0.813198366346013				True
RE	22	13	29457622	30961645	557	0.0		0.999999461946885			nonpositive_local_h2	False
RE	22	14	30970972	31904170	319	0.0		0.999999619538993			nonpositive_local_h2	False
RE	22	15	31905703	32657397	259	0.0		0.999999619538993			nonpositive_local_h2	False
RE	22	16	32663153	33501556	531	0.0		0.999999461946885			nonpositive_local_h2	False
RE	22	17	33501743	34361131	485	0.0		0.999999619538993			nonpositive_local_h2	False
RE	22	18	34365442	35366230	497	0.0		0.999999341022206			nonpositive_local_h2	False
RE	22	19	35369739	36132832	391	0.0		0.0			nonpositive_local_h2	False
RE	22	20	36136945	37363964	531	0.0		0.999999149263327			nonpositive_local_h2	False
RE	22	21	37365274	38715222	623	0.0		0.999999239077987			nonpositive_local_h2	False
RE	22	22	38719189	40363778	541	0.0		0.999999619538993			nonpositive_local_h2	False
RE	22	23	40388308	41720697	339	0.0		0.0			nonpositive_local_h2	False
RE	22	24	41722864	42867898	343	0.0		0.999999619538993			nonpositive_local_h2	False
RE	22	25	42869453	43573946	287	3.09357970357444e-06		0.714612146092745				True
RE	22	26	43575616	44409176	493	0.0		0.0			nonpositive_local_h2	False
RE	22	27	44409993	45169376	489	0.0		0.999998576445264			nonpositive_local_h2	False
RE	22	28	45171729	46347922	631	0.0		0.999999461946885			nonpositive_local_h2	False
RE	22	29	46362396	47296574	383	0.0		0.999999619538993			nonpositive_local_h2	False
RE	22	30	47301789	48257296	541	0.0		0.999998993394793			nonpositive_local_h2	False
RE	22	31	48270745	48968698	494	0.0		0.0			nonpositive_local_h2	False
RE	22	32	48988885	49550794	400	0.0		0.999999341022206			nonpositive_local_h2	False
RE	22	33	49559351	50333415	473	0.0		0.0			nonpositive_local_h2	False
RE	22	34	50350971	51219006	300	0.0		0.999999461946885			nonpositive_local_h2	False
